params.cv_hash,params.dataset,params.process_stage_width_percentage,params.max_pattern_size_eval,metrics.n_process_stages,metrics.process_stage_width,metrics.nap_accuracy,metrics.nap_balanced_accuracy,metrics.rtp_similarity,metrics.rtp_similarity_h_1,metrics.rtp_similarity_h_2,metrics.rtp_similarity_h_3,metrics.rtp_similarity_h_5,metrics.rtp_similarity_h_10,metrics.rtp_similarity_h_15,metrics.rtp_similarity_h_20,metrics.none_share,metrics.prep_duration,metrics.fit_duration,metrics.nap_duration,metrics.rtp_duration,metrics.nap_eval_duration,metrics.rtp_eval_duration,metrics.total_run_time,metrics.avg_pruned_patterns_per_stage,metrics.avg_unpruned_patterns_per_stage
252336560693540533935881068298825202077_0,BPI2012_C,0.0,3.0,96.4,1.0,0.7690665532145055,0.5808884924426302,0.26484087069605877,0.9802027649759297,0.9650369280056358,0.9530631186050996,0.9292984057478687,0.8534470729411471,0.7640007678332671,0.6705163594827324,3.3761921024480055e-05,2.1036806579795666,158.75656989900745,139.66817021339665,235.47442963900977,0.07296138840611092,45.582567614590516,1417.698082031397,0.0,4045.5583673469387
252336560693540533935881068298825202077_1,BPI2012_C,0.0,5.0,96.4,1.0,0.5226117217225452,0.4950415335313184,0.4311269828994382,0.9382554434720856,0.8888541280506084,0.8376155009326325,0.7493350478259548,0.6008797251038026,0.5150476169110705,0.47273097723638485,3.3761921024480055e-05,2.1036806579795666,158.75656989900745,137.97805540560512,150.40396460780175,0.06863353440421634,39.86359918959788,3258.9657269463933,0.0,4045.5583673469387
252336560693540533935881068298825202077_2,BPI2012_C,0.0,7.0,96.4,1.0,0.6259096155098286,0.5652506806729242,0.45682287092994195,0.9555640131703503,0.9053862155771096,0.8630571007919607,0.7783933298508439,0.6295530310191286,0.54282218000611,0.4992287754466185,3.3761921024480055e-05,2.1036806579795666,158.75656989900745,144.08553016560617,169.73494359839825,0.07162633259431458,40.80274206580361,4958.692847914999,0.0,4045.5583673469387
252336560693540533935881068298825202077_3,BPI2012_C,0.0,11.0,96.4,1.0,0.6515184793093141,0.588218039453438,0.48030691670353,0.9612560935473157,0.9207615092365897,0.880709216048799,0.8075636195854458,0.6689987657336097,0.5827406545442975,0.5339225742837479,3.3761921024480055e-05,2.1036806579795666,158.75656989900745,154.63836799620768,169.45115156600951,0.07409127179998905,43.18453779879492,6777.1780197127955,0.0,4045.5583673469387
252336560693540533935881068298825202077_4,BPI2012_C,0.0,17.0,96.4,1.0,0.6886189172526518,0.5674014769440173,0.483825567980219,0.9622014035625714,0.9247604770242226,0.8838486570271197,0.8108867389208253,0.6786370967567551,0.5902319621082969,0.538679812055164,3.3761921024480055e-05,2.1036806579795666,158.75656989900745,155.2770732328063,169.07356263039983,0.07437912159366533,43.53067365879542,8618.424893980793,0.0,4045.5583673469387
252336560693540533935881068298825202077_5,BPI2012_C,0.0,21.0,96.4,1.0,0.6697468444947668,0.5735365138984925,0.4766131348934642,0.9593153424424209,0.9196789201343389,0.8780284830792408,0.8025632845834544,0.6646861554079735,0.5752494790237823,0.5276900941133189,3.3761921024480055e-05,2.1036806579795666,158.75656989900745,156.59720908700257,165.77126790099427,0.07146159180556425,41.458831129607276,10437.652932280995,0.0,4045.5583673469387
47482295457342411543800303662309855831_0,BPI2012_C,0.025,3.0,32.4,3.0,0.7677089925097139,0.5836369723179775,0.23552192690611046,0.9816140044669434,0.9692266444540948,0.9609156423789897,0.9464461822074144,0.8971401366606923,0.8386861085071148,0.7769542084678225,3.3761921024480055e-05,2.1348533350101206,220.30694202700397,127.51901824560483,256.83114689280046,0.0744160167989321,49.06923293100554,1518.437030299811,0.0,10026.92787878788
47482295457342411543800303662309855831_1,BPI2012_C,0.025,5.0,32.4,3.0,0.5143633699483379,0.4807574100840011,0.41926768811852966,0.9360077507413795,0.8851644370766975,0.833829440082957,0.7451169999744883,0.5954804375669018,0.507192412925419,0.46312900143498836,3.3761921024480055e-05,2.1348533350101206,220.30694202700397,126.00017808200792,133.40260339140076,0.07256244160234929,38.846788534196094,3285.892136403802,0.0,10026.92787878788
47482295457342411543800303662309855831_2,BPI2012_C,0.025,7.0,32.4,3.0,0.6054551253257602,0.5536353465512652,0.45422412081849756,0.9514759143866955,0.8995672962197568,0.8548440173839028,0.767652864947618,0.6155436779824253,0.5338583430369328,0.49377549490483813,3.3761921024480055e-05,2.1348533350101206,220.30694202700397,126.27247555900249,135.12396520959447,0.07454517159494571,39.76599017640692,4789.241850346402,0.0,10026.92787878788
47482295457342411543800303662309855831_3,BPI2012_C,0.025,11.0,32.4,3.0,0.6563268450244889,0.5871881857232208,0.47969103292272963,0.9604622608873644,0.9187786473767028,0.87831850124379,0.8009074796517274,0.6559652205069694,0.5697976344173281,0.5243342032008064,3.3761921024480055e-05,2.1348533350101206,220.30694202700397,127.35538580519497,130.8483998996031,0.07028321119723842,39.99259070020052,6286.609361690609,0.0,10026.92787878788
47482295457342411543800303662309855831_4,BPI2012_C,0.025,17.0,32.4,3.0,0.6857910407308692,0.5671214161201814,0.48458758923532397,0.9618999305505692,0.9246427771360904,0.8832035965915853,0.8079943502871612,0.6730529792778039,0.5865512106380848,0.537860477790948,3.3761921024480055e-05,2.1348533350101206,220.30694202700397,127.66498162660864,132.96803467160208,0.07245875379885547,39.74292486739578,7783.589005458413,0.0,10026.92787878788
47482295457342411543800303662309855831_5,BPI2012_C,0.025,21.0,32.4,3.0,0.6693892469636894,0.5761632010858431,0.4776301387401861,0.9597602927402533,0.9204133649257784,0.8787806773243384,0.8024951820052518,0.6637953803731286,0.5736913226869287,0.5269619263621393,3.3761921024480055e-05,2.1348533350101206,220.30694202700397,127.81712610720425,128.762522585789,0.07242359980009497,37.536872938997114,9267.519192909409,0.0,10026.92787878788
252036172554514852379917073716435574953_0,BPI2012_C,0.1,3.0,9.8,10.0,0.7665231052993982,0.5872589666678987,0.21226335389929574,0.9821642338514461,0.9707666734102876,0.9636991836104875,0.9519697256380185,0.909785632674628,0.8593311331211572,0.8058591385568489,3.3761921024480055e-05,2.0756396259821486,391.00454031699337,127.2777119315986,356.5327954092063,0.07493643799680286,48.495349325391,1993.8848656540038,0.0,27878.31333333333
252036172554514852379917073716435574953_1,BPI2012_C,0.1,5.0,9.8,10.0,0.5183602192563133,0.4681157650324712,0.3967939630983642,0.9363843298516052,0.8842419755991807,0.8341569775799694,0.7492048209950146,0.6088598604339863,0.5183212854383099,0.46396055719538365,3.3761921024480055e-05,2.0756396259821486,391.00454031699337,121.0604406240047,141.50610414301045,0.07055383420083672,36.79037459879764,3934.8806167050034,0.0,27878.31333333333
252036172554514852379917073716435574953_2,BPI2012_C,0.1,7.0,9.8,10.0,0.5880042209909322,0.5353431866234414,0.4439847041601713,0.9488734250033698,0.8982813208658994,0.852760167661143,0.7656596975958404,0.6142195959883033,0.5299547262459658,0.48704231342687604,3.3761921024480055e-05,2.0756396259821486,391.00454031699337,121.25319985580282,134.6880139383953,0.07420553819392808,36.871094353607624,5429.716371245403,0.0,27878.31333333333
252036172554514852379917073716435574953_3,BPI2012_C,0.1,11.0,9.8,10.0,0.6591109344325659,0.582023804792661,0.4704210901240836,0.9609068979207784,0.9187486659352462,0.8768239661683991,0.7971254811397035,0.6480613869712608,0.561092995144457,0.5141253021983309,3.3761921024480055e-05,2.0756396259821486,391.00454031699337,117.27816407901119,132.51945589240057,0.07110472879721783,37.49471945340629,6890.576705004799,0.0,27878.31333333333
252036172554514852379917073716435574953_4,BPI2012_C,0.1,17.0,9.8,10.0,0.680902229526585,0.5630125377797695,0.48199660087313045,0.9619614296701627,0.9249927960027333,0.8829785201805581,0.8070253703353394,0.6705466210520761,0.5811714249072744,0.5346073341604028,3.3761921024480055e-05,2.0756396259821486,391.00454031699337,127.7833203679882,137.8698750261974,0.07134413840831258,37.432972176000476,8375.09241539819,0.0,27878.31333333333
252036172554514852379917073716435574953_5,BPI2012_C,0.1,21.0,9.8,10.0,0.6711125513631191,0.575482218886274,0.4772289366745765,0.9602652533423998,0.9215887367173579,0.8794752260182397,0.8022082019263841,0.6619798875315508,0.5717126528356078,0.5255988445023855,3.3761921024480055e-05,2.0756396259821486,391.00454031699337,124.24649948379957,137.4643847008061,0.07112817800370977,37.08035167239141,9850.836033071206,0.0,27878.31333333333
200934189435493509245876840523779924304_0,BPI2012_C,0.2,3.0,5.0,19.8,0.7658266870442888,0.5869060981198049,0.21268201273339934,0.9815803800744094,0.9696956688496192,0.9621702966890503,0.9493568124119207,0.9041058999254709,0.850180377235699,0.7931965947035362,3.3761921024480055e-05,2.1414295559807215,564.862785329984,116.43610457220348,438.79197757380314,0.07859559799544513,48.84344893100206,2367.8786502857984,0.0,51690.68
200934189435493509245876840523779924304_1,BPI2012_C,0.2,5.0,5.0,19.8,0.5159575506359215,0.46328732429988595,0.3935237294256528,0.9360569121504467,0.8830833183742376,0.8338692502454936,0.7495277453564212,0.6107549950868162,0.5224427591493186,0.47076710107678144,3.3761921024480055e-05,2.1414295559807215,564.862785329984,115.5495205874031,124.53269426701009,0.07288026899914257,37.87528954819427,4424.470923843595,0.0,51690.68
200934189435493509245876840523779924304_2,BPI2012_C,0.2,7.0,5.0,19.8,0.5931565108045225,0.5311601286983177,0.4396195305622321,0.9501480157843076,0.8987497690587318,0.8525990819230242,0.76566709212489,0.6142630176266514,0.5314282384745093,0.4888860094625601,3.3761921024480055e-05,2.1414295559807215,564.862785329984,115.72789201081032,124.26397264360567,0.07287251679808833,37.412291597790315,5812.797515270196,0.0,51690.68
200934189435493509245876840523779924304_3,BPI2012_C,0.2,11.0,5.0,19.8,0.6424028096782534,0.574819465388034,0.4640772335771608,0.9594951209966706,0.9175630683819517,0.8739340610744408,0.7913881219479051,0.6413647356770563,0.5548141037131676,0.5093106397215459,3.3761921024480055e-05,2.1414295559807215,564.862785329984,115.64488954599946,126.25426491860416,0.07243420999730006,37.759954254399055,7194.436812536395,0.0,51690.68
200934189435493509245876840523779924304_4,BPI2012_C,0.2,17.0,5.0,19.8,0.6778272312673513,0.5632477575787896,0.4805748267416444,0.9617598002791878,0.924817120662459,0.882237634389799,0.80518265029987,0.6668996812593655,0.5770735552490281,0.5307201515054749,3.3761921024480055e-05,2.1414295559807215,564.862785329984,115.23729617739446,130.85058462659944,0.0719519290025346,37.71186622279347,8616.680760965799,0.0,51690.68
200934189435493509245876840523779924304_5,BPI2012_C,0.2,21.0,5.0,19.8,0.6704078383555688,0.5751481269307388,0.47594383001818963,0.9602398049996788,0.9212359426116233,0.8787073921829306,0.801075923134355,0.6605086482256878,0.569813115314207,0.5235473635204203,3.3761921024480055e-05,2.1414295559807215,564.862785329984,117.33554343059659,126.3045002324041,0.0736265488085337,38.01701246759622,10038.624100011593,0.0,51690.68
31882839497307630496007576300860674457_0,BPI2012_C,0.5,3.0,2.0,49.2,0.7625533540573786,0.5844906420990068,0.1891125791509137,0.9817416919577442,0.9704297960022352,0.9642759621844365,0.955521363801569,0.9220790658154939,0.8821146341095781,0.8398875617270679,3.3761921024480055e-05,2.111741667991737,911.9630918059847,113.10256261120666,729.8148943977955,0.07766366119030862,49.06143177100457,3561.3664657041895,0.0,118247.1
31882839497307630496007576300860674457_1,BPI2012_C,0.5,5.0,2.0,49.2,0.514373231110149,0.46046192672609293,0.4082558446801274,0.9339819846104085,0.8798877129637939,0.8251953203657905,0.7275560003137772,0.5724618284942881,0.4904832074993354,0.44882279256883484,3.3761921024480055e-05,2.111741667991737,911.9630918059847,112.66679272339097,119.3561919673928,0.07650030640652403,33.70351179579738,6174.883346260595,0.0,118247.1
31882839497307630496007576300860674457_2,BPI2012_C,0.5,7.0,2.0,49.2,0.583484468089748,0.5206331301686176,0.43193384147357516,0.9508761880626496,0.9003503826920651,0.8542730672681422,0.7682196009850282,0.6156158883360229,0.5343422385575284,0.49050342225979254,3.3761921024480055e-05,2.111741667991737,911.9630918059847,111.01262247718986,134.11259590620176,0.07333505441201851,34.14530574300443,7543.675413126393,0.0,118247.1
31882839497307630496007576300860674457_3,BPI2012_C,0.5,11.0,2.0,49.2,0.6458137152205244,0.5746434117269713,0.458353657481263,0.9602357609440645,0.9165494767397581,0.8709573320835118,0.7855619600717086,0.6316148137555858,0.5448947810900626,0.5006475345501016,3.3761921024480055e-05,2.111741667991737,911.9630918059847,108.05859716979903,123.61437820920256,0.07305011579883285,33.887383813393534,8903.06759995339,0.0,118247.1
31882839497307630496007576300860674457_4,BPI2012_C,0.5,17.0,2.0,49.2,0.6747583584263073,0.5604838502015822,0.47835189119313115,0.9613668393366946,0.9232879493353074,0.8794885207022854,0.801125703417641,0.6623643271769855,0.572363835697273,0.5262904059735563,3.3761921024480055e-05,2.111741667991737,911.9630918059847,158.4440754926123,179.68643997080508,0.1259469199925661,45.43314408379374,10459.23121982239,0.0,118247.1
31882839497307630496007576300860674457_5,BPI2012_C,0.5,21.0,2.0,49.2,0.6672940569529405,0.5724006104090318,0.4739923773441497,0.960100212298391,0.9208030482243099,0.8779671687623415,0.7997334481143751,0.6584201608501121,0.5677469757496898,0.5220048196941273,3.3761921024480055e-05,2.111741667991737,911.9630918059847,215.32292341459544,257.6410814023984,0.19795299080433323,57.3848724200041,12907.091783951193,0.0,118247.1
204856358341536816138399558242345199755_0,BPI2012_C,1.0,3.0,1.0,97.4,0.7624006623067557,0.5843796058071027,0.18891858007400625,0.9817192542692293,0.9703603709411827,0.964142721729967,0.9554431751945927,0.9220130681401294,0.8820391549851632,0.8397958927035669,3.3761921024480055e-05,2.430069589987397,925.3446994709957,109.49776755259373,1085.1837106432008,0.07638742640265264,41.79139668039861,4592.048162897607,0.0,232645.8
204856358341536816138399558242345199755_1,BPI2012_C,1.0,5.0,1.0,97.4,0.514593140330974,0.46119101579507726,0.40944389660246217,0.9340191715809834,0.8794939378659183,0.824911766451482,0.7270720714439077,0.5726480376596236,0.4912080774204326,0.44989504328151053,3.3761921024480055e-05,2.430069589987397,925.3446994709957,112.07516258680843,124.56736500860424,0.07428388239932246,28.088448347599478,7903.271600865398,0.0,232645.8
204856358341536816138399558242345199755_2,BPI2012_C,1.0,7.0,1.0,97.4,0.5853293914232801,0.521035895084986,0.42623589122298533,0.9510613475782064,0.900499990345122,0.8544169545178522,0.7685271822167018,0.6171317017021218,0.5387392497308656,0.49811462975122434,3.3761921024480055e-05,2.430069589987397,925.3446994709957,108.44494670320418,131.5172405961959,0.07625978959258646,29.895964874204946,9256.897755938402,0.0,232645.8
204856358341536816138399558242345199755_3,BPI2012_C,1.0,11.0,1.0,97.4,0.6477227041955567,0.5724510379408395,0.45886953845827644,0.960440306089937,0.9161258204059497,0.8703120469147342,0.7843957880838026,0.6303949102439104,0.5442217361096106,0.5005560847493201,3.3761921024480055e-05,2.430069589987397,925.3446994709957,115.70677884460311,123.56581306660082,0.07428994540823623,29.09725716499961,10602.501758689003,0.0,232645.8
204856358341536816138399558242345199755_4,BPI2012_C,1.0,17.0,1.0,97.4,0.6758669852029895,0.5609236012496077,0.47787442519958023,0.9615767380665019,0.9234590728169512,0.8797260274679276,0.8009320638801262,0.6619261279832678,0.571933260340131,0.5258030136197728,3.3761921024480055e-05,2.430069589987397,925.3446994709957,115.99721864799503,131.35876497278804,0.07448433039826341,30.08301802240312,11942.447559459199,0.0,232645.8
204856358341536816138399558242345199755_5,BPI2012_C,1.0,21.0,1.0,97.4,0.6698664741893282,0.573304498826072,0.47407148807457916,0.9602437888906966,0.9211927207658228,0.8783193166364501,0.7995672539060881,0.6574167319966169,0.5664547740846771,0.5206751130170006,3.3761921024480055e-05,2.430069589987397,925.3446994709957,124.60710405340069,137.79158943260555,0.08772403800394386,35.9607383919938,13355.468516273202,0.0,232645.8
252336560693540533935881068298825202077_0,BPI2012_Full,0.0,3.0,176.0,1.0,0.8427584049153072,0.6695962415981402,0.23438329964223176,0.9915006818509446,0.9821393164989516,0.9746333318060966,0.9610870940859405,0.9166022038536313,0.863338467085865,0.8048052058967059,0.00010170720861286657,5.631079238002712,167.26587339899925,195.47755533460003,324.46688958319936,0.08775332200093544,47.628123328401124,1880.4690276048009,0.0,2448.3136512941796
252336560693540533935881068298825202077_1,BPI2012_Full,0.0,5.0,176.0,1.0,0.5724202204988789,0.5892888116216219,0.32577480586108404,0.9636587497128015,0.9226511100258366,0.8800283760351165,0.8055985641204538,0.6703438431253719,0.5728170367372305,0.5003978963531874,0.00010170720861286657,5.631079238002712,167.26587339899925,198.03262961920046,204.70139504700055,0.08487338019913296,38.55307914999939,4327.563250370401,0.0,2448.3136512941796
252336560693540533935881068298825202077_2,BPI2012_Full,0.0,7.0,176.0,1.0,0.6983355290095508,0.6516632061270176,0.3740764353768491,0.9772677503737841,0.9416032916757227,0.9075747355441734,0.843511191431069,0.715612572448825,0.6167829835664973,0.5397758556793709,0.00010170720861286657,5.631079238002712,167.26587339899925,196.84056994159909,206.51523883760018,0.0861879662013962,42.31981232759936,6551.404909014001,0.0,2448.3136512941796
252336560693540533935881068298825202077_3,BPI2012_Full,0.0,11.0,176.0,1.0,0.7783485412483085,0.6782263536329722,0.40517905697408263,0.9835856717220924,0.958266804664173,0.9286858590099589,0.8738859520695478,0.7579972202872692,0.663438267873237,0.5925531579780635,0.00010170720861286657,5.631079238002712,167.26587339899925,200.2577986789991,208.29408024739968,0.09176872800017008,44.955565303799816,8806.415087107202,0.0,2448.3136512941796
252336560693540533935881068298825202077_4,BPI2012_Full,0.0,17.0,176.0,1.0,0.7865548668740476,0.6729452422771244,0.4225320982056262,0.9842200798383723,0.9605469135300992,0.9339018300443538,0.8846554706259759,0.7775114938478074,0.6864809368338562,0.6136072777689707,0.00010170720861286657,5.631079238002712,167.26587339899925,196.62438475900126,208.74437118579954,0.08569560859978083,47.067846434601236,11079.4159212204,0.0,2448.3136512941796
252336560693540533935881068298825202077_5,BPI2012_Full,0.0,21.0,176.0,1.0,0.8075678092362646,0.672257486882892,0.43215966035689435,0.9844001873840356,0.9612183931792945,0.9351389993846091,0.8877502472014506,0.7848423409002571,0.6964684605883151,0.627161149749106,0.00010170720861286657,5.631079238002712,167.26587339899925,195.05264646820288,208.26755922199808,0.08758314039732795,47.38359844820225,13339.656961403001,0.0,2448.3136512941796
47482295457342411543800303662309855831_0,BPI2012_Full,0.025,3.0,35.8,5.0,0.8440698589082368,0.6672021529063912,0.21221548178206834,0.9924004533165013,0.9842327048873978,0.9783500270957981,0.9686809482503745,0.9343945039786213,0.8930533878637865,0.8475438876161278,0.00010170720861286657,3.1650236409986974,163.77617955900496,146.9648017856016,387.11341298220066,0.08931549600092695,67.06351254079637,1986.1347968572022,0.0,7382.359682539682
47482295457342411543800303662309855831_1,BPI2012_Full,0.025,5.0,35.8,5.0,0.5295112773175953,0.5547398501358043,0.3188315302045766,0.9595481454877672,0.9153961645615272,0.870368964792019,0.7893884756250793,0.6478415228070507,0.5512442827281087,0.4820548865502287,0.00010170720861286657,3.1650236409986974,163.77617955900496,151.32551756800095,175.38748331660025,0.08883267619967228,45.779617811001664,4315.710582916401,0.0,7382.359682539682
47482295457342411543800303662309855831_2,BPI2012_Full,0.025,7.0,35.8,5.0,0.6970847765337712,0.6412373079705826,0.36858095406769903,0.9765642532804554,0.9379771061385387,0.9012396803433624,0.8327027393820238,0.6977429165859909,0.5947580703189743,0.5192395633498625,0.00010170720861286657,3.1650236409986974,163.77617955900496,150.40118263540063,174.71158053640102,0.08696135079953819,47.82299752539984,6177.315001162203,0.0,7382.359682539682
47482295457342411543800303662309855831_3,BPI2012_Full,0.025,11.0,35.8,5.0,0.7827382045616051,0.6797446931934455,0.3980274294702747,0.984308934549583,0.9586513032481886,0.9277348709573644,0.8689420209323471,0.7513782535455501,0.660760705075884,0.594711831080191,0.00010170720861286657,3.1650236409986974,163.77617955900496,156.2738801422005,183.89716333539982,0.08828566900047008,50.20674995820009,8077.022046301402,0.0,7382.359682539682
47482295457342411543800303662309855831_4,BPI2012_Full,0.025,17.0,35.8,5.0,0.7869842968607011,0.6781871384586726,0.4321617017123092,0.9847464820134965,0.9602612832074516,0.9312359943398982,0.87730410722001,0.7603318816428293,0.6637811743893892,0.5924110762908443,0.00010170720861286657,3.1650236409986974,163.77617955900496,155.53032623239852,180.62907653820147,0.08532893380179303,49.74309383319924,10014.782239235203,0.0,7382.359682539682
47482295457342411543800303662309855831_5,BPI2012_Full,0.025,21.0,35.8,5.0,0.8098805397230636,0.6781776421096508,0.43995278972165497,0.9852975869565412,0.9621173475606797,0.9354446637746386,0.8870140074040448,0.7810665086039822,0.6912223133242268,0.623537804403261,0.00010170720861286657,3.1650236409986974,163.77617955900496,156.2216535897998,188.70509424239717,0.0867654832007247,49.027010411801164,11959.0375416804,0.0,7382.359682539682
252036172554514852379917073716435574953_0,BPI2012_Full,0.1,3.0,10.0,18.0,0.8350978453759508,0.6571643040507622,0.16641389689772823,0.9931084086851518,0.9860353014295062,0.9817017076787906,0.9758781978344178,0.9539535573403137,0.9272177376103026,0.8975098087814615,0.00010170720861286657,3.1297126919962466,192.70674685999984,121.21999346919911,521.3511915304028,0.09446834300033516,83.68662727219926,2375.3786806930016,0.0,17551.66
252036172554514852379917073716435574953_1,BPI2012_Full,0.1,5.0,10.0,18.0,0.5241071724233585,0.5425615158491967,0.3115939583490629,0.958382820152804,0.9137779101731892,0.868488370066804,0.7829088053760527,0.6372165197378492,0.5403715264292441,0.4721350257888258,0.00010170720861286657,3.1297126919962466,192.70674685999984,120.4682410576017,130.22216437799943,0.08875596380094067,45.63157991680055,4716.974912566002,0.0,17551.66
252036172554514852379917073716435574953_2,BPI2012_Full,0.1,7.0,10.0,18.0,0.6727022917434404,0.6283162322817799,0.3586780587417252,0.9744968511823823,0.9335427081959967,0.8953046902558531,0.8233102930142129,0.6839128268302191,0.5812446121831415,0.5065259729515603,0.00010170720861286657,3.1297126919962466,192.70674685999984,119.67795765519986,128.28848793280048,0.0860223906012834,47.34044084079942,6196.5342324536,0.0,17551.66
252036172554514852379917073716435574953_3,BPI2012_Full,0.1,11.0,10.0,18.0,0.781549509681825,0.6722804939419567,0.40043887459709976,0.9841650872016213,0.9573762877986731,0.9246080110878607,0.8639554765685242,0.7416697181098186,0.6492649099337998,0.5809935140308287,0.00010170720861286657,3.1297126919962466,192.70674685999984,119.3077051002023,131.96271930200018,0.08947031359857646,49.076486538999596,7686.635189108803,0.0,17551.66
252036172554514852379917073716435574953_4,BPI2012_Full,0.1,17.0,10.0,18.0,0.7733223256260341,0.6741953195359134,0.42922396927230083,0.9831935396912923,0.9570901692694079,0.9265244663906081,0.8724888220653387,0.7535785296527748,0.6554935897368599,0.5838343700939062,0.00010170720861286657,3.1297126919962466,192.70674685999984,120.14740256520017,129.36475885140243,0.08686997359909583,48.58597330499761,9185.808308459802,0.0,17551.66
252036172554514852379917073716435574953_5,BPI2012_Full,0.1,21.0,10.0,18.0,0.8138426559790582,0.6800900446990574,0.44488390439212316,0.9854999119070399,0.9619475024542258,0.9340135569006879,0.8834306389022382,0.7734931397469329,0.6799631568426434,0.6116371834890293,0.00010170720861286657,3.1297126919962466,192.70674685999984,121.95317867659905,132.24761150539854,0.08948586160258856,49.107264568800744,10692.704724794201,0.0,17551.66
200934189435493509245876840523779924304_0,BPI2012_Full,0.2,3.0,5.0,35.8,0.8331062493182678,0.6523536651479099,0.17043790047591054,0.9930615559734068,0.9859767546158487,0.9816007678521252,0.9756727256604039,0.9529030956904005,0.9250588254365306,0.8940355967411311,0.00010170720861286657,3.3071026840043487,227.36539272299706,123.10079273079609,748.5509547552065,0.0914619784016395,86.29170394119282,3096.5979564068025,0.0,29906.359999999997
200934189435493509245876840523779924304_1,BPI2012_Full,0.2,5.0,5.0,35.8,0.4926820315472435,0.5218070063049606,0.3083879122854878,0.9579461470617503,0.9138230404423175,0.8686709753289665,0.7777308542765926,0.6270474368206788,0.5256784894698361,0.45835275758718447,0.00010170720861286657,3.3071026840043487,227.36539272299706,116.74886527020135,144.92677289359852,0.08690968739974778,47.72406754500116,5948.157630913799,0.0,29906.359999999997
200934189435493509245876840523779924304_2,BPI2012_Full,0.2,7.0,5.0,35.8,0.6532451476566172,0.6121521971842002,0.34524333060974116,0.972600226331326,0.9306953710951797,0.8909456127976251,0.8183418065117669,0.6794621989611213,0.576182685528652,0.49969521484972157,0.00010170720861286657,3.3071026840043487,227.36539272299706,121.57437503000547,148.7565834956011,0.08681674819381442,49.313591393601385,7547.568412417402,0.0,29906.359999999997
200934189435493509245876840523779924304_3,BPI2012_Full,0.2,11.0,5.0,35.8,0.7674876524698123,0.6631457165873031,0.3956428012859336,0.9831288111504429,0.9537477990129843,0.9190257896706948,0.8520253052133654,0.7213680739810682,0.6251158015012385,0.5554707249535836,0.00010170720861286657,3.3071026840043487,227.36539272299706,116.694183530999,141.93747407079792,0.08898095720214769,50.33007914760092,9109.7330478112,0.0,29906.359999999997
200934189435493509245876840523779924304_4,BPI2012_Full,0.2,17.0,5.0,35.8,0.7891576998055753,0.6755321848774952,0.42926711076509055,0.984375573553024,0.9585749225191599,0.9269115353878075,0.8715810190865938,0.7489157591483344,0.6494719017948486,0.578967421132892,0.00010170720861286657,3.3071026840043487,227.36539272299706,118.42413413200411,144.721633602996,0.08882859660079703,51.0385826067999,10674.328682113799,0.0,29906.359999999997
200934189435493509245876840523779924304_5,BPI2012_Full,0.2,21.0,5.0,35.8,0.801137044540166,0.6753162328442202,0.44029408597287817,0.9839958524585246,0.9601572083704113,0.9314092896446923,0.8793934351557576,0.7676927355543531,0.6740698772338979,0.6052918347955616,0.00010170720861286657,3.3071026840043487,227.36539272299706,118.3034676677984,146.78719858440164,0.088292311198893,50.16955784480088,12254.0695892392,0.0,29906.359999999997
31882839497307630496007576300860674457_0,BPI2012_Full,0.5,3.0,2.0,88.6,0.8316878193249664,0.6530758814718843,0.142714682109314,0.9932484927446212,0.9865067301621085,0.9828687461887092,0.9795552647477367,0.9642327204141093,0.9453175086067189,0.9242872078282227,0.00010170720861286657,3.2476771459914744,272.65301912599534,118.28241509940418,1296.6841725444015,0.09522133779828437,95.19241668360192,4786.114007683194,0.0,58907.3
31882839497307630496007576300860674457_1,BPI2012_Full,0.5,5.0,2.0,88.6,0.4880977579925208,0.5216563833601816,0.3116087904540229,0.9604404973835747,0.9190065026399319,0.8761433900064839,0.7900387102020157,0.6442109016958593,0.5400017430862009,0.4638842733477488,0.00010170720861286657,3.2476771459914744,272.65301912599534,117.8954642044002,151.4778438081994,0.0865514467965113,48.790561606400296,8805.696513109997,0.0,58907.3
31882839497307630496007576300860674457_2,BPI2012_Full,0.5,7.0,2.0,88.6,0.669772866349668,0.6167571702896835,0.3452971027806205,0.9729791070506417,0.9290498525177224,0.8878244264926721,0.8122001148898985,0.6657200655410305,0.5599595763443348,0.4834593490901137,0.00010170720861286657,3.2476771459914744,272.65301912599534,120.97154627399868,148.99633178319783,0.08868171740032267,47.90669739820005,10377.336589978999,0.0,58907.3
31882839497307630496007576300860674457_3,BPI2012_Full,0.5,11.0,2.0,88.6,0.742266439499004,0.6514191091314468,0.38421115626458735,0.9816909692726862,0.9499459310107126,0.9147274568667776,0.8477940111932029,0.7152995062560437,0.6187527384719046,0.5486814740091763,0.00010170720861286657,3.2476771459914744,272.65301912599534,112.57158200919802,142.63339310100127,0.08646354639786295,49.4476956761966,11934.3141603382,0.0,58907.3
31882839497307630496007576300860674457_4,BPI2012_Full,0.5,17.0,2.0,88.6,0.7835866327542182,0.6720820226335286,0.4195263814662053,0.9836324441197961,0.956287492004197,0.923562904150787,0.8670835736672906,0.7420010686243407,0.6433544275550687,0.572627711702621,0.00010170720861286657,3.2476771459914744,272.65301912599534,114.42113378219656,124.6873928838002,0.08643456540012266,50.250267139598144,13403.028654391397,0.0,58907.3
31882839497307630496007576300860674457_5,BPI2012_Full,0.5,21.0,2.0,88.6,0.7974118969897367,0.6723305502310891,0.4294707396730679,0.9835778181239615,0.9593031140785004,0.9301648528083237,0.8778995988113522,0.7646751439947682,0.6711905322551784,0.6017993350679497,0.00010170720861286657,3.2476771459914744,272.65301912599534,115.79013424199657,128.4170288580004,0.09253843380138278,51.281647921202236,14871.466874751199,0.0,58907.3
204856358341536816138399558242345199755_0,BPI2012_Full,1.0,3.0,1.0,177.0,0.83147053040003,0.6518887753004162,0.14265380744102957,0.9932276527305255,0.986551337445875,0.9829628123564111,0.9795125436659629,0.9641947181092517,0.9452771166224663,0.9242454461541121,0.00010170720861286657,3.2346819840022363,277.5651010549918,109.68538668620458,1848.9569753526011,0.09774271659844089,91.25518695580249,6413.833934826599,0.0,112511.8
204856358341536816138399558242345199755_1,BPI2012_Full,1.0,5.0,1.0,177.0,0.487299792739592,0.520893576432018,0.3137582078943351,0.9603450804866487,0.9187487238515292,0.8758020281681649,0.7894584705840785,0.6427030468120885,0.5379281001727868,0.4615619842534592,0.00010170720861286657,3.2346819840022363,277.5651010549918,109.12141518979915,144.24726550780179,0.08817885059688706,48.31653365240199,11457.0954258182,0.0,112511.8
204856358341536816138399558242345199755_2,BPI2012_Full,1.0,7.0,1.0,177.0,0.6744810368148204,0.6211465812581224,0.3445694252390752,0.9731359075475184,0.9289109891748966,0.8876282016660765,0.8115749623470355,0.6660191285546148,0.5602754735368888,0.4837572963653134,0.00010170720861286657,3.2346819840022363,277.5651010549918,108.43377678520628,135.73579707519676,0.0878562341997167,48.00750489160127,12935.114972497797,0.0,112511.8
204856358341536816138399558242345199755_3,BPI2012_Full,1.0,11.0,1.0,177.0,0.7415031454167126,0.6498519451538245,0.3827481570047925,0.9816307560903544,0.9497716835435834,0.9143573013839881,0.8470418891508235,0.7141683194246305,0.6173264850271292,0.54709668294568,0.00010170720861286657,3.2346819840022363,277.5651010549918,108.90366530579922,135.93285651880143,0.0873862417996861,49.099361738396695,14401.180219945198,0.0,112511.8
204856358341536816138399558242345199755_4,BPI2012_Full,1.0,17.0,1.0,177.0,0.7838243452998173,0.6730666030421244,0.41869551008466327,0.9836822465759851,0.9562105441538034,0.9232537845594455,0.8664753951900931,0.7411644950010634,0.6423597027124998,0.5717818139856815,0.00010170720861286657,3.2346819840022363,277.5651010549918,109.56714883979876,139.16391251540045,0.0907509371987544,49.733057363601986,15886.5392592852,0.0,112511.8
204856358341536816138399558242345199755_5,BPI2012_Full,1.0,21.0,1.0,177.0,0.798915609476033,0.6732670683555706,0.4259515303927632,0.9837898584004616,0.9593927675839661,0.9301774634671464,0.8780737679658422,0.7661324284567639,0.6734472717919836,0.6052759833722192,0.00010170720861286657,3.2346819840022363,277.5651010549918,110.42071918520378,144.93522063980345,0.0870018289948348,52.3833686605969,17410.811984993998,0.0,112511.8
252336560693540533935881068298825202077_0,BPI2012_W,0.0,3.0,157.6,1.0,0.8320628692597989,0.6383324101477135,0.23262150240815047,0.9916791856865098,0.9769724653495185,0.9619907875832867,0.9300586301727483,0.8592958299052823,0.7932109983679106,0.7279729088327881,9.454956516359242e-05,2.1426019979990087,84.80019913100114,115.98594961139898,164.69963739399972,0.072309558201232,53.495231830401465,1076.7673254785973,0.0,1355.6428270042193
252336560693540533935881068298825202077_1,BPI2012_W,0.0,5.0,157.6,1.0,0.4025914231353088,0.5067554529135146,0.31382587801247597,0.9387168190736812,0.8749998718915224,0.8290457731351815,0.7329336261607404,0.5594587993784483,0.4638944826885799,0.4069299684677595,9.454956516359242e-05,2.1426019979990087,84.80019913100114,105.26804800919781,111.69454736860352,0.0680051078030374,38.1352824763977,2546.5969123338,0.0,1355.6428270042193
252336560693540533935881068298825202077_2,BPI2012_W,0.0,7.0,157.6,1.0,0.6010837991249123,0.5455750189398512,0.32522503461618857,0.9612477607677311,0.9000862491687055,0.8546790484555702,0.7714441435743655,0.6064715917771436,0.4978634651709754,0.42940392919301773,9.454956516359242e-05,2.1426019979990087,84.80019913100114,102.31370613119797,105.30817969579948,0.07276403800060507,39.00760763720027,3776.736229053201,0.0,1355.6428270042193
252336560693540533935881068298825202077_3,BPI2012_W,0.0,11.0,157.6,1.0,0.7177149399115159,0.6124532393910217,0.3794209300816731,0.9723896439145557,0.9295357481997613,0.8855342402426055,0.7979968577236491,0.6425303769133794,0.5409480566580374,0.47913759826714586,9.454956516359242e-05,2.1426019979990087,84.80019913100114,102.55015939739823,104.16111015980132,0.07054547480365728,39.05094188799849,5005.788904245402,0.0,1355.6428270042193
252336560693540533935881068298825202077_4,BPI2012_W,0.0,17.0,157.6,1.0,0.7192068133802684,0.6210552577431181,0.3787001242466185,0.9729965690668576,0.9276897767054955,0.8852691423402239,0.8011223999991337,0.6464213054257425,0.5491448987039075,0.4871284267079957,9.454956516359242e-05,2.1426019979990087,84.80019913100114,102.4535430842021,103.77319330520405,0.06786859999992885,38.86018488339323,6235.949187815,0.0,1355.6428270042193
252336560693540533935881068298825202077_5,BPI2012_W,0.0,21.0,157.6,1.0,0.7111622366815178,0.6197969395608458,0.3768871758711691,0.971968009996625,0.9264975823717855,0.8839218374795198,0.7987799065653762,0.645722737545708,0.5479007076968114,0.48674326972219684,9.454956516359242e-05,2.1426019979990087,84.80019913100114,102.51787417120359,109.1991409008042,0.07069949179713149,38.74467662999814,7472.886417276602,0.0,1355.6428270042193
47482295457342411543800303662309855831_0,BPI2012_W,0.025,3.0,39.8,4.0,0.8328923893666067,0.6373960867996149,0.20015819985305616,0.9933675657353062,0.981513239067586,0.969222252618714,0.9418361758386267,0.877349131314344,0.8176757213142686,0.7622293077589741,9.454956516359242e-05,2.1660954630060587,81.13730438500352,89.2478828766034,163.09878335820395,0.0746160000009695,48.35033915519889,984.1726497392025,0.0,3203.2273076923075
47482295457342411543800303662309855831_1,BPI2012_W,0.025,5.0,39.8,4.0,0.37617068876081017,0.47519338273473066,0.29749232284247207,0.9316711234264077,0.8626883356493991,0.8155664678373814,0.7186938777365993,0.5452432801227518,0.44841345727719295,0.39102000873958576,9.454956516359242e-05,2.1660954630060587,81.13730438500352,84.57039559200057,100.37593757459835,0.06928045600070618,32.40113365860016,2244.1709289363994,0.0,3203.2273076923075
47482295457342411543800303662309855831_2,BPI2012_W,0.025,7.0,39.8,4.0,0.560160401583327,0.5038738685735612,0.315030009924611,0.953001019922884,0.8810078412238955,0.8308002853293613,0.7415388139603916,0.5786109712815889,0.4777969826597806,0.41531846423639013,9.454956516359242e-05,2.1660954630060587,81.13730438500352,91.83166250259964,102.12679473780445,0.07182931439892855,32.45960510439763,3356.7209128246004,0.0,3203.2273076923075
47482295457342411543800303662309855831_3,BPI2012_W,0.025,11.0,39.8,4.0,0.6711790402196568,0.5914860478527582,0.36302221681169533,0.9669809717449468,0.919073748820243,0.8726336449594767,0.7817076290214071,0.6198944496674124,0.5206935736923075,0.46094472218122906,9.454956516359242e-05,2.1660954630060587,81.13730438500352,91.74858351320145,102.10330680339538,0.0729655982053373,33.0322052958043,4496.257752430599,0.0,3203.2273076923075
47482295457342411543800303662309855831_4,BPI2012_W,0.025,17.0,39.8,4.0,0.701374919437379,0.6156565590048213,0.36744417330093576,0.9714002972935731,0.9245232866023299,0.8809390259959174,0.7940324989640276,0.6387037344013471,0.5389336995568781,0.47536030802146423,9.454956516359242e-05,2.1660954630060587,81.13730438500352,95.95977518320433,100.33189237720217,0.06958393839595374,33.315746657000275,5630.198363317604,0.0,3203.2273076923075
47482295457342411543800303662309855831_5,BPI2012_W,0.025,21.0,39.8,4.0,0.699848530135905,0.615807055164697,0.37243361828981725,0.9708675655353443,0.9245206548363054,0.8808583361293947,0.7927602247280158,0.6372129800219147,0.5378542579906498,0.47670115008679703,9.454956516359242e-05,2.1660954630060587,81.13730438500352,92.55919891480008,97.43249717839936,0.07079896480136086,32.90163732560177,6764.798656473804,0.0,3203.2273076923075
252036172554514852379917073716435574953_0,BPI2012_W,0.1,3.0,10.0,16.0,0.8325042708574127,0.643665287240318,0.15892661851077264,0.9944777436481267,0.9846925315621924,0.9750841723663113,0.9538492137555832,0.9026702494578099,0.8543093717099465,0.8088132574758573,9.454956516359242e-05,16.32579124100448,71.49076944800618,83.49017661119578,195.4804665350035,0.07226776000170503,55.57191390859661,1079.0994461196037,0.0,7900.88
252036172554514852379917073716435574953_1,BPI2012_W,0.1,5.0,10.0,16.0,0.3621160135678008,0.4517913964966184,0.2813068511077088,0.9279712367360616,0.8576860441957056,0.8061956162285464,0.7100691883715029,0.5295567419558338,0.4333267892999662,0.37626840160345165,9.454956516359242e-05,16.32579124100448,71.49076944800618,83.75257390679617,89.60221969720442,0.07593786540674045,30.562530167395018,2375.408361559402,0.0,7900.88
252036172554514852379917073716435574953_2,BPI2012_W,0.1,7.0,10.0,16.0,0.5207066306670436,0.47260022872414764,0.29937001770448335,0.9477511297588883,0.8727841265701424,0.8201357812366791,0.7274515744573335,0.5644842045275161,0.46435466225345595,0.4057467966396059,9.454956516359242e-05,16.32579124100448,71.49076944800618,77.6337451569998,79.35218816100095,0.07279195839655586,31.77245576220157,3334.8641077730017,0.0,7900.88
252036172554514852379917073716435574953_3,BPI2012_W,0.1,11.0,10.0,16.0,0.6499404592100477,0.5770308258236609,0.3550037535162661,0.9654288386730059,0.916030129879607,0.8681264708163994,0.7759037010414339,0.6092192279445802,0.5090065587541523,0.45034574412847705,9.454956516359242e-05,16.32579124100448,71.49076944800618,77.24520614179201,79.25543575800839,0.06842205640277825,32.43282576659694,4280.524538758999,0.0,7900.88
252036172554514852379917073716435574953_4,BPI2012_W,0.1,17.0,10.0,16.0,0.6871878622087366,0.6091358574889938,0.36210275477515663,0.9691149068818966,0.9186595201640129,0.8751496558090711,0.7892630030729385,0.6306348673238577,0.5308629914980328,0.4689162092845451,9.454956516359242e-05,16.32579124100448,71.49076944800618,78.45919059620356,79.31829067980871,0.07249119919724763,32.73347855419852,5229.476509997403,0.0,7900.88
252036172554514852379917073716435574953_5,BPI2012_W,0.1,21.0,10.0,16.0,0.6931810962702769,0.6172045890395396,0.36704624792657425,0.9718896821087434,0.9256255580142361,0.8812521295294381,0.7939890547085006,0.6355394560913779,0.5346462802178229,0.4730438730201875,9.454956516359242e-05,16.32579124100448,71.49076944800618,77.85325194000033,78.98291533200536,0.0684884550049901,32.684587124799144,6180.4677865870035,0.0,7900.88
200934189435493509245876840523779924304_0,BPI2012_W,0.2,3.0,5.0,32.0,0.8325192085889797,0.6422115834330355,0.14153082548307216,0.9953834170608518,0.9871981637825844,0.9790310162824503,0.9604747484930186,0.9138215522836198,0.8677511860500748,0.8228796569485617,9.454956516359242e-05,2.2776002890022937,79.05766218298231,80.1581714740023,224.93285170519957,0.07007355679525062,55.097522563603704,1161.6939331323956,0.0,12727.439999999999
200934189435493509245876840523779924304_1,BPI2012_W,0.2,5.0,5.0,32.0,0.32904682392552403,0.42469470142051763,0.261848136810799,0.9282050467445057,0.859805146223998,0.8038896634569717,0.7015936389045488,0.5165619337371485,0.41522881429356334,0.3579176799163338,9.454956516359242e-05,2.2776002890022937,79.05766218298231,78.86519275340251,84.77893255379749,0.07323499999474734,35.0986445002025,2502.58086967399,0.0,12727.439999999999
200934189435493509245876840523779924304_2,BPI2012_W,0.2,7.0,5.0,32.0,0.5228618531829139,0.46789171654092937,0.29489811013784406,0.9494214784773956,0.8740805109593938,0.8158771420837054,0.7252330125795912,0.5581208025866988,0.4579325167177066,0.39785432914327856,9.454956516359242e-05,2.2776002890022937,79.05766218298231,75.17506453380338,77.20350988159771,0.07016078860033303,32.14798824460013,3431.817860129796,0.0,12727.439999999999
200934189435493509245876840523779924304_3,BPI2012_W,0.2,11.0,5.0,32.0,0.615014244922472,0.5651770105691547,0.33750977905199747,0.9596009755053924,0.9050154747472501,0.8541939530402807,0.7635071325921159,0.597927770026517,0.4991601358482791,0.43900263281262275,9.454956516359242e-05,2.2776002890022937,79.05766218298231,75.90517718939809,77.50031544659869,0.07598654559114948,32.447485851997044,4358.1362163193935,0.0,12727.439999999999
200934189435493509245876840523779924304_4,BPI2012_W,0.2,17.0,5.0,32.0,0.6966758077356288,0.6137281967965575,0.36092977428825407,0.9712793646789999,0.9224742674665952,0.8785220548849078,0.7906584520075824,0.6339622625088053,0.533198667106727,0.46879593644863615,9.454956516359242e-05,2.2776002890022937,79.05766218298231,75.48411839660257,76.97185998499626,0.07189338080352173,32.865216178400445,5288.137196153798,0.0,12727.439999999999
200934189435493509245876840523779924304_5,BPI2012_W,0.2,21.0,5.0,32.0,0.6935301630162954,0.617881810336664,0.3595987156791512,0.9722161023086577,0.9245349776029433,0.8791798954860788,0.7898975719793375,0.6296888802793102,0.528925268640586,0.46600610340047127,9.454956516359242e-05,2.2776002890022937,79.05766218298231,75.81286729199928,81.18352831099764,0.07141018779948353,32.753487182199024,6228.645185917796,0.0,12727.439999999999
31882839497307630496007576300860674457_0,BPI2012_W,0.5,3.0,2.0,79.8,0.8328627520850647,0.646502478289336,0.09769372685784454,0.9969353176688542,0.991491434870506,0.986683530534777,0.9760264101746674,0.9492320374774579,0.9218933967109404,0.8940022614686045,9.454956516359242e-05,2.1530745159834623,82.35751056601293,79.39182283379486,443.26505037479217,0.07224612360005267,62.90318841200205,1848.0575658960036,0.0,25868.6
31882839497307630496007576300860674457_1,BPI2012_W,0.5,5.0,2.0,79.8,0.3042170227197836,0.40232622968892884,0.25593308289365413,0.9259207428556216,0.8572833903044188,0.8002346379577971,0.695839360090458,0.5102790253826376,0.40825708593108523,0.35128948345797845,9.454956516359242e-05,2.1530745159834623,82.35751056601293,74.16597793319961,77.56278709939798,0.0750749254017137,31.69278948379797,3564.0000143158018,0.0,25868.6
31882839497307630496007576300860674457_2,BPI2012_W,0.5,7.0,2.0,79.8,0.49442659846760445,0.45023046393978283,0.28092119360525214,0.9468920780343248,0.8716231161754825,0.8124080211998024,0.7227502405101653,0.5571684585422587,0.4587467499889706,0.40087460518415047,9.454956516359242e-05,2.1530745159834623,82.35751056601293,73.74576426400453,76.33887608039659,0.06991532020037994,31.8276190900011,4477.379985087808,0.0,25868.6
31882839497307630496007576300860674457_3,BPI2012_W,0.5,11.0,2.0,79.8,0.5965198245303348,0.5563260950515078,0.3330286658668187,0.9584401897089334,0.9038889750767822,0.8520464720378792,0.7617530700144587,0.5933479907620384,0.4928935076663736,0.43162959279059415,9.454956516359242e-05,2.1530745159834623,82.35751056601293,72.93054706959519,73.66883106739843,0.07449591699405574,28.934219046210636,5367.907307524001,0.0,25868.6
31882839497307630496007576300860674457_4,BPI2012_W,0.5,17.0,2.0,79.8,0.7018349288275089,0.6145376426333407,0.3589626672855718,0.972479052564806,0.9244759784497081,0.8796247017643163,0.7899381366061107,0.6334753015953273,0.5310715859351071,0.4651026027224643,9.454956516359242e-05,2.1530745159834623,82.35751056601293,71.9222360601998,73.13838570680237,0.07067986680194735,29.311186908202945,6244.268783868809,0.0,25868.6
31882839497307630496007576300860674457_5,BPI2012_W,0.5,21.0,2.0,79.8,0.6962577226540002,0.6180529061098323,0.35420438326671,0.9725021126431411,0.9240632309893793,0.8779535584494809,0.7885964623239954,0.6267445716272703,0.5251120971922332,0.46181031083699775,9.454956516359242e-05,2.1530745159834623,82.35751056601293,72.5331983285956,81.25141909539816,0.07457992599811405,29.19825345960562,7141.848006572004,0.0,25868.6
204856358341536816138399558242345199755_0,BPI2012_W,1.0,3.0,1.0,158.6,0.8328627520850647,0.646502478289336,0.09769372685784454,0.9969353176688542,0.991491434870506,0.986683530534777,0.9760264101746674,0.9492320374774579,0.9218933967109404,0.8940022614686045,9.454956516359242e-05,2.109525013016537,91.50520872001653,74.65262689220253,534.8111719531996,0.07369690419873223,60.68340244419524,2125.286986050807,0.0,49993.0
204856358341536816138399558242345199755_1,BPI2012_W,1.0,5.0,1.0,158.6,0.303391875522082,0.4015931800310498,0.255804018053835,0.9256215861373829,0.8566990959498378,0.7992534350482693,0.6945623633027177,0.508345854080756,0.4061193947340205,0.34906693965689717,9.454956516359242e-05,2.109525013016537,91.50520872001653,74.10210303340573,76.84326593639562,0.07102442318573594,31.203576040396,3992.130983849411,0.0,49993.0
204856358341536816138399558242345199755_2,BPI2012_W,1.0,7.0,1.0,158.6,0.5110014005244176,0.4547384235006119,0.2770693496992986,0.9494803596973285,0.8756373340979737,0.8174989848890128,0.7295943147233281,0.5675990534831724,0.4718724606034521,0.4168951139675401,9.454956516359242e-05,2.109525013016537,91.50520872001653,73.80429917540168,76.42557763481163,0.0789940998016391,32.617317426594674,4905.495747375814,0.0,49993.0
204856358341536816138399558242345199755_3,BPI2012_W,1.0,11.0,1.0,158.6,0.5904340552444118,0.5575249493665024,0.3318250549593567,0.9579248731007342,0.9033344250499965,0.8513012336135464,0.7609461003592772,0.5918104933745549,0.4916521398203056,0.43097418675722,9.454956516359242e-05,2.109525013016537,91.50520872001653,73.7413968118024,74.93897463479661,0.07192606920143589,31.356886484398274,5812.5167744832115,0.0,49993.0
204856358341536816138399558242345199755_4,BPI2012_W,1.0,17.0,1.0,158.6,0.6982856610088883,0.6116823027875624,0.3579571559705903,0.9722541576522306,0.9237343124714432,0.8785072495884076,0.789956346345343,0.6328355514803267,0.5305049096033795,0.46520454267018235,9.454956516359242e-05,2.109525013016537,91.50520872001653,73.99374699159526,75.15822031520656,0.07059227539575659,31.426805115200114,6712.9517254086095,0.0,49993.0
204856358341536816138399558242345199755_5,BPI2012_W,1.0,21.0,1.0,158.6,0.6941420477294412,0.6168847996330029,0.3537005366645659,0.9722012164004381,0.9234591249866781,0.8771961808940665,0.7874533353348065,0.6248604197646845,0.5225042224633631,0.4594019319089776,9.454956516359242e-05,2.109525013016537,91.50520872001653,74.27153060179553,75.48602657099255,0.06898276040446945,31.182333173201187,7621.252172731009,0.0,49993.0
252336560693540533935881068298825202077_0,BPI2012_WC,0.0,3.0,75.6,1.0,0.6635291901615703,0.4828163963038673,0.15184954230012387,0.9825674125314908,0.9634598288089814,0.9421744728829695,0.8951381600002021,0.7650613083663091,0.6315224371079281,0.5033756461249865,1.210214207914801e-05,1.5896641290164553,102.96501646601246,99.86055670400383,127.20229103279999,0.1148479302006308,34.30994627000182,941.0750819047971,0.0,1831.5337837837837
252336560693540533935881068298825202077_1,BPI2012_WC,0.0,5.0,75.6,1.0,0.19309400319463968,0.24833164172070793,0.30031442121034313,0.8415969171531412,0.715673940830558,0.6284760083503392,0.5096962067409297,0.3742917403433169,0.32944571970989717,0.31338324748664176,1.210214207914801e-05,1.5896641290164553,102.96501646601246,63.087594031600744,63.34215241019265,0.05231143480050378,22.178903111803812,1864.8463352448075,0.0,1831.5337837837837
252336560693540533935881068298825202077_2,BPI2012_WC,0.0,7.0,75.6,1.0,0.2793396457682237,0.39231753708426625,0.3282506110836026,0.8594479885849656,0.7440434580501831,0.6591366376088799,0.5403213358041377,0.40160398116878343,0.357195131980341,0.34125855081924,1.210214207914801e-05,1.5896641290164553,102.96501646601246,63.4020199066028,62.88337307460024,0.0564248337992467,22.64945521519985,2607.212826435408,0.0,1831.5337837837837
252336560693540533935881068298825202077_3,BPI2012_WC,0.0,11.0,75.6,1.0,0.3759004405845741,0.4544274433096726,0.35328962857941526,0.8817174981525422,0.7689612004857103,0.6825729437366578,0.5677441764940925,0.42989488012472776,0.38339492979961437,0.3668203215284369,1.210214207914801e-05,1.5896641290164553,102.96501646601246,62.86875652759336,62.91797805259703,0.05239355619996786,22.38719619200565,3351.561590958404,0.0,1831.5337837837837
252336560693540533935881068298825202077_4,BPI2012_WC,0.0,17.0,75.6,1.0,0.39726973453585596,0.4630951782315612,0.36114281119219654,0.8868353174919081,0.783121958389924,0.7011501793503755,0.5835602506519877,0.44147293488575035,0.39299336450531175,0.3755192898398167,1.210214207914801e-05,1.5896641290164553,102.96501646601246,63.181969788996504,63.89962058140081,0.053739664604654534,22.67506166140665,4096.738543750806,0.0,1831.5337837837837
252336560693540533935881068298825202077_5,BPI2012_WC,0.0,21.0,75.6,1.0,0.3979259120910184,0.4645445969975852,0.3627959066115419,0.8861372060282069,0.7824895993609753,0.7014656751933631,0.5852282590817175,0.44364342739951673,0.395242102693948,0.3775615987034348,1.210214207914801e-05,1.5896641290164553,102.96501646601246,66.59565090799587,66.80758907179116,0.055642229394288735,22.726574857608647,4867.158812585805,0.0,1831.5337837837837
47482295457342411543800303662309855831_0,BPI2012_WC,0.025,3.0,37.8,2.0,0.6635192457479125,0.4803159803340133,0.14183295646184818,0.9839326124731086,0.9660170322490531,0.9458636468456978,0.9010012967930138,0.7759482456502417,0.6458692643588478,0.5197808397581691,1.210214207914801e-05,1.0020092310151085,70.19014111201977,60.411693717591696,90.61848811539821,0.5462233026046306,26.523462423996534,596.8831323124119,0.0,3248.563584637269
47482295457342411543800303662309855831_1,BPI2012_WC,0.025,5.0,37.8,2.0,0.2298313198045931,0.25824652383040214,0.30376696829796146,0.8480556994360897,0.7217702446586999,0.6339705182542291,0.5138934159055618,0.3775938350884389,0.3328438885362111,0.3168355366465253,1.210214207914801e-05,1.0020092310151085,70.19014111201977,62.62248522180016,62.17753338119364,0.05234052620362491,25.40998373081093,1422.8053039608117,0.0,3248.563584637269
47482295457342411543800303662309855831_2,BPI2012_WC,0.025,7.0,37.8,2.0,0.2609797889529325,0.38002645999815404,0.32019051229093753,0.8576899306811383,0.7415790765966126,0.6559638082345817,0.5342530608052127,0.39340729736349905,0.3491094113482597,0.3332016244156989,1.210214207914801e-05,1.0020092310151085,70.19014111201977,63.04524403359974,64.973972890398,0.05722560100839473,24.560643988003722,2180.692140701617,0.0,3248.563584637269
47482295457342411543800303662309855831_3,BPI2012_WC,0.025,11.0,37.8,2.0,0.37073829262157976,0.452491635573646,0.35048617454632236,0.8826018414858691,0.769716059676345,0.6820546532692603,0.5670407431211782,0.4269733726751769,0.3797911853100663,0.3636206414089516,1.210214207914801e-05,1.0020092310151085,70.19014111201977,62.87793453200138,65.99514270540676,0.05279976479941979,25.241011008789066,2944.39006665661,0.0,3248.563584637269
47482295457342411543800303662309855831_4,BPI2012_WC,0.025,17.0,37.8,2.0,0.3957953537574917,0.46273052237516676,0.35716372562781107,0.88809045868247,0.7850671152661798,0.7030721172328693,0.5840666340587117,0.4399377652397106,0.38972010371456667,0.3714662369247718,1.210214207914801e-05,1.0020092310151085,70.19014111201977,74.39312942459946,79.7084870685998,0.06642560299951583,28.73543542859843,3749.8832878982125,0.0,3248.563584637269
47482295457342411543800303662309855831_5,BPI2012_WC,0.025,21.0,37.8,2.0,0.39898965695315086,0.4650428863274625,0.35922242052303427,0.8877389760203483,0.7848821650781556,0.7041165859288203,0.5873590522152529,0.4428621093934769,0.39286459274133306,0.3744044635782255,1.210214207914801e-05,1.0020092310151085,70.19014111201977,117.08082847380429,120.56089463239769,0.12087692440254613,33.935480170999654,4924.338029389013,0.0,3248.563584637269
252036172554514852379917073716435574953_0,BPI2012_WC,0.1,3.0,10.0,8.0,0.6632430001720782,0.47774062136853956,0.08003275631973936,0.9911478507422602,0.9812893122554467,0.9701618722746076,0.9449179083860646,0.8723677839339408,0.7938790869266884,0.7139013992238686,1.210214207914801e-05,1.718339543993352,104.55791069500265,57.3169492497982,102.78489044680609,0.05641433300334029,27.022839663602646,666.4548237676092,0.0,10072.72
252036172554514852379917073716435574953_1,BPI2012_WC,0.1,5.0,10.0,8.0,0.19460838141760056,0.22805585812792692,0.2944315243007045,0.8539277984635527,0.7315418293181674,0.649114636121334,0.5355858349145401,0.38365607775404476,0.32438192251648795,0.3075048328912641,1.210214207914801e-05,1.718339543993352,104.55791069500265,59.076269522402434,59.02055118039134,0.051301843393594025,21.622432653210126,1462.571927129809,0.0,10072.72
252036172554514852379917073716435574953_2,BPI2012_WC,0.1,7.0,10.0,8.0,0.24392820263224196,0.3667652033606227,0.3230481081113388,0.8636124212657279,0.7516044831725799,0.6694771359286452,0.5533921618373671,0.4010424236701504,0.35189725172472885,0.3360618486499482,1.210214207914801e-05,1.718339543993352,104.55791069500265,57.7852948515967,58.00451641200343,0.05764388600946404,21.24998186181183,2149.3873290038146,0.0,10072.72
252036172554514852379917073716435574953_3,BPI2012_WC,0.1,11.0,10.0,8.0,0.34669891309251655,0.4407148085516521,0.33717643314348333,0.8833098326945086,0.7708852068854399,0.6792743683220369,0.5603423418828489,0.4182110269898156,0.36730425956494467,0.350292631560607,1.210214207914801e-05,1.718339543993352,104.55791069500265,54.68248308020411,57.25958478479879,0.051856317004421726,20.655723097198642,2819.5569423454117,0.0,10072.72
252036172554514852379917073716435574953_4,BPI2012_WC,0.1,17.0,10.0,8.0,0.40845470561623215,0.46784755322607036,0.3529743457597143,0.8921072150655126,0.7856317885017813,0.7026838194578178,0.5798484340650846,0.43505633927346626,0.38471400201265304,0.36678014436110573,1.210214207914801e-05,1.718339543993352,104.55791069500265,54.842532548803135,55.144692254002436,0.052454366197343914,20.55127531499602,3483.670652205212,0.0,10072.72
252036172554514852379917073716435574953_5,BPI2012_WC,0.1,21.0,10.0,8.0,0.3948678381246068,0.4604116646218969,0.3532548473380494,0.8884430476088065,0.7850272411700384,0.7032666720868759,0.5846217612005725,0.4398016062050235,0.38798467963129213,0.36831046721573274,1.210214207914801e-05,1.718339543993352,104.55791069500265,57.857727652403995,59.947716990410115,0.0538125371967908,20.568742150795877,4166.447511517809,0.0,10072.72
200934189435493509245876840523779924304_0,BPI2012_WC,0.2,3.0,5.0,15.8,0.6633529223127492,0.49530973848100857,0.059754729761731594,0.9925318136089739,0.9845011692906471,0.975563614848501,0.9554324761520029,0.8978766181166794,0.8358566532044769,0.772886715441455,1.210214207914801e-05,0.964941936021205,150.56887237197952,54.93134451180231,108.79512262460776,0.05674354559741914,28.998272597393953,728.949263286189,0.0,19093.12
200934189435493509245876840523779924304_1,BPI2012_WC,0.2,5.0,5.0,15.8,0.18304021667033907,0.22306390268247264,0.2880210908487677,0.8571203571524663,0.7358680701077316,0.6560697476143325,0.5472186380528271,0.3856008622391123,0.3185021614621212,0.3010947358534538,1.210214207914801e-05,0.964941936021205,150.56887237197952,55.17165484141442,58.08273565360578,0.05267989718704484,22.597146243997848,1531.0071375427942,0.0,19093.12
200934189435493509245876840523779924304_2,BPI2012_WC,0.2,7.0,5.0,15.8,0.32286619782623116,0.402184136461165,0.32822055125124205,0.8827693909526809,0.7756466370918612,0.6917171861293789,0.5807446337154131,0.4162933236863955,0.3571325923492994,0.3412373917625863,1.210214207914801e-05,0.964941936021205,150.56887237197952,54.95581801380031,57.074613143189346,0.05600097239948809,22.360144482203758,2203.533811677393,0.0,19093.12
200934189435493509245876840523779924304_3,BPI2012_WC,0.2,11.0,5.0,15.8,0.3584421228166632,0.43271239471761447,0.33281285067155764,0.8924815959318051,0.7846447701373933,0.6928074902705315,0.5713196537560058,0.4179948275336781,0.3623935209772238,0.3458587819454945,1.210214207914801e-05,0.964941936021205,150.56887237197952,56.61658697999665,56.1621563587978,0.05092016179696657,22.4375132999965,2876.327248943795,0.0,19093.12
200934189435493509245876840523779924304_4,BPI2012_WC,0.2,17.0,5.0,15.8,0.40042145279386504,0.4642166154456178,0.3527832092979445,0.8914693976439466,0.7851859996586877,0.7022348623324971,0.5800280090200547,0.43573998934913194,0.3852886243830654,0.3670132640722188,1.210214207914801e-05,0.964941936021205,150.56887237197952,56.28496074580471,56.34351685239817,0.05306357240187935,20.44104651720263,3540.39252994819,0.0,19093.12
200934189435493509245876840523779924304_5,BPI2012_WC,0.2,21.0,5.0,15.8,0.3972859268296742,0.46283451486557514,0.35392206605720294,0.8883975452297841,0.7846414814757053,0.7025708153969794,0.5841559112204766,0.4401982954012015,0.38831559146267985,0.36889688553143823,1.210214207914801e-05,0.964941936021205,150.56887237197952,56.20166087600519,58.189549011795314,0.05205478819552809,19.776026681397344,4208.441637806589,0.0,19093.12
31882839497307630496007576300860674457_0,BPI2012_WC,0.5,3.0,2.0,38.8,0.6634604503913647,0.49551401897633285,0.05792829285867381,0.9926807623814694,0.9848841329280049,0.9761808875778094,0.9565568283934993,0.9001918484242376,0.8389781211932945,0.7761127101291743,1.210214207914801e-05,0.923688274982851,170.39162821503123,51.94933030080283,226.4637611389975,0.05252663979772478,25.83514596078312,1089.778763829614,0.0,44140.7
31882839497307630496007576300860674457_1,BPI2012_WC,0.5,5.0,2.0,38.8,0.1895854552805738,0.23138473329686401,0.24482628011507002,0.8699012744391776,0.7627344317215582,0.6916910552955321,0.5988983644407682,0.4853995379046679,0.4389107237000144,0.4138419220692148,1.210214207914801e-05,0.923688274982851,170.39162821503123,51.2256919901818,55.63940334900981,0.05883811181411147,20.445227853185497,2076.4131783219987,0.0,44140.7
31882839497307630496007576300860674457_2,BPI2012_WC,0.5,7.0,2.0,38.8,0.3001011793121865,0.3814369906005005,0.26919947607851014,0.8907219243043552,0.7944510561533512,0.7212144733092721,0.6268919180052239,0.5018531238011958,0.4426619016732888,0.40578384345532487,1.210214207914801e-05,0.923688274982851,170.39162821503123,53.14508228880586,56.90347391040996,0.05249034359585494,19.83394178400049,2710.8568845554137,0.0,44140.7
31882839497307630496007576300860674457_3,BPI2012_WC,0.5,11.0,2.0,38.8,0.36979446832548035,0.4342141288553951,0.32955902888589367,0.8952864112688228,0.7902244677817024,0.6989100140356481,0.5767181876812384,0.42105762220472015,0.36378817277992886,0.3435127585039021,1.210214207914801e-05,0.923688274982851,170.39162821503123,51.43205871840473,53.74084532699781,0.05150371678173542,20.19642147079576,3352.3660373038147,0.0,44140.7
31882839497307630496007576300860674457_4,BPI2012_WC,0.5,17.0,2.0,38.8,0.40601898806737796,0.4670504157285091,0.34758254880481726,0.8931098942611502,0.7879456644831946,0.7035765596720267,0.5780666965160725,0.4316243367786887,0.3800544161820783,0.3615670975890052,1.210214207914801e-05,0.923688274982851,170.39162821503123,55.58605386880227,54.39664169200696,0.05643916419940069,18.96546320898924,4002.145368342614,0.0,44140.7
31882839497307630496007576300860674457_5,BPI2012_WC,0.5,21.0,2.0,38.8,0.3998372397039848,0.4674093982357414,0.35311473291408374,0.8901020241610265,0.7871144570825546,0.7049449277055596,0.5844932600745552,0.43837477280115406,0.38566784565920365,0.3676455260699881,1.210214207914801e-05,0.923688274982851,170.39162821503123,56.433026179205626,58.44082919600187,0.05173268259968609,19.13983862422174,4664.215627481998,0.0,44140.7
204856358341536816138399558242345199755_0,BPI2012_WC,1.0,3.0,1.0,76.6,0.6635277922957792,0.4955769837344107,0.056936111856349,0.9928595040097855,0.9853292562014768,0.9769193879617604,0.9578562532135283,0.9028847134693085,0.8430621302826895,0.7814784128283498,1.210214207914801e-05,0.9163934870157391,172.41366933699464,56.88115900721168,272.71014501540924,0.0531363449874334,25.4018438051804,1234.6815581564092,0.0,87289.8
204856358341536816138399558242345199755_1,BPI2012_WC,1.0,5.0,1.0,76.6,0.19053654862406996,0.2325273330234668,0.24520306675759743,0.8701541603453782,0.7633162511410079,0.6921672060876406,0.5993333034659606,0.4857957117625795,0.4392981616570493,0.41422789467500715,1.210214207914801e-05,0.9163934870157391,172.41366933699464,50.80315160939936,54.327968029410115,0.05377071260008961,19.862663726182653,2318.9072024703955,0.0,87289.8
204856358341536816138399558242345199755_2,BPI2012_WC,1.0,7.0,1.0,76.6,0.29828366417544444,0.38018395985739,0.26482751257478854,0.8909296163968513,0.7919663220205283,0.7165633006232135,0.6219852655935483,0.5006997744384015,0.44983313516346496,0.42285144741539826,1.210214207914801e-05,0.9163934870157391,172.41366933699464,51.88048091559904,53.838486502610614,0.05438623860245571,19.54260112999473,2961.2274323368097,0.0,87289.8
204856358341536816138399558242345199755_3,BPI2012_WC,1.0,11.0,1.0,76.6,0.3546069763670002,0.42794659596434653,0.3283749611212512,0.8931685657506362,0.7868142741097259,0.6945648782249563,0.5706079687727008,0.4145017857568557,0.3608585271262719,0.3419703117353342,1.210214207914801e-05,0.9163934870157391,172.41366933699464,52.87946866240818,54.566544461192095,0.05387510178843513,18.2328272987972,3590.2059718692094,0.0,87289.8
204856358341536816138399558242345199755_4,BPI2012_WC,1.0,17.0,1.0,76.6,0.4061856820315984,0.467584132287543,0.34816107574358635,0.8934391585910287,0.7883487519978305,0.7034045029066658,0.5767023240738951,0.4291969164929081,0.3790289759743563,0.3617826598847441,1.210214207914801e-05,0.9163934870157391,172.41366933699464,51.782403890998104,56.31932793358574,0.054513124807272106,17.90336583061144,4210.592316995002,0.0,87289.8
204856358341536816138399558242345199755_5,BPI2012_WC,1.0,21.0,1.0,76.6,0.3973659938816708,0.464222396505536,0.3531581712856848,0.8901065302192107,0.7872223755497166,0.7050257608454873,0.5846229887823962,0.43810019969891734,0.38537346046602183,0.36719874046531886,1.210214207914801e-05,0.9163934870157391,172.41366933699464,92.19009494899073,91.62314473139122,0.11908845760626718,26.10328079899773,5076.841303183802,0.0,87289.8
252336560693540533935881068298825202077_0,BPI2013_Closed,0.0,3.0,35.8,1.0,0.6830319415967778,0.41626125582172424,0.7292595429713834,0.9332905527808475,0.8395420192755723,0.787080959292156,0.7561968037914941,0.7363471063669174,0.7312255621288868,0.7299602189232202,0.0004918776958643012,0.2571575780166313,9.996820693952031,21.13001277000876,19.62852041058941,0.09305060239275917,27.29063386321068,216.85008801057702,0.0,642.5665213600698
252336560693540533935881068298825202077_1,BPI2013_Closed,0.0,5.0,35.8,1.0,0.351166719560438,0.2388247244875358,0.6027776646211448,0.8763678430862836,0.7571268100421984,0.6908030996818533,0.6505627124269997,0.6164672767838179,0.6072611059368788,0.6041587144941376,0.0004918776958643012,0.2571575780166313,9.996820693952031,13.960586801613681,11.561593184794765,0.043219463597051797,18.9345986380009,492.9304723561974,0.0,642.5665213600698
252336560693540533935881068298825202077_2,BPI2013_Closed,0.0,7.0,35.8,1.0,0.40155982933386547,0.2855253014769971,0.6346335710754888,0.8743539141380715,0.7632018901961368,0.7101848485849974,0.6726821897518293,0.6442228924583,0.6373149427351578,0.6355018883851307,0.0004918776958643012,0.2571575780166313,9.996820693952031,11.243294271593914,11.301670564012602,0.0375544770155102,18.604227042384444,700.8796347281896,0.0,642.5665213600698
252336560693540533935881068298825202077_3,BPI2013_Closed,0.0,11.0,35.8,1.0,0.6595165545068326,0.40568579724881254,0.7085952399518121,0.9306134666582047,0.8337654623189609,0.7776369508772364,0.7427445470310563,0.7166932758555113,0.7109346720865524,0.7093153412169839,0.0004918776958643012,0.2571575780166313,9.996820693952031,11.210865678812842,11.257058730593418,0.034995051193982364,18.75028578559868,907.332554279163,0.0,642.5665213600698
252336560693540533935881068298825202077_4,BPI2013_Closed,0.0,17.0,35.8,1.0,0.668363257856571,0.4123553648127308,0.7210585709552501,0.9317090649136046,0.8378008464989243,0.7848254682591393,0.7520441284884509,0.7290836939192191,0.7234068429929271,0.7217905713160906,0.0004918776958643012,0.2571575780166313,9.996820693952031,11.475109207397328,11.427962845587171,0.03683828539215028,18.96164534521522,1115.357747449784,0.0,642.5665213600698
252336560693540533935881068298825202077_5,BPI2013_Closed,0.0,21.0,35.8,1.0,0.6682522068661036,0.41260020243309314,0.7212748978561704,0.9317754920177996,0.8380150018109411,0.7853013459380731,0.7524455507871984,0.72941039048078,0.7236892642127846,0.7220168141300681,0.0004918776958643012,0.2571575780166313,9.996820693952031,11.67531500380719,11.623651705007068,0.03724519161041826,18.89994030339876,1326.9602439885844,0.0,642.5665213600698
47482295457342411543800303662309855831_0,BPI2013_Closed,0.025,3.0,35.8,1.0,0.6830319415967778,0.41626125582172424,0.7292595429713834,0.9332905527808475,0.8395420192755723,0.787080959292156,0.7561968037914941,0.7363471063669174,0.7312255621288868,0.7299602189232202,0.0004918776958643012,0.14360306097660214,7.974182342004497,12.351277818600646,12.341501206986141,0.035955328599084166,18.845474252011627,139.36851452981355,0.0,642.5665213600698
47482295457342411543800303662309855831_1,BPI2013_Closed,0.025,5.0,35.8,1.0,0.351166719560438,0.2388247244875358,0.6027776646211448,0.8763678430862836,0.7571268100421984,0.6908030996818533,0.6505627124269997,0.6164672767838179,0.6072611059368788,0.6041587144941376,0.0004918776958643012,0.14360306097660214,7.974182342004497,11.657357767003123,11.683791466988623,0.03668062558863312,18.871378888608888,352.57236401840345,0.0,642.5665213600698
47482295457342411543800303662309855831_2,BPI2013_Closed,0.025,7.0,35.8,1.0,0.40155982933386547,0.2855253014769971,0.6346335710754888,0.8743539141380715,0.7632018901961368,0.7101848485849974,0.6726821897518293,0.6442228924583,0.6373149427351578,0.6355018883851307,0.0004918776958643012,0.14360306097660214,7.974182342004497,11.631988612993155,11.749971207382623,0.036343081202358005,18.856450672610663,564.5085288336035,0.0,642.5665213600698
47482295457342411543800303662309855831_3,BPI2013_Closed,0.025,11.0,35.8,1.0,0.6595165545068326,0.40568579724881254,0.7085952399518121,0.9306134666582047,0.8337654623189609,0.7776369508772364,0.7427445470310563,0.7166932758555113,0.7109346720865524,0.7093153412169839,0.0004918776958643012,0.14360306097660214,7.974182342004497,11.64447400639765,11.662459139805287,0.035655013809446245,18.80626638159156,778.0504342172178,0.0,642.5665213600698
47482295457342411543800303662309855831_4,BPI2013_Closed,0.025,17.0,35.8,1.0,0.668363257856571,0.4123553648127308,0.7210585709552501,0.9317090649136046,0.8378008464989243,0.7848254682591393,0.7520441284884509,0.7290836939192191,0.7234068429929271,0.7217905713160906,0.0004918776958643012,0.14360306097660214,7.974182342004497,11.97999686440453,11.855533340596594,0.038210944179445504,18.90969076161273,991.2319791254122,0.0,642.5665213600698
47482295457342411543800303662309855831_5,BPI2013_Closed,0.025,21.0,35.8,1.0,0.6682522068661036,0.41260020243309314,0.7212748978561704,0.9317754920177996,0.8380150018109411,0.7853013459380731,0.7524455507871984,0.72941039048078,0.7236892642127846,0.7220168141300681,0.0004918776958643012,0.14360306097660214,7.974182342004497,12.470590069598984,12.325574135198258,0.036738449218682946,18.851346110203302,1208.866452503414,0.0,642.5665213600698
252036172554514852379917073716435574953_0,BPI2013_Closed,0.1,3.0,9.6,4.0,0.684221565524209,0.41314195817353266,0.7279071214602613,0.9339112827211584,0.8412537197209394,0.7902386955343398,0.7593224497532979,0.7368114935040209,0.7306194143478922,0.7286530294360177,0.0004918776958643012,0.13710795098450035,8.592690513993148,11.422492913599125,11.58963201539591,0.036476139386650175,18.925668047601356,135.81942023660523,0.0,2249.84
252036172554514852379917073716435574953_1,BPI2013_Closed,0.1,5.0,9.6,4.0,0.37828220655518285,0.26095868649254444,0.6252162263881713,0.8797968463652097,0.7638800155839618,0.7036158965406181,0.6713696026454485,0.6435832359043975,0.6306525916178657,0.626879120883445,0.0004918776958643012,0.13710795098450035,8.592690513993148,11.005945881421212,10.957830944412853,0.03646091239061207,18.896908470999914,342.0392503391951,0.0,2249.84
252036172554514852379917073716435574953_2,BPI2013_Closed,0.1,7.0,9.6,4.0,0.3627216759906017,0.26282619547394404,0.6072221636764725,0.8685374242817699,0.7543497366321439,0.699337651214622,0.6571354826257549,0.6248545307416211,0.6122454935842789,0.6088264459080563,0.0004918776958643012,0.13710795098450035,8.592690513993148,11.479928004578687,11.356234696588945,0.03805931521346793,18.994728565821426,548.5870774248033,0.0,2249.84
252036172554514852379917073716435574953_3,BPI2013_Closed,0.1,11.0,9.6,4.0,0.6210921028522718,0.3783547062330153,0.6778457390804751,0.9243116936886222,0.8211543992734887,0.7611924269043416,0.7197136841395497,0.6879218392394651,0.6807299336521007,0.6787024962504936,0.0004918776958643012,0.13710795098450035,8.592690513993148,11.113506269000936,11.055972148000729,0.03682269800920039,18.835929107211996,757.2930972788017,0.0,2249.84
252036172554514852379917073716435574953_4,BPI2013_Closed,0.1,17.0,9.6,4.0,0.6630376343229014,0.4093930669889102,0.7158978833991896,0.9307367082742136,0.8353951832028266,0.7822323043142493,0.7483912009708326,0.7241515629798985,0.7181278725849385,0.7166390767177763,0.0004918776958643012,0.13710795098450035,8.592690513993148,11.312949144409504,11.042855817603414,0.037898890010546894,18.94880153220147,963.8107739164145,0.0,2249.84
252036172554514852379917073716435574953_5,BPI2013_Closed,0.1,21.0,9.6,4.0,0.6624462567938888,0.4086117909896334,0.7160534666412058,0.9306501855059557,0.8354417286330635,0.7823964626331534,0.74887845720866,0.7246352280184808,0.7184449357662608,0.716772265182726,0.0004918776958643012,0.13710795098450035,8.592690513993148,11.746522309386638,11.659333863982464,0.03598130361642689,18.975778290606105,1176.1229315001867,0.0,2249.84
200934189435493509245876840523779924304_0,BPI2013_Closed,0.2,3.0,5.0,7.8,0.6841339676491798,0.41753355457697416,0.729146259121326,0.9340205016864841,0.8418274139365213,0.789070012168595,0.7584022285535988,0.7366752210713818,0.7318064728747296,0.7302095074263786,0.0004918776958643012,0.14558073703665286,10.080972462019417,10.128628922998905,10.172773208201397,0.0391203801962547,17.16560958859045,122.83185136221582,0.0,4200.6
200934189435493509245876840523779924304_1,BPI2013_Closed,0.2,5.0,5.0,7.8,0.40019283166143493,0.28562328538431936,0.634392311323025,0.8880904249653249,0.780312138416914,0.7216171133819629,0.6799818257392347,0.6507117110948683,0.6391218863580478,0.6352979295907953,0.0004918776958643012,0.14558073703665286,10.080972462019417,10.157722077216022,10.11578089419054,0.0367798354011029,17.344035227817947,311.12940205623164,0.0,4200.6
200934189435493509245876840523779924304_2,BPI2013_Closed,0.2,7.0,5.0,7.8,0.33316676320015987,0.2522876931061895,0.5839526001681243,0.8688887850421587,0.7567061900263752,0.6998037690154293,0.6491248988945283,0.6070691096337562,0.5926194098127004,0.5869041521267631,0.0004918776958643012,0.14558073703665286,10.080972462019417,10.75398994962452,10.5494139969931,0.03739879938075319,17.345593993598595,505.19711139561844,0.0,4200.6
200934189435493509245876840523779924304_3,BPI2013_Closed,0.2,11.0,5.0,7.8,0.6144166597809988,0.3744584293717687,0.6738967296329954,0.9233086800183591,0.8191682535491192,0.7579479785314331,0.7155680093745971,0.6833831289402121,0.6768118193253997,0.6748606914085309,0.0004918776958643012,0.14558073703665286,10.080972462019417,10.421711780619807,10.203592179203406,0.036897947394754736,17.361000327393413,695.2970056460123,0.0,4200.6
200934189435493509245876840523779924304_4,BPI2013_Closed,0.2,17.0,5.0,7.8,0.6572875743877983,0.4054756278498835,0.7121637313303386,0.929569444360653,0.8330241315984702,0.7794146412106155,0.7455705575293619,0.7203612138114487,0.7146036682967262,0.7130542762460342,0.0004918776958643012,0.14558073703665286,10.080972462019417,10.865829734376167,10.525451114599127,0.036047179612796756,17.202882804418913,887.3166296044249,0.0,4200.6
200934189435493509245876840523779924304_5,BPI2013_Closed,0.2,21.0,5.0,7.8,0.6580181904299359,0.40613480980945693,0.7127464047460602,0.9296782871252974,0.8334206361656076,0.7798101581065973,0.7460560301458373,0.7212421594830969,0.7152908239418533,0.7136092590135411,0.0004918776958643012,0.14558073703665286,10.080972462019417,10.690070857375394,10.533744282403495,0.03616009742254391,17.158349072607233,1080.2647150218254,0.0,4200.6
31882839497307630496007576300860674457_0,BPI2013_Closed,0.5,3.0,2.0,18.4,0.686660206943978,0.420679311128179,0.7344842451971674,0.9336209066937062,0.8408007406766617,0.7874362629924992,0.7599328079791754,0.7414870926020558,0.7364732628769012,0.7352007110513933,0.0004918776958643012,0.12827479600673541,10.7876190909883,10.361497675604188,10.383455569983926,0.03645121379522607,17.264185149013066,126.18524184499401,0.0,10145.0
31882839497307630496007576300860674457_1,BPI2013_Closed,0.5,5.0,2.0,18.4,0.39880352709407024,0.26701155656899883,0.5942289420564835,0.8929054107424801,0.7915768972473026,0.7370148031642559,0.699785863887128,0.6531527144664959,0.6185868487543914,0.5988273085821303,0.0004918776958643012,0.12827479600673541,10.7876190909883,10.744181423587724,10.71766503980616,0.03752720281481743,18.757853200798856,316.52267440418944,0.0,10145.0
31882839497307630496007576300860674457_2,BPI2013_Closed,0.5,7.0,2.0,18.4,0.3207406915095995,0.24118085653323124,0.5829004669352986,0.8634154160364463,0.7460320249153556,0.6885026860066056,0.637050653759321,0.5974482591016442,0.5873202525916669,0.5847903049090437,0.0004918776958643012,0.12827479600673541,10.7876190909883,9.959568302403204,9.846622380590997,0.03752068019239232,16.714152128598652,513.5156229433953,0.0,10145.0
31882839497307630496007576300860674457_3,BPI2013_Closed,0.5,11.0,2.0,18.4,0.6139804438228716,0.37533041113999616,0.6650248973536517,0.9248990791285561,0.8218668466571042,0.7590334119205006,0.7157945639477769,0.6768257585639921,0.6678337034624044,0.6658619777825459,0.0004918776958643012,0.12827479600673541,10.7876190909883,9.903410016791895,9.865306923387106,0.037620603397954255,16.887346166418865,696.6326520259842,0.0,10145.0
31882839497307630496007576300860674457_4,BPI2013_Closed,0.5,17.0,2.0,18.4,0.6560361289195882,0.4055245636815723,0.7091864978173761,0.9295498091942163,0.8328690106109564,0.7782935830541658,0.7427813096723126,0.7172066431147519,0.7113873994391169,0.7099945134693747,0.0004918776958643012,0.12827479600673541,10.7876190909883,9.931754255993292,9.921806024387479,0.03727118060924113,16.668644494004546,880.2829999181907,0.0,10145.0
31882839497307630496007576300860674457_5,BPI2013_Closed,0.5,21.0,2.0,18.4,0.6567554717931717,0.40621997883660727,0.7095884319513857,0.9296433853458195,0.8329868079370248,0.7783637312373471,0.7430835913057163,0.7177239335025207,0.7118195732818633,0.7103785288581669,0.0004918776958643012,0.12827479600673541,10.7876190909883,9.995538421208039,9.990724376996514,0.036514510202687235,16.783988536987454,1063.9085842829895,0.0,10145.0
204856358341536816138399558242345199755_0,BPI2013_Closed,1.0,3.0,1.0,36.8,0.6866660492067547,0.42071510315843863,0.7352165447950179,0.9335735716838611,0.8406578046812972,0.7871543188161084,0.7597817179337241,0.7418873932281415,0.7371560654363605,0.7359330106492438,0.0004918776958643012,0.14231483702315018,11.012061542016454,11.049345693783835,10.529509521997534,0.038482768193352966,17.098973623220807,128.77917440939927,0.0,20142.6
204856358341536816138399558242345199755_1,BPI2013_Closed,1.0,5.0,1.0,36.8,0.39767424685876374,0.26607997898831626,0.5802366477739247,0.8936728714221106,0.7930633667956568,0.7413442853415633,0.7076897516000061,0.6691568085539716,0.6406792145932423,0.6174277570091437,0.0004918776958643012,0.14231483702315018,11.012061542016454,9.936136926594191,9.85675060839858,0.03739647299516946,17.018576358794235,316.77766387880547,0.0,20142.6
204856358341536816138399558242345199755_2,BPI2013_Closed,1.0,7.0,1.0,36.8,0.31497584040379994,0.2411418561399344,0.5801028941830612,0.8623510628478727,0.746252248915573,0.6891388568222193,0.636555571295603,0.5958394993194347,0.5863351022437767,0.5834104456118054,0.0004918776958643012,0.14231483702315018,11.012061542016454,9.772089160210452,9.824793940014207,0.03852027599932626,16.309939123375806,498.0625982229947,0.0,20142.6
204856358341536816138399558242345199755_3,BPI2013_Closed,1.0,11.0,1.0,36.8,0.6152787775489946,0.37722102956916737,0.6645372961219522,0.924764895133019,0.8215295699405603,0.7590364022828687,0.7159744081963865,0.6766107055457284,0.6673270983236271,0.6654539596501025,0.0004918776958643012,0.14231483702315018,11.012061542016454,9.76697564581409,9.691835186001844,0.03708778398577124,16.550138961186168,678.3677276049973,0.0,20142.6
204856358341536816138399558242345199755_4,BPI2013_Closed,1.0,17.0,1.0,36.8,0.6548272719773534,0.4047179591501391,0.7092320562464909,0.9292630054892411,0.8325554838538916,0.7780896891111709,0.7427564192174445,0.7174413088004986,0.7116159810462385,0.7100843566310175,0.0004918776958643012,0.14231483702315018,11.012061542016454,9.827848956594243,9.833438650611788,0.03709723099600524,16.78635792739224,860.095160495583,0.0,20142.6
204856358341536816138399558242345199755_5,BPI2013_Closed,1.0,21.0,1.0,36.8,0.6555613738078482,0.4056764991023697,0.7095410080041736,0.9293341863929461,0.8328163999221854,0.7781930970682993,0.7428078652530299,0.7178400508295184,0.7119053217863411,0.7103447314520329,0.0004918776958643012,0.14231483702315018,11.012061542016454,9.927561480400618,9.87301500159083,0.037562223197892305,16.344525841600262,1043.7501293811947,0.0,20142.6
252336560693540533935881068298825202077_0,BPI2013_Incidents,0.0,3.0,123.6,1.0,0.7016536499590277,0.3183474820900269,0.44344823002927214,0.9771043678930976,0.9480774255556483,0.9210741980310482,0.8838366991366309,0.7946971304344637,0.7094216446142201,0.6365022843239109,0.0001767505861458183,0.9217757430160418,74.31623477797257,82.54818342959042,126.9110385761829,0.05267459439346567,22.259416259615683,780.384766117204,0.0,1804.308447457627
252336560693540533935881068298825202077_1,BPI2013_Incidents,0.0,5.0,123.6,1.0,0.3068424154168928,0.24083897258812725,0.4173188456947628,0.9269976930545258,0.8559761525809904,0.7867139454528641,0.6860906807307721,0.5548051698705034,0.4952254781205732,0.46028953226473035,0.0001767505861458183,0.9217757430160418,74.31623477797257,79.81168310600333,83.02535480259685,0.05096580799436197,21.35979154079687,1787.5679335405935,0.0,1804.308447457627
252336560693540533935881068298825202077_2,BPI2013_Incidents,0.0,7.0,123.6,1.0,0.28551762429368577,0.2493826714756567,0.4288529433379969,0.9132172215987175,0.825674305540207,0.7607130505820033,0.6670799836779656,0.5427778115720799,0.48989710767706074,0.4609277118497472,0.0001767505861458183,0.9217757430160418,74.31623477797257,80.68278667379636,80.10139543858823,0.05211015359964222,20.618064436805433,2701.4344705193885,0.0,1804.308447457627
252336560693540533935881068298825202077_3,BPI2013_Incidents,0.0,11.0,123.6,1.0,0.598370474657084,0.3345984432230761,0.5251620739424435,0.9488479219039789,0.8790341022652415,0.8093276832986309,0.7238397749793888,0.616327450717318,0.5717042136667188,0.5511808862451376,0.0001767505861458183,0.9217757430160418,74.31623477797257,80.54259702959098,80.9503164871945,0.051678096200339495,20.80851739641512,3610.923662208393,0.0,1804.308447457627
252336560693540533935881068298825202077_4,BPI2013_Incidents,0.0,17.0,123.6,1.0,0.638452942180187,0.3644889339644367,0.5627385603941115,0.9535482811987667,0.8869915550543677,0.820675416743471,0.7387010767985532,0.6431911882857915,0.6042718651857252,0.5858271518177312,0.0001767505861458183,0.9217757430160418,74.31623477797257,86.48277015259956,85.61557747239712,0.052178531186655164,19.83509327120846,4553.8293523777975,0.0,1804.308447457627
252336560693540533935881068298825202077_5,BPI2013_Incidents,0.0,21.0,123.6,1.0,0.6423745581958682,0.3674927825687156,0.5671145089060718,0.9540527609537669,0.8881638358199503,0.8224755967090885,0.7413443314327919,0.6471550129494335,0.6084265024316469,0.5901824537262365,0.0001767505861458183,0.9217757430160418,74.31623477797257,94.52768413281301,94.0081146200071,0.05104630819987506,19.958869606396185,5560.337689364387,0.0,1804.308447457627
47482295457342411543800303662309855831_0,BPI2013_Incidents,0.025,3.0,33.6,3.8,0.7038728580217717,0.3168505671080952,0.368254450908531,0.9807287837998417,0.9565296407891557,0.9364122602928404,0.9151526613816271,0.8675935608531777,0.8225010564888275,0.7789397059909693,0.0001767505861458183,0.9462228910415433,111.03065129002789,76.1188408778049,134.15385853959015,0.05156500600278378,23.908577260607853,801.9330368828145,0.0,6074.31625
47482295457342411543800303662309855831_1,BPI2013_Incidents,0.025,5.0,33.6,3.8,0.2523433763539228,0.26335576281055795,0.39876038758317234,0.9125582141822477,0.8291118362046925,0.7527181265848624,0.6476834798614182,0.5172640395153175,0.4589333101471783,0.42880078938350563,0.0001767505861458183,0.9462228910415433,111.03065129002789,82.03497684240574,85.74381657380145,0.05147040779702365,20.7673769159941,1849.4234198002262,0.0,6074.31625
47482295457342411543800303662309855831_2,BPI2013_Incidents,0.025,7.0,33.6,3.8,0.24647956304515772,0.22412121910425736,0.4020605083294207,0.9066090171524299,0.8134158347475621,0.7422000117280184,0.6415113827562947,0.5140852000154492,0.4577391730217265,0.43085838797208387,0.0001767505861458183,0.9462228910415433,111.03065129002789,72.30023928742158,73.23664396981476,0.052255887200590226,20.636884940997696,2724.3012717090196,0.0,6074.31625
47482295457342411543800303662309855831_3,BPI2013_Incidents,0.025,11.0,33.6,3.8,0.5685452639443137,0.30616847211251347,0.49419660064434867,0.9456442789720768,0.8738016148683206,0.8018226903544802,0.7135868995780255,0.5999696091320136,0.5497792506961601,0.5253780826165553,0.0001767505861458183,0.9462228910415433,111.03065129002789,72.76810427480378,72.32629068660317,0.05097687580855563,20.66815887360135,3555.727822569816,0.0,6074.31625
47482295457342411543800303662309855831_4,BPI2013_Incidents,0.025,17.0,33.6,3.8,0.6239479268337915,0.3502910559263181,0.5483426224182714,0.9515705525167253,0.8835776466153955,0.8155115359189944,0.7312712525783247,0.6324725227876987,0.5920351994591208,0.5727729836654949,0.0001767505861458183,0.9462228910415433,111.03065129002789,86.22303316321923,87.92960283459396,0.05104893579846248,20.30448271338828,4454.701930343406,0.0,6074.31625
47482295457342411543800303662309855831_5,BPI2013_Incidents,0.025,21.0,33.6,3.8,0.6373318514160252,0.3625130536375443,0.5622169128228949,0.9532382848377073,0.8867535955895283,0.8203084451323026,0.7382432932916713,0.6432098920227501,0.6042415541013915,0.5857708514650944,0.0001767505861458183,0.9462228910415433,111.03065129002789,88.56707870760002,88.52404255920555,0.05119429780170322,20.223358228395227,5449.634301401418,0.0,6074.31625
252036172554514852379917073716435574953_0,BPI2013_Incidents,0.1,3.0,10.0,12.8,0.7019141930053714,0.31490189600328594,0.3391597702059974,0.9815023915525106,0.9582833257286969,0.9396248115637826,0.9215838930305814,0.8816010844395505,0.8446589813596954,0.8093640658336285,0.0001767505861458183,0.9408085190225393,269.53885246097343,70.179970323015,152.81508052160498,0.05364801459945738,24.585540168406443,1015.6698077443987,0.0,18832.82
252036172554514852379917073716435574953_1,BPI2013_Incidents,0.1,5.0,10.0,12.8,0.3203618584276203,0.269683829131354,0.40174148859703135,0.9269834539693539,0.8574725098622349,0.7978970054298443,0.7103849565413702,0.5828748351994277,0.521167821767335,0.4845735674298733,0.0001767505861458183,0.9408085190225393,269.53885246097343,70.49692355617881,73.34665213599801,0.053207600011955944,20.439865551202093,2008.322369455977,0.0,18832.82
252036172554514852379917073716435574953_2,BPI2013_Incidents,0.1,7.0,10.0,12.8,0.18842435077587077,0.1837414190449051,0.35751169790054504,0.9052274657994348,0.8091863931908947,0.7373864427597956,0.6423164220866786,0.5161093731613418,0.4460261141989646,0.41075485661377636,0.0001767505861458183,0.9408085190225393,269.53885246097343,69.66551920899656,76.68128593000583,0.05113774579949677,21.323640359996354,2849.694396506378,0.0,18832.82
252036172554514852379917073716435574953_3,BPI2013_Incidents,0.1,11.0,10.0,12.8,0.5524126502233295,0.29035315124546157,0.4756378787935878,0.9455895633512933,0.8737240724301266,0.8020857862321151,0.7117070161087407,0.5932818575867824,0.539104500450202,0.5107969117253143,0.0001767505861458183,0.9408085190225393,269.53885246097343,70.95346713403706,71.07196727099362,0.05382042936980724,19.85216115420917,3663.136471767991,0.0,18832.82
252036172554514852379917073716435574953_4,BPI2013_Incidents,0.1,17.0,10.0,12.8,0.614659980589255,0.34356250327352705,0.5412113593457235,0.950623496927346,0.8819529527298784,0.8128264304200716,0.7276570940888479,0.6273842600839679,0.5857926486381995,0.5661096119691221,0.0001767505861458183,0.9408085190225393,269.53885246097343,76.52232163500739,76.25710209656972,0.05128344559343532,19.799811436422168,4505.581874771999,0.0,18832.82
252036172554514852379917073716435574953_5,BPI2013_Incidents,0.1,21.0,10.0,12.8,0.6317742966233705,0.35811230477031347,0.5587269125476265,0.9525043630108583,0.8852331665506631,0.8182864187018989,0.7358933648406125,0.6401997210329589,0.6007958544059087,0.5821835576509702,0.0001767505861458183,0.9408085190225393,269.53885246097343,91.85273556382162,90.70484211820876,0.05506488878745586,19.872436215006747,5441.978730637976,0.0,18832.82
200934189435493509245876840523779924304_0,BPI2013_Incidents,0.2,3.0,5.0,25.6,0.7029209100570295,0.3091437068560046,0.326819582538043,0.98139637071579,0.958227722590023,0.9398650553411784,0.9236217660633566,0.8891134904454606,0.8571481946990154,0.8271015096102217,0.0001767505861458183,0.925455590011552,405.77689155802364,69.45112236860442,187.33421509200707,0.0533000594121404,22.736632151377854,1244.368532972189,0.0,35904.31999999999
200934189435493509245876840523779924304_1,BPI2013_Incidents,0.2,5.0,5.0,25.6,0.31549094220040297,0.25642753969967924,0.3786481375746069,0.9182183750644507,0.8347310387262947,0.7667375169580234,0.6728716143240294,0.5629216762602234,0.5146601823192432,0.4835538629584998,0.0001767505861458183,0.925455590011552,405.77689155802364,69.55246995422058,72.2826195955975,0.0547969865729101,18.291157038789244,2286.097580965189,0.0,35904.31999999999
200934189435493509245876840523779924304_2,BPI2013_Incidents,0.2,7.0,5.0,25.6,0.20615060512763267,0.21878562997571444,0.3656012534196186,0.9064359641802644,0.8111275226862512,0.7409455344857722,0.6465188760447904,0.5275524244773304,0.4654383265350434,0.43135437142198985,0.0001767505861458183,0.925455590011552,405.77689155802364,69.05496015719837,70.59058041201206,0.051470443804282694,18.334759499994107,3080.766247120197,0.0,35904.31999999999
200934189435493509245876840523779924304_3,BPI2013_Incidents,0.2,11.0,5.0,25.6,0.5422844345434411,0.28822616894425485,0.4705175237646073,0.9453374897465621,0.8731186543585165,0.801425353560824,0.7115069058284382,0.5905554689989073,0.5354706570522433,0.5070006289848978,0.0001767505861458183,0.925455590011552,405.77689155802364,69.20498912280891,69.26733921098057,0.05212874719873071,17.758496442215982,3867.282669252402,0.0,35904.31999999999
200934189435493509245876840523779924304_4,BPI2013_Incidents,0.2,17.0,5.0,25.6,0.611176044884373,0.3412363854271671,0.5366572492591434,0.9502458686727712,0.8812492310492624,0.8115533219521108,0.725426853325802,0.6242830064042193,0.5818328275728815,0.5617048987720151,0.0001767505861458183,0.925455590011552,405.77689155802364,75.91419579719658,74.83584536419949,0.05138718499802053,17.16230446600821,4681.266130100994,0.0,35904.31999999999
200934189435493509245876840523779924304_5,BPI2013_Incidents,0.2,21.0,5.0,25.6,0.6287253397777448,0.35485979727253547,0.554995446494715,0.9521110582525129,0.8843293919660784,0.8167817804781545,0.7333303965797957,0.6367812672004468,0.5970011753086638,0.5783607635257448,0.0001767505861458183,0.925455590011552,405.77689155802364,84.87316968742525,85.82579573340482,0.05171546197962016,17.66282870041905,5585.533764080401,0.0,35904.31999999999
31882839497307630496007576300860674457_0,BPI2013_Incidents,0.5,3.0,2.0,62.4,0.7029334464756255,0.30921126970920065,0.33007355113819126,0.9805356114044719,0.9564239395662074,0.9375664226454534,0.9212894738820563,0.8865083117069865,0.8546788265526866,0.8249301320012392,0.0001767505861458183,0.9532527729752474,465.91016655100975,72.34730300540105,309.14685089859415,0.059394147794228046,20.716333368606865,1670.0438003460063,0.0,86931.7
31882839497307630496007576300860674457_1,BPI2013_Incidents,0.5,5.0,2.0,62.4,0.31515827589949547,0.25183979013243524,0.39708045589965535,0.9121641844866891,0.8220935506710243,0.7485181798556167,0.6495536662375784,0.5406359088730383,0.4966116858425629,0.47404909023864616,0.0001767505861458183,0.9532527729752474,465.91016655100975,68.1485466846265,71.61708413759479,0.053522446181159464,16.555114342400337,2949.8576415494085,0.0,86931.7
31882839497307630496007576300860674457_2,BPI2013_Incidents,0.5,7.0,2.0,62.4,0.20050720957678644,0.19677699392494544,0.36844588251428806,0.9044824035015979,0.8069284043203087,0.7350305244172735,0.6368147456247933,0.5151630706258342,0.45015587256431966,0.413948250039151,0.0001767505861458183,0.9532527729752474,465.91016655100975,68.49874094279949,69.45245353438659,0.05167850740253925,16.837625974009278,3726.43054078141,0.0,86931.7
31882839497307630496007576300860674457_3,BPI2013_Incidents,0.5,11.0,2.0,62.4,0.5388281422110122,0.28315583509517384,0.46702193600542286,0.9443045384546889,0.8708058069983002,0.7982909587445378,0.7056194850585527,0.5821778340587718,0.5283539827521482,0.5013196864635612,0.0001767505861458183,0.9532527729752474,465.91016655100975,73.50683807398892,73.13376914401306,0.0513988416059874,16.808365373197013,4513.660992323607,0.0,86931.7
31882839497307630496007576300860674457_4,BPI2013_Incidents,0.5,17.0,2.0,62.4,0.6098963530334673,0.3387633778961917,0.5333557619908177,0.9497429950375752,0.880218192137477,0.810033900712375,0.7237560421723285,0.6219500741898996,0.5796205649429629,0.558385458632334,0.0001767505861458183,0.9532527729752474,465.91016655100975,82.50496704799589,86.51940817701397,0.052505033020861444,16.49975095699774,5415.173957056203,0.0,86931.7
31882839497307630496007576300860674457_5,BPI2013_Incidents,0.5,21.0,2.0,62.4,0.6279325303942647,0.3541688491601541,0.5519632455971025,0.9517393083461627,0.8834401178692056,0.8153439601167563,0.7313056107177552,0.6338454737358684,0.5940761418361518,0.5752656547713403,0.0001767505861458183,0.9532527729752474,465.91016655100975,84.36983610079623,84.81749080258888,0.05486914700595662,16.4088528058026,6338.15528312081,0.0,86931.7
204856358341536816138399558242345199755_0,BPI2013_Incidents,1.0,3.0,1.0,124.6,0.702790723222742,0.3091174671574227,0.32850040608213177,0.9805655194713075,0.9564764842672192,0.9376259918205155,0.921344028282397,0.8865502492127435,0.8546835467932308,0.8248981561501504,0.0001767505861458183,10.480094500002451,470.21882909501437,69.67107044319854,510.2294021619949,0.05890391200082377,21.15865236540558,2234.847946988605,0.0,173374.6
204856358341536816138399558242345199755_1,BPI2013_Incidents,1.0,5.0,1.0,124.6,0.3156712429221933,0.25325544268241335,0.39877011188962636,0.9099032852893645,0.8174052522745736,0.7415660774791537,0.6403060242506962,0.5315802520470381,0.49049490987788447,0.47168727154218876,0.0001767505861458183,10.480094500002451,470.21882909501437,68.80004827600206,75.95811074860394,0.0546873574028723,17.232261604792438,3961.2873908316133,0.0,173374.6
204856358341536816138399558242345199755_2,BPI2013_Incidents,1.0,7.0,1.0,124.6,0.19991030495236653,0.20102309465340246,0.3667006217929457,0.9052981975208629,0.8085943215029671,0.7368048383272264,0.6386731153165813,0.5166445556275351,0.4521051451754296,0.41823969704199804,0.0001767505861458183,10.480094500002451,470.21882909501437,68.41461717959028,69.73172154700151,0.05238873300841078,17.24242024659179,4754.21749827381,0.0,173374.6
204856358341536816138399558242345199755_3,BPI2013_Incidents,1.0,11.0,1.0,124.6,0.5385446880739388,0.2829898439946861,0.4654215160518871,0.9441726715285391,0.8704650226270582,0.7982000966733416,0.7059930407936629,0.583178669608435,0.5283571086121193,0.500986823454009,0.0001767505861458183,10.480094500002451,470.21882909501437,68.80401010221104,69.31009381938493,0.052322307811118664,17.059294385812244,5532.8945861874145,0.0,173374.6
204856358341536816138399558242345199755_4,BPI2013_Incidents,1.0,17.0,1.0,124.6,0.6099791684594299,0.33857800269923055,0.533549385367366,0.9496281498642777,0.8798492094120046,0.8096843011287274,0.7234293203903291,0.6215252709016388,0.5792756343235984,0.5583083914261031,0.0001767505861458183,10.480094500002451,470.21882909501437,76.03669313680147,75.27563685522182,0.05557503619929775,16.756255381985103,6348.228494503,0.0,173374.6
204856358341536816138399558242345199755_5,BPI2013_Incidents,1.0,21.0,1.0,124.6,0.6263919887497371,0.3535616838378373,0.5516333132857334,0.9515895147691262,0.8832778948977488,0.8151790586926119,0.7312508028403902,0.6339569141977291,0.5941301373520295,0.5752457813173997,0.0001767505861458183,10.480094500002451,470.21882909501437,85.02177747340174,88.09472707620588,0.054250735195819286,16.9083795787883,7251.743967624008,0.0,173374.6
252336560693540533935881068298825202077_0,EnvPermit,0.0,3.0,25.6,1.0,0.8747464597544383,0.5435711948746785,0.837936627361675,0.9751252353674428,0.9398984701123236,0.9067491758919264,0.8599990031403509,0.840314965054841,0.8384350076930265,0.8380055395221386,0.0032868537456343825,0.21577007503947243,7.535697453015018,9.321068790601567,9.550514352193568,0.03932068841531873,16.280202131217813,114.51136789500015,0.0,373.7714814814815
252336560693540533935881068298825202077_1,EnvPermit,0.0,5.0,25.6,1.0,0.3392442509054535,0.38922031088743597,0.44000466297583263,0.8493875902597378,0.7384787624720358,0.6380336158645752,0.5085639165960393,0.4597668884650554,0.4472060205225731,0.4408439935930538,0.0032868537456343825,0.21577007503947243,7.535697453015018,9.127304039988667,9.308499783393927,0.038090073596686126,16.06266163600376,288.4366107620066,0.0,373.7714814814815
252336560693540533935881068298825202077_2,EnvPermit,0.0,7.0,25.6,1.0,0.6406984065320245,0.47474996086940136,0.5612048068785311,0.936438154391,0.8116675818374663,0.7328695000149033,0.6147828256132939,0.5683011502320723,0.5624400518737522,0.5613039979364102,0.0032868537456343825,0.21577007503947243,7.535697453015018,9.146814704791177,9.162669159600046,0.03775673658819869,15.80012560961768,460.3664096036111,0.0,373.7714814814815
252336560693540533935881068298825202077_3,EnvPermit,0.0,11.0,25.6,1.0,0.7591257327836168,0.5249695926121414,0.6993128322706472,0.9561360407346106,0.8932992814696336,0.8381406263811966,0.7386428099245761,0.7026558202458689,0.699966238194877,0.6994116420624177,0.0032868537456343825,0.21577007503947243,7.535697453015018,9.117887486796826,9.088424905203283,0.03861585918348283,16.092933704995083,631.9817794625997,0.0,373.7714814814815
252336560693540533935881068298825202077_4,EnvPermit,0.0,17.0,25.6,1.0,0.8755387264432993,0.560847613146765,0.8387793111771511,0.9758668170183731,0.9416460046999362,0.9092265133349245,0.861985448425399,0.8418004582925687,0.8393995846794976,0.8388578094569141,0.0032868537456343825,0.21577007503947243,7.535697453015018,9.072759956598748,9.152626143186353,0.03751692939549685,15.88976375341881,804.5661039047991,0.0,373.7714814814815
252336560693540533935881068298825202077_5,EnvPermit,0.0,21.0,25.6,1.0,0.8755387264432993,0.560847613146765,0.8387748365881068,0.9758665815136865,0.9416455336905631,0.9092258068208648,0.8619842709019663,0.8417983387503897,0.839396287613886,0.83885333486787,0.0032868537456343825,0.21577007503947243,7.535697453015018,8.61880796457408,8.485159230418503,0.04013994460692629,14.805478367384058,973.7952904506004,0.0,373.7714814814815
47482295457342411543800303662309855831_0,EnvPermit,0.025,3.0,25.6,1.0,0.8747464597544383,0.5435711948746785,0.837936627361675,0.9751252353674428,0.9398984701123236,0.9067491758919264,0.8599990031403509,0.840314965054841,0.8384350076930265,0.8380055395221386,0.0032868537456343825,0.18516622600145638,6.004687711014412,8.186291567992885,8.274348912003916,0.03880044500110671,14.599557254381944,100.14695366458037,0.0,373.7714814814815
47482295457342411543800303662309855831_1,EnvPermit,0.025,5.0,25.6,1.0,0.3392442509054535,0.38922031088743597,0.44000466297583263,0.8493875902597378,0.7384787624720358,0.6380336158645752,0.5085639165960393,0.4597668884650554,0.4472060205225731,0.4408439935930538,0.0032868537456343825,0.18516622600145638,6.004687711014412,9.374445723800454,8.687702969578094,0.038556956010870634,14.882374711614101,262.4919436615892,0.0,373.7714814814815
47482295457342411543800303662309855831_2,EnvPermit,0.025,7.0,25.6,1.0,0.6406984065320245,0.47474996086940136,0.5612048068785311,0.936438154391,0.8116675818374663,0.7328695000149033,0.6147828256132939,0.5683011502320723,0.5624400518737522,0.5613039979364102,0.0032868537456343825,0.18516622600145638,6.004687711014412,8.719600412191358,8.565574063220993,0.03875383260892704,15.024721075384878,424.3694261645898,0.0,373.7714814814815
47482295457342411543800303662309855831_3,EnvPermit,0.025,11.0,25.6,1.0,0.7591257327836168,0.5249695926121414,0.6993128322706472,0.9561360407346106,0.8932992814696336,0.8381406263811966,0.7386428099245761,0.7026558202458689,0.699966238194877,0.6994116420624177,0.0032868537456343825,0.18516622600145638,6.004687711014412,8.242344201402739,8.331598966009915,0.2388269220129587,15.050946877605748,585.3181205651956,0.0,373.7714814814815
47482295457342411543800303662309855831_4,EnvPermit,0.025,17.0,25.6,1.0,0.8755387264432993,0.560847613146765,0.8387793111771511,0.9758668170183731,0.9416460046999362,0.9092265133349245,0.861985448425399,0.8418004582925687,0.8393995846794976,0.8388578094569141,0.0032868537456343825,0.18516622600145638,6.004687711014412,8.738221845403313,8.535894351406023,0.037461919605266306,15.002666750189382,749.0167123215972,0.0,373.7714814814815
47482295457342411543800303662309855831_5,EnvPermit,0.025,21.0,25.6,1.0,0.8755387264432993,0.560847613146765,0.8387748365881068,0.9758665815136865,0.9416455336905631,0.9092258068208648,0.8619842709019663,0.8417983387503897,0.839396287613886,0.83885333486787,0.0032868537456343825,0.18516622600145638,6.004687711014412,8.671974316204432,8.624826814013067,0.03879091180860996,15.136987125792075,909.3035434801947,0.0,373.7714814814815
252036172554514852379917073716435574953_0,EnvPermit,0.1,3.0,8.6,3.0,0.8510713036026607,0.5419912584735227,0.8216215894141238,0.9691089329224459,0.9214537530591347,0.8814766906040108,0.8435129730857949,0.8240024591734845,0.8221255472487293,0.8216859263812856,0.0032868537456343825,0.18038177402922884,5.133197960967664,8.401232371409424,8.544464261387475,0.038717189396265894,14.769141460419632,102.15932307558833,0.0,1068.0285714285715
252036172554514852379917073716435574953_1,EnvPermit,0.1,5.0,8.6,3.0,0.31003217940458927,0.3693911595728078,0.3937117154241342,0.8440428041608949,0.7290948446125853,0.6286886508597791,0.4911044094317735,0.4092950050397236,0.3996461488004798,0.39468873762666706,0.0032868537456343825,0.18038177402922884,5.133197960967664,9.00386330798501,8.671114271006081,0.03737766220001504,14.42821181898471,262.7046694451943,0.0,1068.0285714285715
252036172554514852379917073716435574953_2,EnvPermit,0.1,7.0,8.6,3.0,0.6184367303316122,0.4443366801885216,0.5253246988110029,0.9342173279640406,0.811966631483422,0.7312051207408398,0.6115689249020055,0.5293690021414201,0.5260519997993074,0.5254329595785818,0.0032868537456343825,0.18038177402922884,5.133197960967664,7.750367955595721,7.866202333988622,0.03990234776865691,14.40048077859683,416.6332206507912,0.0,1068.0285714285715
252036172554514852379917073716435574953_3,EnvPermit,0.1,11.0,8.6,3.0,0.6706483968736272,0.5232543858591399,0.6283796356377969,0.9376857215018484,0.859867112146073,0.7895068160159724,0.674766366028616,0.6317557302303569,0.6291246022288693,0.6284828817192487,0.0032868537456343825,0.18038177402922884,5.133197960967664,8.671512685797643,7.694781896821223,0.22955550339538605,14.302697918971536,571.3545385245816,0.0,1068.0285714285715
252036172554514852379917073716435574953_4,EnvPermit,0.1,17.0,8.6,3.0,0.875645687573266,0.556962047712,0.8381191850728864,0.9758466426544009,0.9415311812449036,0.9088522905169171,0.8610355538938972,0.8410045600617021,0.8388091328926122,0.8382155306878667,0.0032868537456343825,0.18038177402922884,5.133197960967664,7.959519793803338,8.861196666804608,0.037771880789659915,15.034110311593395,725.1588787627988,0.0,1068.0285714285715
252036172554514852379917073716435574953_5,EnvPermit,0.1,21.0,8.6,3.0,0.8757318460788037,0.5580130411372435,0.8381117826282093,0.975800260837907,0.9414522517193138,0.908725555411895,0.8608408289431114,0.8409768697974261,0.8387906215100143,0.8381995272024637,0.0032868537456343825,0.18038177402922884,5.133197960967664,8.02435439019464,7.884862807183526,0.04261736921034753,14.491979610815179,883.1146955293837,0.0,1068.0285714285715
200934189435493509245876840523779924304_0,EnvPermit,0.2,3.0,4.8,5.8,0.8507639746822282,0.5394856883689452,0.820007847835434,0.968476567125631,0.9211269962896628,0.8816131920728093,0.8427648699393157,0.8226221537440825,0.8205418196256318,0.8200767599958979,0.0032868537456343825,0.19141113699879497,6.182147289044224,8.027436570206191,8.128774920012802,0.039524376019835473,14.413082972797564,98.70837807223434,0.0,1869.4599999999998
200934189435493509245876840523779924304_1,EnvPermit,0.2,5.0,4.8,5.8,0.3198945816714644,0.3606850182545564,0.399085036399783,0.8455452284202867,0.7332429569213244,0.6282614661611403,0.48986392875984,0.41941594476989896,0.40633748472980596,0.39999629154864874,0.0032868537456343825,0.19141113699879497,6.182147289044224,7.999058299208992,8.256145465793088,0.038847318396437916,14.24920305578271,252.86400286082645,0.0,1869.4599999999998
200934189435493509245876840523779924304_2,EnvPermit,0.2,7.0,4.8,5.8,0.5997536431795606,0.4345907762400166,0.5098933816493774,0.9296705148708895,0.8022599626595854,0.7171420882911111,0.5913018975164895,0.5135687132177076,0.5104339092006971,0.509987616247846,0.0032868537456343825,0.19141113699879497,6.182147289044224,7.930895631818567,7.8839100850047545,0.03926424218807369,14.21364482480567,403.60700177522375,0.0,1869.4599999999998
200934189435493509245876840523779924304_3,EnvPermit,0.2,11.0,4.8,5.8,0.6682399158176914,0.5260178161817247,0.626756163822401,0.9374912857093752,0.8588255274746549,0.7879991773363267,0.672935522721301,0.6299452511009752,0.6274505425668204,0.6268642029635023,0.0032868537456343825,0.19141113699879497,6.182147289044224,7.877094551397022,7.849546137999278,0.5007886471808888,14.12384448820958,555.2751599862124,0.0,1869.4599999999998
200934189435493509245876840523779924304_4,EnvPermit,0.2,17.0,4.8,5.8,0.8746307451411571,0.5594803597837158,0.8374566659525551,0.9756379143651766,0.9409060849370405,0.9079760279315586,0.8599923144765482,0.8401246527556582,0.8380641855222049,0.837544393581649,0.0032868537456343825,0.19141113699879497,6.182147289044224,7.84696078421548,7.871062291809357,0.0382001462043263,14.224060410575476,706.1078043240238,0.0,1869.4599999999998
200934189435493509245876840523779924304_5,EnvPermit,0.2,21.0,4.8,5.8,0.8746307451411571,0.5594803597837158,0.8374841525170815,0.9756306713336131,0.940891598873914,0.907954298836869,0.8600037493079025,0.8401645893925025,0.8381007823996056,0.8375718801461755,0.0032868537456343825,0.19141113699879497,6.182147289044224,8.002187087002676,7.924202051211614,0.040137458010576665,14.182838517194615,857.7326581510249,0.0,1869.4599999999998
31882839497307630496007576300860674457_0,EnvPermit,0.5,3.0,2.0,13.4,0.8099241637352307,0.5403973408479492,0.7517940989127359,0.9532335092634389,0.8821259622056097,0.8284535035283878,0.7761240659642992,0.7542458617268559,0.7522857628653152,0.7518628121517517,0.0032868537456343825,0.1866363090230152,6.7205205709906295,8.350601141003427,8.513522125803865,0.0389032217906788,14.628847366000992,102.90201564880553,0.0,4345.7
31882839497307630496007576300860674457_1,EnvPermit,0.5,5.0,2.0,13.4,0.3515112918401265,0.3551606993805814,0.3951067587590246,0.8717528547348273,0.7785689729863385,0.6870773953719455,0.5568264218911778,0.4588377584736751,0.41433534550230666,0.3970015125320042,0.0032868537456343825,0.1866363090230152,6.7205205709906295,8.093184280593414,8.083978639822453,0.03770463243126869,14.023445168184116,256.741025342606,0.0,4345.7
31882839497307630496007576300860674457_2,EnvPermit,0.5,7.0,2.0,13.4,0.5475316144459862,0.4266227354352801,0.4584599328180626,0.9204842085686435,0.7839667363167769,0.6893197628309534,0.5475343862601851,0.4734728110967441,0.4596297002936547,0.4585587426098331,0.0032868537456343825,0.1866363090230152,6.7205205709906295,8.040759390394669,8.003684457193595,0.2543908149935305,13.524376065994147,404.4788925828063,0.0,4345.7
31882839497307630496007576300860674457_3,EnvPermit,0.5,11.0,2.0,13.4,0.6675434777528323,0.5192113292357745,0.6255679328060235,0.9368277457255971,0.8578815013800742,0.7869217382181017,0.6718446679674208,0.628678359570384,0.6262208902117895,0.6256621674044923,0.0032868537456343825,0.1866363090230152,6.7205205709906295,7.562089287606068,7.549005039187614,0.04491968759102747,13.425867472810205,552.6516557368217,0.0,4345.7
31882839497307630496007576300860674457_4,EnvPermit,0.5,17.0,2.0,13.4,0.8739359846108103,0.5520280066485915,0.8366427802160892,0.9752743785226754,0.9402569147151381,0.9071833206635997,0.8594389511800633,0.8393371901906347,0.8372678290828881,0.836734000149274,0.0032868537456343825,0.1866363090230152,6.7205205709906295,8.058614735188893,8.000942686223425,0.03839004822075367,13.402494506782386,699.4339723463985,0.0,4345.7
31882839497307630496007576300860674457_5,EnvPermit,0.5,21.0,2.0,13.4,0.8739359846108103,0.5520280066485915,0.8366201737977734,0.9752555811357768,0.9402526665613864,0.9072105422167682,0.8594677976814138,0.8393839155795252,0.8372817648774223,0.8367071478704473,0.0032868537456343825,0.1866363090230152,6.7205205709906295,8.119041187816766,8.140931590611581,0.04207155138719827,13.365503650996834,846.4223607896013,0.0,4345.7
204856358341536816138399558242345199755_0,EnvPermit,1.0,3.0,1.0,26.6,0.8096182036670866,0.538496135346791,0.7502078057213935,0.9532783645087969,0.8820339551440364,0.8283194979686186,0.7761342525540611,0.7539030510988596,0.7511502848752761,0.7503803151855889,0.0032868537456343825,0.17551964102312922,6.397063284995966,8.029687722807285,8.315078427596017,0.038962302589789034,13.52187073121313,98.1942439929815,0.0,8545.0
204856358341536816138399558242345199755_1,EnvPermit,1.0,5.0,1.0,26.6,0.3509081058132454,0.34558237881403986,0.39941711515293127,0.8700605482249311,0.7752736342353238,0.6821096943400937,0.5501807775551315,0.45832138707483827,0.4225492741440761,0.4028826000408473,0.0032868537456343825,0.17551964102312922,6.397063284995966,8.464084312971682,9.019283810420893,0.0382898380048573,13.160638473986182,251.515404458181,0.0,8545.0
204856358341536816138399558242345199755_2,EnvPermit,1.0,7.0,1.0,26.6,0.5493006481112461,0.4088791868759859,0.4510835267121337,0.9213458952789528,0.78536974277549,0.6907170614181564,0.550110135996365,0.47699801145460785,0.46025246558244,0.4539630402762168,0.0032868537456343825,0.17551964102312922,6.397063284995966,8.972207165800501,8.294075569999404,0.03855587880825624,13.856790826597717,404.9688341087778,0.0,8545.0
204856358341536816138399558242345199755_3,EnvPermit,1.0,11.0,1.0,26.6,0.6627627522922913,0.5177569793137988,0.6223664439918819,0.9358277165588381,0.8560309346577328,0.7844204035360113,0.6687479998474319,0.6254881094115949,0.6230463851750091,0.6224606785903506,0.0032868537456343825,0.17551964102312922,6.397063284995966,7.996516440808773,8.070233332994395,0.03804083279101178,14.388608259800822,558.7882818079903,0.0,8545.0
204856358341536816138399558242345199755_4,EnvPermit,1.0,17.0,1.0,26.6,0.8732458409439369,0.5507767890256725,0.8361459901922572,0.9750048634847012,0.9397402237396314,0.9066526144711571,0.8588413403778181,0.8388023119956382,0.8366995121368277,0.8362199132787183,0.0032868537456343825,0.17551964102312922,6.397063284995966,7.9617198767839,7.696469584596343,0.3223813190008514,13.300598851416726,708.1756477791816,0.0,8545.0
204856358341536816138399558242345199755_5,EnvPermit,1.0,21.0,1.0,26.6,0.8732458409439369,0.5507767890256725,0.8361419084831627,0.9750102070319848,0.9397509108341984,0.9066686451130078,0.8588680581142359,0.8387982629154402,0.8366959444031747,0.8362158315696238,0.0032868537456343825,0.17551964102312922,6.397063284995966,7.972815675591119,8.327722640393768,0.040062853402923794,13.563910778413993,855.2792476395844,0.0,8545.0
90372021516036984596462162893596876300_0,Helpdesk,0.0,3.0,16.8,1.0,0.8600557385618472,0.48502793426346236,0.9110564756927403,0.9682642949515836,0.9219755171369503,0.8920210110941265,0.8973411179066717,0.9110306712509448,0.9110540810567249,0.9110564756927403,0.0005393227749075875,0.4129952200000844,18.2273987690005,13.166340557600051,14.051407716400353,0.035027623399582805,3.5545766203998936,110.30887643179994,0.0,843.9661764705883
90372021516036984596462162893596876300_1,Helpdesk,0.0,5.0,16.8,1.0,0.16347516041378107,0.17932333704803605,0.6236750640429463,0.7648579364579627,0.6462032965803293,0.5860206846766257,0.6105796150096879,0.6234002517684079,0.623672669406931,0.6236750640429463,0.0005393227749075875,0.4129952200000844,18.2273987690005,13.412436135000098,13.421889898599693,0.03421125460008625,3.655885699000282,264.5278565909997,0.0,843.9661764705883
90372021516036984596462162893596876300_2,Helpdesk,0.0,7.0,16.8,1.0,0.323469660603091,0.34476393045471526,0.6588680181323369,0.8217108745061796,0.7144076526950827,0.6522836950121361,0.657578913593589,0.6588755490995573,0.6588680181323369,0.6588680181323369,0.0005393227749075875,0.4129952200000844,18.2273987690005,13.502733028600414,13.433193175400447,0.036167613599900506,3.8839954221999506,418.0034199345999,0.0,843.9661764705883
90372021516036984596462162893596876300_3,Helpdesk,0.0,11.0,16.8,1.0,0.8534725108415151,0.4814038674371477,0.8787404018378016,0.9663124233752833,0.8948339950526648,0.8439544357769307,0.8651545699951917,0.8787145973960063,0.8787380072017863,0.8787404018378016,0.0005393227749075875,0.4129952200000844,18.2273987690005,13.65111674660002,13.639046432200121,0.03553520280001976,3.8826273861996015,574.3285877892001,0.0,843.9661764705883
90372021516036984596462162893596876300_4,Helpdesk,0.0,17.0,16.8,1.0,0.8575510223651271,0.484698166285974,0.9094636282393038,0.9676937446793248,0.9210227798781055,0.8907363868115009,0.8955988377353867,0.9094378237975084,0.9094612336032885,0.9094636282393038,0.0005393227749075875,0.4129952200000844,18.2273987690005,13.498473788199771,13.656680983600381,0.03375475660031953,3.8265536050002993,729.8042167994005,0.0,843.9661764705883
90372021516036984596462162893596876300_5,Helpdesk,0.0,21.0,16.8,1.0,0.8574348558598027,0.4834059032156455,0.9094179913979265,0.9676591713146451,0.9209729942329666,0.8906810694280132,0.8955421374173117,0.909392186956131,0.9094155967619111,0.9094179913979265,0.0005393227749075875,0.4129952200000844,18.2273987690005,13.776471598400168,13.747087299199848,0.039341600799525624,3.8794734558003254,886.1265086256001,0.0,843.9661764705883
35272956436199758892858863380833564820_0,Helpdesk,0.025,3.0,16.8,1.0,0.8600557385618472,0.48502793426346236,0.9110564756927403,0.9682642949515836,0.9219755171369503,0.8920210110941265,0.8973411179066717,0.9110306712509448,0.9110540810567249,0.9110564756927403,0.0005393227749075875,0.28007085399985954,17.591659105000872,13.946296275799977,14.744722604799971,0.03593996400013566,4.3223109279995695,117.17780136780092,0.0,843.9661764705883
35272956436199758892858863380833564820_1,Helpdesk,0.025,5.0,16.8,1.0,0.16347516041378107,0.17932333704803605,0.6236750640429463,0.7648579364579627,0.6462032965803293,0.5860206846766257,0.6105796150096879,0.6234002517684079,0.623672669406931,0.6236750640429463,0.0005393227749075875,0.28007085399985954,17.591659105000872,14.110955476800154,14.013518471599673,0.036727352600428274,4.510590148800475,281.68573416520087,0.0,843.9661764705883
35272956436199758892858863380833564820_2,Helpdesk,0.025,7.0,16.8,1.0,0.323469660603091,0.34476393045471526,0.6588680181323369,0.8217108745061796,0.7144076526950827,0.6522836950121361,0.657578913593589,0.6588755490995573,0.6588680181323369,0.6588680181323369,0.0005393227749075875,0.28007085399985954,17.591659105000872,13.985640980000245,14.103280015600102,0.03431960619964229,4.645954255399556,445.56059774620115,0.0,843.9661764705883
35272956436199758892858863380833564820_3,Helpdesk,0.025,11.0,16.8,1.0,0.8534725108415151,0.4814038674371477,0.8787404018378016,0.9663124233752833,0.8948339950526648,0.8439544357769307,0.8651545699951917,0.8787145973960063,0.8787380072017863,0.8787404018378016,0.0005393227749075875,0.28007085399985954,17.591659105000872,13.99893995019993,14.10028048220047,0.03407730240032834,4.513326123799925,609.2658799080011,0.0,843.9661764705883
35272956436199758892858863380833564820_4,Helpdesk,0.025,17.0,16.8,1.0,0.8575510223651271,0.484698166285974,0.9094636282393038,0.9676937446793248,0.9210227798781055,0.8907363868115009,0.8955988377353867,0.9094378237975084,0.9094612336032885,0.9094636282393038,0.0005393227749075875,0.28007085399985954,17.591659105000872,14.278969722800685,14.277552378599648,0.03709721019913559,4.637181001399585,774.5158852686006,0.0,843.9661764705883
35272956436199758892858863380833564820_5,Helpdesk,0.025,21.0,16.8,1.0,0.8574348558598027,0.4834059032156455,0.9094179913979265,0.9676591713146451,0.9209729942329666,0.8906810694280132,0.8955421374173117,0.909392186956131,0.9094155967619111,0.9094179913979265,0.0005393227749075875,0.28007085399985954,17.591659105000872,17.410041445200477,16.688831296600256,0.036835469200013904,4.459272970401071,957.955467307401,0.0,843.9661764705883
332144213321094767887885453536911277699_0,Helpdesk,0.1,3.0,8.8,2.0,0.8608617364980156,0.495085378375588,0.9114394579633182,0.9684662939294532,0.922321509557672,0.892480140881025,0.897704967949443,0.9114136535215229,0.9114370633273028,0.9114394579633182,0.0005393227749075875,0.28753231199880247,17.724185305996798,14.50105501660073,15.278382107199286,0.034856446200865324,4.576149191800505,118.49715735179925,0.0,1550.5472222222222
332144213321094767887885453536911277699_1,Helpdesk,0.1,5.0,8.8,2.0,0.1953815310800993,0.18703102904361102,0.6129133462857261,0.795797151820702,0.672758967226841,0.59176515620295,0.6030292694076123,0.6125731581282808,0.6129109516497108,0.6129133462857261,0.0005393227749075875,0.28753231199880247,17.724185305996798,16.597161444399536,16.9149655283989,0.03425731280003674,4.678935845000524,302.07988534999896,0.0,1550.5472222222222
332144213321094767887885453536911277699_2,Helpdesk,0.1,7.0,8.8,2.0,0.2902113807882548,0.3313380708734169,0.6448002743293773,0.8115523705962178,0.6947259557549865,0.639446035326564,0.6431274524887991,0.6448204857216233,0.6448002743293773,0.6448002743293773,0.0005393227749075875,0.28753231199880247,17.724185305996798,16.378915597200102,16.273784970601263,0.03845808820042294,4.790405296198879,497.0407937315984,0.0,1550.5472222222222
332144213321094767887885453536911277699_3,Helpdesk,0.1,11.0,8.8,2.0,0.8377310915075704,0.4834769247941635,0.8703075836614398,0.9593867482516494,0.8870252708965344,0.8359308489865611,0.8570474882034762,0.8702817792196443,0.8703051890254244,0.8703075836614398,0.0005393227749075875,0.28753231199880247,17.724185305996798,17.514042191198676,17.857978545800144,0.03440185500076041,4.721365673999389,690.2260146525994,0.0,1550.5472222222222
332144213321094767887885453536911277699_4,Helpdesk,0.1,17.0,8.8,2.0,0.8567425070476297,0.49298524549991124,0.9089473104937916,0.9675024505618076,0.9207571143299853,0.890425167954553,0.8950539315061949,0.9089215060519962,0.9089449158577763,0.9089473104937916,0.0005393227749075875,0.28753231199880247,17.724185305996798,16.27515386399973,16.256463264000196,0.03569903120078379,4.716267337999307,880.8944789799978,0.0,1550.5472222222222
332144213321094767887885453536911277699_5,Helpdesk,0.1,21.0,8.8,2.0,0.8568566776565802,0.49181423241319583,0.909041338138611,0.9675148520338845,0.9207691458820577,0.890459236746673,0.8951594376943197,0.9090155336968155,0.9090389435025956,0.909041338138611,0.0005393227749075875,0.28753231199880247,17.724185305996798,16.04195027559981,15.78500669099958,0.03856867499998771,4.609864467199804,1066.4901721733986,0.0,1550.5472222222222
225942117112506945418170143121865464859_0,Helpdesk,0.2,3.0,4.8,4.0,0.8610147110389981,0.4939894693540713,0.9115671914912585,0.9685068184820957,0.9224075941900824,0.8926136020876292,0.89783451554074,0.9115413870494633,0.9115647968552434,0.9115671914912585,0.0005393227749075875,0.28580390899878694,17.89907001100073,13.816383193200455,14.707578735800052,0.035896681399754014,4.485569114999817,117.12827941459982,0.0,2781.77
225942117112506945418170143121865464859_1,Helpdesk,0.2,5.0,4.8,4.0,0.16473106221090267,0.17807467124695045,0.5959503231506441,0.7940694742242818,0.673515195274571,0.5933136722351106,0.6010218219740283,0.5958158084829865,0.5959479285146289,0.5959503231506441,0.0005393227749075875,0.28580390899878694,17.89907001100073,13.816107616999943,13.826284364200546,0.03559284059956554,4.57993599620022,281.10783088119933,0.0,2781.77
225942117112506945418170143121865464859_2,Helpdesk,0.2,7.0,4.8,4.0,0.3194100144317514,0.3489587524709297,0.6154897255724944,0.8584469723048296,0.7290228640159523,0.6471743305237457,0.6249808900336249,0.6161195312037044,0.615564973269601,0.6154897255724944,0.0005393227749075875,0.28580390899878694,17.89907001100073,13.545972038600302,13.570859431400459,0.03613328939973144,4.556756141599908,440.31777878639986,0.0,2781.77
225942117112506945418170143121865464859_3,Helpdesk,0.2,11.0,4.8,4.0,0.8086907761777555,0.4690875797469379,0.8531841178055897,0.95128402893816,0.8724448576720756,0.8168839143189641,0.8405337563261878,0.8531265658312265,0.8531817231695744,0.8531841178055897,0.0005393227749075875,0.28580390899878694,17.89907001100073,13.961673350400815,13.78803107440108,0.03684890740114497,4.4429868087994695,601.3445243199997,0.0,2781.77
225942117112506945418170143121865464859_4,Helpdesk,0.2,17.0,4.8,4.0,0.8558941788449754,0.493718146691646,0.9084389418112397,0.9673468180024344,0.92037410841174,0.8898974909385581,0.8945857145922826,0.9084131373694444,0.9084365471752245,0.9084389418112397,0.0005393227749075875,0.28580390899878694,17.89907001100073,13.796103171999857,13.73443575860001,0.03632159779954236,4.469224504399608,762.070211319199,0.0,2781.77
225942117112506945418170143121865464859_5,Helpdesk,0.2,21.0,4.8,4.0,0.8560091654383186,0.49377584587145706,0.908515599540135,0.9673659824346583,0.9204124372761877,0.8899549842352297,0.8946815367534018,0.9084897950983398,0.9085132049041199,0.908515599540135,0.0005393227749075875,0.28580390899878694,17.89907001100073,13.932496906598681,14.08898085960027,0.03563349980104249,4.4194568401995635,923.5435699123991,0.0,2781.77
49805007222848703756168446049474580591_0,Helpdesk,0.5,3.0,2.0,9.0,0.8588236021867136,0.5028962448879881,0.9110530950265551,0.9680465068783428,0.9215638110134028,0.8917264236916825,0.8973269079476214,0.9110272905847598,0.9110507003905397,0.9110530950265551,0.0005393227749075875,0.3058301950004534,18.887371284999972,13.893648474599468,14.705636678199516,0.03798250780091621,4.815752587400493,119.55611977399822,0.0,6509.6
49805007222848703756168446049474580591_1,Helpdesk,0.5,5.0,2.0,9.0,0.21309324585212322,0.2022016495578846,0.6353723836663925,0.8311984393471163,0.7067098741727804,0.6110877333849407,0.6304492549955326,0.6353479227842124,0.6353699890303772,0.6353723836663925,0.0005393227749075875,0.3058301950004534,18.887371284999972,14.2069736241996,14.143532911000511,0.03695415960100945,4.843612287199358,286.69019545699774,0.0,6509.6
49805007222848703756168446049474580591_2,Helpdesk,0.5,7.0,2.0,9.0,0.21586351737297155,0.3099963841386807,0.5567903255113155,0.8203251156516493,0.6744680473411796,0.5736108899591261,0.5561416815421463,0.5568732830612159,0.5567903255113155,0.5567903255113155,0.0005393227749075875,0.3058301950004534,18.887371284999972,13.994001623999793,13.907703530399157,0.03518414519930957,4.8388127690006515,451.5547062127989,0.0,6509.6
49805007222848703756168446049474580591_3,Helpdesk,0.5,11.0,2.0,9.0,0.8055431332875284,0.4668744415168085,0.8525526869034052,0.9496488974238055,0.8713623860651942,0.8160330086958958,0.8395219000005107,0.8525268824616099,0.8525502922673901,0.8525526869034052,0.0005393227749075875,0.3058301950004534,18.887371284999972,14.007144611200056,14.112535298200964,0.035098219001520194,4.804623823999282,616.4573520211991,0.0,6509.6
49805007222848703756168446049474580591_4,Helpdesk,0.5,17.0,2.0,9.0,0.8558948873288499,0.49380464579977124,0.908723433005125,0.9673166893006554,0.9204515515685481,0.8900792001684451,0.8949008919189382,0.9086976285633298,0.9087210383691098,0.908723433005125,0.0005393227749075875,0.3058301950004534,18.887371284999972,14.14468676079996,14.208886209800403,0.03620959640029468,4.824817036600143,782.1009487561984,0.0,6509.6
49805007222848703756168446049474580591_5,Helpdesk,0.5,21.0,2.0,9.0,0.8558948873288499,0.49380498870629264,0.9087271037738759,0.9673042086869028,0.9204342989554195,0.8900677290160989,0.8949036449955011,0.9087012993320804,0.9087247091378605,0.9087271037738759,0.0005393227749075875,0.3058301950004534,18.887371284999972,14.561655573199095,14.30137290040002,0.03708079280113452,4.789483734600071,949.8721075421993,0.0,6509.6
307905324915413053129504238243274480482_0,Helpdesk,1.0,3.0,1.0,17.8,0.8585940951867747,0.5026506409380903,0.9109899995044486,0.9679910363857323,0.9214432342602106,0.8915982219089944,0.8972638124255148,0.9109641950626532,0.9109876048684333,0.9109899995044486,0.0005393227749075875,0.2958734669991827,19.001816981999582,13.990492914800416,14.772625358799996,0.035087702600139895,4.928594233199692,120.72794904019902,0.0,12817.0
307905324915413053129504238243274480482_1,Helpdesk,1.0,5.0,1.0,17.8,0.21221256146302303,0.2025084563383126,0.6188120615026926,0.835796766230659,0.7167518559139773,0.626494884359877,0.6525599440511193,0.6439488140369326,0.6250932238714819,0.6188120615026926,0.0005393227749075875,0.2958734669991827,19.001816981999582,17.13987044299938,16.99073578779935,0.03528882400059956,4.947146414600866,303.20942349479884,0.0,12817.0
307905324915413053129504238243274480482_2,Helpdesk,1.0,7.0,1.0,17.8,0.21228682002952226,0.3148178728641593,0.5559906329240841,0.8174561839474996,0.6725597122986879,0.5727337018789186,0.561103614906801,0.5562291854838037,0.5559825658056589,0.5559906329240841,0.0005393227749075875,0.2958734669991827,19.001816981999582,17.102043467600016,16.940824299400266,0.037819712199416246,5.023247280400392,499.0503700325986,0.0,12817.0
307905324915413053129504238243274480482_3,Helpdesk,1.0,11.0,1.0,17.8,0.8040038637207123,0.4698318849008311,0.8505647076353563,0.9495335246020746,0.8708583823429967,0.8151304310509906,0.8387645113797257,0.8506299392820914,0.8505623129993409,0.8505647076353563,0.0005393227749075875,0.2958734669991827,19.001816981999582,16.775244330200803,16.64761970160034,0.03572967660074937,4.951269360399602,697.2062942273988,0.0,12817.0
307905324915413053129504238243274480482_4,Helpdesk,1.0,17.0,1.0,17.8,0.8528882070616177,0.493730375964675,0.9071391539555533,0.9659957985214941,0.9189877970159193,0.8885450015084346,0.8933305542154752,0.9071133495137579,0.907136759319538,0.9071391539555533,0.0005393227749075875,0.2958734669991827,19.001816981999582,16.74863953460008,16.665155035800126,0.03627266099938424,5.0474095573998055,887.8007639837997,0.0,12817.0
307905324915413053129504238243274480482_5,Helpdesk,1.0,21.0,1.0,17.8,0.854814667747031,0.4946879698269161,0.9081127629704838,0.9668892498434737,0.9199195920226538,0.8895080533224895,0.8942516647080861,0.9080869585286886,0.9081103683344685,0.9081127629704838,0.0005393227749075875,0.2958734669991827,19.001816981999582,16.50886718900001,16.456702091199986,0.037586528401152466,4.996119327199267,1079.5515733133993,0.0,12817.0
252336560693540533935881068298825202077_0,Nasa,0.0,3.0,51.6,1.0,0.8745410750020776,0.7890606630937979,0.46194144211443444,0.9870733615860219,0.9673200870501054,0.9425168988043516,0.8822705974586944,0.7393923809959517,0.6399078038164525,0.5659836440334831,0.00023675338665766774,1.1869085080106743,45.03819490701426,54.60776838180609,78.78293514756952,0.05396970261353999,20.36513761340175,507.7273454923881,0.0,3317.825230769231
252336560693540533935881068298825202077_1,Nasa,0.0,5.0,51.6,1.0,0.8877871470371552,0.8045985602320064,0.47888076082174547,0.9911504823188066,0.9748581470479948,0.9525142955013504,0.8959506509392506,0.7558894684381461,0.6571105022929142,0.5832542735807827,0.00023675338665766774,1.1869085080106743,45.03819490701426,55.863120481581426,71.64705442182021,0.05637492161476985,20.725677300593816,1260.6221863583894,0.0,3317.825230769231
252336560693540533935881068298825202077_2,Nasa,0.0,7.0,51.6,1.0,0.8855597978504633,0.8072839834521591,0.47656266175721546,0.9913092142851072,0.9753618195397807,0.9542719742066079,0.8998897469316842,0.764793075384883,0.6702640477990858,0.6004900854603533,0.00023675338665766774,1.1869085080106743,45.03819490701426,55.47591767100384,72.1799070197856,0.05503573098685592,20.694066120602656,1998.226381225395,0.0,3317.825230769231
252336560693540533935881068298825202077_3,Nasa,0.0,11.0,51.6,1.0,0.8617268562075291,0.8004022794669069,0.4720699190458416,0.9903674587376639,0.9733963342230367,0.9505931403065988,0.8922026518413055,0.7425238803184465,0.6352501567224347,0.5609751764870419,0.00023675338665766774,1.1869085080106743,45.03819490701426,55.70695194378495,64.16446402980947,0.054826423211488874,20.206817033991683,2728.0727515637873,0.0,3317.825230769231
252336560693540533935881068298825202077_4,Nasa,0.0,17.0,51.6,1.0,0.890833032084845,0.8127682455997742,0.47326352196497823,0.9920307249396642,0.9767462886643645,0.9558854407234858,0.9003728893471799,0.7583041870944052,0.655620886136419,0.5792473392756442,0.00023675338665766774,1.1869085080106743,45.03819490701426,55.88498580879532,59.19435429159785,0.0526054242043756,20.259743800805882,3406.485124865407,0.0,3317.825230769231
252336560693540533935881068298825202077_5,Nasa,0.0,21.0,51.6,1.0,0.8894872232312171,0.8154936409233683,0.47467765405372353,0.9921146464525747,0.9767078450063721,0.9557936918624927,0.902162174373287,0.7648053744298897,0.6640811250540087,0.5884602074624871,0.00023675338665766774,1.1869085080106743,45.03819490701426,56.19585845880211,59.15442299679853,0.05522364298813045,20.30328053639969,4086.800592075405,0.0,3317.825230769231
47482295457342411543800303662309855831_0,Nasa,0.025,3.0,25.8,2.0,0.8742657460082824,0.7878397623207232,0.46201755541526507,0.9870313060880458,0.9672493728060576,0.9424186849531772,0.882124704695828,0.7394683675779432,0.6400731085074369,0.5660991758725736,0.00023675338665766774,1.2395050849881954,59.548940351989586,54.209515627182554,78.08425454401876,0.05563983499305323,19.846488327195402,518.4114386223955,0.0,6617.004923076924
47482295457342411543800303662309855831_1,Nasa,0.025,5.0,25.8,2.0,0.8886163429031505,0.8060355487772568,0.48027109523304307,0.9912884580299851,0.9751372962859526,0.9529960894197951,0.8967738405412721,0.7567023690854249,0.6580293812807396,0.5841502257867686,0.00023675338665766774,1.2395050849881954,59.548940351989586,56.15591679778881,68.45550508319866,0.05543166579445824,20.756118773005436,1259.336972654576,0.0,6617.004923076924
47482295457342411543800303662309855831_2,Nasa,0.025,7.0,25.8,2.0,0.8859365852787219,0.8088766626750072,0.47770546420191035,0.991319142336558,0.9752832647793082,0.9539718009508802,0.8990776775028884,0.7630523695489423,0.6688513546077328,0.6005356092931532,0.00023675338665766774,1.2395050849881954,59.548940351989586,55.33308854839997,64.864041078405,0.05396283039590344,20.166719006001948,1972.332840288384,0.0,6617.004923076924
47482295457342411543800303662309855831_3,Nasa,0.025,11.0,25.8,2.0,0.8612567480175348,0.7996211136346147,0.4717701203399821,0.990377809539161,0.9733995341608098,0.9505698724023709,0.8922185829436229,0.7424819399520054,0.6350730164877474,0.5604550886602965,0.00023675338665766774,1.2395050849881954,59.548940351989586,54.73844503380824,59.71006108620204,0.05665181279182434,20.1004492233973,2655.021758770186,0.0,6617.004923076924
47482295457342411543800303662309855831_4,Nasa,0.025,17.0,25.8,2.0,0.8910684566411723,0.8137140691807018,0.47183469552962887,0.9920593250439644,0.9768005686216835,0.9559823539802986,0.9006599465240377,0.7594758236731138,0.6576774887647068,0.5816852229521517,0.00023675338665766774,1.2395050849881954,59.548940351989586,56.00309446379542,65.69423517319373,0.05618914319202304,20.81566794659011,3346.5426212479824,0.0,6617.004923076924
47482295457342411543800303662309855831_5,Nasa,0.025,21.0,25.8,2.0,0.8894850915990317,0.8158475253812677,0.47333471865250115,0.9921044076704517,0.9766906246002168,0.9557746680847352,0.9022303588176591,0.7657598435963615,0.6654920413502488,0.5902638448622444,0.00023675338665766774,1.2395050849881954,59.548940351989586,56.71191801838577,62.95170856219484,0.05440271442057565,20.771697432803922,4067.7386410889912,0.0,6617.004923076924
252036172554514852379917073716435574953_0,Nasa,0.1,3.0,9.0,6.0,0.8735843886869121,0.7867520102008456,0.45569144532782746,0.9870778896098032,0.9671541468201784,0.9420114324218085,0.8809916429332556,0.7344456918554048,0.6308006708969692,0.5554923690040725,0.00023675338665766774,1.2024982230504975,91.73618882498704,50.361950787808745,74.35209709620104,0.0544768386054784,18.833452322985977,526.8939494922058,0.0,16444.155555555557
252036172554514852379917073716435574953_1,Nasa,0.1,5.0,9.0,6.0,0.8881276752410644,0.8048527667656915,0.4784422215576221,0.9914185989687336,0.9754282360422376,0.9534779933986515,0.8976923694055076,0.7563028513636537,0.6539784812568288,0.5783132921995515,0.00023675338665766774,1.2024982230504975,91.73618882498704,50.38233460361371,66.43552819921169,0.05651718539884314,17.892100988596212,1211.7668463689974,0.0,16444.155555555557
252036172554514852379917073716435574953_2,Nasa,0.1,7.0,9.0,6.0,0.8859399349165431,0.8083396859351545,0.47696827026569144,0.9916356123538987,0.976126013109619,0.9555810490285698,0.9021979990351021,0.7680456518288831,0.6726483837823655,0.6062997527235365,0.00023675338665766774,1.2024982230504975,91.73618882498704,50.22854663738981,59.68142955020303,0.058394977007992566,17.843736208579504,1870.6946540239965,0.0,16444.155555555557
252036172554514852379917073716435574953_3,Nasa,0.1,11.0,9.0,6.0,0.8620946099553958,0.8002112213983033,0.47673189018551404,0.9908428641671719,0.9741996162727833,0.9515952736298139,0.8939185434501276,0.7483597434669533,0.6453646629142439,0.5704907159863806,0.00023675338665766774,1.2024982230504975,91.73618882498704,49.44928860258078,55.84474094922189,0.0571671296027489,17.950948742183392,2496.1624265612104,0.0,16444.155555555557
252036172554514852379917073716435574953_4,Nasa,0.1,17.0,9.0,6.0,0.8915406603644811,0.8127792883911111,0.4777787232106291,0.9921728371241075,0.9767697721582767,0.9555941185949074,0.8993201227809534,0.7553936569660976,0.6529236167815882,0.5778221601599426,0.00023675338665766774,1.2024982230504975,91.73618882498704,50.53061567919794,52.97677318680799,0.05472424681065604,17.819098166376353,3106.6976468699986,0.0,16444.155555555557
252036172554514852379917073716435574953_5,Nasa,0.1,21.0,9.0,6.0,0.8906772591996054,0.816142642094085,0.47719679192901243,0.9923050989872241,0.9767885700901286,0.9557736074981331,0.9016934905942152,0.7639545383621201,0.6654539205384065,0.5913453583861721,0.00023675338665766774,1.2024982230504975,91.73618882498704,50.54570793061284,53.32387765039457,0.054935830587055534,17.737604266183915,3715.464961247414,0.0,16444.155555555557
200934189435493509245876840523779924304_0,Nasa,0.2,3.0,5.0,11.0,0.8711060044142893,0.7827935009921101,0.4720729572269363,0.986139723868218,0.964483976551205,0.9370570428525081,0.8699184784521702,0.7062171231425615,0.5899243815609359,0.5222772987293857,0.00023675338665766774,1.1892824840033427,138.757468168973,50.02351477517514,68.84433513040422,0.056315220822580156,18.675727156398352,552.7775944635971,0.0,27688.6
200934189435493509245876840523779924304_1,Nasa,0.2,5.0,5.0,11.0,0.8829425747340306,0.7973085891547169,0.48866260852826066,0.9904577227037248,0.9730600354254012,0.9490723359597746,0.8882556051897765,0.7298099836703416,0.6111746135677089,0.5394569026009168,0.00023675338665766774,1.1892824840033427,138.757468168973,49.411834057210946,60.919227764604145,0.07343760898802429,18.72033075260697,1216.6642768344027,0.0,27688.6
200934189435493509245876840523779924304_2,Nasa,0.2,7.0,5.0,11.0,0.8766333724743287,0.7965652491620998,0.47054961831315206,0.9907061816939585,0.9743986937739887,0.9530943574292141,0.898839177847457,0.7632383059033602,0.6666990862531712,0.6015437988820981,0.00023675338665766774,1.1892824840033427,138.757468168973,49.11792476220289,60.096071523195135,0.05636850778246298,19.685216852789743,1861.6357649412007,0.0,27688.6
200934189435493509245876840523779924304_3,Nasa,0.2,11.0,5.0,11.0,0.8616215948209686,0.799920927619876,0.4815168097564276,0.9905682357552335,0.9739109696553923,0.951384302358899,0.893608572797634,0.7479143888929874,0.6464929563643204,0.5739524006993056,0.00023675338665766774,1.1892824840033427,138.757468168973,49.93081413418986,54.796632685803345,0.055446214822586624,19.588124882010742,2492.114264130406,0.0,27688.6
200934189435493509245876840523779924304_4,Nasa,0.2,17.0,5.0,11.0,0.8903054880803829,0.8127655069368821,0.4760499777655401,0.9920251288788113,0.976380708446311,0.9553115277915364,0.8991495715231013,0.7562256689624637,0.6530593177467081,0.5770957785127917,0.00023675338665766774,1.1892824840033427,138.757468168973,49.86128991460428,59.81052124518901,0.05664965760661289,19.556426443206146,3125.7423573946116,0.0,27688.6
200934189435493509245876840523779924304_5,Nasa,0.2,21.0,5.0,11.0,0.8882351925990744,0.8141890711516512,0.4787403131213351,0.9918393977259333,0.9761089974616677,0.9549056636361868,0.9003642985767197,0.7597420071650995,0.656932147125327,0.5805996914754219,0.00023675338665766774,1.1892824840033427,138.757468168973,55.51852070922032,62.797216740006114,0.055364121403545144,19.73025254441891,3799.447180828999,0.0,27688.6
31882839497307630496007576300860674457_0,Nasa,0.5,3.0,2.0,26.8,0.8691938021785139,0.7780589171599221,0.4656527087951588,0.9870403443660255,0.9672959851119192,0.9429394393201193,0.8836808815045558,0.7399896635158824,0.6375200987448084,0.5657896579814281,0.00023675338665766774,1.2270640740171075,207.31120100599946,48.28561417459277,71.47872122979024,0.056832781399134544,18.839316233200954,626.1682958939695,0.0,65402.7
31882839497307630496007576300860674457_1,Nasa,0.5,5.0,2.0,26.8,0.8831471895915579,0.7955039369317943,0.4797170810052688,0.9911698559125084,0.9748525096235283,0.9525713495947314,0.8962989516637366,0.7553326527078934,0.6528235458905016,0.5807464175971753,0.00023675338665766774,1.2270640740171075,207.31120100599946,48.11184680300066,63.684498643199916,0.055743449402507396,19.102277233998755,1295.1831313973876,0.0,65402.7
31882839497307630496007576300860674457_2,Nasa,0.5,7.0,2.0,26.8,0.8805570701222013,0.799190583033996,0.46440502796640015,0.9916374444603134,0.9763788449341112,0.9564287049911062,0.9049442821532567,0.7709042741347429,0.666074959372377,0.5897745757784486,0.00023675338665766774,1.2270640740171075,207.31120100599946,48.48279036479071,58.56913224040763,0.0547968898084946,19.13416969580576,1937.2075084547862,0.0,65402.7
31882839497307630496007576300860674457_3,Nasa,0.5,11.0,2.0,26.8,0.8612918709847108,0.7984322292065469,0.48001143969527227,0.9908710563541667,0.9744671147206686,0.9523196329192544,0.8958823674733661,0.7537434368895081,0.6529188072179645,0.5763432447312798,0.00023675338665766774,1.2270640740171075,207.31120100599946,48.84794770879671,54.35567676140927,0.06020994340069592,19.22317440259503,2558.2247261413954,0.0,65402.7
31882839497307630496007576300860674457_4,Nasa,0.5,17.0,2.0,26.8,0.8906732903259245,0.8122870182141018,0.4789860140229977,0.9920113852025361,0.9763113881640331,0.9549848906046778,0.8987180442183625,0.7563378748623583,0.6569954272959888,0.5828963086500398,0.00023675338665766774,1.2270640740171075,207.31120100599946,48.347527419810646,52.32958044580882,0.0552365510025993,18.835609628993552,3161.9131553859684,0.0,65402.7
31882839497307630496007576300860674457_5,Nasa,0.5,21.0,2.0,26.8,0.8879176649104004,0.8136255648951902,0.4826309142853994,0.9916078028468606,0.9750931841392003,0.9529941858137944,0.8968997248175368,0.7559004443247342,0.6561834707581997,0.5826870497634378,0.00023675338665766774,1.2270640740171075,207.31120100599946,49.58489504258614,52.415055972815026,0.05737012663157657,19.67147065519821,3764.9198196245825,0.0,65402.7
204856358341536816138399558242345199755_0,Nasa,1.0,3.0,1.0,52.6,0.8689723056461187,0.7770968378519691,0.47378166594079063,0.9861043137558545,0.9646215817664334,0.9376925041372182,0.8715802119907632,0.7104802518516118,0.5967402775915894,0.5290622285781446,0.00023675338665766774,1.2310704329865985,240.35636072303168,47.39614953999408,66.05607735039666,0.05710538380080834,18.27932201620424,638.7505590344197,0.0,122210.2
204856358341536816138399558242345199755_1,Nasa,1.0,5.0,1.0,52.6,0.8816259984413032,0.7926652277077145,0.48481423229523274,0.9898891050411033,0.971358237705059,0.9458966149444563,0.8813328579469661,0.7202931008897121,0.6048214600786088,0.5353983024691369,0.00023675338665766774,1.2310704329865985,240.35636072303168,46.64363224300323,59.77887713919627,0.056393602991010996,18.535649178409948,1275.9364521498442,0.0,122210.2
204856358341536816138399558242345199755_2,Nasa,1.0,7.0,1.0,52.6,0.867398610493821,0.7878691241505688,0.48053594903681185,0.9888743250682358,0.9696556155785399,0.9451576659611339,0.8831276860870366,0.7207499278595002,0.5999221516691596,0.5309918589017844,0.00023675338665766774,1.2310704329865985,240.35636072303168,47.27199666640954,55.525450340786485,0.05654156919335947,17.870345120795537,1890.9488155854167,0.0,122210.2
204856358341536816138399558242345199755_3,Nasa,1.0,11.0,1.0,52.6,0.8617416846335246,0.7991502954306619,0.467284204988932,0.9909523201261952,0.9744060076655321,0.9525725802546502,0.8979029482836214,0.7668087940612255,0.6752436408281269,0.6020089836313207,0.00023675338665766774,1.2310704329865985,240.35636072303168,46.05632682520663,52.42397296219133,0.05775181200588122,17.780860683799254,2481.3633405078203,0.0,122210.2
204856358341536816138399558242345199755_4,Nasa,1.0,17.0,1.0,52.6,0.889518553946143,0.812375335369136,0.47790258140956404,0.9918135349635561,0.9755983921041012,0.9539764258225041,0.8976221651355207,0.7547538132417614,0.6536129427476562,0.5779142087639998,0.00023675338665766774,1.2310704329865985,240.35636072303168,46.78418832758907,50.835487156989984,0.058621548814699054,17.71116719242418,3059.3432492808206,0.0,122210.2
204856358341536816138399558242345199755_5,Nasa,1.0,21.0,1.0,52.6,0.8881162601782474,0.8137883740065093,0.48437455366788545,0.9914446956787438,0.9747482433649404,0.95236291377502,0.8953908142452814,0.7508167803096925,0.6485057176816608,0.573728859758816,0.00023675338665766774,1.2310704329865985,240.35636072303168,47.31360650581773,50.85750652861316,0.055501692986581475,17.545037585590034,3637.7362261594158,0.0,122210.2
252336560693540533935881068298825202077_0,Sepsis,0.0,3.0,173.6,1.0,0.5981928548486952,0.4139945928001315,0.3910918048170237,0.9637470288289649,0.9331378410685476,0.9018180746616877,0.8430479507808032,0.7213246105427265,0.642427076915672,0.5960826199773642,0.0012356166480656614,0.31224351399578154,14.849091485026293,27.973626566387246,28.608891297795346,0.041628781799227,15.32499605899211,234.85174483219163,0.0,513.252798573975
252336560693540533935881068298825202077_1,Sepsis,0.0,5.0,173.6,1.0,0.3742409158726314,0.3072457882619474,0.35863593330117605,0.9149396169437004,0.838380400999102,0.7705390889507512,0.6628709395367507,0.49918369777706373,0.43192200549340554,0.40436571625666684,0.0012356166480656614,0.31224351399578154,14.849091485026293,44.11717659300193,44.94009143859148,0.08739778519375249,27.35432578379987,701.9666423911927,0.0,513.252798573975
252336560693540533935881068298825202077_2,Sepsis,0.0,7.0,173.6,1.0,0.3987085205156758,0.2920734173302082,0.3840646656370931,0.9249164004609354,0.8470346365726293,0.790038720419482,0.6882584004740239,0.5351218599488434,0.4678378588090342,0.438150403269454,0.0012356166480656614,0.31224351399578154,14.849091485026293,45.67429708897835,41.2011928717955,0.1018320842180401,23.18733192338841,1328.821929314395,0.0,513.252798573975
252336560693540533935881068298825202077_3,Sepsis,0.0,11.0,173.6,1.0,0.5589178843873148,0.4150803101050511,0.41025632930901834,0.9399368393438596,0.8770520744696017,0.8184044391703587,0.7149318020092508,0.5566449461901396,0.4876270120120239,0.4598331160806072,0.0012356166480656614,0.31224351399578154,14.849091485026293,27.63356271459488,27.40171577219153,0.04049916500225663,18.079660511598924,1730.2812710666099,0.0,513.252798573975
252336560693540533935881068298825202077_4,Sepsis,0.0,17.0,173.6,1.0,0.5493424358334595,0.40811459046045534,0.39515024923132225,0.9375963651888017,0.8721617787331987,0.808988462164511,0.7013187215856531,0.5410673628027377,0.473123202896934,0.44509535207186735,0.0012356166480656614,0.31224351399578154,14.849091485026293,27.48402420380153,27.41419425100321,0.24532687718747184,18.59986098438967,2098.4128045312013,0.0,513.252798573975
252336560693540533935881068298825202077_5,Sepsis,0.0,21.0,173.6,1.0,0.5530043042848762,0.41121652250705926,0.38677170960353974,0.9377812029808531,0.8719443603761722,0.8086979960071412,0.6977429432955207,0.5338436197852874,0.4653339513786715,0.4371188961422897,0.0012356166480656614,0.31224351399578154,14.849091485026293,27.550066589203198,27.325918436609207,0.04233999039279297,17.827493408578448,2464.298916421598,0.0,513.252798573975
47482295457342411543800303662309855831_0,Sepsis,0.025,3.0,36.4,4.8,0.5906794304139732,0.37732037362617504,0.15502164240001481,0.9836228992450952,0.9757597029245796,0.9670655146093743,0.9495076112231379,0.9030942911793955,0.8521968531877502,0.7963470144141763,0.0012356166480656614,0.32605355203850195,24.842633647029288,28.719979727012106,30.98697938078549,0.04249448219779879,19.46566061298363,263.55002662763,0.0,2258.159298245614
47482295457342411543800303662309855831_1,Sepsis,0.025,5.0,36.4,4.8,0.2781607370563234,0.23731069409907884,0.32149664449232296,0.8957366248488237,0.8046288910390714,0.7316302169272471,0.6159406556415146,0.4517078780661259,0.3877757973133654,0.36280908992437555,0.0012356166480656614,0.32605355203850195,24.842633647029288,27.679615794785786,27.464305956603493,0.6005784137989394,17.45470112239709,641.962737191224,0.0,2258.159298245614
47482295457342411543800303662309855831_2,Sepsis,0.025,7.0,36.4,4.8,0.3595940928746838,0.2827431419058211,0.35987886785237816,0.9197266303120216,0.8377865533549536,0.7778821502799789,0.6737275295124563,0.5165704509340151,0.4474182083395936,0.41382969560207367,0.0012356166480656614,0.32605355203850195,24.842633647029288,27.624256137607155,27.067696383595468,0.42176254738587887,18.42269529560581,1010.2487160640187,0.0,2258.159298245614
47482295457342411543800303662309855831_3,Sepsis,0.025,11.0,36.4,4.8,0.5616529170648945,0.4176979207425265,0.40567096741495295,0.9393909881951868,0.874708556407889,0.8150334912554319,0.7116020446281736,0.5523198687000416,0.4840656434168055,0.4564899243028064,0.0012356166480656614,0.32605355203850195,24.842633647029288,26.855727832007688,27.18992778059328,0.04229141080286354,17.052273903612512,1375.2902957452345,0.0,2258.159298245614
47482295457342411543800303662309855831_4,Sepsis,0.025,17.0,36.4,4.8,0.5482619844914547,0.4093873563689671,0.3942035671581432,0.9368758125148006,0.8698922482635325,0.8062906782704717,0.6978966578492707,0.5385453683357438,0.47202308071062893,0.4448389922464269,0.0012356166480656614,0.32605355203850195,24.842633647029288,29.161573608010077,28.443666389188728,0.04210678138770163,16.809433437220285,1738.7186762348167,0.0,2258.159298245614
47482295457342411543800303662309855831_5,Sepsis,0.025,21.0,36.4,4.8,0.5489748674575524,0.41003707075448104,0.3843684083785588,0.937014150392454,0.8698791803762459,0.8059167240407229,0.6939079539059689,0.5302566528290389,0.4624900715905905,0.4347131663409007,0.0012356166480656614,0.32605355203850195,24.842633647029288,28.889928341377527,29.488828809186817,0.04140638802200556,16.86763241981389,2114.2482626024284,0.0,2258.159298245614
252036172554514852379917073716435574953_0,Sepsis,0.1,3.0,10.0,17.8,0.5736597455065029,0.36425351946455264,0.14400318608683277,0.9845044117553016,0.9773796215432704,0.9696626579193417,0.9539204981211225,0.9129170036827331,0.8678219381388346,0.8185394550668439,0.0012356166480656614,4.088664166047238,48.01136296003824,26.937460662215017,30.854415992787107,0.0412840383942239,19.09857532097958,280.7867087958148,0.0,7869.94
252036172554514852379917073716435574953_1,Sepsis,0.1,5.0,10.0,17.8,0.2493113845602437,0.22099810879537643,0.29739758056285337,0.8914391922842851,0.7977518812807545,0.7228643442758493,0.6042221593627677,0.43667058182650853,0.3673612691979037,0.3386340970339719,0.0012356166480656614,4.088664166047238,48.01136296003824,27.342870062810835,26.64389622019371,0.043842973397113384,17.303917673998512,647.6349695020123,0.0,7869.94
252036172554514852379917073716435574953_2,Sepsis,0.1,7.0,10.0,17.8,0.33657100996638284,0.2606319456298902,0.3517104758120822,0.9120960461690585,0.8218124489514379,0.7592899024922726,0.6505602505661898,0.4917666494818536,0.42522397986995353,0.39591916794088744,0.0012356166480656614,4.088664166047238,48.01136296003824,27.72284659119323,27.373995032405947,0.04163987098727375,17.171707715000956,1004.2465591194225,0.0,7869.94
252036172554514852379917073716435574953_3,Sepsis,0.1,11.0,10.0,17.8,0.5511512666193135,0.4091946690814364,0.40087159960358926,0.937306101679423,0.8691402050824644,0.8092504029263143,0.7067706531851348,0.5467447511857355,0.47794866817560855,0.4498362847606396,0.0012356166480656614,4.088664166047238,48.01136296003824,26.263291442592163,26.30926805200288,0.041737774200737474,17.43971665179124,1363.864640517626,0.0,7869.94
252036172554514852379917073716435574953_4,Sepsis,0.1,17.0,10.0,17.8,0.546921358730196,0.40869888480923944,0.3907010654816778,0.9359881450387586,0.8671988083144075,0.8033724181339765,0.6950076166774876,0.5353739428337403,0.4682067042951979,0.44040672805592473,0.0012356166480656614,4.088664166047238,48.01136296003824,26.299050506402274,26.53406077019172,0.04188809979241341,17.05004406500375,1714.3072642344166,0.0,7869.94
252036172554514852379917073716435574953_5,Sepsis,0.1,21.0,10.0,17.8,0.5489594907336333,0.4099011252212095,0.3815328772627102,0.9363406098064463,0.8680234678672983,0.8038043350220215,0.6923950644407947,0.5280504902224674,0.45963709230672095,0.43158899068152506,0.0012356166480656614,4.088664166047238,48.01136296003824,27.609793852001893,27.701895663188772,0.042132856824900956,16.918804104207084,2071.370485237613,0.0,7869.94
200934189435493509245876840523779924304_0,Sepsis,0.2,3.0,5.0,35.4,0.5756071882000263,0.3606889391153678,0.1466207216760613,0.984601242712382,0.9772371208098452,0.9692916874988431,0.9529375426019431,0.9100952648238344,0.8625962437178453,0.8105104870433916,0.0012356166480656614,0.3036216069594957,70.6404101549997,26.986662604194134,33.21482682197821,0.04202181900618598,18.630484755616635,311.892781481205,0.0,15430.88
200934189435493509245876840523779924304_1,Sepsis,0.2,5.0,5.0,35.4,0.23636706599372212,0.208360331301345,0.28824169273976624,0.8904662698371087,0.7929114125977252,0.7184393827508857,0.5989537241160927,0.4336242113731469,0.36766231079805145,0.34023146105263724,0.0012356166480656614,0.3036216069594957,70.6404101549997,32.24508229320636,32.724662610399534,0.07216191380284727,19.471695782803,696.928981463809,0.0,15430.88
200934189435493509245876840523779924304_2,Sepsis,0.2,7.0,5.0,35.4,0.3250253667641686,0.25201366727983593,0.3369986877582526,0.9101694435094728,0.8143493023154083,0.7508323188641893,0.6396427880985996,0.4778539378403998,0.4108893163414466,0.3814065919605324,0.0012356166480656614,0.3036216069594957,70.6404101549997,51.27791363862343,49.78257685059216,0.10804574057692662,26.562034360994584,1261.3931273250141,0.0,15430.88
200934189435493509245876840523779924304_3,Sepsis,0.2,11.0,5.0,35.4,0.5462159737361166,0.4030934890857826,0.3934254778291194,0.9370651788517501,0.8657252409154973,0.8053462171080138,0.7025091122357218,0.5409705037641055,0.4695411523496432,0.4418823110843089,0.0012356166480656614,0.3036216069594957,70.6404101549997,28.003860018984415,26.628388847596945,0.04402527121128515,16.21671079378575,1743.6679837874137,0.0,15430.88
200934189435493509245876840523779924304_4,Sepsis,0.2,17.0,5.0,35.4,0.5439395900052938,0.40256763795841904,0.3885261826420438,0.9359296256411241,0.865937355907438,0.8019806314453504,0.6931392971223838,0.532913560749517,0.4656768852333627,0.43749644194527804,0.0012356166480656614,0.3036216069594957,70.6404101549997,27.064382381609175,27.07699587000534,0.04496552620548755,16.28240338980686,2099.2302552758133,0.0,15430.88
200934189435493509245876840523779924304_5,Sepsis,0.2,21.0,5.0,35.4,0.5446555633407616,0.40182744357888833,0.3804727728408613,0.9357708571968825,0.8655917296829433,0.8012902371003854,0.6897482886113262,0.5253774490715408,0.45752953671975566,0.42950864263803695,0.0012356166480656614,0.3036216069594957,70.6404101549997,27.996708233398387,27.917423151794356,0.0419727993896231,16.349026074190625,2455.9047023326043,0.0,15430.88
31882839497307630496007576300860674457_0,Sepsis,0.5,3.0,2.0,87.4,0.5780025243345722,0.36161614436586553,0.1330810865756454,0.9855443143798425,0.9791973332345396,0.9723640257219406,0.95818830782644,0.920906201284514,0.8793365900156829,0.8335835462063101,0.0012356166480656614,3.224343567970209,78.56910202297149,26.178581231622957,40.054305089602714,0.04095048758899793,18.578053340595215,332.3805465527927,0.0,38064.3
31882839497307630496007576300860674457_1,Sepsis,0.5,5.0,2.0,87.4,0.23055132811947895,0.21404032794566064,0.2811696628653447,0.8898736289425125,0.7913298066254377,0.7170409537798891,0.5976947476267818,0.43228701958284743,0.3674533085414954,0.3413331319700508,0.0012356166480656614,3.224343567970209,78.56910202297149,26.9474278551992,27.155996877595317,0.04354231780162081,15.972624562226702,713.4782292042044,0.0,38064.3
31882839497307630496007576300860674457_2,Sepsis,0.5,7.0,2.0,87.4,0.3153067618123641,0.2728053679664647,0.33394074410627367,0.9085598991355799,0.8123047367972112,0.7477796901198079,0.6353062550658984,0.4720939256402953,0.40479724665901673,0.3761794416636401,0.0012356166480656614,3.224343567970209,78.56910202297149,27.038400481594728,27.008864504180384,0.04247840021271258,16.048635059804656,1067.536987148982,0.0,38064.3
31882839497307630496007576300860674457_3,Sepsis,0.5,11.0,2.0,87.4,0.5437835040787562,0.39716248389564357,0.39201410899574796,0.9368070231138402,0.8648420287400345,0.8047459591798709,0.7014362273464285,0.5404294813730945,0.46952287954758426,0.44096989851618185,0.0012356166480656614,3.224343567970209,78.56910202297149,26.123709917988162,26.44160519639263,0.041631339420564475,16.038708844198844,1413.1000908091896,0.0,38064.3
31882839497307630496007576300860674457_4,Sepsis,0.5,17.0,2.0,87.4,0.5448128352555475,0.40183725729578124,0.38781739933570736,0.9358131936941081,0.8657173723577009,0.8010808885501831,0.691944640518996,0.5327716056668838,0.46615648577730057,0.4384102331393134,0.0012356166480656614,3.224343567970209,78.56910202297149,25.904999834811314,26.131795735796914,0.0403382463962771,15.824385436007287,1755.53978698079,0.0,38064.3
31882839497307630496007576300860674457_5,Sepsis,0.5,21.0,2.0,87.4,0.5453221742073575,0.40185960032267715,0.3791210376730685,0.9360292244352152,0.865935218260039,0.8019401524618959,0.6897434161850018,0.5265371786260384,0.45883379598165924,0.43085779465639523,0.0012356166480656614,3.224343567970209,78.56910202297149,26.884213050594553,26.741774661210364,0.04252296540653333,14.90872030601604,2097.5141636149956,0.0,38064.3
204856358341536816138399558242345199755_0,Sepsis,1.0,3.0,1.0,174.6,0.5788581570878393,0.3614209848401442,0.13159299774299824,0.9856242628206651,0.9792716054341473,0.9724561610904248,0.9583069633321246,0.9210475781882748,0.8794925858912339,0.8337368428751655,0.0012356166480656614,0.30431358597707003,76.35439928801497,26.07115712899249,48.60741219138727,0.04384922919562086,17.755496202397627,343.5382992642233,0.0,75758.6
204856358341536816138399558242345199755_1,Sepsis,1.0,5.0,1.0,174.6,0.22796168245422105,0.21449942654553053,0.27893593087491325,0.889614749066542,0.7900865649060409,0.7154623009004413,0.5955770131340776,0.42966400842325597,0.36460518455229957,0.3383745535812696,0.0012356166480656614,0.30431358597707003,76.35439928801497,25.50331788697513,25.5552412572084,0.04145424761809409,15.012123766401782,739.8606579726213,0.0,75758.6
204856358341536816138399558242345199755_2,Sepsis,1.0,7.0,1.0,174.6,0.31662125879329767,0.27262372001771656,0.3336694705065285,0.9087259580072693,0.8126020028694283,0.7483673720206476,0.6365108689085525,0.4726837124767981,0.404798914659935,0.3752725273762028,0.0012356166480656614,0.30431358597707003,76.35439928801497,26.316575219994412,25.89483165758429,0.03991161381127313,15.078278815816157,1077.6189181812224,0.0,75758.6
204856358341536816138399558242345199755_3,Sepsis,1.0,11.0,1.0,174.6,0.5453494145295428,0.39670620022186437,0.39005528253125055,0.9371638135929201,0.8661563545149289,0.8065343666072027,0.7033758504772207,0.5422500493410064,0.47095237622262376,0.44197468165264714,0.0012356166480656614,0.30431358597707003,76.35439928801497,25.848497566999868,26.103242993017194,0.041027419199235735,14.713141125801485,1412.1542378304177,0.0,75758.6
204856358341536816138399558242345199755_4,Sepsis,1.0,17.0,1.0,174.6,0.5505369146065887,0.4036065148741807,0.38668548577922557,0.9365541356458875,0.8667667363233651,0.8027803170430005,0.6940934570656839,0.5347215479264916,0.46747855168109476,0.4384395211247808,0.0012356166480656614,0.30431358597707003,76.35439928801497,26.78708715700777,26.613365175377112,0.04350564279593527,14.240934031619691,1746.490957462613,0.0,75758.6
204856358341536816138399558242345199755_5,Sepsis,1.0,21.0,1.0,174.6,0.5529748806547363,0.40570744095663985,0.3769234842162884,0.9368610653648821,0.8675487009184861,0.8036446058724114,0.6912835589393455,0.5274856365656511,0.45925911854773416,0.43056239351741865,0.0012356166480656614,0.30431358597707003,76.35439928801497,26.81343018859625,27.212537495594006,0.04137963801622391,13.951421640592162,2085.0562994032284,0.0,75758.6
