params.cv_hash,params.dataset,params.process_stage_width_percentage,params.max_pattern_size_eval,params.random_seed,params.ncores,metrics.n_process_stages,metrics.process_stage_width,metrics.nap_accuracy,metrics.nap_balanced_accuracy,metrics.rtp_similarity,metrics.none_share,metrics.prep_duration,metrics.fit_duration,metrics.nap_duration,metrics.nap_eval_duration,metrics.nap_pred_duration,metrics.nap_pred_convert_duration,metrics.nap_n_events_per_second,metrics.rtp_duration,metrics.rtp_eval_duration,metrics.rtp_pred_duration,metrics.rtp_pred_convert_duration,metrics.rtp_n_traces_per_second,metrics.total_run_time,metrics.total_fit_duration,metrics.fit_duration_per_fold,metrics.avg_pruned_patterns_per_stage,metrics.avg_unpruned_patterns_per_stage
200934189435493509245876840523779924304_eps0_s0,BPI2012_C,0.0,3.0,,,95.6,1.0,0.6751513565178612,0.4220994083179299,0.125606305334971,0.13660412394572014,0.927680998982396,,2.5381315851816906,0.12856775941327214,2.4956711859907954,2.5374916113913057,11376.314499544595,8.843766685400624,3.2774450450087897,6.348845551395788,8.843083541386296,4477.953517323129,346048.9341398112,68.35643646598328,13.671287293196656,0.0,139.42543901281442
252036172554514852379917073716435574953_eps0_s0,BPI2012_C,0.0,3.0,,,95.6,1.0,0.7579836755978334,0.5583452178089227,0.2563167070452196,0.015060580262050094,0.9540097839781083,,3.2329716222011484,0.13382525399792938,3.190627377992496,3.232394207594916,8898.668641091552,28.182740182767155,4.06413367082132,25.555472601403018,28.182206381205468,1112.6967437695134,345317.78701961215,71.81100884900661,14.362201769801322,0.0,1104.5265780730897
252336560693540533935881068298825202077_eps0_s0,BPI2012_C,0.0,3.0,,,95.6,1.0,0.7630054497235774,0.5726311774015416,0.2610636507674019,0.007500481379998901,0.9347268830169924,,6.136290262790863,0.13548296220833436,6.0917816841974854,6.135587536997628,4664.100470669153,53.41696295081638,4.387623289192561,50.825164021004454,53.41637182238046,559.0136482249889,342961.2297439918,116.16480117896572,23.232960235793144,0.0,3464.7674418604647
47482295457342411543800303662309855831_eps0_s0,BPI2012_C,0.0,3.0,,,95.6,1.0,0.7630054497235774,0.5726311774015416,0.2610636507674019,0.007500481379998901,0.9537908699712716,,6.061606589402072,0.12310359239345417,6.019760249205865,6.060987501207274,4716.338056755958,53.541933066002095,4.4703017504070885,50.95398845381569,53.541444526007396,557.504017019014,344291.94495210104,115.19984892004868,23.039969784009735,0.0,3464.7674418604647
200934189435493509245876840523779924304_eps1_s0,BPI2012_C,0.0,7.0,,,95.6,1.0,0.6126360433816591,0.4320431711181216,0.23246818001238564,0.13660412394572014,0.927680998982396,,2.5177333410014398,0.12794312881305814,2.4715481606079264,2.5170405734097585,11488.864619920863,6.1283641626010645,2.9263203606009482,3.6625675174058414,6.127731312601827,7766.366160828317,346115.120287976,68.35643646598328,13.671287293196656,0.0,139.42543901281442
252036172554514852379917073716435574953_eps1_s0,BPI2012_C,0.0,7.0,,,95.6,1.0,0.6349222394747537,0.5569328884555852,0.4560569156749555,0.015060580262050094,0.9540097839781083,,3.2644434203975834,0.11811451881658286,3.2225648428080604,3.263730313605629,8810.972963127128,6.866304297407623,2.745014745602384,4.437808346585371,6.865824760578107,6401.585974480394,345428.3453072086,71.81100884900661,14.362201769801322,0.0,1104.5265780730897
252336560693540533935881068298825202077_eps1_s0,BPI2012_C,0.0,7.0,,,95.6,1.0,0.621569208145034,0.5586052106507523,0.4548196365130808,0.007500481379998901,0.9347268830169924,,6.036848111613653,0.11776693119900301,5.993849928409327,6.036131060810294,4745.415516160303,11.930197575618513,3.145731549174525,9.532645206991583,11.929474993608892,2979.705230169055,343153.6671723268,116.16480117896572,23.232960235793144,0.0,3464.7674418604647
47482295457342411543800303662309855831_eps1_s0,BPI2012_C,0.0,7.0,,,95.6,1.0,0.621569208145034,0.5586052106507523,0.4548196365130808,0.007500481379998901,0.9537908699712716,,6.028014010214247,0.12829268637578933,5.9862825748045,6.027235123002901,4745.616126238901,12.261730060004629,3.151270979596302,9.857295683620032,12.261158350203186,2880.730858785566,344485.47939404345,115.19984892004868,23.039969784009735,0.0,3464.7674418604647
200934189435493509245876840523779924304_eps2_s0,BPI2012_C,0.0,11.0,,,95.6,1.0,0.6524470187502945,0.4217047898809721,0.2521406232308039,0.13660412394572014,0.927680998982396,,2.5534663711907344,0.1271375700016506,2.5093735393951646,2.552752236183733,11315.532055401989,5.816125787387136,3.282830513396766,3.2767688159947284,5.815475247823633,8665.182908003331,346175.60674679244,68.35643646598328,13.671287293196656,0.0,139.42543901281442
252036172554514852379917073716435574953_eps2_s0,BPI2012_C,0.0,11.0,,,95.6,1.0,0.6657090477459102,0.5703621162338722,0.4565353345101215,0.015060580262050094,0.9540097839781083,,3.2953018210013396,0.11769616199890151,3.2504082143772393,3.294438411598094,8735.505309981907,6.657809708581771,2.9159046364133245,4.180021726409905,6.657222694798838,6793.35345162523,345494.8516796806,71.81100884900661,14.362201769801322,0.0,1104.5265780730897
252336560693540533935881068298825202077_eps2_s0,BPI2012_C,0.0,11.0,,,95.6,1.0,0.6475604299523245,0.5791427704915332,0.4730534344974605,0.007500481379998901,0.9347268830169924,,6.029776880214922,0.11710212159669027,5.986317446397152,6.029121665598359,4743.351681089288,10.517169663205276,3.348659951193258,8.082914146594703,10.516589559207205,3514.8628219801076,343257.570628097,116.16480117896572,23.232960235793144,0.0,3464.7674418604647
47482295457342411543800303662309855831_eps2_s0,BPI2012_C,0.0,11.0,,,95.6,1.0,0.6475604299523245,0.5791427704915332,0.4730534344974605,0.007500481379998901,0.9537908699712716,,6.171607422397938,0.11976836258545517,6.129673089191783,6.17092400441179,4632.160603721966,10.62629361199215,3.224116122792475,8.230627053591888,10.625689231604337,3451.0041807302796,344590.772561824,115.19984892004868,23.039969784009735,0.0,3464.7674418604647
200934189435493509245876840523779924304_eps3_s0,BPI2012_C,0.0,15.0,,,95.6,1.0,0.6547500231919597,0.4186235083495914,0.24821414604433528,0.13660412394572014,0.927680998982396,,2.5444440581952223,0.1290135943912901,2.501473983190954,2.5435998279834164,11351.272808393027,5.7849763736128805,3.30276750739431,3.2394042346044443,5.784237261605449,8765.571280450773,346236.1011669432,68.35643646598328,13.671287293196656,0.0,139.42543901281442
252036172554514852379917073716435574953_eps3_s0,BPI2012_C,0.0,15.0,,,95.6,1.0,0.6968665125487903,0.5497790176369242,0.4591452205845319,0.015060580262050094,0.9540097839781083,,3.415816225996241,0.12746133939363063,3.3704794636229054,3.4149668088182805,8423.404361847734,6.777346093801316,2.909644372982439,4.323232561396435,6.776777906389907,6572.7691100626225,345562.2281219694,71.81100884900661,14.362201769801322,0.0,1104.5265780730897
252336560693540533935881068298825202077_eps3_s0,BPI2012_C,0.0,15.0,,,95.6,1.0,0.690203109842334,0.5596751739899368,0.48038615643791027,0.007500481379998901,0.9347268830169924,,6.3682693502050824,0.14605204320978374,6.325078615813982,6.367515849019401,4488.786251421333,10.287213646806777,3.221275897405576,7.816613884991966,10.286595413018949,3637.6644835966254,343359.1478275788,116.16480117896572,23.232960235793144,0.0,3464.7674418604647
47482295457342411543800303662309855831_eps3_s0,BPI2012_C,0.0,15.0,,,95.6,1.0,0.690203109842334,0.5596751739899368,0.48038615643791027,0.007500481379998901,0.9537908699712716,,6.399495101184584,0.12144101759186014,6.356737817812245,6.398765119409655,4467.643757440923,10.153270193201024,3.217481780401431,7.750413611787371,10.152824680611957,3664.8188325438487,344692.0120315644,115.19984892004868,23.039969784009735,0.0,3464.7674418604647
200934189435493509245876840523779924304_eps4_s0,BPI2012_C,0.0,21.0,,,95.6,1.0,0.6570140168162647,0.41670329386693317,0.2455643137676949,0.13660412394572014,0.927680998982396,,2.6042776253889315,0.13638457199558615,2.560755566996522,2.6033824874088167,11088.921220540546,5.875205892021768,3.267116590181831,3.3219034585985354,5.874412612023297,8551.545250522593,346296.93905158795,68.35643646598328,13.671287293196656,0.0,139.42543901281442
252036172554514852379917073716435574953_eps4_s0,BPI2012_C,0.0,21.0,,,95.6,1.0,0.6940457816085865,0.5582555280633524,0.4578734551182377,0.015060580262050094,0.9540097839781083,,3.7013861865969373,0.13018750339979307,3.657372204621788,3.7004714188165964,7763.385934478714,6.907813470577821,2.854285153618548,4.417270886199549,6.907271627394948,6429.714944190063,345630.8804131436,71.81100884900661,14.362201769801322,0.0,1104.5265780730897
252336560693540533935881068298825202077_eps4_s0,BPI2012_C,0.0,21.0,,,95.6,1.0,0.6630993683758257,0.5637957722928024,0.4715717949734374,0.007500481379998901,0.9347268830169924,,7.7601257509901185,0.12746226179879158,7.7145624894066716,7.7591814593994055,3684.2803827698385,10.461354769417085,3.2716646043932998,8.003129931015428,10.46064342939062,3548.861310399364,343465.792991372,116.16480117896572,23.232960235793144,0.0,3464.7674418604647
47482295457342411543800303662309855831_eps4_s0,BPI2012_C,0.0,21.0,,,95.6,1.0,0.6630993683758257,0.5637957722928024,0.4715717949734374,0.007500481379998901,0.9537908699712716,,7.63472212360939,0.1327262947917916,7.593005288392305,7.6339823069865815,3740.154952797563,10.471850103791803,3.090205642790534,8.013651168788783,10.471171136200429,3544.122082626573,344797.46579789463,115.19984892004868,23.039969784009735,0.0,3464.7674418604647
142755197448285586864950898907211027337_eps0_s0,BPI2012_C,0.025,3.0,,,32.2,3.0,0.656870475804685,0.4065927539992334,0.09497235718826215,0.16063462100302917,0.9315024890238419,,2.2097710964037107,0.12305555220227689,2.1658236294053497,2.208973140618764,13112.62248826562,7.689329294196796,3.106998719391413,5.216104577796068,7.6888241927837955,5478.647945073519,350844.5539710432,65.04552992200479,13.009105984400957,0.0,134.51347962382445
204856358341536816138399558242345199755_eps0_s0,BPI2012_C,0.025,3.0,,,32.2,3.0,0.765397981623067,0.5811556375021644,0.21851479247263547,0.0026470108124251285,0.9226783310296014,,6.197403284802567,0.12573491919320076,6.153983471391257,6.1967714498052375,4616.8416657091675,82.47166589200496,4.335565155977383,79.83482793578878,82.47095417780801,357.08311857678893,349085.8051856988,157.51612211100291,31.50322442220058,0.0,8614.181609195402
243648848362029147724904434567477923763_eps0_s0,BPI2012_C,0.025,3.0,,,32.2,3.0,0.7589089273955656,0.5615106555291476,0.21180807810314067,0.012478393682878966,10.584355477010831,,2.7823441367945634,0.11710799720603973,2.7405983474105597,2.7816701622097755,10366.29956270632,30.331694278190845,3.8497064155992122,27.750620016187895,30.3312258116086,1030.86928080289,350141.2269139044,55.409966699022334,11.081993339804466,0.0,1141.7510971786835
31882839497307630496007576300860674457_eps0_s0,BPI2012_C,0.025,3.0,,,32.2,3.0,0.765397981623067,0.5811556375021644,0.21851479247263547,0.0026470108124251285,0.9532790209632367,,6.389238771400414,0.12364292140118778,6.34753259079298,6.388457289594226,4474.440068154259,80.94019452480134,4.442611431784462,78.32343732741428,80.93963203098392,363.5097288819003,347389.2209690832,157.39665074599907,31.479330149199814,0.0,8614.181609195402
142755197448285586864950898907211027337_eps1_s0,BPI2012_C,0.025,7.0,,,32.2,3.0,0.6157385156324415,0.4110133365119319,0.19512429686462024,0.16063462100302917,0.9315024890238419,,2.2079553621821106,0.12296928502619267,2.162710835202597,2.206790177000221,13131.65202149405,5.240639118582476,2.715475846012123,2.810304628976155,5.240046908997465,10106.3589856191,350902.95194981917,65.04552992200479,13.009105984400957,0.0,134.51347962382445
204856358341536816138399558242345199755_eps1_s0,BPI2012_C,0.025,7.0,,,32.2,3.0,0.6055384420475103,0.5537612160838615,0.45305685542869234,0.0026470108124251285,0.9226783310296014,,6.316452077997383,0.1215409227879718,6.2741453543887475,6.315648938983213,4525.761298565163,12.630582665617112,3.045554901380092,10.200716896995436,12.629982982191724,2786.267803249918,349345.42511479056,157.51612211100291,31.50322442220058,0.0,8614.181609195402
243648848362029147724904434567477923763_eps1_s0,BPI2012_C,0.025,7.0,,,32.2,3.0,0.6295969793167181,0.5656105725165473,0.42903831126675296,0.012478393682878966,10.584355477010831,,2.738667773397174,0.12158442479558289,2.6963517233962193,2.737911807990167,10532.375809375444,7.4666098453919405,2.8010456389863974,3.6072843827889303,7.466102759586647,7888.322259586996,350261.73641705903,55.409966699022334,11.081993339804466,0.0,1141.7510971786835
31882839497307630496007576300860674457_eps1_s0,BPI2012_C,0.025,7.0,,,32.2,3.0,0.6055384420475103,0.5537612160838615,0.45305685542869234,0.0026470108124251285,0.9532790209632367,,6.436284999817144,0.12196095099207013,6.393194646202028,6.435465067217592,4442.784295440941,12.697742453217506,3.169114182796329,10.291363462607842,12.69716851420235,2761.3384791136805,347645.5590555614,157.39665074599907,31.479330149199814,0.0,8614.181609195402
142755197448285586864950898907211027337_eps2_s0,BPI2012_C,0.025,11.0,,,32.2,3.0,0.637813185987046,0.4080269367940252,0.194077281282628,0.16063462100302917,0.9315024890238419,,2.2518879403942265,0.13331162361428142,2.2086879741982557,2.2511579001904467,12859.539057060416,5.14672252740711,2.7400504469871523,2.7058914990164338,5.146181716781575,10497.78620819216,350956.3871525098,65.04552992200479,13.009105984400957,0.0,134.51347962382445
204856358341536816138399558242345199755_eps2_s0,BPI2012_C,0.025,11.0,,,32.2,3.0,0.6526450944402101,0.5872245869575601,0.4759181587296689,0.0026470108124251285,0.9226783310296014,,6.349303595395758,0.11902491023065523,6.3076645960099995,6.348496284801513,4504.900542988924,11.127433645201382,3.125064245797694,8.671041144174524,11.126814693002961,3274.458061156737,349453.414575049,157.51612211100291,31.50322442220058,0.0,8614.181609195402
243648848362029147724904434567477923763_eps2_s0,BPI2012_C,0.025,11.0,,,32.2,3.0,0.6770791337919346,0.5768588171347822,0.43873449861759484,0.012478393682878966,10.584355477010831,,2.8358335288008676,0.1192887081997469,2.7913955344003627,2.8349555051885544,10173.762530572543,6.349578143609688,3.036633691994939,3.852330391993746,6.349003453005571,7390.924568620821,350323.62109520065,55.409966699022334,11.081993339804466,0.0,1141.7510971786835
31882839497307630496007576300860674457_eps2_s0,BPI2012_C,0.025,11.0,,,32.2,3.0,0.6526450944402101,0.5872245869575601,0.4759181587296689,0.0026470108124251285,0.9532790209632367,,6.473381395393517,0.12264674861216918,6.431493223609868,6.47264268520521,4417.311182805473,11.294093099993187,3.26374611640349,8.834124107810203,11.293519657594151,3214.742449024523,347755.2073194484,157.39665074599907,31.479330149199814,0.0,8614.181609195402
142755197448285586864950898907211027337_eps3_s0,BPI2012_C,0.025,15.0,,,32.2,3.0,0.6415342209851271,0.397968154703208,0.2001652589559168,0.16063462100302917,0.9315024890238419,,2.2495494800037705,0.1248142841970548,2.204860120988451,2.2487377997953444,12878.107209655758,5.183198306395207,2.8536597519996576,2.702702884399332,5.182630420580972,10509.308544582489,351009.81595202663,65.04552992200479,13.009105984400957,0.0,134.51347962382445
204856358341536816138399558242345199755_eps3_s0,BPI2012_C,0.025,15.0,,,32.2,3.0,0.6828384468285918,0.5633914779934234,0.4832953826864725,0.0026470108124251285,0.9226783310296014,,6.654597043199464,0.12173921581124887,6.612966047599912,6.653936003998387,4298.02455742582,10.732639444596135,3.0553339486010374,8.290095701382961,10.732131177582778,3426.329746833106,349558.1952455588,157.51612211100291,31.50322442220058,0.0,8614.181609195402
243648848362029147724904434567477923763_eps3_s0,BPI2012_C,0.025,15.0,,,32.2,3.0,0.7217122233949675,0.5627896150604604,0.4511268076564365,0.012478393682878966,10.584355477010831,,2.8267812564154156,0.11959848039550706,2.7835985116078517,2.825921265000943,10203.737535632816,6.215747251803987,2.9515373936039397,3.746285685605835,6.215151326800696,7586.510667614775,350386.5346079268,55.409966699022334,11.081993339804466,0.0,1141.7510971786835
31882839497307630496007576300860674457_eps3_s0,BPI2012_C,0.025,15.0,,,32.2,3.0,0.6828384468285918,0.5633914779934234,0.4832953826864725,0.0026470108124251285,0.9532790209632367,,6.739982219797094,0.12619270641589536,6.697560140781571,6.739353049790952,4241.398799683173,10.927031096804422,3.257421980192885,8.508624969003723,10.926526613370516,3337.90964964955,347862.1610546766,157.39665074599907,31.479330149199814,0.0,8614.181609195402
142755197448285586864950898907211027337_eps4_s0,BPI2012_C,0.025,21.0,,,32.2,3.0,0.6418328683630637,0.3981732238999343,0.20526395571710365,0.16063462100302917,0.9315024890238419,,2.242527547595091,0.13299003359861672,2.1992454211926087,2.2417286443989726,12908.957713459535,5.246705988794565,3.0455951391835696,2.772798454388976,5.246141850191634,10240.492047112997,351064.1006352084,65.04552992200479,13.009105984400957,0.0,134.51347962382445
204856358341536816138399558242345199755_eps4_s0,BPI2012_C,0.025,21.0,,,32.2,3.0,0.6653561893865952,0.5732798934463588,0.4747897166925946,0.0026470108124251285,0.9226783310296014,,7.976978161814623,0.1276504237903282,7.935332982405089,7.976256185211241,3580.9511664999036,11.048060853185598,3.017104551801458,8.60929621659452,11.047519946401007,3298.8885629921,349667.48946297297,157.51612211100291,31.50322442220058,0.0,8614.181609195402
243648848362029147724904434567477923763_eps4_s0,BPI2012_C,0.025,21.0,,,32.2,3.0,0.733083572714148,0.5636040708142264,0.45275023838740036,0.012478393682878966,10.584355477010831,,2.957713239802979,0.13363225258653982,2.9160740517778323,2.9569178945966996,9736.076964268845,6.327567057614215,2.847884922393132,3.847211865987629,6.326870882394724,7379.885147437815,350449.0818728238,55.409966699022334,11.081993339804466,0.0,1141.7510971786835
31882839497307630496007576300860674457_eps4_s0,BPI2012_C,0.025,21.0,,,32.2,3.0,0.6653561893865952,0.5732798934463588,0.4747897166925946,0.0026470108124251285,0.9532790209632367,,8.017678888211957,0.11929006420541555,7.975989562203177,8.016922125802376,3562.0292964845744,11.042444743181113,3.2339029504102657,8.589270416786894,11.04197921239538,3307.392983323961,347973.26702191524,157.39665074599907,31.479330149199814,0.0,8614.181609195402
143808228238095277664544419614730890173_eps0_s0,BPI2012_C,0.1,3.0,,,10.0,9.8,0.7571757015493457,0.5542273503667875,0.1771158785055708,0.013400180093636577,0.9600047149579041,,2.470940023602452,0.1275975527940318,2.428733900585212,2.4702742263907567,11690.233453839897,33.28442633298691,3.1305778626003304,30.81038665579399,33.28379090178059,930.4366108556521,356641.3800403654,68.35676481097471,13.671352962194941,0.0,1340.52
258208765752992901959170973957564585355_eps0_s0,BPI2012_C,0.1,3.0,,,10.0,9.8,0.7654028897121419,0.586930108469746,0.18430699764357952,0.0009403662101356234,0.931268950982485,,6.591755722800736,0.1257427171920426,6.546726769988891,6.59086600219598,4337.858643072322,125.12624739662279,3.4860420519835316,122.6742282818188,125.12543437860441,231.68422691196392,355450.0771047412,271.5264194990159,54.30528389980318,0.0,23510.46
73267476325277510937415020325069564022_eps0_s0,BPI2012_C,0.1,3.0,,,10.0,9.8,0.6380815416335168,0.3884429246465467,0.05087807003062857,0.18323482325374005,0.9252386529697105,,2.1472274428000673,0.1269142372184433,2.1043264554115013,2.14651743741706,13496.572196634268,6.8398602066095915,2.551882918807678,4.453522723994683,6.839281970611774,6399.304539200331,357373.316159833,75.80406201496953,15.160812402993907,0.0,118.08000000000001
94663391914329153046920958885615291360_eps0_s0,BPI2012_C,0.1,3.0,,,10.0,9.8,0.7654028897121419,0.586930108469746,0.18430699764357952,0.0009403662101356234,0.9022532840026543,,6.666713310801424,0.12721112478757277,6.624621267791372,6.6658170583890755,4287.2186169321385,123.86664073978318,3.6541817672085015,121.3666862957878,123.86606840220047,234.04499932297375,352894.85014324624,268.55722262203926,53.71144452440785,0.0,23510.46
143808228238095277664544419614730890173_eps1_s0,BPI2012_C,0.1,7.0,,,10.0,9.8,0.6403545206932526,0.5579939516290316,0.41815245340914825,0.013400180093636577,0.9600047149579041,,2.4766628084122204,0.1220464973943308,2.4343652401817963,2.475959153182339,11665.206243355318,5.446688376413658,2.6486118249827997,2.9929770288174042,5.446077438595239,9485.89022522896,356755.127897053,68.35676481097471,13.671352962194941,0.0,1340.52
258208765752992901959170973957564585355_eps1_s0,BPI2012_C,0.1,7.0,,,10.0,9.8,0.5915481861323317,0.5384273839825818,0.44490319633115255,0.0009403662101356234,0.931268950982485,,6.54073735299753,0.1197236277977936,6.495970526000019,6.539853413985111,4379.692206342106,13.513034408399836,2.8232043964089826,11.11252797160996,13.512460247788113,2555.6633657091484,355784.9573659254,271.5264194990159,54.30528389980318,0.0,23510.46
73267476325277510937415020325069564022_eps1_s0,BPI2012_C,0.1,7.0,,,10.0,9.8,0.604988692225995,0.37964435351510717,0.17304731010067897,0.18323482325374005,0.9252386529697105,,2.1433272969909014,0.12399120380869136,2.10017225779593,2.1425086379866114,13524.547630138297,5.1038525872048925,2.7824380819802172,2.6926472179940903,5.103190771793015,10582.144273251954,357429.31111872604,75.80406201496953,15.160812402993907,0.0,118.08000000000001
94663391914329153046920958885615291360_eps1_s0,BPI2012_C,0.1,7.0,,,10.0,9.8,0.5915481861323317,0.5384273839825818,0.44490319633115255,0.0009403662101356234,0.9022532840026543,,6.706811781809665,0.12323121199151502,6.662021570606157,6.706032255594619,4263.430396003951,13.699636249605101,3.1172481838031674,11.238064590177965,13.69884603478713,2530.184368569847,353232.2058018118,268.55722262203926,53.71144452440785,0.0,23510.46
143808228238095277664544419614730890173_eps2_s0,BPI2012_C,0.1,11.0,,,10.0,9.8,0.7148940157094161,0.5607098626422193,0.44326574726773016,0.013400180093636577,0.9600047149579041,,2.523333899397403,0.1266989883966744,2.4765928057953714,2.5225125474040397,11464.311103620224,5.748378375801257,2.823080183600541,3.3036391988047398,5.747857403208036,8687.95175374458,356812.222679049,68.35676481097471,13.671352962194941,0.0,1340.52
258208765752992901959170973957564585355_eps2_s0,BPI2012_C,0.1,11.0,,,10.0,9.8,0.6587836991939294,0.5831850945052107,0.47252321632668987,0.0009403662101356234,0.931268950982485,,6.579307291808073,0.12015284559456632,6.537664951989427,6.5786090842098925,4345.081027098966,12.103166547592263,2.903241564007476,9.658930265193339,12.102631981193554,2940.863056976163,355897.7296553182,271.5264194990159,54.30528389980318,0.0,23510.46
73267476325277510937415020325069564022_eps2_s0,BPI2012_C,0.1,11.0,,,10.0,9.8,0.6146549505136829,0.38301644790727646,0.17422301323915343,0.18323482325374005,0.9252386529697105,,2.141462835390121,0.11943528280826285,2.095861781202257,2.1406471164082177,13555.37591019931,5.24401474018814,2.8123439572169446,2.772920652409084,5.2433163446024995,10266.617114311292,357481.34273411817,75.80406201496953,15.160812402993907,0.0,118.08000000000001
94663391914329153046920958885615291360_eps2_s0,BPI2012_C,0.1,11.0,,,10.0,9.8,0.6587836991939294,0.5831850945052107,0.47252321632668987,0.0009403662101356234,0.9022532840026543,,6.884387618000619,0.12193867219612002,6.842464535182808,6.883695528598037,4150.955366559889,12.040750514389947,3.2376407656003723,9.606415036995894,12.040152422408573,2957.616979176837,353347.9361691134,268.55722262203926,53.71144452440785,0.0,23510.46
143808228238095277664544419614730890173_eps3_s0,BPI2012_C,0.1,15.0,,,10.0,9.8,0.7410987864161565,0.5530592249174726,0.43173561284048,0.013400180093636577,0.9600047149579041,,2.553888715384528,0.12549939521122724,2.511099125200417,2.55300641420763,11306.866755499734,5.999702812195755,2.893247453402728,3.5214021015912293,5.999086210608948,8180.519847655938,356870.2747029434,68.35676481097471,13.671352962194941,0.0,1340.52
258208765752992901959170973957564585355_eps3_s0,BPI2012_C,0.1,15.0,,,10.0,9.8,0.676379994146912,0.5615722224438484,0.4809837423011013,0.0009403662101356234,0.931268950982485,,7.0430767688085325,0.11961293779313564,7.001544810389168,7.042240159201901,4058.8641512096024,11.836375693208538,2.900614967406727,9.40599419879727,11.83575462398585,3025.3517348380383,356008.53766653256,271.5264194990159,54.30528389980318,0.0,23510.46
73267476325277510937415020325069564022_eps3_s0,BPI2012_C,0.1,15.0,,,10.0,9.8,0.6146339788254619,0.38298782962541866,0.1846757397109551,0.18323482325374005,0.9252386529697105,,2.1614979754085653,0.1242770804092288,2.1182142153847963,2.1607731425901875,13417.739131094942,5.221628502185922,3.1610874056001195,2.723341305588838,5.220914683595765,10435.084858750644,357535.3593476042,75.80406201496953,15.160812402993907,0.0,118.08000000000001
94663391914329153046920958885615291360_eps3_s0,BPI2012_C,0.1,15.0,,,10.0,9.8,0.676379994146912,0.5615722224438484,0.4809837423011013,0.0009403662101356234,0.9022532840026543,,7.08774778440129,0.1283785077976063,7.044470121606719,7.087062695214991,4032.778536582432,11.927819561597426,3.137419551995117,9.475965206616092,11.927313608198892,2999.133006734941,353461.27753248997,268.55722262203926,53.71144452440785,0.0,23510.46
143808228238095277664544419614730890173_eps4_s0,BPI2012_C,0.1,21.0,,,10.0,9.8,0.7402651571543031,0.5526871198829264,0.4251608130146855,0.013400180093636577,0.9600047149579041,,2.550876342598349,0.1317594137857668,2.5088051799917594,2.5501166583970187,11320.675459355212,5.9516973219928335,2.76258277320303,3.5011844152002594,5.95108380059246,8127.769195659865,356929.461807281,68.35676481097471,13.671352962194941,0.0,1340.52
258208765752992901959170973957564585355_eps4_s0,BPI2012_C,0.1,21.0,,,10.0,9.8,0.6717411462603484,0.5761315001726959,0.47617699372733335,0.0009403662101356234,0.931268950982485,,8.514502293802797,0.13914758299943059,8.472419495193753,8.513660731189884,3353.7449980652505,14.053886295983101,2.9054331942112186,9.557289992203005,14.053303826809861,2974.080835791002,356130.8124154076,271.5264194990159,54.30528389980318,0.0,23510.46
73267476325277510937415020325069564022_eps4_s0,BPI2012_C,0.1,21.0,,,10.0,9.8,0.6145928461654446,0.3829793508430848,0.18430871087041348,0.18323482325374005,0.9252386529697105,,2.1841619769926184,0.13062008819542825,2.1377318728133106,2.1834832734195517,13282.46517252865,5.259794161410537,3.206581312592607,2.7101175526040606,5.259135657793377,10487.142605663143,357590.7419638936,75.80406201496953,15.160812402993907,0.0,118.08000000000001
94663391914329153046920958885615291360_eps4_s0,BPI2012_C,0.1,21.0,,,10.0,9.8,0.6717411462603484,0.5761315001726959,0.47617699372733335,0.0009403662101356234,0.9022532840026543,,8.478793315589428,0.12089650339912623,8.43452437320957,8.478085606207605,3368.9361298210256,12.173546030407305,3.0878826392116023,9.731549520185217,12.172948832600378,2919.708718834127,353579.1320623108,268.55722262203926,53.71144452440785,0.0,23510.46
122154352235324958585344058181015187729_eps0_s0,BPI2012_C,0.2,3.0,,,5.0,19.6,0.7651889538633144,0.5870893264876758,0.18562694833077184,0.00047400192785147154,0.955822380958125,,6.590671352611389,0.12960149738937615,6.548795560002327,6.589963204599917,4341.900771551089,161.25238561198347,3.561782650218811,158.78338394840247,161.25187547920504,178.92101385987544,363561.8743570154,367.86022834299365,73.57204566859873,0.0,44549.6
156334184650786485978347865448030139775_eps0_s0,BPI2012_C,0.2,3.0,,,5.0,19.6,0.5935950474124285,0.35736243622527997,0.04962578117359715,0.24607194396617676,0.965048793994356,,2.1607853106223045,0.1249971941811964,2.1159612654009834,2.160063010593876,13419.4127546548,7.563041495799553,2.51256633620942,3.8459371922072023,7.562381573801394,8236.803026588646,365606.1321088986,73.00537652900675,14.60107530580135,0.0,131.76
34780355639312979015160389762850482787_eps0_s0,BPI2012_C,0.2,3.0,,,5.0,19.6,0.7651889538633144,0.5870893264876758,0.18562694833077184,0.00047400192785147154,0.9641962410532869,,6.862932248995639,0.11736527879256756,6.818416814610828,6.862173305009492,4165.621303933757,168.98822054420597,3.722484964784235,166.48344226736808,168.98751740460284,170.70975865530502,360171.781942665,374.7372746799956,74.94745493599912,0.0,44549.6
90011785275173713563502736162933793811_eps0_s0,BPI2012_C,0.2,3.0,,,5.0,19.6,0.7440686379081712,0.5220421779982507,0.16159141044612446,0.032343112281924075,0.9230375130428001,,2.3729138784110546,0.11196839880431071,2.330835049797315,2.37217322580982,12185.530501880683,28.419319391378668,3.3242795792059043,25.899662524810992,28.418845293996856,1142.840092542648,364856.7084364154,74.86041764798574,14.972083529597148,0.0,1262.84
122154352235324958585344058181015187729_eps1_s0,BPI2012_C,0.2,7.0,,,5.0,19.6,0.5972577906188862,0.5351960817901008,0.4408297144610528,0.00047400192785147154,0.955822380958125,,6.54234036160633,0.1278079623938538,6.498111934005283,6.54163251122227,4376.738154144789,13.751175076386426,2.8392700864118523,11.341522596613505,13.750627167592757,2511.006376875733,363977.92797183536,367.86022834299365,73.57204566859873,0.0,44549.6
156334184650786485978347865448030139775_eps1_s0,BPI2012_C,0.2,7.0,,,5.0,19.6,0.5835913140336456,0.3464597276885862,0.1537468111964499,0.24607194396617676,0.965048793994356,,2.179313031618949,0.12525657740188761,2.1361320968018847,2.1786328039946965,13291.4947458442,4.734136426611803,2.3740517961909062,2.368144839408342,4.733480989199597,11994.269886870747,365660.8419121958,73.00537652900675,14.60107530580135,0.0,131.76
34780355639312979015160389762850482787_eps1_s0,BPI2012_C,0.2,7.0,,,5.0,19.6,0.5972577906188862,0.5351960817901008,0.4408297144610528,0.00047400192785147154,0.9641962410532869,,6.774949354608543,0.12968821940012276,6.731018808600493,6.7742370548076,4224.146861289096,14.004193737392779,3.0676880596089178,11.606396005582065,14.003638940001839,2448.2920941451475,360606.9623461772,374.7372746799956,74.94745493599912,0.0,44549.6
90011785275173713563502736162933793811_eps1_s0,BPI2012_C,0.2,7.0,,,5.0,19.6,0.6343999158082301,0.5258590723320681,0.3683308956130447,0.032343112281924075,0.9230375130428001,,2.4163990158122033,0.11837578299455345,2.3737511974177323,2.4156682576285675,11961.2903049891,6.448480274609755,3.509156288194936,3.905449524195865,6.448002737609204,7352.484913288169,364971.1329645156,74.86041764798574,14.972083529597148,0.0,1262.84
122154352235324958585344058181015187729_eps2_s0,BPI2012_C,0.2,11.0,,,5.0,19.6,0.6601428668941114,0.5809790636669184,0.46882158972745236,0.00047400192785147154,0.955822380958125,,6.701524986384902,0.11668825959786773,6.660159720806405,6.700906374200713,4265.238975709503,13.429698879795614,2.8609309647930785,9.096738232008647,13.42914254940115,3124.0810670370943,364090.95122773777,367.86022834299365,73.57204566859873,0.0,44549.6
156334184650786485978347865448030139775_eps2_s0,BPI2012_C,0.2,11.0,,,5.0,19.6,0.5842306691189508,0.34685680485307924,0.15655072131395822,0.24607194396617676,0.965048793994356,,2.1828171596047468,0.12288212678395212,2.1372016868088393,2.1819480970152654,13286.539541623866,4.752037342009134,2.4362968322006053,2.3720710199908353,4.751445503998548,11975.445675196079,365709.6759898796,73.00537652900675,14.60107530580135,0.0,131.76
34780355639312979015160389762850482787_eps2_s0,BPI2012_C,0.2,11.0,,,5.0,19.6,0.6601428668941114,0.5809790636669184,0.46882158972745236,0.00047400192785147154,0.9641962410532869,,6.874336868186947,0.1320405890000984,6.832290519191884,6.873691642191261,4157.012963579882,11.777683548186905,3.150214834406506,9.329186635604128,11.77695083480794,3049.1115965759363,360721.4292733,374.7372746799956,74.94745493599912,0.0,44549.6
90011785275173713563502736162933793811_eps2_s0,BPI2012_C,0.2,11.0,,,5.0,19.6,0.7083596939465581,0.514281438631802,0.43427918309716523,0.032343112281924075,0.9230375130428001,,2.4227532392018474,0.12790696860756726,2.379708076606039,2.421951697010081,11934.975558389118,5.799078361003194,3.073392135184258,3.267573269002605,5.798535839607939,8724.763045514503,365031.3968714704,74.86041764798574,14.972083529597148,0.0,1262.84
122154352235324958585344058181015187729_eps3_s0,BPI2012_C,0.2,15.0,,,5.0,19.6,0.6771853235893655,0.5611528536445911,0.48125456580117143,0.00047400192785147154,0.955822380958125,,7.016552363999653,0.12780879399506376,6.975037871999666,7.015580377005972,4072.4218321580456,12.032185359811411,2.840157875989098,9.583420960209333,12.03159727079328,2964.065795723332,364208.83960899484,367.86022834299365,73.57204566859873,0.0,44549.6
156334184650786485978347865448030139775_eps3_s0,BPI2012_C,0.2,15.0,,,5.0,19.6,0.5842306691189508,0.34685680485307924,0.1564655185582756,0.24607194396617676,0.965048793994356,,2.161508931394201,0.11473898080876097,2.118730993801728,2.160684949206188,13401.785259669025,4.743627788801677,2.4607023734017277,2.3399840422091076,4.7429968155920506,12138.096204501371,365758.5037058988,73.00537652900675,14.60107530580135,0.0,131.76
34780355639312979015160389762850482787_eps3_s0,BPI2012_C,0.2,15.0,,,5.0,19.6,0.6771853235893655,0.5611528536445911,0.48125456580117143,0.00047400192785147154,0.9641962410532869,,7.257768397801556,0.12640578637365252,7.211209331208375,7.257027849799488,3938.4100752260665,12.356967402785084,3.153887312009465,9.923739644594026,12.356379216990899,2865.5260693269875,360836.2407419086,374.7372746799956,74.94745493599912,0.0,44549.6
90011785275173713563502736162933793811_eps3_s0,BPI2012_C,0.2,15.0,,,5.0,19.6,0.7259358428285694,0.5187308108844658,0.39436888926164404,0.032343112281924075,0.9230375130428001,,2.480558270192705,0.12238224720349536,2.4355081903981044,2.4797784976079127,11663.432098172221,5.987017567816656,2.9760992653784344,3.491483053995762,5.986466539208777,8141.006141105543,365090.458210067,74.86041764798574,14.972083529597148,0.0,1262.84
122154352235324958585344058181015187729_eps4_s0,BPI2012_C,0.2,21.0,,,5.0,19.6,0.6698274368865464,0.5752847686911043,0.47769589693825026,0.00047400192785147154,0.955822380958125,,8.470370021800045,0.12031530879903585,8.426794365176466,8.469622913794591,3371.1692183754785,12.385320592613425,2.8737957159872165,9.968984770390671,12.384765069396234,2849.1513481543625,364325.6888239308,367.86022834299365,73.57204566859873,0.0,44549.6
156334184650786485978347865448030139775_eps4_s0,BPI2012_C,0.2,21.0,,,5.0,19.6,0.5841540647803597,0.34682295997034224,0.15641021660231313,0.24607194396617676,0.965048793994356,,2.2089402249781416,0.12158577480586245,2.1657232134020887,2.2081630323897117,13121.196415071387,4.763142495602369,2.462044315994717,2.3351339780027045,4.762571037968155,12164.792856811842,365807.7307538014,73.00537652900675,14.60107530580135,0.0,131.76
34780355639312979015160389762850482787_eps4_s0,BPI2012_C,0.2,21.0,,,5.0,19.6,0.6698274368865464,0.5752847686911043,0.47769589693825026,0.00047400192785147154,0.9641962410532869,,8.64138611961389,0.12911140819778666,8.599519449612126,8.640588502597529,3304.2507808222554,12.64568949820241,3.116565132199321,10.19100644281134,12.64509547620546,2787.74892590323,360956.95031217457,374.7372746799956,74.94745493599912,0.0,44549.6
90011785275173713563502736162933793811_eps4_s0,BPI2012_C,0.2,21.0,,,5.0,19.6,0.7171907412673185,0.5208202516324727,0.42547888870067396,0.032343112281924075,0.9230375130428001,,2.4910520385950803,0.12376171898795292,2.449487146397587,2.490278282796498,11592.604663214714,5.850650025997311,3.0055086830048823,3.3190635365899652,5.850084982207045,8579.796924885644,365149.4598247024,74.86041764798574,14.972083529597148,0.0,1262.84
301303615634958901188516497625374252338_eps0_s0,BPI2012_C,0.5,3.0,,,2.0,48.8,0.740895443531665,0.5232423455025159,0.15952494001517514,0.03307301544309123,0.9698537820368074,,2.433468144608196,0.13746550796786322,2.3909376728115603,2.432804047607351,11876.949461829614,56.28222031758632,4.199353548989166,53.624478255806025,56.281568534602414,553.5814504134951,376930.2146378856,96.03784038702725,19.207568077405448,0.0,2876.7
313840851390597435954673044863649726085_eps0_s0,BPI2012_C,0.5,3.0,,,2.0,48.8,0.7621456162770708,0.5873345263106661,0.17793514807772368,0.00016972705170285196,0.9153367789695039,,6.859544122987427,0.12452065519755706,6.812893263599835,6.858639565785415,4170.043054165874,273.25685244998897,4.4963831368251705,268.40583500481443,273.2562867134111,106.15838516198971,369988.7519556174,633.3699683899758,126.67399367799517,0.0,102250.5
65432415834605434134577897559624831681_eps0_s0,BPI2012_C,0.5,3.0,,,2.0,48.8,0.5610652556226228,0.34213698533961245,0.05856169188152792,0.28937054116789607,0.9648231260362081,,2.195376501395367,0.1478875543922186,2.1502439669915474,2.1945127133978533,13217.317917909624,5.494219507591334,3.5920292316004634,2.902175604808144,5.493597849993966,9797.646868072605,377841.0914614224,95.83903331001056,19.167806662002114,0.0,82.2
99763397547193254507486301054948581651_eps0_s0,BPI2012_C,0.5,3.0,,,2.0,48.8,0.7621456162770708,0.5873345263106661,0.17793514807772368,0.00016972705170285196,0.9451676300377585,,6.703341874002945,0.13157821780769155,6.661509761598427,6.702741542609874,4263.959056371593,267.6372469698079,4.271889232588,264.989831066411,267.63655997419266,107.77472028829295,375205.679328332,641.1955699690152,128.23911399380304,0.0,102250.5
301303615634958901188516497625374252338_eps1_s0,BPI2012_C,0.5,7.0,,,2.0,48.8,0.6220314565382449,0.5184393102416162,0.35853927564600857,0.03307301544309123,0.9698537820368074,,2.458279191807378,0.1368386974092573,2.4160673644044435,2.457577678200323,11751.955497968169,8.047260455403011,3.422140971198678,5.518901079392526,8.046610678185242,5650.75825681528,377100.1328039232,96.03784038702725,19.207568077405448,0.0,2876.7
313840851390597435954673044863649726085_eps1_s0,BPI2012_C,0.5,7.0,,,2.0,48.8,0.6014007109030568,0.5321941597526387,0.437016850648736,0.00016972705170285196,0.9153367789695039,,6.91143234539777,0.12975304919527844,6.865123621816747,6.910696645022836,4137.400773172154,14.198000408406369,3.0229178825975396,11.756470193795394,14.19739088920178,2417.204244500837,370647.5607720256,633.3699683899758,126.67399367799517,0.0,102250.5
65432415834605434134577897559624831681_eps1_s0,BPI2012_C,0.5,7.0,,,2.0,48.8,0.5503289166438202,0.33085372750150854,0.16178970937430898,0.28937054116789607,0.9648231260362081,,2.2089635896030813,0.1276373462053016,2.164743581006769,2.2082476566080005,13121.917037952802,4.997392665606458,3.5385298042092472,2.4054789375979455,4.996665273199324,11813.390691119363,377898.18445174664,95.83903331001056,19.167806662002114,0.0,82.2
99763397547193254507486301054948581651_eps1_s0,BPI2012_C,0.5,7.0,,,2.0,48.8,0.6014007109030568,0.5321941597526387,0.437016850648736,0.00016972705170285196,0.9451676300377585,,6.6517532982048575,0.12689010860631242,6.607891014404595,6.65092568481341,4298.978156024219,13.920676500804257,2.8525624869856983,11.506855733599513,13.920149620994925,2472.033923758915,375856.2696869502,641.1955699690152,128.23911399380304,0.0,102250.5
301303615634958901188516497625374252338_eps2_s0,BPI2012_C,0.5,11.0,,,2.0,48.8,0.7125484546129573,0.5140451554612625,0.44149998773812643,0.03307301544309123,0.9698537820368074,,2.4354555286001416,0.1280702732037753,2.3929332106024956,2.434750591404736,11867.0463757801,6.314807191793807,3.0848013691836966,3.848741253593471,6.314272932789754,7733.969950548179,377164.0573060214,96.03784038702725,19.207568077405448,0.0,2876.7
313840851390597435954673044863649726085_eps2_s0,BPI2012_C,0.5,11.0,,,2.0,48.8,0.6591136767377487,0.5800712467131374,0.4636263806658036,0.00016972705170285196,0.9153367789695039,,7.160519291786477,0.12496507121250033,7.1181747351889495,7.159844936791342,3990.429068715826,11.893271267192905,3.0297515572048725,9.466569571581203,11.892790916201193,2999.038180548887,370763.7973252806,633.3699683899758,126.67399367799517,0.0,102250.5
65432415834605434134577897559624831681_eps2_s0,BPI2012_C,0.5,11.0,,,2.0,48.8,0.5516658534703742,0.3316378015510257,0.16442690484255476,0.28937054116789607,0.9648231260362081,,2.202193316805642,0.14625089858891444,2.1582863264135086,2.201442284998484,13163.94739519095,5.033936559001449,3.6184803873999045,2.414258512586821,5.033185591199436,11761.197651605926,377954.65382302215,95.83903331001056,19.167806662002114,0.0,82.2
99763397547193254507486301054948581651_eps2_s0,BPI2012_C,0.5,11.0,,,2.0,48.8,0.6591136767377487,0.5800712467131374,0.4636263806658036,0.00016972705170285196,0.9451676300377585,,6.855183904618025,0.13075662697665394,6.813702836201992,6.854272652196232,4169.076757289017,11.738625119393692,2.862696485593915,9.279280018585268,11.738079960003962,3059.808146939935,375969.0618702508,641.1955699690152,128.23911399380304,0.0,102250.5
301303615634958901188516497625374252338_eps3_s0,BPI2012_C,0.5,15.0,,,2.0,48.8,0.7253754515109748,0.5147908323744509,0.3625690415725999,0.03307301544309123,0.9698537820368074,,2.4825299878022635,0.13673590057296678,2.4404454202041963,2.481832645810209,11635.553370628757,6.407754120009486,3.1712465575896203,3.8966101353871636,6.40724441219354,7349.708574653577,377226.8260044036,96.03784038702725,19.207568077405448,0.0,2876.7
313840851390597435954673044863649726085_eps3_s0,BPI2012_C,0.5,15.0,,,2.0,48.8,0.6706367347343472,0.5590506436247662,0.48082464089460597,0.00016972705170285196,0.9153367789695039,,7.445628800592385,0.1404914669925347,7.402955029008444,7.4449635511962695,3836.53288366351,12.394471542199607,3.0654065251816065,9.942564616200979,12.394003496388905,2862.76591974068,370879.23738215177,633.3699683899758,126.67399367799517,0.0,102250.5
65432415834605434134577897559624831681_eps3_s0,BPI2012_C,0.5,15.0,,,2.0,48.8,0.5516658534703742,0.3316378015510257,0.1643499449862516,0.28937054116789607,0.9648231260362081,,2.265055142401252,0.12529571858467534,2.221478987997398,2.26419903478818,12785.079178699709,5.021841165795922,3.6080038061947564,2.4061180219985543,5.021099426597357,11804.484791453691,378011.2804930738,95.83903331001056,19.167806662002114,0.0,82.2
99763397547193254507486301054948581651_eps3_s0,BPI2012_C,0.5,15.0,,,2.0,48.8,0.6706367347343472,0.5590506436247662,0.48082464089460597,0.00016972705170285196,0.9451676300377585,,7.267044508981053,0.12614180879900233,7.2236324370023794,7.266261252993718,3932.881804740848,12.220354485779534,2.8629642008105294,9.772799726622178,12.219555651617702,2907.656976720572,376081.5187605006,641.1955699690152,128.23911399380304,0.0,102250.5
301303615634958901188516497625374252338_eps4_s0,BPI2012_C,0.5,21.0,,,2.0,48.8,0.7156595935853218,0.5146728335416616,0.39088625833764845,0.03307301544309123,0.9698537820368074,,2.4824119542026892,0.1412260361830704,2.436125745996833,2.481653278809972,11654.85343088703,6.432142161612864,3.2025885007926265,3.8828640113933943,6.431573447596747,7396.772904950139,377289.64841891377,96.03784038702725,19.207568077405448,0.0,2876.7
313840851390597435954673044863649726085_eps4_s0,BPI2012_C,0.5,21.0,,,2.0,48.8,0.6672921461127024,0.5736687518508529,0.47549705541504333,0.00016972705170285196,0.9153367789695039,,8.837879223597701,0.12096164460526779,8.796003837010357,8.836988031805959,3230.900271608951,13.344188042206223,3.032691654190421,10.859719309816137,13.343643557594623,2617.0673605943466,371002.8300258706,633.3699683899758,126.67399367799517,0.0,102250.5
65432415834605434134577897559624831681_eps4_s0,BPI2012_C,0.5,21.0,,,2.0,48.8,0.5516658534703742,0.3316378015510257,0.16426611686153975,0.28937054116789607,0.9648231260362081,,2.2235825061798096,0.13015145221725105,2.1796571422135456,2.2228561650030314,13051.215404433164,5.019133379415143,3.663815290981438,2.4059536574059166,5.018420277012046,11810.016797943861,378067.92918960156,95.83903331001056,19.167806662002114,0.0,82.2
99763397547193254507486301054948581651_eps4_s0,BPI2012_C,0.5,21.0,,,2.0,48.8,0.6672921461127024,0.5736687518508529,0.47549705541504333,0.00016972705170285196,0.9451676300377585,,8.806336032785476,0.12183571360073983,8.762340442009735,8.80552472001873,3241.9111493272294,12.857648447190877,2.870880147011485,10.416192495787982,12.857055971806403,2727.434476132466,376201.7236151484,641.1955699690152,128.23911399380304,0.0,102250.5
154287530791976545750764743660029033168_eps0_s0,BPI2012_C,1.0,3.0,,,1.0,96.6,0.5605936835766976,0.34183624661170164,0.06159594853574566,0.2899399333011756,0.9119929220178165,,2.1646319075953215,0.12695154382381588,2.1190494359936567,2.163826404802967,13411.642661554866,5.621110167587176,3.7859006740152834,3.005834181199316,5.620351923792623,9452.33087715549,393025.2322376662,97.26799483998911,19.453598967997824,0.0,117.6
225016248606758851465468524267212558832_eps0_s0,BPI2012_C,1.0,3.0,,,1.0,96.6,0.7620623830849012,0.5868927614659484,0.19183206100979927,7.034032346605752e-05,0.9107595949899405,,6.931539245625027,0.12628132258541883,6.8892230953788385,6.930535750789568,4122.94681877453,565.7838870730135,5.978797202801798,562.8714136856026,565.7832814729888,51.19199256023826,383148.0543251564,664.7060820780462,132.94121641560923,0.0,201055.8
294849114210298322871130218010982039345_eps0_s0,BPI2012_C,1.0,3.0,,,1.0,96.6,0.7404576621998884,0.5226996167060406,0.17311034423625107,0.03342283027445294,10.710947183950339,,2.366300048388075,0.1209254444227554,2.323193035798613,2.3657247183960863,12221.036815903524,24.738914436020423,5.573604911984876,21.89587439238094,24.73820018740371,1310.7398418713892,392171.0445635192,89.65479461598443,17.930958923196886,0.0,1280.2
335253511763257888361645826025058699918_eps0_s0,BPI2012_C,1.0,3.0,,,1.0,96.6,0.7620623830849012,0.5868927614659484,0.19183206100979927,7.034032346605752e-05,10.676203308976255,,6.642778914398514,0.13172297419514506,6.600976293790154,6.641734383802396,4302.528455019136,556.8828414641787,5.588177922787144,553.9971580222016,556.8822311831988,52.256402767532755,389885.2993459702,669.0890171150095,133.8178034230019,0.0,201055.8
154287530791976545750764743660029033168_eps1_s0,BPI2012_C,1.0,7.0,,,1.0,96.6,0.551410506311701,0.3314655113963508,0.16750050831944838,0.2899399333011756,0.9119929220178165,,2.1938163880025967,0.127715006202925,2.1498804642120377,2.192986356804613,13215.902640356193,5.034152165194973,3.832092859596014,2.4302430368145,5.033463867008686,11693.061927491566,393083.92847264017,97.26799483998911,19.453598967997824,0.0,117.6
225016248606758851465468524267212558832_eps1_s0,BPI2012_C,1.0,7.0,,,1.0,96.6,0.5882106684998091,0.5263825974462328,0.43264938609305226,7.034032346605752e-05,0.9107595949899405,,6.881673047388904,0.1286771016079001,6.838222472998313,6.880868667003233,4161.120567317227,14.175963402795606,3.0723883226048203,11.733628293615766,14.175435724412091,2428.124578573203,384455.7095007912,664.7060820780462,132.94121641560923,0.0,201055.8
294849114210298322871130218010982039345_eps1_s0,BPI2012_C,1.0,7.0,,,1.0,96.6,0.628779622015467,0.5225846659936655,0.3160045211875536,0.03342283027445294,10.710947183950339,,2.4014093567966484,0.12581862041261047,2.3587353027891367,2.400746394600719,12036.877774929251,7.831278472393751,4.316995111992583,3.889462135406211,7.83069104719907,7309.1475269117755,392285.1204275646,89.65479461598443,17.930958923196886,0.0,1280.2
335253511763257888361645826025058699918_eps1_s0,BPI2012_C,1.0,7.0,,,1.0,96.6,0.5882106684998091,0.5263825974462328,0.43264938609305226,7.034032346605752e-05,10.676203308976255,,6.7141847654012965,0.13479944500140845,6.670173061604146,6.7134716889937405,4258.324238380728,13.988332903583068,2.8661909808055497,11.55155619358411,13.987654653401114,2464.042123278893,391183.4577166632,669.0890171150095,133.8178034230019,0.0,201055.8
154287530791976545750764743660029033168_eps2_s0,BPI2012_C,1.0,11.0,,,1.0,96.6,0.551410506311701,0.3314655113963508,0.16748432815777983,0.2899399333011756,0.9119929220178165,,2.17980301839998,0.1343979465891607,2.132866322004702,2.17880989019759,13315.766551269442,5.037425374810118,3.7812246867921204,2.4311779306037353,5.03671206239378,11682.097218842948,393141.280358721,97.26799483998911,19.453598967997824,0.0,117.6
225016248606758851465468524267212558832_eps2_s0,BPI2012_C,1.0,11.0,,,1.0,96.6,0.6565067764698189,0.5774054927824871,0.46293940843877357,7.034032346605752e-05,0.9107595949899405,,7.027987216203473,0.12398665320361033,6.986402895394713,7.027212432399392,4064.8142491208687,11.87847040098859,3.0614590888028035,9.46327180438675,11.877817485597916,3000.992782624134,384570.8730503164,664.7060820780462,132.94121641560923,0.0,201055.8
294849114210298322871130218010982039345_eps2_s0,BPI2012_C,1.0,11.0,,,1.0,96.6,0.7165264807850192,0.5165497928240416,0.42582604360437337,0.03342283027445294,10.710947183950339,,2.4334835843765177,0.1238563482183963,2.388639822800178,2.43270179098472,11888.091092807881,5.227312950987835,3.3072809692006557,2.716363027598709,5.226743229583372,10453.939310581922,392349.5618416448,89.65479461598443,17.930958923196886,0.0,1280.2
335253511763257888361645826025058699918_eps2_s0,BPI2012_C,1.0,11.0,,,1.0,96.6,0.6565067764698189,0.5774054927824871,0.46293940843877357,7.034032346605752e-05,10.676203308976255,,6.945605963806156,0.12960594160249456,6.903441578208003,6.944930567184929,4115.2060044239015,11.895253352425062,2.9274058369919658,9.472160458005964,11.89469481719425,2997.193939486813,391297.2870213112,669.0890171150095,133.8178034230019,0.0,201055.8
154287530791976545750764743660029033168_eps3_s0,BPI2012_C,1.0,15.0,,,1.0,96.6,0.551410506311701,0.3314655113963508,0.16748432815777983,0.2899399333011756,0.9119929220178165,,2.2239347132039256,0.13305438481038437,2.180329920805525,2.223001879604999,13023.322066059045,5.032805308990646,3.856151564407628,2.3952305694227105,5.031910549616441,11869.474659399039,393199.0192897264,97.26799483998911,19.453598967997824,0.0,117.6
225016248606758851465468524267212558832_eps3_s0,BPI2012_C,1.0,15.0,,,1.0,96.6,0.6740400420327172,0.5603126710728181,0.48040685121847815,7.034032346605752e-05,0.9107595949899405,,7.462900897825603,0.12794384299777448,7.418921437999233,7.462323161575478,3828.2222151256183,12.341487690387293,3.0495400012121534,9.903980300598779,12.340943138196598,2868.6338542251597,384685.8182125892,664.7060820780462,132.94121641560923,0.0,201055.8
294849114210298322871130218010982039345_eps3_s0,BPI2012_C,1.0,15.0,,,1.0,96.6,0.7300578150273851,0.5176530498142039,0.32945067852613164,0.03342283027445294,10.710947183950339,,2.4569890615995975,0.13256942119915038,2.414353119581938,2.45608222578885,11760.73141644809,6.3081305174157025,4.261231215600856,3.663479125604499,6.3073249739944,7767.64114064309,392412.62668077357,89.65479461598443,17.930958923196886,0.0,1280.2
335253511763257888361645826025058699918_eps3_s0,BPI2012_C,1.0,15.0,,,1.0,96.6,0.6740400420327172,0.5603126710728181,0.48040685121847815,7.034032346605752e-05,10.676203308976255,,7.435701462207362,0.1336456239921972,7.387691841193009,7.435066810389981,3844.1635088348294,12.207506113196724,2.955137878609821,9.789741251396482,12.206971701793373,2902.5118697701196,391410.885618243,669.0890171150095,133.8178034230019,0.0,201055.8
154287530791976545750764743660029033168_eps4_s0,BPI2012_C,1.0,21.0,,,1.0,96.6,0.551410506311701,0.3314655113963508,0.16748432815777983,0.2899399333011756,0.9119929220178165,,2.2021579467807895,0.13310683279996738,2.155818538798485,2.2014481377904302,13170.720276667585,5.016878506797366,3.82503668499412,2.407146664010361,5.016176037606783,11806.382798150726,393256.4407290192,97.26799483998911,19.453598967997824,0.0,117.6
225016248606758851465468524267212558832_eps4_s0,BPI2012_C,1.0,21.0,,,1.0,96.6,0.6665052869842129,0.5730968601346277,0.475127705895473,7.034032346605752e-05,0.9107595949899405,,8.90578273179708,0.11805849539814517,8.861845794378315,8.905028780992144,3206.081623562427,13.308284223801456,3.018781131587457,10.866151444194838,13.307860892603639,2613.9252735169953,384809.0691589748,664.7060820780462,132.94121641560923,0.0,201055.8
294849114210298322871130218010982039345_eps4_s0,BPI2012_C,1.0,21.0,,,1.0,96.6,0.7204201210742489,0.51767301186941,0.3545393650332843,0.03342283027445294,10.710947183950339,,2.4920115332119166,0.13743346999399364,2.4486698534106837,2.4913231711951083,11597.758275118405,5.845540435996372,3.971323550597299,3.20798939561937,5.8449803742114455,8874.157614486223,392478.0078953194,89.65479461598443,17.930958923196886,0.0,1280.2
335253511763257888361645826025058699918_eps4_s0,BPI2012_C,1.0,21.0,,,1.0,96.6,0.6665052869842129,0.5730968601346277,0.475127705895473,7.034032346605752e-05,10.676203308976255,,8.80570209978614,0.13325237100943924,8.759204776585102,8.805016056401655,3243.3883569671907,13.245065095799509,2.860500078403857,10.799854713014792,13.244558751396834,2630.4187878092953,391532.8386166172,669.0890171150095,133.8178034230019,0.0,201055.8
200934189435493509245876840523779924304_eps0_s0,BPI2012_Full,0.0,3.0,,,174.6,1.0,0.7460761978160526,0.4850445088961538,0.07462862704207582,0.13060525601861075,1.4387830090126954,,3.2050997043959795,0.1347223080112599,3.143427374586463,3.2039964223979043,14013.988394525873,20.354168299620504,5.359513136604801,13.64484353979351,20.352953433594667,3225.863707571573,269263.22501793597,87.23010351398261,17.446020702796524,0.0,142.77148433487417
252036172554514852379917073716435574953_eps0_s0,BPI2012_Full,0.0,3.0,,,174.6,1.0,0.8288484019294126,0.629216337114599,0.227024826743159,0.016957309850041624,1.432265622948762,,3.759970703581348,0.13451101501705126,3.7005953307962045,3.7589653123985043,11897.57079482319,53.490623434016015,9.697911765181924,46.35182383098872,53.48890044878935,949.5066357658283,268126.2162300754,94.32821015897207,18.865642031794415,0.0,996.0478685156652
252336560693540533935881068298825202077_eps0_s0,BPI2012_Full,0.0,3.0,,,174.6,1.0,0.8345639259658071,0.6558083893366305,0.23181627597358484,0.009345390137073093,1.4266561710392125,,5.009230774606112,0.12131994939409196,4.94981931860093,5.008277048205491,8893.562357086,82.88771768079604,9.117555011808872,75.74109444399365,82.88622930601704,581.1469573296642,265084.1371274166,122.90531569399172,24.581063138798346,0.0,2132.436753980483
47482295457342411543800303662309855831_eps0_s0,BPI2012_Full,0.0,3.0,,,174.6,1.0,0.8345639259658071,0.6558083893366305,0.23181627597358484,0.009345390137073093,1.4687073430395685,,4.995306920795701,0.13887270219856873,4.936709831398912,4.9941430177888835,8917.179789418595,83.25261197941145,9.43207685778616,76.05908334561391,83.25113547858783,578.6625249791097,266726.027222617,123.30512782401638,24.661025564803275,0.0,2132.436753980483
200934189435493509245876840523779924304_eps1_s0,BPI2012_Full,0.0,7.0,,,174.6,1.0,0.6917834636601572,0.49835160386625726,0.052532140239438155,0.13060525601861075,1.4387830090126954,,3.162046537804417,0.13453212259337305,3.1014239348005503,3.16114703201456,14205.250525057385,16.69341528021032,2.8346237504039893,10.159918594406918,16.692129361419937,4342.301629492316,269392.4324723442,87.23010351398261,17.446020702796524,0.0,142.77148433487417
252036172554514852379917073716435574953_eps1_s0,BPI2012_Full,0.0,7.0,,,174.6,1.0,0.7086196426183189,0.6296448454972241,0.34892004225405715,0.016957309850041624,1.432265622948762,,3.8827501200139523,0.1289915216038935,3.8239906407892703,3.8816467527882197,11515.392440080821,14.384014066599775,4.975381623394787,7.655987919808831,14.382451499591117,5762.654093310664,268331.602570032,94.32821015897207,18.865642031794415,0.0,996.0478685156652
252336560693540533935881068298825202077_eps1_s0,BPI2012_Full,0.0,7.0,,,174.6,1.0,0.6918635158269544,0.6375501776155704,0.3690604148377855,0.009345390137073093,1.4266561710392125,,5.010315903788433,0.12690642480738462,4.952196192194242,5.009286259999499,8887.574466548615,15.940484036400449,4.615597733401228,9.260059575608466,15.938980794604868,4789.918736012549,265355.3981026076,122.90531569399172,24.581063138798346,0.0,2132.436753980483
47482295457342411543800303662309855831_eps1_s0,BPI2012_Full,0.0,7.0,,,174.6,1.0,0.6918635158269544,0.6375501776155704,0.3690604148377855,0.009345390137073093,1.4687073430395685,,5.017095271812286,0.1232322660041973,4.951065188809298,5.016009204799775,8896.840288720847,15.938293514400721,4.666166454786435,9.367142991395667,15.936782217992004,4721.9277605941925,266998.99505707796,123.30512782401638,24.661025564803275,0.0,2132.436753980483
200934189435493509245876840523779924304_eps2_s0,BPI2012_Full,0.0,11.0,,,174.6,1.0,0.7200232976333167,0.49211738733499777,0.13766171786888395,0.13060525601861075,1.4387830090126954,,3.2338845006073824,0.13235577159794049,3.1734478586236947,3.2328115571988745,13879.546735493368,14.232858495798428,4.849603789008688,7.488430466002319,14.231274731794837,5951.820657443474,269505.927751642,87.23010351398261,17.446020702796524,0.0,142.77148433487417
252036172554514852379917073716435574953_eps2_s0,BPI2012_Full,0.0,11.0,,,174.6,1.0,0.7678791779195655,0.6364438475116049,0.3787120236231659,0.016957309850041624,1.432265622948762,,3.904724955209531,0.13118918259860948,3.84106602978427,3.9033828206011094,11468.430593361465,13.525723952800035,5.6546814073924905,6.718160150386393,13.523915005195885,6577.1669359315665,268449.1854582056,94.32821015897207,18.865642031794415,0.0,996.0478685156652
252336560693540533935881068298825202077_eps2_s0,BPI2012_Full,0.0,11.0,,,174.6,1.0,0.7723946249692426,0.664608516512353,0.4015707935726847,0.009345390137073093,1.4266561710392125,,5.04115196299972,0.12226682940963655,4.983429324184544,5.04006921320688,8834.704488322432,15.08797117320355,4.862928990600631,8.45688296481967,15.086505566595587,5209.820226740992,265483.2395364614,122.90531569399172,24.581063138798346,0.0,2132.436753980483
47482295457342411543800303662309855831_eps2_s0,BPI2012_Full,0.0,11.0,,,174.6,1.0,0.7723946249692426,0.664608516512353,0.4015707935726847,0.009345390137073093,1.4687073430395685,,5.089054313406814,0.12933941318187864,5.028318361402489,5.088025981199462,8752.130539480564,15.28751410980476,4.895576697203796,8.581047630379908,15.286141969601157,5133.564477464181,267127.85503509763,123.30512782401638,24.661025564803275,0.0,2132.436753980483
200934189435493509245876840523779924304_eps3_s0,BPI2012_Full,0.0,15.0,,,174.6,1.0,0.7248741103399651,0.491436043032574,0.1661196599463972,0.13060525601861075,1.4387830090126954,,3.2326695555937475,0.13242821500170976,3.1699901143903846,3.2316669125924817,13888.685764971064,13.792500376224051,5.323418720986228,7.0422010939917525,13.791210117004812,6418.811855387978,269619.40428131877,87.23010351398261,17.446020702796524,0.0,142.77148433487417
252036172554514852379917073716435574953_eps3_s0,BPI2012_Full,0.0,15.0,,,174.6,1.0,0.7727769144283678,0.6430428591671282,0.3984197606155881,0.016957309850041624,1.432265622948762,,3.8738273085909896,0.13537709100637585,3.814472658210434,3.8725928834057415,11552.913330103738,13.044169550016523,5.5388645507860925,6.251176648004912,13.042372467997485,7048.471525646212,268565.20565342216,94.32821015897207,18.865642031794415,0.0,996.0478685156652
252336560693540533935881068298825202077_eps3_s0,BPI2012_Full,0.0,15.0,,,174.6,1.0,0.776109147360539,0.6716478528357628,0.4181852797977612,0.009345390137073093,1.4266561710392125,,5.136800695804413,0.12095161258475855,5.076399580994621,5.135874009202235,8667.834102413888,15.218513246811927,5.061271520983428,8.540806923806667,15.216939171007834,5153.55493185821,265611.2016173626,122.90531569399172,24.581063138798346,0.0,2132.436753980483
47482295457342411543800303662309855831_eps3_s0,BPI2012_Full,0.0,15.0,,,174.6,1.0,0.776109147360539,0.6716478528357628,0.4181852797977612,0.009345390137073093,1.4687073430395685,,5.340299714403227,0.14489096238976346,5.27721045059152,5.33932666220935,8341.1008575946,15.222572990786285,5.141039809188806,8.50949214240536,15.221203947800678,5172.414713420943,267257.0917510402,123.30512782401638,24.661025564803275,0.0,2132.436753980483
200934189435493509245876840523779924304_eps4_s0,BPI2012_Full,0.0,21.0,,,174.6,1.0,0.7359649734680745,0.48311429798299904,0.1603322817001766,0.13060525601861075,1.4387830090126954,,3.3011435002204963,0.13797466239193454,3.2385747757856733,3.3001162359956653,13606.201404354728,13.88061711920891,5.436799943202641,7.053179834410548,13.879359217802994,6367.292218569199,269734.353872069,87.23010351398261,17.446020702796524,0.0,142.77148433487417
252036172554514852379917073716435574953_eps4_s0,BPI2012_Full,0.0,21.0,,,174.6,1.0,0.794486327939362,0.6417928893284972,0.3951592428391907,0.016957309850041624,1.432265622948762,,4.059810396796093,0.1351839620154351,4.000634926988278,4.05862439601915,10999.703275487185,13.398535782203544,5.928197523602284,6.556531798001378,13.396872536395676,6720.225224866578,268682.2537735272,94.32821015897207,18.865642031794415,0.0,996.0478685156652
252336560693540533935881068298825202077_eps4_s0,BPI2012_Full,0.0,21.0,,,174.6,1.0,0.7954947341912242,0.6585760398958493,0.42474136924512484,0.009345390137073093,1.4266561710392125,,5.818406190583483,0.1245084876078181,5.759665273618884,5.8173935179947875,7640.833306866372,15.53272371100029,5.240281326207333,8.83108907659771,15.531152842612936,4982.882498614303,265743.25563233736,122.90531569399172,24.581063138798346,0.0,2132.436753980483
47482295457342411543800303662309855831_eps4_s0,BPI2012_Full,0.0,21.0,,,174.6,1.0,0.7954947341912242,0.6585760398958493,0.42474136924512484,0.009345390137073093,1.4687073430395685,,5.700422529410571,0.1383604382048361,5.640404210030101,5.699427666817792,7808.103378509428,15.478091181011404,5.219947906583547,8.76840107080061,15.476486330211628,5025.982690217394,267390.4347069108,123.30512782401638,24.661025564803275,0.0,2132.436753980483
142755197448285586864950898907211027337_eps0_s0,BPI2012_Full,0.025,3.0,,,35.4,5.0,0.7338988080487602,0.4715024472153271,0.04061022566291696,0.14816663022771265,1.4615544769912958,,2.7367757097817957,0.13295757421292365,2.677105939795729,2.7357961863861417,16444.43288099292,16.77179644780699,3.4812030368018894,10.190273621608503,16.770502806198785,4342.089823770265,275212.0258664826,62.69949336099671,12.539898672199342,0.0,147.9439393939394
204856358341536816138399558242345199755_eps0_s0,BPI2012_Full,0.025,3.0,,,35.4,5.0,0.8416924217649452,0.6645308151863794,0.18225556203449292,0.002366753042220862,1.4185824059532024,,5.375321771402378,0.12308906280668452,5.314320280391257,5.37425926621072,8283.299543969883,142.87661577960245,8.1520054691704,135.83438629860757,142.87507412160048,324.1308278040514,272824.4591755706,122.48264898097841,24.49652979619568,0.0,6567.276262626263
243648848362029147724904434567477923763_eps0_s0,BPI2012_Full,0.025,3.0,,,35.4,5.0,0.8332544143306541,0.6244778216536261,0.1550106055972964,0.013684098952602478,1.4549051220528781,,3.021128081018105,0.13568295538425446,2.9578034261940047,3.0201144661870787,14875.480697396755,57.45614397637546,6.697215367807075,48.79864381840453,57.454716840409674,904.6489032649515,274223.1468452766,56.33316444599768,11.266632889199537,0.0,1200.8813131313132
31882839497307630496007576300860674457_eps0_s0,BPI2012_Full,0.025,3.0,,,35.4,5.0,0.8416924217649452,0.6645308151863794,0.18225556203449292,0.002366753042220862,1.4647334070177749,,5.160275398392696,0.12785083139315248,5.100837230798788,5.1590296035981735,8626.25637027228,141.66931269059424,7.785831762000453,134.69472648320954,141.66782359321368,326.8075054928278,270856.56643931975,110.655010004004,22.131002000800798,0.0,6567.276262626263
142755197448285586864950898907211027337_eps1_s0,BPI2012_Full,0.025,7.0,,,35.4,5.0,0.6901303594912528,0.4792068041409635,0.0347125676480907,0.14816663022771265,1.4615544769912958,,2.6738440503948366,0.14557686659973115,2.6129013443831353,2.6727166035794654,16837.116574911455,10.754985616193153,2.9458755455794745,4.207485551596619,10.753550253994764,10459.173529726755,275309.8184471502,62.69949336099671,12.539898672199342,0.0,147.9439393939394
204856358341536816138399558242345199755_eps1_s0,BPI2012_Full,0.025,7.0,,,35.4,5.0,0.7037503090295548,0.6434582521110427,0.3452795331539874,0.002366753042220862,1.4185824059532024,,5.4006950342096385,0.12747194160474465,5.338727199402638,5.399599535798188,8241.769265292243,16.35091628159862,3.9995264912140556,9.785732941608876,16.349436276813503,4535.316570387719,273214.83568139456,122.48264898097841,24.49652979619568,0.0,6567.276262626263
243648848362029147724904434567477923763_eps1_s0,BPI2012_Full,0.025,7.0,,,35.4,5.0,0.7189873970366927,0.6234797097278759,0.3224243565967838,0.013684098952602478,1.4549051220528781,,3.106247459212318,0.1361910286010243,3.0476200293865987,3.1052053477964363,14451.84522193226,12.433657600393053,4.833244064217434,5.671378367801663,12.431984625628683,7829.653133083635,274426.70555766334,56.33316444599768,11.266632889199537,0.0,1200.8813131313132
31882839497307630496007576300860674457_eps1_s0,BPI2012_Full,0.025,7.0,,,35.4,5.0,0.7037503090295548,0.6434582521110427,0.3452795331539874,0.002366753042220862,1.4647334070177749,,5.244356369809248,0.14155296719400212,5.1849035122082565,5.243109306611586,8493.07620996222,16.368999114993493,3.9462567814043723,9.79566279501887,16.36733264020877,4515.809513185113,271244.5460148166,110.655010004004,22.131002000800798,0.0,6567.276262626263
142755197448285586864950898907211027337_eps2_s0,BPI2012_Full,0.025,11.0,,,35.4,5.0,0.7242597438462497,0.46953638042226425,0.07370318928489991,0.14816663022771265,1.4615544769912958,,2.7137970939977096,0.13389642217662184,2.6503887968021447,2.7126496532117015,16602.626995616076,11.16887342100963,3.036572632601019,4.57149093458429,11.167256249592175,9631.514602986537,275395.3717727758,62.69949336099671,12.539898672199342,0.0,147.9439393939394
204856358341536816138399558242345199755_eps2_s0,BPI2012_Full,0.025,11.0,,,35.4,5.0,0.7818310078767905,0.6782379090394166,0.40366969374733647,0.002366753042220862,1.4185824059532024,,5.450173857994377,0.1442030658130534,5.390506570402067,5.449114933004603,8170.8085344189985,17.46974171201,4.614954770391341,10.79606917599449,17.46792096978752,4087.2887124090876,273351.055732377,122.48264898097841,24.49652979619568,0.0,6567.276262626263
243648848362029147724904434567477923763_eps2_s0,BPI2012_Full,0.025,11.0,,,35.4,5.0,0.7672027518699851,0.6328612327086207,0.3457274755430764,0.013684098952602478,1.4549051220528781,,3.1667817785870285,0.14087866340996696,3.1065504083991984,3.165713641617913,14176.53359277156,13.302908339200076,6.434815223014448,6.413966732413973,13.301495292584878,6896.787555181775,274536.7547555276,56.33316444599768,11.266632889199537,0.0,1200.8813131313132
31882839497307630496007576300860674457_eps2_s0,BPI2012_Full,0.025,11.0,,,35.4,5.0,0.7818310078767905,0.6782379090394166,0.40366969374733647,0.002366753042220862,1.4647334070177749,,5.376473401591648,0.13031978660728782,5.31084249940468,5.375241808407009,8289.313165523237,19.467408857797274,4.584489579999354,10.583788477792405,19.46579305799678,4173.692942154574,271383.2011353516,110.655010004004,22.131002000800798,0.0,6567.276262626263
142755197448285586864950898907211027337_eps3_s0,BPI2012_Full,0.025,15.0,,,35.4,5.0,0.7248979968754549,0.46819640850048083,0.10154989567304104,0.14816663022771265,1.4615544769912958,,2.705555921595078,0.14855127659393474,2.642286520579364,2.7044786091893913,16651.279432743926,10.951661120809149,3.5561828159959985,4.305395237787161,10.950204699777533,10228.691362594143,275482.7642214608,62.69949336099671,12.539898672199342,0.0,147.9439393939394
204856358341536816138399558242345199755_eps3_s0,BPI2012_Full,0.025,15.0,,,35.4,5.0,0.7952499738289894,0.6917834243998405,0.4137738928566189,0.002366753042220862,1.4185824059532024,,5.789646206796169,0.13432783180614932,5.729143809597008,5.788603520393371,7681.39505196459,18.48952749999007,4.967440642206929,11.740796537604183,18.487964382604694,3751.631255353613,273496.0952625526,122.48264898097841,24.49652979619568,0.0,6567.276262626263
243648848362029147724904434567477923763_eps3_s0,BPI2012_Full,0.025,15.0,,,35.4,5.0,0.7821585760787836,0.6428230423260285,0.34720313827433824,0.013684098952602478,1.4549051220528781,,3.3019151444081216,0.13279665020527318,3.242948646203149,3.3008019494009204,13588.163740520007,13.856639148411341,6.697954026202206,6.90260182779748,13.854908508004154,6382.455313937838,274658.0459849856,56.33316444599768,11.266632889199537,0.0,1200.8813131313132
31882839497307630496007576300860674457_eps3_s0,BPI2012_Full,0.025,15.0,,,35.4,5.0,0.7952499738289894,0.6917834243998405,0.4137738928566189,0.002366753042220862,1.4647334070177749,,5.47661512400955,0.13605209899833426,5.417694234789815,5.475589696783572,8128.336073187796,18.38666733618593,5.017574772599619,11.604922781803179,18.385001218994148,3798.8719549087473,271534.00022373244,110.655010004004,22.131002000800798,0.0,6567.276262626263
142755197448285586864950898907211027337_eps4_s0,BPI2012_Full,0.025,21.0,,,35.4,5.0,0.7251299669237806,0.46706562694150267,0.12409093029162613,0.14816663022771265,1.4615544769912958,,2.7982213120092636,0.1307796461856924,2.7355242945952343,2.7971375290188005,16090.119572392403,10.939154980203602,4.579340746800881,4.239039390825201,10.93771289398428,10380.324302165496,275573.9466200036,62.69949336099671,12.539898672199342,0.0,147.9439393939394
204856358341536816138399558242345199755_eps4_s0,BPI2012_Full,0.025,21.0,,,35.4,5.0,0.8034019159989942,0.6733175677908205,0.4366612975179551,0.002366753042220862,1.4185824059532024,,6.169984945596662,0.1294070415897295,6.110813199612312,6.16889186281478,7203.075842823074,17.92881184000289,5.1356729586026635,11.189303602196741,17.92725846898975,3937.993963188209,273644.62896308524,122.48264898097841,24.49652979619568,0.0,6567.276262626263
243648848362029147724904434567477923763_eps4_s0,BPI2012_Full,0.025,21.0,,,35.4,5.0,0.8197752741773068,0.6355409772017724,0.3821534494992234,0.013684098952602478,1.4549051220528781,,3.2528279867721723,0.13383912440622225,3.1934921656153166,3.251692910620477,13782.862981564409,13.513306512811686,6.473334328609053,6.583242158615031,13.511583485803566,6687.78925860971,274777.00020801864,56.33316444599768,11.266632889199537,0.0,1200.8813131313132
31882839497307630496007576300860674457_eps4_s0,BPI2012_Full,0.025,21.0,,,35.4,5.0,0.8034019159989942,0.6733175677908205,0.4366612975179551,0.002366753042220862,1.4647334070177749,,6.048022036987822,0.131201968411915,5.989016675809398,6.04691206580028,7345.93229247157,17.82602974959882,4.868423814792186,11.063622659409884,17.824627528595737,3980.8848115823885,271679.1958565626,110.655010004004,22.131002000800798,0.0,6567.276262626263
143808228238095277664544419614730890173_eps0_s0,BPI2012_Full,0.1,3.0,,,10.0,17.8,0.8230042856506644,0.5891826718891493,0.10863272138593609,0.014461840355927364,1.4531448500347324,,2.804774393409025,0.13326309758704155,2.7454952381900513,2.8038137673866004,16049.553889674964,65.12878363359486,5.779991700989195,58.451985690998846,65.12722668319475,769.123602002463,281220.57515107543,60.463052574021276,12.092610514804255,0.0,1540.52
258208765752992901959170973957564585355_eps0_s0,BPI2012_Full,0.1,3.0,,,10.0,17.8,0.8336023172929148,0.6539307958748006,0.12891986635618966,0.0008708049001149547,1.4458293920033611,,5.683752350590657,0.13766042622737587,5.624481314397417,5.68269740040414,7827.220213866187,222.96846591780195,6.851822482387069,216.1903527405928,222.96685091420076,203.51548112091837,279627.2082416896,144.6977916000178,28.939558320003563,0.0,15733.36
73267476325277510937415020325069564022_eps0_s0,BPI2012_Full,0.1,3.0,,,10.0,17.8,0.712649447860978,0.4512860608809506,0.0401874486514431,0.16052756401430385,1.4533214250113815,,2.5776353751891294,0.1369261645944789,2.517295318003744,2.576608201803174,17490.110508694408,17.14499994320795,5.167839159595315,10.466823103604838,17.143422470404765,4385.030220644234,282183.6381327792,59.92890436499147,11.985780872998294,0.0,143.85999999999999
94663391914329153046920958885615291360_eps0_s0,BPI2012_Full,0.1,3.0,,,10.0,17.8,0.8336023172929148,0.6539307958748006,0.12891986635618966,0.0008708049001149547,1.4482517099822871,,5.6080605139955875,0.13649196019396187,5.549062544992194,5.606951913191006,7934.642985164525,233.12185412440448,6.823327229393181,226.23975885299734,233.12009877579985,194.656692063189,277070.238983909,143.6961079640314,28.73922159280628,0.0,15733.36
143808228238095277664544419614730890173_eps1_s0,BPI2012_Full,0.1,7.0,,,10.0,17.8,0.7165980858967221,0.5923099965432812,0.2864012669532882,0.014461840355927364,1.4531448500347324,,2.9340564326033927,0.14276700619375332,2.8751580895972437,2.932916816789657,15342.616034909563,11.800485460809432,4.930809563572984,5.07355568620842,11.798882776009851,8714.546854076569,281438.6510760422,60.463052574021276,12.092610514804255,0.0,1540.52
258208765752992901959170973957564585355_eps1_s0,BPI2012_Full,0.1,7.0,,,10.0,17.8,0.6948195288311112,0.6356828700619823,0.35604804061693746,0.0008708049001149547,1.4458293920033611,,5.674309642601292,0.13262593359686434,5.6146452309913,5.6731426425860265,7835.401811754507,17.766753289417828,3.90500090677524,11.184790311788674,17.76541396221146,3972.8760327940654,280179.2963559688,144.6977916000178,28.939558320003563,0.0,15733.36
73267476325277510937415020325069564022_eps1_s0,BPI2012_Full,0.1,7.0,,,10.0,17.8,0.6862957886879768,0.4608161912671772,0.030934101824261484,0.16052756401430385,1.4533214250113815,,2.6055454880115576,0.12837004999164492,2.545434732013382,2.604536845406983,17286.79579768704,9.816078140994069,2.7982478161924518,3.3770387841854244,9.814735207194463,13055.60570962598,282284.5299644738,59.92890436499147,11.985780872998294,0.0,143.85999999999999
94663391914329153046920958885615291360_eps1_s0,BPI2012_Full,0.1,7.0,,,10.0,17.8,0.6948195288311112,0.6356828700619823,0.35604804061693746,0.0008708049001149547,1.4482517099822871,,5.6623720758128915,0.14216046957299114,5.603039440396242,5.661256506992504,7854.120738235126,18.05350326441694,4.026576564600691,11.395828243007418,18.05152096542297,3891.976913571907,277655.0079671314,143.6961079640314,28.73922159280628,0.0,15733.36
143808228238095277664544419614730890173_eps2_s0,BPI2012_Full,0.1,11.0,,,10.0,17.8,0.7843015223218165,0.6074741869640085,0.3462128060773621,0.014461840355927364,1.4531448500347324,,2.8105162428109907,0.15819708320777864,2.7512464471976275,2.8094800252001733,15990.287784566473,11.988813046202996,6.060091297805775,5.051126369810663,11.987197904405184,8767.553166119027,281543.9126223378,60.463052574021276,12.092610514804255,0.0,1540.52
258208765752992901959170973957564585355_eps2_s0,BPI2012_Full,0.1,11.0,,,10.0,17.8,0.7791370333895339,0.6720153163370821,0.39789934842072233,0.0008708049001149547,1.4458293920033611,,5.693342707597185,0.13895316200796515,5.634575385798234,5.692333585186861,7810.6268312504635,20.90818541921908,4.474715496576391,14.175244914600626,20.906679698009974,3141.595330835989,280331.6745961774,144.6977916000178,28.939558320003563,0.0,15733.36
73267476325277510937415020325069564022_eps2_s0,BPI2012_Full,0.1,11.0,,,10.0,17.8,0.7125491478378467,0.45651377203934207,0.07647244481835726,0.16052756401430385,1.4533214250113815,,2.6216357165947555,0.13525903400732203,2.5614567406009883,2.620569514797535,17187.50250796486,9.999388840200846,2.9048372106160967,3.584608702000696,9.99773972579278,12307.130688698406,282363.8237393366,59.92890436499147,11.985780872998294,0.0,143.85999999999999
94663391914329153046920958885615291360_eps2_s0,BPI2012_Full,0.1,11.0,,,10.0,17.8,0.7791370333895339,0.6720153163370821,0.39789934842072233,0.0008708049001149547,1.4482517099822871,,5.827274348004721,0.1307827459881082,5.765260064392351,5.826217336580157,7634.410036286479,20.52074868720956,4.623445075191557,13.770777515589725,20.519216824998146,3226.8927906114936,277807.7755981886,143.6961079640314,28.73922159280628,0.0,15733.36
143808228238095277664544419614730890173_eps3_s0,BPI2012_Full,0.1,15.0,,,10.0,17.8,0.8119385612242986,0.6135577830910404,0.34184160515022366,0.014461840355927364,1.4531448500347324,,2.8264675242011434,0.13355699758976697,2.767218213994056,2.8253808887908236,15898.451126993989,13.931634909799323,7.205927803798113,6.9172112689819185,13.929984025808517,6423.869748334589,281657.3402826362,60.463052574021276,12.092610514804255,0.0,1540.52
258208765752992901959170973957564585355_eps3_s0,BPI2012_Full,0.1,15.0,,,10.0,17.8,0.7824425026711078,0.6866784971364168,0.4155895153170034,0.0008708049001149547,1.4458293920033611,,5.90346514339326,0.14223179860273377,5.8447006836067885,5.902361068013124,7527.640366064846,19.961607075401115,4.74058019160293,13.189535328000783,19.960183013998904,3349.317433442078,280486.7510228426,144.6977916000178,28.939558320003563,0.0,15733.36
73267476325277510937415020325069564022_eps3_s0,BPI2012_Full,0.1,15.0,,,10.0,17.8,0.7125716126512969,0.4565270852200838,0.10849702271159611,0.16052756401430385,1.4533214250113815,,2.5861505551962183,0.13769849541131407,2.521565253997687,2.5849633466103112,17448.725194242354,10.002163489174563,3.2249137244187294,3.5400903103989547,10.000450234429445,12441.616311852582,282444.2405409708,59.92890436499147,11.985780872998294,0.0,143.85999999999999
94663391914329153046920958885615291360_eps3_s0,BPI2012_Full,0.1,15.0,,,10.0,17.8,0.7824425026711078,0.6866784971364168,0.4155895153170034,0.0008708049001149547,1.4482517099822871,,6.1077397475834,0.13414469959679992,6.046967568178661,6.106609004375059,7279.048838380955,20.100654572423082,4.9936504295794295,13.370400724816136,20.098906290810554,3304.0222826453914,277964.6864759012,143.6961079640314,28.73922159280628,0.0,15733.36
143808228238095277664544419614730890173_eps4_s0,BPI2012_Full,0.1,21.0,,,10.0,17.8,0.8301785177245593,0.6153980930661819,0.36354110542859214,0.014461840355927364,1.4531448500347324,,2.8984066177974457,0.13898949220310897,2.836145807406865,2.8973355610040015,15514.538225725808,12.824045279598796,5.365149020997341,6.000668215984478,12.822596387204248,7343.750695348101,281772.49856819597,60.463052574021276,12.092610514804255,0.0,1540.52
258208765752992901959170973957564585355_eps4_s0,BPI2012_Full,0.1,21.0,,,10.0,17.8,0.8086927730207174,0.6783955618416926,0.44249037377213324,0.0008708049001149547,1.4458293920033611,,6.537386504816823,0.12169237338239328,6.478128505183849,6.536386645399034,6791.034932211352,19.920224742405118,4.373999847180675,13.146157432813197,19.918783756624908,3351.900131253328,280640.85671339475,144.6977916000178,28.939558320003563,0.0,15733.36
73267476325277510937415020325069564022_eps4_s0,BPI2012_Full,0.1,21.0,,,10.0,17.8,0.7126169190599254,0.4565496382199564,0.1176407269695489,0.16052756401430385,1.4533214250113815,,2.5927662515896372,0.1423580770031549,2.53240368720144,2.5916951151913965,17397.775123041625,10.255575373605826,4.5089360131882135,3.5911128310253844,10.254182699788362,12273.283474582957,282530.00280709297,59.92890436499147,11.985780872998294,0.0,143.85999999999999
94663391914329153046920958885615291360_eps4_s0,BPI2012_Full,0.1,21.0,,,10.0,17.8,0.8086927730207174,0.6783955618416926,0.44249037377213324,0.0008708049001149547,1.4482517099822871,,6.69331820079824,0.13187387541402132,6.631945404806174,6.692245299799834,6638.777084749878,19.742622597003354,4.757085476198699,13.038130924594588,19.740926160209348,3374.9295573451977,278121.6844388012,143.6961079640314,28.73922159280628,0.0,15733.36
122154352235324958585344058181015187729_eps0_s0,BPI2012_Full,0.2,3.0,,,5.0,35.6,0.8322799615034155,0.6568442942480187,0.12839672603978863,0.0006434039046218995,1.5014232489629649,,5.933297635405324,0.13478941799839958,5.874251720204484,5.932338080392219,7492.0721689100155,293.45743495299246,6.255266476608813,286.70009654220195,293.4560910757864,153.44981841380027,287431.50976817997,171.05118163401494,34.210236326802985,0.0,26930.76
156334184650786485978347865448030139775_eps0_s0,BPI2012_Full,0.2,3.0,,,5.0,35.6,0.647034046751701,0.3961774318782149,0.02238812812859224,0.24283944155252488,1.4728063159855083,,2.6656462970073336,0.13236827260116116,2.6047379203955643,2.6643749736016615,16901.681768188828,18.315992987004574,4.613291084603406,11.70049017521087,18.314166655170265,4205.551668783855,290176.39774730697,61.43339895398822,12.286679790797644,0.0,186.23999999999998
34780355639312979015160389762850482787_eps0_s0,BPI2012_Full,0.2,3.0,,,5.0,35.6,0.8322799615034155,0.6568442942480187,0.12839672603978863,0.0006434039046218995,10.782653202011716,,5.995109384204261,0.13769025699002668,5.933514770807233,5.99402988780057,7418.407476128569,298.75731704659995,6.429259922995698,292.0099881095928,298.7558082410134,150.77298261298273,284393.8951516596,173.8819873969769,34.776397479395385,0.0,26930.76
90011785275173713563502736162933793811_eps0_s0,BPI2012_Full,0.2,3.0,,,5.0,35.6,0.8102962317041277,0.560145426969537,0.09273996045439478,0.031739347229044444,1.4900564780109562,,2.8518011945998296,0.13117965119890868,2.790356679796241,2.850706524599809,15781.181642782612,60.61354384579463,5.419727008999326,53.98229047619971,60.612002559995744,843.7794829543342,289171.8310891184,62.64525328099262,12.529050656198525,0.0,1577.8
122154352235324958585344058181015187729_eps1_s0,BPI2012_Full,0.2,7.0,,,5.0,35.6,0.6775426393078647,0.6248156624411776,0.3480781858847536,0.0006434039046218995,1.5014232489629649,,5.955800912389532,0.14086697900202125,5.8973186281742525,5.954702123382594,7469.780845257797,17.404608686792198,3.711737176019233,10.791470540617592,17.403258805396035,4168.973573261358,288127.03297641483,171.05118163401494,34.210236326802985,0.0,26930.76
156334184650786485978347865448030139775_eps1_s0,BPI2012_Full,0.2,7.0,,,5.0,35.6,0.6425346949878683,0.401283868251916,0.015738755094573474,0.24283944155252488,1.4728063159855083,,2.6596792776254006,0.1403502613888122,2.595885699393693,2.6586794085917065,16968.205282820083,10.026006976212376,2.8416190521907994,3.5449931550072504,10.024633372400421,12430.104014883442,290281.9208053194,61.43339895398822,12.286679790797644,0.0,186.23999999999998
34780355639312979015160389762850482787_eps1_s0,BPI2012_Full,0.2,7.0,,,5.0,35.6,0.6775426393078647,0.6248156624411776,0.3480781858847536,0.0006434039046218995,10.782653202011716,,6.0043332014116455,0.13508017659187316,5.945787179993931,6.003158647194505,7408.283654246292,17.362628263805526,3.828956012404524,10.751989767607302,17.3610988083994,4193.75198154919,285095.01481842657,173.8819873969769,34.776397479395385,0.0,26930.76
90011785275173713563502736162933793811_eps1_s0,BPI2012_Full,0.2,7.0,,,5.0,35.6,0.6956502813189743,0.5672519257414477,0.21985076611041926,0.031739347229044444,1.4900564780109562,,2.7439069229876623,0.12709461959311738,2.6846207392052746,2.74285002379911,16385.677075234486,11.711223105399403,4.578320332209114,5.039723643811885,11.709769159392454,8795.959424061693,289381.3987752474,62.64525328099262,12.529050656198525,0.0,1577.8
122154352235324958585344058181015187729_eps2_s0,BPI2012_Full,0.2,11.0,,,5.0,35.6,0.7720136338118705,0.6664641161237264,0.3989258430322227,0.0006434039046218995,1.5014232489629649,,5.994195050024428,0.13030452999519185,5.934626267408021,5.993123022199143,7421.227655769364,18.60906028118916,4.07397832541028,11.984895166591741,18.60754796200199,3735.5699221681148,288271.34951042663,171.05118163401494,34.210236326802985,0.0,26930.76
156334184650786485978347865448030139775_eps2_s0,BPI2012_Full,0.2,11.0,,,5.0,35.6,0.6556041157963377,0.407460536152951,0.019119016208961503,0.24283944155252488,1.4728063159855083,,2.5680869336007164,0.1327682057977654,2.504625946795568,2.566958814393729,17580.70005436965,9.920653796207626,3.130525569000747,3.3636858702055177,9.919048741005827,13100.512439146598,290361.65044520696,61.43339895398822,12.286679790797644,0.0,186.23999999999998
34780355639312979015160389762850482787_eps2_s0,BPI2012_Full,0.2,11.0,,,5.0,35.6,0.7720136338118705,0.6664641161237264,0.3989258430322227,0.0006434039046218995,10.782653202011716,,6.020276557782199,0.13622546460246668,5.95862803121563,6.019131796399597,7384.923452170298,18.573672194988468,4.25422442042036,11.943703357002232,18.572093264211436,3726.503460470768,285239.42579134,173.8819873969769,34.776397479395385,0.0,26930.76
90011785275173713563502736162933793811_eps2_s0,BPI2012_Full,0.2,11.0,,,5.0,35.6,0.762347860936331,0.5885703030284908,0.24327508471649475,0.031739347229044444,1.4900564780109562,,2.7649654894019475,0.1338384424103424,2.7055826414143667,2.7636476036161186,16267.735936723528,14.273531065997668,9.269486414198763,7.082617919403129,14.27193645478692,6676.979622833338,289496.85633355717,62.64525328099262,12.529050656198525,0.0,1577.8
122154352235324958585344058181015187729_eps3_s0,BPI2012_Full,0.2,15.0,,,5.0,35.6,0.7815824765066699,0.6876455984667833,0.40316246236180253,0.0006434039046218995,1.5014232489629649,,6.1945287405862475,0.12595772120403126,6.1352773427846845,6.193618551385589,7170.502396305908,22.844166479399426,4.980701943405438,16.09483389358502,22.842489519610535,2750.8081884055005,288432.2579170358,171.05118163401494,34.210236326802985,0.0,26930.76
156334184650786485978347865448030139775_eps3_s0,BPI2012_Full,0.2,15.0,,,5.0,35.6,0.6506084168226438,0.40185729743287074,0.06236020237736365,0.24283944155252488,1.4728063159855083,,2.5904747254098766,0.13261722658062353,2.529007524182089,2.5893779480014927,17396.99174899487,9.89870749701513,3.8981834603939207,3.2921106669935396,9.897162813588512,13386.145501365847,290444.25173363544,61.43339895398822,12.286679790797644,0.0,186.23999999999998
34780355639312979015160389762850482787_eps3_s0,BPI2012_Full,0.2,15.0,,,5.0,35.6,0.7815824765066699,0.6876455984667833,0.40316246236180253,0.0006434039046218995,10.782653202011716,,6.262864700600039,0.1260133712203242,6.204124684608542,6.261803338199388,7094.887855575728,23.395054168801288,5.135003187006805,16.688526705186813,23.393396460579243,2665.8004298807305,285404.5063773114,173.8819873969769,34.776397479395385,0.0,26930.76
90011785275173713563502736162933793811_eps3_s0,BPI2012_Full,0.2,15.0,,,5.0,35.6,0.7888834146803527,0.5796824950130626,0.28454909935454886,0.031739347229044444,1.4900564780109562,,2.8254631254007108,0.137899875594303,2.7634602379985154,2.8243154239840806,15935.518660547346,15.307496072608046,8.944049970200286,8.110634240997024,15.305757086793893,5545.242613531077,289635.7444707136,62.64525328099262,12.529050656198525,0.0,1577.8
122154352235324958585344058181015187729_eps4_s0,BPI2012_Full,0.2,21.0,,,5.0,35.6,0.798175788268707,0.6775447406619204,0.4413189329034804,0.0006434039046218995,1.5014232489629649,,6.844253646209836,0.13501721199136227,6.782327986205928,6.843265300802886,6487.71627422106,20.411658393987455,4.360748450201936,13.701095842989162,20.410057725198566,3211.465489499528,288595.287149327,171.05118163401494,34.210236326802985,0.0,26930.76
156334184650786485978347865448030139775_eps4_s0,BPI2012_Full,0.2,21.0,,,5.0,35.6,0.6506219465888654,0.40185942595463653,0.08062064067863978,0.24283944155252488,1.4728063159855083,,2.5908008437952956,0.1449662963976152,2.5299783897819,2.589640618197154,17389.89179996637,10.050936857401393,4.44120993000688,3.3983977342024447,10.049393144785427,12987.593012812933,290529.6038618892,61.43339895398822,12.286679790797644,0.0,186.23999999999998
34780355639312979015160389762850482787_eps4_s0,BPI2012_Full,0.2,21.0,,,5.0,35.6,0.798175788268707,0.6775447406619204,0.4413189329034804,0.0006434039046218995,10.782653202011716,,7.046092614193912,0.12936351960524917,6.983472595608328,7.044845158420503,6306.2923096533395,20.81689542598324,4.488687204010785,14.06269852060359,20.815481311187614,3131.451880883521,285571.303846403,173.8819873969769,34.776397479395385,0.0,26930.76
90011785275173713563502736162933793811_eps4_s0,BPI2012_Full,0.2,21.0,,,5.0,35.6,0.8151680868759087,0.5853736564246959,0.30452497880678747,0.031739347229044444,1.4900564780109562,,2.865703947993461,0.14321907359408215,2.803216540394351,2.864631881983951,15701.238091563233,12.663431584986393,5.4699999839998785,5.82386919100536,12.661896798980887,7596.929565550713,289755.40110294096,62.64525328099262,12.529050656198525,0.0,1577.8
301303615634958901188516497625374252338_eps0_s0,BPI2012_Full,0.5,3.0,,,2.0,87.8,0.8135419471490468,0.5703638803353488,0.11540596456093885,0.02635788195478691,1.5187015099800192,,2.763894193386659,0.1466282384004444,2.702361863781698,2.762778694590088,16284.58344216912,69.55631246099946,11.667662303405814,62.10069643678143,69.55470818020403,740.8883404785896,299683.3215070492,66.09250944200903,13.218501888401807,0.0,1630.3
313840851390597435954673044863649726085_eps0_s0,BPI2012_Full,0.5,3.0,,,2.0,87.8,0.8314726477470625,0.6607938486772855,0.1312046709968926,0.0002047710000036529,1.4973147910204716,,6.16370558621129,0.13832112660165877,6.100564833194949,6.1630171810160395,7212.186526112532,478.493265540211,11.662023723602761,471.0879158124211,478.4920771664125,93.51585251399885,293150.5418559798,217.9808753199759,43.596175063995176,0.0,53532.9
65432415834605434134577897559624831681_eps0_s0,BPI2012_Full,0.5,3.0,,,2.0,87.8,0.5999778222280749,0.36050964382437456,0.02819927776692709,0.29953437958599777,1.4452839270234108,,2.7191474609891886,0.1409223868045956,2.655617424810771,2.7180222196155226,16570.28294534443,14.00904308318859,7.706342989217956,7.074440327577759,14.007446927414275,6452.7080666457605,300884.2185259508,65.56208621402038,13.112417242804076,0.0,113.3
99763397547193254507486301054948581651_eps0_s0,BPI2012_Full,0.5,3.0,,,2.0,87.8,0.8314726477470625,0.6607938486772855,0.1312046709968926,0.0002047710000036529,1.466623842017725,,6.076778851391282,0.1407572284224443,6.017320719198324,6.075723574776203,7311.7829721071375,480.40502812119666,11.74319649359677,472.93607398619645,480.403346874204,93.16065531277049,297419.0320354112,218.4556518929894,43.69113037859788,0.0,53532.9
301303615634958901188516497625374252338_eps1_s0,BPI2012_Full,0.5,7.0,,,2.0,87.8,0.7160024925571119,0.5792497362886739,0.22864141013716516,0.02635788195478691,1.5187015099800192,,2.7836740310187453,0.14696831280598416,2.7219084691954776,2.782460468809586,16170.677253187478,17.132434225187172,10.968422448611818,9.678229770192411,17.130690546205734,5388.926993553984,299956.28891608556,66.09250944200903,13.218501888401807,0.0,1630.3
313840851390597435954673044863649726085_eps1_s0,BPI2012_Full,0.5,7.0,,,2.0,87.8,0.6906079817475205,0.6318598822439148,0.3520873035615018,0.0002047710000036529,1.4973147910204716,,6.220276204380207,0.1379434478119947,6.160741826612503,6.219671749812551,7143.509907503883,18.32174702578923,3.818551923602354,11.761337371799163,18.320594382204582,3814.906766313351,294238.30299072777,217.9808753199759,43.596175063995176,0.0,53532.9
65432415834605434134577897559624831681_eps1_s0,BPI2012_Full,0.5,7.0,,,2.0,87.8,0.5980213985268961,0.35937098064800216,0.02609186686052531,0.29953437958599777,1.4452839270234108,,2.728380357811693,0.13576070078415797,2.6629897259990685,2.7272198584047147,16528.946073089126,10.670022432808764,7.04877690540161,3.711677287204657,10.668544613197446,11916.28684689353,300998.57343983004,65.56208621402038,13.112417242804076,0.0,113.3
99763397547193254507486301054948581651_eps1_s0,BPI2012_Full,0.5,7.0,,,2.0,87.8,0.6906079817475205,0.6318598822439148,0.3520873035615018,0.0002047710000036529,1.466623842017725,,6.216289363789838,0.12717879021074624,6.156273666198831,6.215309766610153,7146.70333241413,18.11380077021895,3.837761588790454,11.47157490021782,18.112256106187125,3892.3423075409605,298513.7583980572,218.4556518929894,43.69113037859788,0.0,53532.9
301303615634958901188516497625374252338_eps2_s0,BPI2012_Full,0.5,11.0,,,2.0,87.8,0.765525039851181,0.5950831295773519,0.23560033673409547,0.02635788195478691,1.5187015099800192,,2.8517777478089554,0.1437779874075204,2.7905252525932154,2.8506923837936484,15771.428685001723,12.546289503818844,9.559195785003249,5.2077147037955,12.544525896408596,8592.337874782957,300101.675637281,66.09250944200903,13.218501888401807,0.0,1630.3
313840851390597435954673044863649726085_eps2_s0,BPI2012_Full,0.5,11.0,,,2.0,87.8,0.7505866426394123,0.6572526201787058,0.38929199171806406,0.0002047710000036529,1.4973147910204716,,6.324088494409807,0.12955884721595795,6.265150850405917,6.3234440458007155,7028.1723752919615,19.892328612005805,4.230071990005672,13.229951305210125,19.891183728806208,3383.1584686162837,294390.7538850612,217.9808753199759,43.596175063995176,0.0,53532.9
65432415834605434134577897559624831681_eps2_s0,BPI2012_Full,0.5,11.0,,,2.0,87.8,0.5949142199902214,0.3548620345270328,0.0630394404697473,0.29953437958599777,1.4452839270234108,,2.759486354398541,0.1454225984052755,2.6980804907972926,2.7584690115996637,16327.369522625278,10.526023717212956,7.050146312592551,3.4870491545996627,10.524573501606937,12669.221853546247,301102.515065921,65.56208621402038,13.112417242804076,0.0,113.3
99763397547193254507486301054948581651_eps2_s0,BPI2012_Full,0.5,11.0,,,2.0,87.8,0.7505866426394123,0.6572526201787058,0.38929199171806406,0.0002047710000036529,1.466623842017725,,6.2898090513888745,0.13783602600451558,6.230319087195676,6.288788317807485,7063.795760981622,19.99763490059413,4.1788264400092885,13.247555329999887,19.99613220859319,3373.358169449991,298665.6841017648,218.4556518929894,43.69113037859788,0.0,53532.9
301303615634958901188516497625374252338_eps3_s0,BPI2012_Full,0.5,15.0,,,2.0,87.8,0.778643668465895,0.5861142798047793,0.22123439475885426,0.02635788195478691,1.5187015099800192,,2.811477640818339,0.1467282379977405,2.752187494188547,2.8103789743967353,15986.286745039619,20.096708418196066,14.680743874202017,12.153839453402906,20.095095415599644,3844.393315261487,300264.9698751578,66.09250944200903,13.218501888401807,0.0,1630.3
313840851390597435954673044863649726085_eps3_s0,BPI2012_Full,0.5,15.0,,,2.0,87.8,0.7731436097646163,0.6838541748703026,0.3890605262694883,0.0002047710000036529,1.4973147910204716,,6.5959165810025295,0.13875992241082713,6.535096435586456,6.595335892797448,6733.991378856683,29.898260178195777,5.982762074400671,22.994020420801824,29.896833108796272,1925.5828356110392,294579.866488578,217.9808753199759,43.596175063995176,0.0,53532.9
65432415834605434134577897559624831681_eps3_s0,BPI2012_Full,0.5,15.0,,,2.0,87.8,0.5949142199902214,0.3548620345270328,0.0840258752193402,0.29953437958599777,1.4452839270234108,,2.759969489998184,0.1390009706025012,2.6959330031997526,2.7589720407966523,16320.705236897955,10.335742942406796,7.252585447195452,3.392878367798403,10.334255724400283,13057.982678384173,301206.17195418925,65.56208621402038,13.112417242804076,0.0,113.3
99763397547193254507486301054948581651_eps3_s0,BPI2012_Full,0.5,15.0,,,2.0,87.8,0.7731436097646163,0.6838541748703026,0.3890605262694883,0.0002047710000036529,1.466623842017725,,6.624194965208881,0.13760482439538463,6.56454919037642,6.623152470600326,6704.154245137373,29.45657534279162,5.999421622988303,22.53943331039045,29.455006183614024,1959.9547280809643,298853.0492902972,218.4556518929894,43.69113037859788,0.0,53532.9
301303615634958901188516497625374252338_eps4_s0,BPI2012_Full,0.5,21.0,,,2.0,87.8,0.8135751096050055,0.5878121507713304,0.2148691675481153,0.02635788195478691,1.5187015099800192,,2.845076391787734,0.14631048880983144,2.7830934582045304,2.8439416162087583,15805.716524901442,15.22502551659709,10.635312850389164,7.894028402597177,15.223350971599576,5701.32057561421,300430.851410069,66.09250944200903,13.218501888401807,0.0,1630.3
313840851390597435954673044863649726085_eps4_s0,BPI2012_Full,0.5,21.0,,,2.0,87.8,0.7992932338538336,0.6798309609285103,0.4258586379179377,0.0002047710000036529,1.4973147910204716,,7.348453077196609,0.1309696473996155,7.284795865206979,7.3477551574120294,6042.540467841223,23.605822368804365,4.73622693659272,16.926914459187536,23.604652007203548,2632.1075273003294,294773.2316760182,217.9808753199759,43.596175063995176,0.0,53532.9
65432415834605434134577897559624831681_eps4_s0,BPI2012_Full,0.5,21.0,,,2.0,87.8,0.5949142199902214,0.3548620345270328,0.08553483254275321,0.29953437958599777,1.4452839270234108,,2.7794032674049958,0.15342195120174437,2.714880317996722,2.7783093773876315,16209.284548398422,10.443909328593872,7.789599342201837,3.414657473016996,10.442339051002637,12971.282708083712,301311.8571864724,65.56208621402038,13.112417242804076,0.0,113.3
99763397547193254507486301054948581651_eps4_s0,BPI2012_Full,0.5,21.0,,,2.0,87.8,0.7992932338538336,0.6798309609285103,0.4258586379179377,0.0002047710000036529,1.466623842017725,,7.387132108793594,0.13539943342329935,7.324983072618489,7.3862306756083855,6008.111887323697,23.093277882388794,4.657266589207575,16.296075353189373,23.091806472186,2720.03606577392,299044.8186636258,218.4556518929894,43.69113037859788,0.0,53532.9
154287530791976545750764743660029033168_eps0_s0,BPI2012_Full,1.0,3.0,,,1.0,175.6,0.5906682875214585,0.3485568559540931,0.038625834251815296,0.31227894936789824,1.4553721109987237,,2.8024294350179844,0.14429704259382561,2.7399576005875135,2.8013071241904983,16059.605161687054,15.151930139004254,10.655626139999367,7.760366988985334,15.150208349793683,5708.655015712123,317481.88594717596,65.5794064530055,13.1158812906011,0.0,149.0
225016248606758851465468524267212558832_eps0_s0,BPI2012_Full,1.0,3.0,,,1.0,175.6,0.8313910108878518,0.6605721710052788,0.1452036524427706,0.00015023150946885327,1.4586746349814348,,6.203139136405662,0.14601555960252882,6.144086811400484,6.202100716589484,7164.485464004599,1034.5096933097695,17.07584954001941,1026.322742543381,1034.5081663736025,43.238264150522376,305528.04615395365,221.5252839079476,44.30505678158952,0.0,102256.0
294849114210298322871130218010982039345_eps0_s0,BPI2012_Full,1.0,3.0,,,1.0,175.6,0.8135668930998602,0.5712508917575597,0.13032802936127116,0.02588009953691291,1.4956900909892283,,2.797272907209117,0.1356088467990048,2.7389076237916017,2.7963827111991124,16070.506989878759,71.44234301099786,17.16532216478372,63.33134320480749,71.4407043479965,699.218652718597,316212.3030239076,66.19231369602494,13.238462739204987,0.0,1587.8
335253511763257888361645826025058699918_eps0_s0,BPI2012_Full,1.0,3.0,,,1.0,175.6,0.8313910108878518,0.6605721710052788,0.1452036524427706,0.00015023150946885327,1.4006404830142856,,6.208303540397901,0.14192743140738456,6.14926340659149,6.207141482399311,7154.589698971441,1011.3373694128007,17.20018290959997,1003.278893248795,1011.3357459924184,44.4585824734005,312620.3530941992,209.00909078901168,41.80181815780234,0.0,102256.0
154287530791976545750764743660029033168_eps1_s0,BPI2012_Full,1.0,7.0,,,1.0,175.6,0.5906682875214585,0.3485568559540931,0.03846062414622935,0.31227894936789824,1.4553721109987237,,2.8147771256044507,0.13616087239934133,2.752426521200687,2.813719408202451,15984.503226529512,11.711760407208931,10.711668071185704,4.450676814594772,11.710333762993105,9914.0795456515,317617.6124778368,65.5794064530055,13.1158812906011,0.0,149.0
225016248606758851465468524267212558832_eps1_s0,BPI2012_Full,1.0,7.0,,,1.0,175.6,0.7011088507567399,0.636038824419249,0.351860913350447,0.00015023150946885327,1.4586746349814348,,6.320611597399693,0.13523211060091853,6.260131575213745,6.3194103538058695,7029.542602593783,18.570732199412305,4.27855680519715,11.942227849201299,18.569327563198748,3795.7114459048926,307839.8754357984,221.5252839079476,44.30505678158952,0.0,102256.0
294849114210298322871130218010982039345_eps1_s0,BPI2012_Full,1.0,7.0,,,1.0,175.6,0.7172395648327088,0.5811189696615436,0.1926943253077968,0.02588009953691291,1.4956900909892283,,2.825037262996193,0.13393128680763766,2.766008210007567,2.823948854196351,15908.944217927183,17.708572399814148,13.810014967585449,10.000266469002236,17.707045886991544,5033.155847503452,316501.8868076718,66.19231369602494,13.238462739204987,0.0,1587.8
335253511763257888361645826025058699918_eps1_s0,BPI2012_Full,1.0,7.0,,,1.0,175.6,0.7011088507567399,0.636038824419249,0.351860913350447,0.00015023150946885327,1.4006404830142856,,6.304789335199166,0.1508749199914746,6.244005889398977,6.303772188804578,7047.11412678689,20.666848314995878,4.1139184547937475,11.91900970939314,20.66545743980678,3795.6494964929407,314913.2216899682,209.00909078901168,41.80181815780234,0.0,102256.0
154287530791976545750764743660029033168_eps2_s0,BPI2012_Full,1.0,11.0,,,1.0,175.6,0.5856363994922202,0.34292927027070774,0.07510219581979874,0.31227894936789824,1.4553721109987237,,2.777751794597134,0.13858218640089034,2.713706340605859,2.7766451656003484,16226.54173771129,10.999059222405776,10.825668910995592,3.735601641796529,10.997412967390847,11809.41500494282,317744.1095765974,65.5794064530055,13.1158812906011,0.0,149.0
225016248606758851465468524267212558832_eps2_s0,BPI2012_Full,1.0,11.0,,,1.0,175.6,0.7498759455788623,0.6558730017327672,0.3874383831067312,0.00015023150946885327,1.4586746349814348,,6.45645290077664,0.14746827562339604,6.396817336790264,6.455043083790224,6881.14195377983,19.992331184167416,4.486083039222285,13.343393480405211,19.990954707597847,3356.506014460527,307996.69783156924,221.5252839079476,44.30505678158952,0.0,102256.0
294849114210298322871130218010982039345_eps2_s0,BPI2012_Full,1.0,11.0,,,1.0,175.6,0.7652565004718053,0.59608404408022,0.17741203556526622,0.02588009953691291,1.4956900909892283,,2.7819411278003825,0.1401020262041129,2.7203158368123694,2.7807962139952,16174.174402981585,14.72116403359687,15.456219227600377,6.68235668578418,14.719492348004133,6591.888134362572,316674.9687951216,66.19231369602494,13.238462739204987,0.0,1587.8
335253511763257888361645826025058699918_eps2_s0,BPI2012_Full,1.0,11.0,,,1.0,175.6,0.7498759455788623,0.6558730017327672,0.3874383831067312,0.00015023150946885327,1.4006404830142856,,6.447820675780531,0.14078798538539558,6.386484337993897,6.446802101400681,6889.322311635187,19.97378323217854,4.269684832217171,13.33022603460122,19.972101958992425,3357.2752772282765,315075.5653714676,209.00909078901168,41.80181815780234,0.0,102256.0
154287530791976545750764743660029033168_eps3_s0,BPI2012_Full,1.0,15.0,,,1.0,175.6,0.5856363994922202,0.34292927027070774,0.0959434295890825,0.31227894936789824,1.4553721109987237,,2.8120037720073014,0.13898780819727108,2.748108883795794,2.8109498634119516,16010.30857865815,10.935584431013558,10.857943286804948,3.6789080517948607,10.93405695441179,11992.889535092008,317869.5843910624,65.5794064530055,13.1158812906011,0.0,149.0
225016248606758851465468524267212558832_eps3_s0,BPI2012_Full,1.0,15.0,,,1.0,175.6,0.7725548275413017,0.6831135168697371,0.38762484449737683,0.00015023150946885327,1.4586746349814348,,6.787466408615001,0.1398004861897789,6.726426122779958,6.78651360218646,6542.742533462034,43.06780957242008,6.337460404983721,36.2482225138112,43.06641838599462,1220.9252152889126,308224.5923350076,221.5252839079476,44.30505678158952,0.0,102256.0
294849114210298322871130218010982039345_eps3_s0,BPI2012_Full,1.0,15.0,,,1.0,175.6,0.7783343309629869,0.5870825147765847,0.21554714885469745,0.02588009953691291,1.4956900909892283,,2.7945680277771316,0.1321930052130483,2.7347442817874255,2.7934336964040996,16086.000993782563,14.3393009431893,14.951468476396986,6.516562659188639,14.337655315396841,6803.398186607568,316838.0573226074,66.19231369602494,13.238462739204987,0.0,1587.8
335253511763257888361645826025058699918_eps3_s0,BPI2012_Full,1.0,15.0,,,1.0,175.6,0.7725548275413017,0.6831135168697371,0.38762484449737683,0.00015023150946885327,1.4006404830142856,,6.7973205595975745,0.1438384998124093,6.736024687788449,6.796141858596821,6532.146156262796,43.059644789400046,6.324535451596603,36.15323688701028,43.05809526800876,1224.8674023893884,315302.2672325768,209.00909078901168,41.80181815780234,0.0,102256.0
154287530791976545750764743660029033168_eps4_s0,BPI2012_Full,1.0,21.0,,,1.0,175.6,0.5856363994922202,0.34292927027070774,0.0959434295890825,0.31227894936789824,1.4553721109987237,,2.817228087806143,0.1477681947988458,2.755052311799955,2.816142912604846,15970.97195891206,11.022597540379502,11.059822150785475,3.7025558325927705,11.020917965006083,11904.019174714373,317995.4820031506,65.5794064530055,13.1158812906011,0.0,149.0
225016248606758851465468524267212558832_eps4_s0,BPI2012_Full,1.0,21.0,,,1.0,175.6,0.8002563188022227,0.6794716706020119,0.4239051775495094,0.00015023150946885327,1.4586746349814348,,7.613738460408058,0.12842293159337714,7.554004296625498,7.612678939825855,5831.48214433407,28.88190075440798,5.067096735397354,20.033252767194064,28.880466542812066,2239.5952888137117,308467.3601375498,221.5252839079476,44.30505678158952,0.0,102256.0
294849114210298322871130218010982039345_eps4_s0,BPI2012_Full,1.0,21.0,,,1.0,175.6,0.8137034569954764,0.588890127845253,0.20543067319048305,0.02588009953691291,1.4956900909892283,,2.825870927190408,0.14732542539713905,2.763322861189954,2.8246230336022564,15930.735533624142,15.89339339621365,14.989165824989323,8.02377748740837,15.891612476413139,5504.823949285167,317006.19322767196,66.19231369602494,13.238462739204987,0.0,1587.8
335253511763257888361645826025058699918_eps4_s0,BPI2012_Full,1.0,21.0,,,1.0,175.6,0.8002563188022227,0.6794716706020119,0.4239051775495094,0.00015023150946885327,1.4006404830142856,,7.714220759808086,0.13447462260955945,7.655645673011895,7.713126050808933,5752.869453978841,26.875238677603193,4.943599933804944,20.067021188803484,26.87385113518685,2234.1063505855145,315539.3735608544,209.00909078901168,41.80181815780234,0.0,102256.0
200934189435493509245876840523779924304_eps0_s0,BPI2012_W,0.0,3.0,,,157.6,1.0,0.8045453419374302,0.5278039498326171,0.1555360435343069,0.03292281176675115,0.9859607730177231,,2.5348916821996683,0.12241086279973387,2.4940159627934917,2.533706631604582,11504.91980955649,14.19550118879415,4.857292646588758,10.139363839407451,14.194181774999015,2832.28382671671,321572.23029064375,58.16290848603239,11.63258169720648,0.0,159.69042518662772
252036172554514852379917073716435574953_eps0_s0,BPI2012_W,0.0,3.0,,,157.6,1.0,0.8281272486726076,0.6030594106006636,0.23227500474109367,0.006527604888553385,0.9605459379963577,,3.0109574276022615,0.11544711479218676,2.97141133020632,3.010317849798594,9656.3349125427,28.03042759479722,5.9105607473989945,23.84102874621749,28.02946023818804,1203.4652312384376,320858.9313751054,63.927673062018584,12.785534612403717,0.0,692.2213891593639
252336560693540533935881068298825202077_eps0_s0,BPI2012_W,0.0,3.0,,,157.6,1.0,0.8301193334967214,0.631769740502205,0.23352430422715936,0.0040375009415603,0.9366031719837338,,3.48878025340382,0.11435876080067828,3.447861677198671,3.4882147585973144,8320.891598145743,35.55862529098522,5.922064699616749,31.41652587138815,35.55753105561016,913.1680280172425,319129.8255896932,72.10155228199437,14.420310456398875,0.0,1190.2058422590067
47482295457342411543800303662309855831_eps0_s0,BPI2012_W,0.0,3.0,,,157.6,1.0,0.8301193334967214,0.631769740502205,0.23352430422715936,0.0040375009415603,1.0007538620266132,,3.6450340383918958,0.10907927280059085,3.6052849068073556,3.6443740914110094,7957.081046372846,34.14486211381154,6.212106915994082,29.892142592417077,34.14385535098845,959.6616179383773,320023.77247714123,72.48367458902067,14.496734917804133,0.0,1190.2058422590067
200934189435493509245876840523779924304_eps1_s0,BPI2012_W,0.0,7.0,,,157.6,1.0,0.6692320767938368,0.5109664031779959,0.3075821918083944,0.03292281176675115,0.9859607730177231,,2.594579462008551,0.11447724219178781,2.5538059392012658,2.5936655315803363,11233.204485313234,7.485556256980635,3.154275160410907,3.5576463803998193,7.484366513392888,8093.848077679414,321657.8673857272,58.16290848603239,11.63258169720648,0.0,159.69042518662772
252036172554514852379917073716435574953_eps1_s0,BPI2012_W,0.0,7.0,,,157.6,1.0,0.5823732568013347,0.5435623439165244,0.32040470921198877,0.006527604888553385,0.9605459379963577,,2.996921186801046,0.1247521838056855,2.955959702190012,2.9958844311884603,9708.506733974336,7.864863919804338,2.9742843865999022,3.9385126413893885,7.863807705801446,7292.309058484779,320976.9698924588,63.927673062018584,12.785534612403717,0.0,692.2213891593639
252336560693540533935881068298825202077_eps1_s0,BPI2012_W,0.0,7.0,,,157.6,1.0,0.6093571311747785,0.5433218008196041,0.3248143812666351,0.0040375009415603,0.9366031719837338,,3.453785578592215,0.11742697641020641,3.412877088203095,3.453141585213598,8404.96655871218,8.65209181039827,3.0419914889964277,4.788977285206784,8.65101189580746,6013.94706840994,319267.459753335,72.10155228199437,14.420310456398875,0.0,1190.2058422590067
47482295457342411543800303662309855831_eps1_s0,BPI2012_W,0.0,7.0,,,157.6,1.0,0.6093571311747785,0.5433218008196041,0.3248143812666351,0.0040375009415603,1.0007538620266132,,3.680625135381706,0.12450730099808424,3.64006049601594,3.6798741979990153,7883.472440394025,8.821749145793728,3.306456746615004,4.877866401802748,8.820850215409882,5902.4473942071545,320161.8348300552,72.48367458902067,14.496734917804133,0.0,1190.2058422590067
200934189435493509245876840523779924304_eps2_s0,BPI2012_W,0.0,11.0,,,157.6,1.0,0.7411324922738344,0.5488880606374444,0.2557517615719252,0.03292281176675115,0.9859607730177231,,2.6248017232050187,0.11784896020544693,2.5841899069957437,2.6239369292045014,11103.619065597823,8.567346969398205,3.8169607381918467,4.557934809615835,8.56607135500526,6508.303096313875,321730.7609323922,58.16290848603239,11.63258169720648,0.0,159.69042518662772
252036172554514852379917073716435574953_eps2_s0,BPI2012_W,0.0,11.0,,,157.6,1.0,0.7200765121540998,0.5861996943054252,0.39523262297192946,0.006527604888553385,0.9605459379963577,,2.9616702870000156,0.11128573820460588,2.9213351794169284,2.9606260228087193,9819.999978416405,7.45718283620663,2.9710209871875124,3.5714174975990316,7.455879688984714,8054.185135463561,321046.5954994364,63.927673062018584,12.785534612403717,0.0,692.2213891593639
252336560693540533935881068298825202077_eps2_s0,BPI2012_W,0.0,11.0,,,157.6,1.0,0.7202446986863579,0.6055350597196785,0.37763100870547917,0.0040375009415603,0.9366031719837338,,3.471090366621502,0.11936689318390563,3.4286306872032584,3.47027654859703,8367.155651995216,8.294256594602484,3.1515779820038006,4.385815225401894,8.293272355629597,6552.0958258672845,319344.7636460426,72.10155228199437,14.420310456398875,0.0,1190.2058422590067
47482295457342411543800303662309855831_eps2_s0,BPI2012_W,0.0,11.0,,,157.6,1.0,0.7202446986863579,0.6055350597196785,0.37763100870547917,0.0040375009415603,1.0007538620266132,,3.687958132615313,0.12317755519179627,3.6471446112147534,3.687142075796146,7867.316062131069,8.449031922616996,3.30575792879099,4.559320831799414,8.448145197203848,6305.699594571545,320241.8858233998,72.48367458902067,14.496734917804133,0.0,1190.2058422590067
200934189435493509245876840523779924304_eps3_s0,BPI2012_W,0.0,15.0,,,157.6,1.0,0.75976753480894,0.5517162291952106,0.2362294498368814,0.03292281176675115,0.9859607730177231,,2.673950793815311,0.11614229240221903,2.632846683205571,2.6728708574082702,10898.95793963129,8.266616315988358,4.203030912601389,4.247396421595477,8.265351015585475,6757.111871624174,321808.789075416,58.16290848603239,11.63258169720648,0.0,159.69042518662772
252036172554514852379917073716435574953_eps3_s0,BPI2012_W,0.0,15.0,,,157.6,1.0,0.7013575872588483,0.5863107280288806,0.3934109510004102,0.006527604888553385,0.9605459379963577,,3.0000896846060643,0.12696060060989112,2.9569360391818917,2.9989116591983476,9701.41054590522,7.5453164097853005,2.9554015347966924,3.569286069611553,7.543845204403624,8037.406722901522,321116.04492472217,63.927673062018584,12.785534612403717,0.0,692.2213891593639
252336560693540533935881068298825202077_eps3_s0,BPI2012_W,0.0,15.0,,,157.6,1.0,0.6961960159131684,0.6086407305612285,0.3848010301511863,0.0040375009415603,0.9366031719837338,,3.5884575097938067,0.1205343742039986,3.5437092971988022,3.5877801062189976,8096.420355850362,7.94431200659601,3.073047161207069,4.040245214814786,7.943350702594034,7100.361948592869,319420.523405572,72.10155228199437,14.420310456398875,0.0,1190.2058422590067
47482295457342411543800303662309855831_eps3_s0,BPI2012_W,0.0,15.0,,,157.6,1.0,0.6961960159131684,0.6086407305612285,0.3848010301511863,0.0040375009415603,1.0007538620266132,,3.7787273613968866,0.1161103161983192,3.7354596561868676,3.7779374117846602,7679.527731222848,8.163087618013378,3.2938341875793413,4.2397202562075105,8.16219011680223,6772.581588483615,320320.1612181254,72.48367458902067,14.496734917804133,0.0,1190.2058422590067
200934189435493509245876840523779924304_eps4_s0,BPI2012_W,0.0,21.0,,,157.6,1.0,0.7878169331966173,0.5440374274611992,0.25398361976253675,0.03292281176675115,0.9859607730177231,,2.6552201694110407,0.11602099138544872,2.613672664994374,2.654029138607439,10978.048008321095,8.434437300998251,3.879139088571537,4.401720018591732,8.432950863195583,6540.007792351216,321885.9842845582,58.16290848603239,11.63258169720648,0.0,159.69042518662772
252036172554514852379917073716435574953_eps4_s0,BPI2012_W,0.0,21.0,,,157.6,1.0,0.7245069333542159,0.5919906509578597,0.3777409924180752,0.006527604888553385,0.9605459379963577,,3.1507178202038633,0.11165388240478932,3.109606244415045,3.149767359602265,9226.703687735437,7.509006188402418,3.012927357212175,3.5593878637999294,7.507787579204887,8061.46264245892,321186.0107055014,63.927673062018584,12.785534612403717,0.0,692.2213891593639
252336560693540533935881068298825202077_eps4_s0,BPI2012_W,0.0,21.0,,,157.6,1.0,0.7103926441848751,0.6142207768112731,0.375728848782106,0.0040375009415603,0.9366031719837338,,3.8230026249890217,0.11572431339882314,3.782045709807426,3.822361088404432,7584.315662643693,7.843685340997763,3.144983950012829,3.9640521412016825,7.842900921404362,7240.3397022097215,319496.1901226936,72.10155228199437,14.420310456398875,0.0,1190.2058422590067
47482295457342411543800303662309855831_eps4_s0,BPI2012_W,0.0,21.0,,,157.6,1.0,0.7103926441848751,0.6142207768112731,0.375728848782106,0.0040375009415603,1.0007538620266132,,3.9666618922026826,0.11715009639738128,3.9260562240029686,3.9660258589894513,7310.479083146805,8.036356246401557,3.264646498404909,4.142538418597542,8.035333264793735,6927.50434702094,320398.88008351123,72.48367458902067,14.496734917804133,0.0,1190.2058422590067
142755197448285586864950898907211027337_eps0_s0,BPI2012_W,0.025,3.0,,,39.8,4.0,0.7981876592369394,0.5243518493097425,0.1109421492721876,0.039540848943992145,1.0086785170133226,,2.4857099344022573,0.11804600240429863,2.4442156887962483,2.4847679976024666,11740.89149657627,13.639557716215496,4.057052994391415,9.69052563442383,13.638348277390469,2981.0921286105877,324724.701398356,44.33097226603422,8.866194453206845,0.0,171.1505128205128
204856358341536816138399558242345199755_eps0_s0,BPI2012_W,0.025,3.0,,,39.8,4.0,0.8329634629725268,0.6430669399653313,0.17395505393936836,0.0012121767114306253,0.9714258200256154,,3.536554265790619,0.11460154401138425,3.494886164390482,3.53566197239561,8207.75766774051,52.319516591192226,5.624351201602257,48.21608912920347,52.31827843481442,595.7105786351045,323299.8037705786,52.0309316929779,10.40618633859558,0.0,2858.389871794872
243648848362029147724904434567477923763_eps0_s0,BPI2012_W,0.025,3.0,,,39.8,4.0,0.8296372108342641,0.5987618991527199,0.1729848726469933,0.00532148256330883,0.978717254998628,,2.829876361403149,0.11999556119553745,2.788735544413794,2.828886979399249,10289.318148032025,35.311179214995356,5.572174206818454,31.166992779809515,35.30969506521942,922.6776140716335,324086.4579028164,45.58957384101814,9.117914768203628,0.0,884.8248717948718
31882839497307630496007576300860674457_eps0_s0,BPI2012_W,0.025,3.0,,,39.8,4.0,0.8329634629725268,0.6430669399653313,0.17395505393936836,0.0012121767114306253,0.9614197859773412,,3.383266763202846,0.12829554079798983,3.342464295402169,3.382404297613539,8584.268503936164,52.222017753589896,5.580847359797917,48.132487209606914,52.22069276279071,597.2756043116891,322395.3764787504,59.20393185201101,11.840786370402203,0.0,2858.389871794872
142755197448285586864950898907211027337_eps1_s0,BPI2012_W,0.025,7.0,,,39.8,4.0,0.6834088078661006,0.508810602859802,0.27648758116467365,0.039540848943992145,1.0086785170133226,,2.4714917749981398,0.12105331439524888,2.4295285842032173,2.4704957830021157,11806.621842224704,6.976258534600492,3.3818710824009033,2.9380644113989547,6.974976363603491,9772.672265599696,324806.36851025524,44.33097226603422,8.866194453206845,0.0,171.1505128205128
204856358341536816138399558242345199755_eps1_s0,BPI2012_W,0.025,7.0,,,39.8,4.0,0.5667290656844765,0.5209434553798328,0.3214330799837616,0.0012121767114306253,0.9714258200256154,,3.469322992581874,0.12288158321753144,3.425012737803627,3.468087838194333,8376.29166527013,9.901113305601758,2.861324398801662,4.415355379402172,9.899540481402074,6539.653198159376,323472.788020422,52.0309316929779,10.40618633859558,0.0,2858.389871794872
243648848362029147724904434567477923763_eps1_s0,BPI2012_W,0.025,7.0,,,39.8,4.0,0.5745401375009247,0.5371041515112194,0.3152408805146454,0.00532148256330883,0.978717254998628,,2.740147076989524,0.12417358760721982,2.69906690500211,2.73920564140426,10634.389043619361,7.52165959419217,3.0456102394033224,3.491381052788347,7.5203460160177205,8218.778154394002,324215.8285977544,45.58957384101814,9.117914768203628,0.0,884.8248717948718
31882839497307630496007576300860674457_eps1_s0,BPI2012_W,0.025,7.0,,,39.8,4.0,0.5667290656844765,0.5209434553798328,0.3214330799837616,0.0012121767114306253,0.9614197859773412,,3.484859857195988,0.12200861860765144,3.4411207490134985,3.483695652813185,8337.43765070937,8.259628438402434,2.8696724280016497,4.285369892208837,8.258272297005169,6722.599251786841,322564.525660844,59.20393185201101,11.840786370402203,0.0,2858.389871794872
142755197448285586864950898907211027337_eps2_s0,BPI2012_W,0.025,11.0,,,39.8,4.0,0.7577905404086571,0.541441041807887,0.17702813522122546,0.039540848943992145,1.0086785170133226,,2.479705527389888,0.12511607558699325,2.438238583016209,2.47859907039674,11768.140020391282,7.760429676994681,3.0428465398028495,3.769947949994821,7.759129764791578,7623.20857337181,324873.96222610277,44.33097226603422,8.866194453206845,0.0,171.1505128205128
204856358341536816138399558242345199755_eps2_s0,BPI2012_W,0.025,11.0,,,39.8,4.0,0.6963593947137796,0.5987158980365962,0.3677767350708958,0.0012121767114306253,0.9714258200256154,,3.4839265233953483,0.11878351118648425,3.4400351588148625,3.482877221994568,8341.10397701188,8.167852793412749,3.0135376159916634,4.198506307578645,8.166414324811194,6835.234244915293,323552.83694487123,52.0309316929779,10.40618633859558,0.0,2858.389871794872
243648848362029147724904434567477923763_eps2_s0,BPI2012_W,0.025,11.0,,,39.8,4.0,0.6742963500350507,0.5706047977571093,0.3869832945923296,0.00532148256330883,0.978717254998628,,2.754416045197286,0.1275858127977699,2.710657948604785,2.7534377175965346,10586.64337972845,7.219714579801075,2.95466953079449,3.2226974294055255,7.218417040398345,8903.624303721295,324283.3225252472,45.58957384101814,9.117914768203628,0.0,884.8248717948718
31882839497307630496007576300860674457_eps2_s0,BPI2012_W,0.025,11.0,,,39.8,4.0,0.6963593947137796,0.5987158980365962,0.3677767350708958,0.0012121767114306253,0.9614197859773412,,3.5437278671888635,0.11130172141129151,3.5022880992153658,3.5426073385984638,8192.751132110508,8.221266244794242,3.005190690397285,4.251823064801283,8.220034966384992,6757.120155501459,322639.9675915896,59.20393185201101,11.840786370402203,0.0,2858.389871794872
142755197448285586864950898907211027337_eps3_s0,BPI2012_W,0.025,15.0,,,39.8,4.0,0.7727287619322117,0.5450489755690605,0.17220804126617448,0.039540848943992145,1.0086785170133226,,2.4692612273734995,0.12086370579199865,2.428330214403104,2.4681517162011004,11819.57672339411,7.5392005366040395,3.0476998802041635,3.6399573059985415,7.537899580795783,7880.4299725723085,324941.5895507224,44.33097226603422,8.866194453206845,0.0,171.1505128205128
204856358341536816138399558242345199755_eps3_s0,BPI2012_W,0.025,15.0,,,39.8,4.0,0.6862991768687408,0.615121381939725,0.3746952786582526,0.0012121767114306253,0.9714258200256154,,3.610899690212682,0.11816190761746839,3.570176382991485,3.6099016819847747,8038.260732987187,7.993355628603604,3.0187734562088737,4.080138226610143,7.99192668980686,7032.40114818038,323628.0336058442,52.0309316929779,10.40618633859558,0.0,2858.389871794872
243648848362029147724904434567477923763_eps3_s0,BPI2012_W,0.025,15.0,,,39.8,4.0,0.6860180797784196,0.580321168713713,0.39357130698520193,0.00532148256330883,0.978717254998628,,2.8184270272031426,0.12260859559755773,2.7748464862001128,2.8173865619814022,10342.78930013481,7.284143961593509,2.9290275094215756,3.289272610784974,7.282828502601478,8723.894195989707,324350.336725933,45.58957384101814,9.117914768203628,0.0,884.8248717948718
31882839497307630496007576300860674457_eps3_s0,BPI2012_W,0.025,15.0,,,39.8,4.0,0.6862991768687408,0.615121381939725,0.3746952786582526,0.0012121767114306253,0.9614197859773412,,3.5394969710032456,0.12286358901765197,3.4987983508151954,3.53841811461607,8199.994456096309,8.073173806606793,2.99690359759843,4.059069610584993,8.071565463009756,7068.047655689341,322715.6953566892,59.20393185201101,11.840786370402203,0.0,2858.389871794872
142755197448285586864950898907211027337_eps4_s0,BPI2012_W,0.025,21.0,,,39.8,4.0,0.7722735524678941,0.5451111138451501,0.17839592006878527,0.039540848943992145,1.0086785170133226,,2.4738782310043463,0.11981834181351587,2.432170832611155,2.4728779105935246,11797.027640464466,7.650101987400558,3.5154573457781226,3.685967507015448,7.648731297592167,7799.572308720077,325010.4411427078,44.33097226603422,8.866194453206845,0.0,171.1505128205128
204856358341536816138399558242345199755_eps4_s0,BPI2012_W,0.025,21.0,,,39.8,4.0,0.7003996906518255,0.6179147730228858,0.3704380376607387,0.0012121767114306253,0.9714258200256154,,3.858324630197603,0.11704921779455617,3.8169570023776034,3.8572855583857746,7517.522387865744,7.982460026198533,2.9851035296102055,4.024764272605535,7.9811355347977955,7128.269335727831,323703.7383558648,52.0309316929779,10.40618633859558,0.0,2858.389871794872
243648848362029147724904434567477923763_eps4_s0,BPI2012_W,0.025,21.0,,,39.8,4.0,0.7735800117332335,0.5981593766115741,0.39161214674552414,0.00532148256330883,0.978717254998628,,2.825623902992811,0.13078304420923814,2.784527044184506,2.82472396439407,10309.52401177154,7.5336452725925485,3.131094869005028,3.5213498204015194,7.532350443990436,8148.973027837233,324418.91962211777,45.58957384101814,9.117914768203628,0.0,884.8248717948718
31882839497307630496007576300860674457_eps4_s0,BPI2012_W,0.025,21.0,,,39.8,4.0,0.7003996906518255,0.6179147730228858,0.3704380376607387,0.0012121767114306253,0.9614197859773412,,3.8206412672065198,0.12366961201187224,3.7770272714085875,3.8194768339861183,7597.332048664168,7.984092357987538,2.9367343606078067,4.023484766390174,7.982818311592564,7130.705496272656,322791.37005687796,59.20393185201101,11.840786370402203,0.0,2858.389871794872
143808228238095277664544419614730890173_eps0_s0,BPI2012_W,0.1,3.0,,,10.0,16.0,0.8273303768581497,0.5484672583944432,0.12037965416049948,0.007237291893413503,0.9887769329943694,,2.5152949701994656,0.11873257238185034,2.473289834393654,2.5142242301953956,11603.73301826822,37.64437983039534,5.134769243793562,33.59715480199084,37.64321663341252,857.1314556683523,327367.9567760116,38.61549387400737,7.723098774801474,0.0,1022.9200000000001
258208765752992901959170973957564585355_eps0_s0,BPI2012_W,0.1,3.0,,,10.0,16.0,0.8330790180599539,0.6485898486751631,0.12406848767126273,0.0005234707312239044,0.9727735579945147,,3.450711128592957,0.12192261861637235,3.4100892624119297,3.449929743190296,8413.50079201552,68.45375701920129,5.352161664387677,64.40543462679489,68.45260552280816,445.93767698737275,326584.8235616082,64.00986088300124,12.801972176600248,0.0,7121.780000000001
73267476325277510937415020325069564022_eps0_s0,BPI2012_W,0.1,3.0,,,10.0,16.0,0.7723449898829478,0.5010892983148825,0.0779586201882024,0.0731551144255421,7.610638984944671,,2.3299082204233854,0.11270703037735075,2.287497465801425,2.329143979784567,12543.548954402131,13.762540548190008,4.606589801388327,9.833952710218728,13.761480624997057,2985.451882963461,327974.69583848177,38.67350290995091,7.734700581990182,0.0,192.28000000000003
94663391914329153046920958885615291360_eps0_s0,BPI2012_W,0.1,3.0,,,10.0,16.0,0.8330790180599539,0.6485898486751631,0.12406848767126273,0.0005234707312239044,0.9334123900043778,,3.4886342785903253,0.12799715540604667,3.4480813674163073,3.487877457798459,8323.830935765149,68.09462668300839,5.265839907410554,64.0662365624099,68.0935630259919,448.0071637903472,325581.3575688134,63.326725474966224,12.665345094993246,0.0,7121.780000000001
143808228238095277664544419614730890173_eps1_s0,BPI2012_W,0.1,7.0,,,10.0,16.0,0.6120042400555263,0.5047554701695656,0.3253640195664158,0.007237291893413503,0.9887769329943694,,2.5524051338084974,0.11890294379554689,2.507052810199093,2.5513823946006595,11445.720078095972,6.934669262194075,2.878785857395269,2.9332002503913825,6.933396737393923,9781.455301435475,327498.30609791,38.61549387400737,7.723098774801474,0.0,1022.9200000000001
258208765752992901959170973957564585355_eps1_s0,BPI2012_W,0.1,7.0,,,10.0,16.0,0.519710972392368,0.4849113328418316,0.3011400630455651,0.0005234707312239044,0.9727735579945147,,3.4666011558030734,0.12063066058326513,3.42445316798985,3.4658573223976417,8379.233433732403,8.160945836803876,2.688414979178924,4.291887284407858,8.159995858208276,6694.1442621455235,326785.4909892818,64.00986088300124,12.801972176600248,0.0,7121.780000000001
73267476325277510937415020325069564022_eps1_s0,BPI2012_W,0.1,7.0,,,10.0,16.0,0.6932021684528562,0.48236401274488366,0.21193393810057182,0.0731551144255421,7.610638984944671,,2.3181170513969844,0.12318857199279591,2.2753057558089496,2.31731411900837,12611.31155684028,6.968676480196882,4.16118110299576,2.875996357598342,6.967495890206192,10009.579267482408,328060.26115398377,38.67350290995091,7.734700581990182,0.0,192.28000000000003
94663391914329153046920958885615291360_eps1_s0,BPI2012_W,0.1,7.0,,,10.0,16.0,0.519710972392368,0.4849113328418316,0.3011400630455651,0.0005234707312239044,0.9334123900043778,,3.524315628001932,0.11662465560948476,3.4832294840132816,3.52358041619882,8238.773274433257,8.354823394818231,2.742281924386043,4.400527006201446,8.35365101781208,6523.471720169448,325782.5855398534,63.326725474966224,12.665345094993246,0.0,7121.780000000001
143808228238095277664544419614730890173_eps2_s0,BPI2012_W,0.1,11.0,,,10.0,16.0,0.7135630881242292,0.5413225668886333,0.3912833688497753,0.007237291893413503,0.9887769329943694,,2.53332538458053,0.1329593682079576,2.49182039918378,2.5321987319970503,11518.980672518464,6.77556486541871,2.8807233365834692,2.7971047303988597,6.7741395775810815,10255.833572341076,327561.8031383086,38.61549387400737,7.723098774801474,0.0,1022.9200000000001
258208765752992901959170973957564585355_eps2_s0,BPI2012_W,0.1,11.0,,,10.0,16.0,0.6609954658196308,0.5887592216594542,0.35521969705961337,0.0005234707312239044,0.9727735579945147,,3.490321309003048,0.11397008539643139,3.44947220957838,3.4893370867939666,8317.650666815796,8.110120940406341,2.8387644135858863,4.159654488193337,8.109080630587414,6903.07417480585,326859.34058884846,64.00986088300124,12.801972176600248,0.0,7121.780000000001
73267476325277510937415020325069564022_eps2_s0,BPI2012_W,0.1,11.0,,,10.0,16.0,0.7583000625007461,0.496273802814713,0.12387797248671432,0.0731551144255421,7.610638984944671,,2.34903243399458,0.12049837479135021,2.3068601023871453,2.3480123532004655,12448.154733067899,6.973584905988536,2.8341336078126913,3.096440039598383,6.972437698801514,9264.298278697508,328125.0376834672,38.67350290995091,7.734700581990182,0.0,192.28000000000003
94663391914329153046920958885615291360_eps2_s0,BPI2012_W,0.1,11.0,,,10.0,16.0,0.6609954658196308,0.5887592216594542,0.35521969705961337,0.0005234707312239044,0.9334123900043778,,3.581290192017332,0.11003999538952484,3.5400204029981976,3.5804284618003295,8104.470378110015,8.132034182199277,2.858140631415881,4.186340659402776,8.130943685397506,6858.2345073814995,325857.66538099863,63.326725474966224,12.665345094993246,0.0,7121.780000000001
143808228238095277664544419614730890173_eps3_s0,BPI2012_W,0.1,15.0,,,10.0,16.0,0.7523024148242136,0.5544389578899477,0.3991083515639649,0.007237291893413503,0.9887769329943694,,2.562585166399367,0.12608508761040865,2.5212492594029756,2.5615664373966864,11384.698159473042,6.799863066582475,2.8866312602185644,2.837125665007625,6.798516455211211,10119.36925517782,327624.9045920304,38.61549387400737,7.723098774801474,0.0,1022.9200000000001
258208765752992901959170973957564585355_eps3_s0,BPI2012_W,0.1,15.0,,,10.0,16.0,0.6781617564777188,0.6078914559691004,0.3608493591193877,0.0005234707312239044,0.9727735579945147,,3.599149143206887,0.11861745100468397,3.5580646530142985,3.5981334395939486,8063.7093763729445,8.050434684590437,2.8973639596020804,4.135621960787103,8.049381192808506,6936.989474548888,326933.9302016754,64.00986088300124,12.801972176600248,0.0,7121.780000000001
73267476325277510937415020325069564022_eps3_s0,BPI2012_W,0.1,15.0,,,10.0,16.0,0.765827695337678,0.5002188823872741,0.115325772118714,0.0731551144255421,7.610638984944671,,2.3878938558045775,0.13328592460602523,2.3467062799842098,2.3871252461802213,12238.006759282298,6.851487473002635,3.0025894990074447,3.006250300013926,6.850538442388642,9546.293659162744,328188.002544909,38.67350290995091,7.734700581990182,0.0,192.28000000000003
94663391914329153046920958885615291360_eps3_s0,BPI2012_W,0.1,15.0,,,10.0,16.0,0.6781617564777188,0.6078914559691004,0.3608493591193877,0.0005234707312239044,0.9334123900043778,,3.661449385806918,0.12335829680087045,3.618622452998534,3.660745413217228,7930.284580039863,8.133033967600204,2.928776992380153,4.182144966791384,8.13204031479545,6860.581779000832,325933.1539856998,63.326725474966224,12.665345094993246,0.0,7121.780000000001
143808228238095277664544419614730890173_eps4_s0,BPI2012_W,0.1,21.0,,,10.0,16.0,0.7901477154160059,0.5502521621180343,0.37365429982176085,0.007237291893413503,0.9887769329943694,,2.587089254392777,0.10954030121210963,2.5456014574156143,2.586012075794861,11274.724278250927,7.445001252403017,3.169104464596603,3.4109193776035682,7.443595470010768,8413.655166566328,327691.3228447726,38.61549387400737,7.723098774801474,0.0,1022.9200000000001
258208765752992901959170973957564585355_eps4_s0,BPI2012_W,0.1,21.0,,,10.0,16.0,0.6965413399933726,0.6208789080101145,0.3623511993211713,0.0005234707312239044,0.9727735579945147,,3.880715438001789,0.1177531338064,3.8397489105933347,3.88007508199662,7475.27944427164,8.144062044587917,2.906688021006994,4.239667806192301,8.142910707788541,6769.50740613086,327010.0574298624,64.00986088300124,12.801972176600248,0.0,7121.780000000001
73267476325277510937415020325069564022_eps4_s0,BPI2012_W,0.1,21.0,,,10.0,16.0,0.7661368004772189,0.5176550013619534,0.10809588779058436,0.0731551144255421,7.610638984944671,,2.384394697204698,0.11663575960556045,2.342300234606955,2.3831764103961177,12252.980439196637,7.038199070398695,3.6121336211916057,3.089844288199674,7.036919977201615,9285.964951867494,328253.88983522,38.67350290995091,7.734700581990182,0.0,192.28000000000003
94663391914329153046920958885615291360_eps4_s0,BPI2012_W,0.1,21.0,,,10.0,16.0,0.6965413399933726,0.6208789080101145,0.3623511993211713,0.0005234707312239044,0.9334123900043778,,3.8488087209872903,0.11178849680582062,3.807250480004586,3.848100783803966,7536.476088690621,8.219544598809444,2.922009966801852,4.264417323411908,8.218472042994108,6732.021017195887,326009.9670652168,63.326725474966224,12.665345094993246,0.0,7121.780000000001
122154352235324958585344058181015187729_eps0_s0,BPI2012_W,0.2,3.0,,,5.0,32.0,0.833022282572862,0.6462026010949234,0.11704112887647444,0.0004746541348483014,1.0032745689968579,,3.494824143406004,0.11472150220070035,3.4529855593922547,3.4937146279844455,8311.790870835754,80.55980250979773,5.426705851813312,76.46633287860314,80.55847101239488,376.737624183364,329990.6751752706,71.59283058904111,14.318566117808222,0.0,11490.52
156334184650786485978347865448030139775_eps0_s0,BPI2012_W,0.2,3.0,,,5.0,32.0,0.7576368772995494,0.48728957827347374,0.06697371279352231,0.08375580228874616,0.9303010149742477,,2.2864116751938126,0.1184428196051158,2.2419698973884805,2.285369739809539,12798.595797302234,13.746132972789928,4.2925261503900405,9.76625144960126,13.744718752801418,3177.704995801172,331418.6403960416,38.16357103700284,7.632714207400568,0.0,182.83999999999997
34780355639312979015160389762850482787_eps0_s0,BPI2012_W,0.2,3.0,,,5.0,32.0,0.833022282572862,0.6462026010949234,0.11704112887647444,0.0004746541348483014,0.9675802979618311,,3.4913021084037608,0.11264959177933634,3.451342980202753,3.490374358021654,8313.812853258578,82.51127845660085,5.461176452203654,77.01363733740291,82.50973790159915,374.3529624396223,328890.6233582328,62.19625445600832,12.439250891201663,0.0,11490.52
90011785275173713563502736162933793811_eps0_s0,BPI2012_W,0.2,3.0,,,5.0,32.0,0.8281354887171357,0.546790226027563,0.11415078046605949,0.006173398104472405,8.392543866008054,,2.4769019177998417,0.11865779679501429,2.4361099567846396,2.4758920213906093,11780.797751840426,41.6885069081909,5.327068179601338,37.63158798499499,41.687058883393185,772.3738011630574,330806.9912507108,30.719307268038392,6.143861453607679,0.0,1180.44
122154352235324958585344058181015187729_eps1_s0,BPI2012_W,0.2,7.0,,,5.0,32.0,0.5272980627133353,0.47948054242010185,0.291056290516475,0.0004746541348483014,1.0032745689968579,,3.5587914839736188,0.13139529700856656,3.517216719593853,3.557864951796364,8158.220553026045,8.128521902789362,2.6688653140095995,4.270308517210651,8.12733227860881,6729.9383976133495,330217.294572994,71.59283058904111,14.318566117808222,0.0,11490.52
156334184650786485978347865448030139775_eps1_s0,BPI2012_W,0.2,7.0,,,5.0,32.0,0.7014519415468545,0.4757603477051945,0.10556173740681271,0.08375580228874616,0.9303010149742477,,2.3098900523851627,0.12255161481443792,2.2688661744003182,2.308669578609988,12652.773691817176,6.745309738023207,2.507876535388641,2.8575656182016247,6.7440505238017066,10040.571505755055,331496.0219724728,38.16357103700284,7.632714207400568,0.0,182.83999999999997
34780355639312979015160389762850482787_eps1_s0,BPI2012_W,0.2,7.0,,,5.0,32.0,0.5272980627133353,0.47948054242010185,0.291056290516475,0.0004746541348483014,0.9675802979618311,,3.5967185051878916,0.12062870061490685,3.5557785019977017,3.5955925551941617,8069.55249606411,8.241254594607744,2.711336175003089,4.364476052392274,8.239959773013833,6584.196234386004,329122.30988989817,62.19625445600832,12.439250891201663,0.0,11490.52
90011785275173713563502736162933793811_eps1_s0,BPI2012_W,0.2,7.0,,,5.0,32.0,0.6799610259975115,0.521008767511118,0.3192142551222218,0.006173398104472405,8.392543866008054,,2.4546791292028503,0.12892062400933355,2.4133510894025676,2.4535528026055546,11892.392443247361,7.2874711799900975,3.0780560152023098,3.365585054003168,7.2861916402122,8523.82821858793,330947.8127842882,30.719307268038392,6.143861453607679,0.0,1180.44
122154352235324958585344058181015187729_eps2_s0,BPI2012_W,0.2,11.0,,,5.0,32.0,0.6259242216335336,0.5793930733487475,0.3437403765468806,0.0004746541348483014,1.0032745689968579,,3.5714024492073806,0.12099866659846156,3.5264434662065467,3.5704471562174147,8138.041548912978,7.951349628996104,2.7557589608128183,4.092146922217216,7.950012489617802,7021.518786241648,330290.99777660397,71.59283058904111,14.318566117808222,0.0,11490.52
156334184650786485978347865448030139775_eps2_s0,BPI2012_W,0.2,11.0,,,5.0,32.0,0.739307874946724,0.4791600192307923,0.10573121598890275,0.08375580228874616,0.9303010149742477,,2.3336709439987318,0.12359339980175718,2.289378619007766,2.3322520727990197,12536.969295376386,6.639022914215457,2.4520903261960485,2.8038203967851585,6.637766790995374,10232.78305486942,331555.502287356,38.16357103700284,7.632714207400568,0.0,182.83999999999997
34780355639312979015160389762850482787_eps2_s0,BPI2012_W,0.2,11.0,,,5.0,32.0,0.6259242216335336,0.5793930733487475,0.3437403765468806,0.0004746541348483014,0.9675802979618311,,3.575089531391859,0.11996489419834688,3.5336145111941732,3.574023690400645,8117.961048890496,8.034674516005907,2.7727363132173197,4.116654238803312,8.03337453759741,6976.11800965787,329196.5154813968,62.19625445600832,12.439250891201663,0.0,11490.52
90011785275173713563502736162933793811_eps2_s0,BPI2012_W,0.2,11.0,,,5.0,32.0,0.7252876199136487,0.5520144996474837,0.3727432977741294,0.006173398104472405,8.392543866008054,,2.491420336603187,0.1239557683817111,2.4497613620012997,2.490464477392379,11710.910924948073,7.988554510800168,2.988277919404209,2.787491345393937,7.987369185604621,10304.608752705217,331014.4028288182,30.719307268038392,6.143861453607679,0.0,1180.44
122154352235324958585344058181015187729_eps3_s0,BPI2012_W,0.2,15.0,,,5.0,32.0,0.6514339768063427,0.6024616902564913,0.3550630040200956,0.0004746541348483014,1.0032745689968579,,3.703463814791758,0.11988106780918314,3.662574553594459,3.702360127796419,7833.217954604438,8.019371307815891,2.9417436553980223,4.178490027005319,8.017995408200658,6866.105467609911,330365.67269032804,71.59283058904111,14.318566117808222,0.0,11490.52
156334184650786485978347865448030139775_eps3_s0,BPI2012_W,0.2,15.0,,,5.0,32.0,0.7515910897145615,0.5031874097696444,0.10801024863979622,0.08375580228874616,0.9303010149742477,,2.2912865498103203,0.11978016960201784,2.2496534364065157,2.290114393597469,12752.656070337118,6.639521468384191,2.8363166226190515,2.785750861791894,6.638395896204747,10297.378680527701,331615.556009496,38.16357103700284,7.632714207400568,0.0,182.83999999999997
34780355639312979015160389762850482787_eps3_s0,BPI2012_W,0.2,15.0,,,5.0,32.0,0.6514339768063427,0.6024616902564913,0.3550630040200956,0.0004746541348483014,0.9675802979618311,,3.6670369001920333,0.12725604200968518,3.6240125924232416,3.6659765760065057,7915.022353795297,8.127787802612875,2.983635619399138,4.212892348202876,8.126341493590735,6810.303486646922,329271.68131429877,62.19625445600832,12.439250891201663,0.0,11490.52
90011785275173713563502736162933793811_eps3_s0,BPI2012_W,0.2,15.0,,,5.0,32.0,0.7286421453337233,0.5508738345002622,0.3835438297027866,0.006173398104472405,8.392543866008054,,2.4972934403805995,0.12940215981798248,2.454445197188761,2.49630378279835,11688.4891559035,7.085134801990352,3.189961181208491,3.122997776803095,7.083648165012709,9199.3334197701,331083.1402576154,30.719307268038392,6.143861453607679,0.0,1180.44
122154352235324958585344058181015187729_eps4_s0,BPI2012_W,0.2,21.0,,,5.0,32.0,0.6990539875716898,0.6258782083434478,0.35897037807229315,0.0004746541348483014,1.0032745689968579,,3.9455851384089327,0.12015479617984966,3.9056416731793435,3.944624309777282,7345.069046299754,8.148472115187905,2.8358967164182105,4.254613111400976,8.147135463182348,6743.093880735653,330442.08195384324,71.59283058904111,14.318566117808222,0.0,11490.52
156334184650786485978347865448030139775_eps4_s0,BPI2012_W,0.2,21.0,,,5.0,32.0,0.7516800629364926,0.5032525619636372,0.09791970182239,0.08375580228874616,0.9303010149742477,,2.332669535407331,0.12477594679221511,2.2883419604157096,2.331456290592905,12543.003680478945,6.779782359616365,3.567843975184951,2.8577995550003834,6.7781610383884985,10042.637121516193,331679.2253590714,38.16357103700284,7.632714207400568,0.0,182.83999999999997
34780355639312979015160389762850482787_eps4_s0,BPI2012_W,0.2,21.0,,,5.0,32.0,0.6990539875716898,0.6258782083434478,0.35897037807229315,0.0004746541348483014,0.9675802979618311,,3.98148256780114,0.11599735738709568,3.9360476936097255,3.9804078234010376,7288.893813946424,8.241523834795226,2.8552878151996994,4.30938340179855,8.240303336607758,6657.054910503942,329348.79307697003,62.19625445600832,12.439250891201663,0.0,11490.52
90011785275173713563502736162933793811_eps4_s0,BPI2012_W,0.2,21.0,,,5.0,32.0,0.7807990740067738,0.5437390430654698,0.3826756782112274,0.006173398104472405,8.392543866008054,,2.5411628130008466,0.11675875500077382,2.498677560791839,2.5398824195959606,11482.366986286925,7.016567934595514,3.069712516013533,3.0509819227852857,7.01524620000273,9405.487376306786,331149.06537155603,30.719307268038392,6.143861453607679,0.0,1180.44
301303615634958901188516497625374252338_eps0_s0,BPI2012_W,0.5,3.0,,,2.0,79.8,0.8276025677238013,0.546868132888553,0.08610987551026054,0.006936132820223315,0.9487707249936648,,2.4637240067939272,0.13000174600165337,2.420254574203864,2.4627955142175777,11852.439784165888,48.29252861259738,7.802205291797873,43.81723278179997,48.29112823501928,658.8343380726939,334899.1091204054,38.636890425987076,7.727378085197415,0.0,1357.6
313840851390597435954673044863649726085_eps0_s0,BPI2012_W,0.5,3.0,,,2.0,79.8,0.8335950170842142,0.6501976996508677,0.08667578757456737,0.00011097769100972942,0.9453804250224493,,3.4977850456023587,0.12693405179306866,3.4566798618063332,3.496924766805023,8300.143914921351,138.5700764532201,7.646586035995279,134.10914579879028,138.56879325438058,214.48105331201464,332512.9296639522,73.1296509699896,14.62593019399792,0.0,23579.7
65432415834605434134577897559624831681_eps0_s0,BPI2012_W,0.5,3.0,,,2.0,79.8,0.7678090261420223,0.49894817747853637,0.06143484229346513,0.07273170623736866,0.947455869987607,,2.218003472208511,0.11421390417963266,2.177375141810626,2.2169622790068386,13175.978337026943,13.324656651029363,5.255019485985395,9.29768721460132,13.323422529979144,3154.1395122337635,335531.0789824074,37.69911139598116,7.539822279196232,0.0,168.6
99763397547193254507486301054948581651_eps0_s0,BPI2012_W,0.5,3.0,,,2.0,79.8,0.8335950170842142,0.6501976996508677,0.08667578757456737,0.00011097769100972942,0.9386021959944628,,3.540181772806682,0.1069029375910759,3.4977016206248663,3.5392180528026076,8201.827954510121,136.55979821081274,7.739563444582745,132.09790134540526,136.55845120640006,217.42697772435932,333923.16843373684,72.86445699102478,14.572891398204955,0.0,23579.7
301303615634958901188516497625374252338_eps1_s0,BPI2012_W,0.5,7.0,,,2.0,79.8,0.6798088974637055,0.5190822294705717,0.3313801277788954,0.006936132820223315,0.9487707249936648,,2.4234132678015157,0.1230703905923292,2.3825942564057185,2.422452332812827,12044.23497473785,6.658196929981932,2.9202301557990724,2.7257847836241127,6.656894883397035,10529.997847189907,335057.90134887176,38.636890425987076,7.727378085197415,0.0,1357.6
313840851390597435954673044863649726085_eps1_s0,BPI2012_W,0.5,7.0,,,2.0,79.8,0.5261187234256703,0.47348108624935065,0.2798443240388907,0.00011097769100972942,0.9453804250224493,,3.550746876199264,0.12687457581050693,3.509621244575828,3.549508929380681,8176.35340093051,8.567257718811742,2.6902780103846453,4.620250481821131,8.565861390589271,6224.483493214849,332865.3713457508,73.1296509699896,14.62593019399792,0.0,23579.7
65432415834605434134577897559624831681_eps1_s0,BPI2012_W,0.5,7.0,,,2.0,79.8,0.7641996449240893,0.49523403885059614,0.06540865945558526,0.07273170623736866,0.947455869987607,,2.2924135825945995,0.1164008028106764,2.2492127079865893,2.2911062129889617,12756.370012700763,7.724114834994543,4.506657202995848,3.640312978613656,7.722770000994205,7896.429740517988,335619.7833709482,37.69911139598116,7.539822279196232,0.0,168.6
99763397547193254507486301054948581651_eps1_s0,BPI2012_W,0.5,7.0,,,2.0,79.8,0.5261187234256703,0.47348108624935065,0.2798443240388907,0.00011097769100972942,0.9386021959944628,,3.6136127647710965,0.13391878500115126,3.5731518534128552,3.612763944605831,8031.557026751599,8.519955156592186,2.7211005384102465,4.6140696769929495,8.518511812400538,6234.79904203495,334270.21419834264,72.86445699102478,14.572891398204955,0.0,23579.7
301303615634958901188516497625374252338_eps2_s0,BPI2012_W,0.5,11.0,,,2.0,79.8,0.7276984030707296,0.5519247997488466,0.35723591220816775,0.006936132820223315,0.9487707249936648,,2.4913915178040043,0.11747143099782989,2.4515107936109417,2.4904268379788848,11706.62631797147,6.931237879185938,3.5649415370076896,2.924425060173962,6.930055853014347,9816.32224718097,335123.0956616886,38.636890425987076,7.727378085197415,0.0,1357.6
313840851390597435954673044863649726085_eps2_s0,BPI2012_W,0.5,11.0,,,2.0,79.8,0.605815645002298,0.5712039193803629,0.334355466856511,0.00011097769100972942,0.9453804250224493,,3.599237157392781,0.11863876921124757,3.5582193345879203,3.5981067236047237,8065.888564768732,8.065705893619452,2.6870881165959872,4.150044878199696,8.064459759404418,6925.788396835485,332940.780199121,73.1296509699896,14.62593019399792,0.0,23579.7
65432415834605434134577897559624831681_eps2_s0,BPI2012_W,0.5,11.0,,,2.0,79.8,0.7645516177785705,0.4954464519287486,0.0781675023975564,0.07273170623736866,0.947455869987607,,2.280009908170905,0.13065536542562767,2.2353368545998817,2.278766780206934,12835.091446604467,7.170091861393303,3.71873994320631,3.167606181802694,7.168732864607591,9068.566429652123,335690.281375397,37.69911139598116,7.539822279196232,0.0,168.6
99763397547193254507486301054948581651_eps2_s0,BPI2012_W,0.5,11.0,,,2.0,79.8,0.605815645002298,0.5712039193803629,0.334355466856511,0.00011097769100972942,0.9386021959944628,,3.6698419598164036,0.12081532238516957,3.6278302532155067,3.6688184684026055,7908.343114187774,8.05550686439965,2.752591002790723,4.190763505198992,8.05418717279099,6851.531262597089,334345.9027375532,72.86445699102478,14.572891398204955,0.0,23579.7
301303615634958901188516497625374252338_eps3_s0,BPI2012_W,0.5,15.0,,,2.0,79.8,0.7689760334629024,0.5592859518497242,0.3984215348822744,0.006936132820223315,0.9487707249936648,,2.4731778540066442,0.12893097441410645,2.431107323989272,2.4722082852036693,11805.17091270028,6.81285423579393,3.063345165993087,2.8819155374076217,6.81162438999163,9956.568696706723,335188.16690104903,38.636890425987076,7.727378085197415,0.0,1357.6
313840851390597435954673044863649726085_eps3_s0,BPI2012_W,0.5,15.0,,,2.0,79.8,0.6561568977006672,0.6078087278424882,0.35131119508549136,0.00011097769100972942,0.9453804250224493,,3.7448334583896212,0.1118559087975882,3.700191052991431,3.7437132883933373,7754.717804498721,8.430687177018262,3.0442029327969067,4.4604551835916935,8.429548682214227,6432.633912665386,333017.22642770037,73.1296509699896,14.62593019399792,0.0,23579.7
65432415834605434134577897559624831681_eps3_s0,BPI2012_W,0.5,15.0,,,2.0,79.8,0.7649576545756609,0.5097769636289955,0.09105681014266966,0.07273170623736866,0.947455869987607,,2.2810771812219173,0.11582492478191853,2.2386828036163933,2.2798745287931523,12828.015797817985,7.115377484401688,3.9101615633815525,3.0394110441906377,7.113976664410439,9439.6305411723,335758.8083862972,37.69911139598116,7.539822279196232,0.0,168.6
99763397547193254507486301054948581651_eps3_s0,BPI2012_W,0.5,15.0,,,2.0,79.8,0.6561568977006672,0.6078087278424882,0.35131119508549136,0.00011097769100972942,0.9386021959944628,,3.74115245800931,0.1263537413906306,3.700131837592926,3.7401400855975226,7757.673330242813,8.497832679387647,2.9863376796245573,4.500323758390732,8.496615771809592,6373.75959624514,334422.7622100896,72.86445699102478,14.572891398204955,0.0,23579.7
301303615634958901188516497625374252338_eps4_s0,BPI2012_W,0.5,21.0,,,2.0,79.8,0.7788124169062385,0.5473851620019838,0.344850402365869,0.006936132820223315,0.9487707249936648,,2.5184393781935794,0.12637025320436807,2.477989987388719,2.517485004395712,11579.203755904024,7.414601754199248,4.004380024387501,3.3350379699957555,7.413114981597755,8660.95339846919,335257.2037713874,38.636890425987076,7.727378085197415,0.0,1357.6
313840851390597435954673044863649726085_eps4_s0,BPI2012_W,0.5,21.0,,,2.0,79.8,0.6954178941881957,0.6258134753509236,0.35659984101586106,0.00011097769100972942,0.9453804250224493,,3.9807412828085944,0.13281579760368914,3.939310617791489,3.979643409594428,7282.179784761049,8.432489221415016,2.8910670847981237,4.46273267819779,8.431284451205283,6433.183458716661,333095.69807849656,73.1296509699896,14.62593019399792,0.0,23579.7
65432415834605434134577897559624831681_eps4_s0,BPI2012_W,0.5,21.0,,,2.0,79.8,0.7657954436299128,0.5103664286286388,0.07096970684886947,0.07273170623736866,0.947455869987607,,2.2698194996104575,0.11250996218295768,2.2261459770146756,2.2685357572045177,12887.591064428587,7.300832661997992,5.191403754404746,3.214597847382538,7.2994965324061925,8946.921821365013,335831.246069374,37.69911139598116,7.539822279196232,0.0,168.6
99763397547193254507486301054948581651_eps4_s0,BPI2012_W,0.5,21.0,,,2.0,79.8,0.6954178941881957,0.6258134753509236,0.35659984101586106,0.00011097769100972942,0.9386021959944628,,3.9439473665785045,0.11833770421799272,3.9027170107816347,3.942963140574284,7349.625283572432,8.357436377590057,2.8109892792184836,4.408515021391213,8.356053517397958,6512.755369386025,334500.6447164016,72.86445699102478,14.572891398204955,0.0,23579.7
154287530791976545750764743660029033168_eps0_s0,BPI2012_W,1.0,3.0,,,1.0,158.6,0.7630955265677881,0.4965329600435259,0.08837602166459085,0.0788661891612881,0.9582796820322983,,2.202945085603278,0.11239603677531704,2.161321560200304,2.2017371359979734,13271.519079912809,14.235510785598308,9.669985613797326,9.458001840813086,14.233889714605175,3068.8351558232193,341159.7091667682,36.90910062700277,7.381820125400554,0.0,159.6
225016248606758851465468524267212558832_eps0_s0,BPI2012_W,1.0,3.0,,,1.0,158.6,0.8336086396704623,0.6502113171357183,0.1014095128905798,0.00011097769100972942,0.991742139973212,,3.5562547941925002,0.1141538248048164,3.5151681510033086,3.555144817591645,8161.746510067377,271.4237539720023,10.391308436391409,266.5094855082105,271.422124427394,109.45053121645483,337049.7803313918,71.75649902399164,14.351299804798327,0.0,45506.4
294849114210298322871130218010982039345_eps0_s0,BPI2012_W,1.0,3.0,,,1.0,158.6,0.828325767700756,0.5474548477444425,0.10086630113801047,0.006212932843268494,0.9842346649966203,,2.4258040610118767,0.11793053440051153,2.382985472807195,2.424872997798957,12042.052970921568,63.585244039807,10.490260010189377,58.630874563392716,63.58360212619882,497.2140162624677,340462.0375037366,31.304295369947795,6.260859073989559,0.0,1802.4
335253511763257888361645826025058699918_eps0_s0,BPI2012_W,1.0,3.0,,,1.0,158.6,0.8336086396704623,0.6502113171357183,0.1014095128905798,0.00011097769100972942,0.9754764790413901,,3.4994728500139898,0.12088176838587969,3.4583174366271123,3.4983939432073385,8298.893867536117,268.7975029816036,10.371205535007174,263.93186840139094,268.79590228400195,110.69128006854302,339152.2847287612,72.9563102570246,14.59126205140492,0.0,45506.4
154287530791976545750764743660029033168_eps1_s0,BPI2012_W,1.0,7.0,,,1.0,158.6,0.7624425008821112,0.4949323087391472,0.08197442188372711,0.0788661891612881,0.9582796820322983,,2.2568950034095905,0.11713383099995553,2.2142675306182356,2.255841754016001,12961.830053079531,9.770351042610127,9.798898108815774,4.970605953596532,9.768737075384706,5819.546319019761,341280.0585842202,36.90910062700277,7.381820125400554,0.0,159.6
225016248606758851465468524267212558832_eps1_s0,BPI2012_W,1.0,7.0,,,1.0,158.6,0.5261944294382891,0.46979555189255284,0.2735467312480545,0.00011097769100972942,0.991742139973212,,3.5839724122080954,0.12662647479446604,3.542662643408403,3.583033832604997,8096.955832239505,9.22145250660833,3.05072649117792,5.247370152792428,9.22015314939199,5516.029742763045,337693.67439969565,71.75649902399164,14.351299804798327,0.0,45506.4
294849114210298322871130218010982039345_eps1_s0,BPI2012_W,1.0,7.0,,,1.0,158.6,0.6814732327096271,0.5203388903284069,0.3315266288693067,0.006212932843268494,0.9842346649966203,,2.4234296387876384,0.12447443921118975,2.379554854996968,2.422124100208748,12057.846646252088,7.921755931223743,2.8088423669920304,2.7178927134140394,7.920395967410878,10564.096135171265,340660.816071361,31.304295369947795,6.260859073989559,0.0,1802.4
335253511763257888361645826025058699918_eps1_s0,BPI2012_W,1.0,7.0,,,1.0,158.6,0.5261944294382891,0.46979555189255284,0.2735467312480545,0.00011097769100972942,0.9754764790413901,,3.5282735619926826,0.12544645578600466,3.4876058669877237,3.5273362502106465,8228.839299083516,9.231089864193928,2.9820814500097184,5.25727064202074,9.229611214180476,5521.716907381231,339788.7319581016,72.9563102570246,14.59126205140492,0.0,45506.4
154287530791976545750764743660029033168_eps2_s0,BPI2012_W,1.0,11.0,,,1.0,158.6,0.7624425008821112,0.4949323087391472,0.08165540727342921,0.0788661891612881,0.9582796820322983,,2.356653688615188,0.13572713618632407,2.314259627799038,2.3555441132048145,12396.399272216931,8.995670406229328,9.928171005577315,4.129552807204891,8.99415016400162,6981.5587583882925,341389.8541893032,36.90910062700277,7.381820125400554,0.0,159.6
225016248606758851465468524267212558832_eps2_s0,BPI2012_W,1.0,11.0,,,1.0,158.6,0.6085340870877362,0.5738536200930896,0.3333651277061317,0.00011097769100972942,0.991742139973212,,3.64765901400242,0.1121972284046933,3.6064689115970396,3.6467039477895016,7953.997590957666,8.02453673799755,2.7456177236163057,4.1323650883859955,8.023357379401569,6952.708177971185,337771.59411115677,71.75649902399164,14.351299804798327,0.0,45506.4
294849114210298322871130218010982039345_eps2_s0,BPI2012_W,1.0,11.0,,,1.0,158.6,0.7509973943311836,0.56145133353033,0.363830680431151,0.006212932843268494,0.9842346649966203,,2.4770720437983984,0.1352026536129415,2.4365072713932023,2.475928271992598,11777.351929599947,6.798544547799975,3.4028848249930888,2.84557978999801,6.797160084790084,10151.331704266988,340727.7468156282,31.304295369947795,6.260859073989559,0.0,1802.4
335253511763257888361645826025058699918_eps2_s0,BPI2012_W,1.0,11.0,,,1.0,158.6,0.6085340870877362,0.5738536200930896,0.3333651277061317,0.00011097769100972942,0.9754764790413901,,3.600247241195757,0.12858029981143773,3.559360986005049,3.5992818507831545,8061.928979465294,8.021369767398573,2.7451424831990154,4.1314049595966935,8.02000920457067,6952.927093139953,339866.4304249904,72.9563102570246,14.59126205140492,0.0,45506.4
154287530791976545750764743660029033168_eps3_s0,BPI2012_W,1.0,15.0,,,1.0,158.6,0.7614462549773438,0.5083003514771822,0.09366376953076566,0.0788661891612881,0.9582796820322983,,2.2951282904017716,0.12348077819915489,2.2480720733874477,2.294057015806902,12764.370142687569,8.432429873396178,9.629284826200456,3.658179176587146,8.430983597005252,7883.194135046625,341495.561104229,36.90910062700277,7.381820125400554,0.0,159.6
225016248606758851465468524267212558832_eps3_s0,BPI2012_W,1.0,15.0,,,1.0,158.6,0.6561948989531262,0.6088774020171017,0.3462255331752477,0.00011097769100972942,0.991742139973212,,3.769821825006511,0.12293434379389509,3.72747754418524,3.7686362594016827,7700.313426024435,8.684882950002793,3.2996640521916563,4.693073656805791,8.683491348987445,6144.739887275212,337848.959404558,71.75649902399164,14.351299804798327,0.0,45506.4
294849114210298322871130218010982039345_eps3_s0,BPI2012_W,1.0,15.0,,,1.0,158.6,0.7688413530754188,0.5598624352860205,0.39680462195979044,0.006212932843268494,0.9842346649966203,,2.4729763115756214,0.12722060501109808,2.4320098033756947,2.4718861305736937,11797.244741778972,6.809930113400332,2.9702162983943707,2.8669770752079784,6.80870800340781,10007.436361647804,340791.3987445102,31.304295369947795,6.260859073989559,0.0,1802.4
335253511763257888361645826025058699918_eps3_s0,BPI2012_W,1.0,15.0,,,1.0,158.6,0.6561948989531262,0.6088774020171017,0.3462255331752477,0.00011097769100972942,0.9754764790413901,,3.6208006188157014,0.11835307538276538,3.5777990984148347,3.6198570476146417,8021.377140583825,8.540147980186157,3.1215422122040763,4.608281850221101,8.538706873799674,6248.876983762083,339942.4952340722,72.9563102570246,14.59126205140492,0.0,45506.4
154287530791976545750764743660029033168_eps4_s0,BPI2012_W,1.0,21.0,,,1.0,158.6,0.7614462549773438,0.5083003514771822,0.09353340595906368,0.0788661891612881,0.9582796820322983,,2.303431511193048,0.1172747858101502,2.259149014216382,2.3024145653820596,12698.98724189799,8.3236413521925,9.571001278003678,3.5611289560096338,8.322193393611816,8092.110216634273,341599.2958758818,36.90910062700277,7.381820125400554,0.0,159.6
225016248606758851465468524267212558832_eps4_s0,BPI2012_W,1.0,21.0,,,1.0,158.6,0.6943286968007081,0.6271191738286163,0.3551173594942936,0.00011097769100972942,0.991742139973212,,4.0586214838200245,0.12439806658076122,4.014320850803051,4.057632527407259,7146.712059324433,8.510183697787578,2.892928614211269,4.511696810415015,8.508687898202334,6358.619262874668,337929.933605638,71.75649902399164,14.351299804798327,0.0,45506.4
294849114210298322871130218010982039345_eps4_s0,BPI2012_W,1.0,21.0,,,1.0,158.6,0.7797696918484831,0.5493095329737064,0.31884961491541797,0.006212932843268494,0.9842346649966203,,2.516967313783243,0.11319387720432132,2.4718295821920035,2.5158880704082547,11610.468074455139,8.130834921589122,5.796236517396755,3.935783610411454,8.129555541998707,7504.673822938047,340867.43679806363,31.304295369947795,6.260859073989559,0.0,1802.4
335253511763257888361645826025058699918_eps4_s0,BPI2012_W,1.0,21.0,,,1.0,158.6,0.6943286968007081,0.6271191738286163,0.3551173594942936,0.00011097769100972942,0.9754764790413901,,3.9270688958000393,0.12932960861362516,3.8858485488104635,3.9260979718179443,7385.191743827297,8.39899871200323,2.7022672706167215,4.447045093786437,8.397720182803459,6453.8538383495015,340021.0151157704,72.9563102570246,14.59126205140492,0.0,45506.4
200934189435493509245876840523779924304_eps0_s0,BPI2012_WC,0.0,3.0,,,75.6,1.0,0.6540077159563016,0.4161561004868258,0.15020122931037141,0.018830119867492896,0.41019105399027467,,2.01584538341267,0.09896885618800297,1.9901523666107095,2.0151227731956167,6587.8124857805615,5.399397265596781,2.5566650679800658,4.377611235214863,5.3988724673865365,2995.6260154372967,395907.59481117444,36.067677820974495,7.213535564194899,0.0,155.1051920341394
252036172554514852379917073716435574953_eps0_s0,BPI2012_WC,0.0,3.0,,,75.6,1.0,0.6614370236086173,0.4622309931589985,0.15381839676823905,0.0034126856938561075,0.4255604600184597,,2.452272483590059,0.10676971740322187,2.4251270289998503,2.4513921216130257,5404.080202920084,10.04869507602416,2.509035588381812,9.056121167598757,10.048260980821215,1447.681465615478,395492.6108868262,38.27497690398013,7.654995380796026,0.0,679.450640113798
252336560693540533935881068298825202077_eps0_s0,BPI2012_WC,0.0,3.0,,,75.6,1.0,0.662570954270853,0.4830067048463012,0.1544261404267761,0.0013143687134690627,0.4143774849944748,,3.794573828193825,0.10564077160088345,3.768387027597055,3.7939363355981186,3479.728440594132,16.74872913840227,2.6392187457880936,15.721650877187495,16.74818313140422,833.7557219114457,394385.518629145,42.95371322496794,8.590742644993588,0.0,1578.6822190611665
47482295457342411543800303662309855831_eps0_s0,BPI2012_WC,0.0,3.0,,,75.6,1.0,0.662570954270853,0.4830067048463012,0.1544261404267761,0.0013143687134690627,0.4231542200432159,,3.693801457202062,0.10688821600051597,3.668157994793728,3.6931511183851398,3574.216219808386,16.65664702861104,2.5181466910173187,15.655087587202434,16.656128318409902,837.2109124069572,394974.9487461198,48.47462658304721,9.694925316609442,0.0,1578.6822190611665
200934189435493509245876840523779924304_eps1_s0,BPI2012_WC,0.0,7.0,,,75.6,1.0,0.40357306026516476,0.39655888671567485,0.36368617912185847,0.018830119867492896,0.41019105399027467,,2.0420032906113192,0.10288908178918063,2.013219313393347,2.041165215196088,6510.160207494972,2.940231747191865,2.110683881212026,2.002982194593642,2.9397216753917745,6550.489113765935,395951.0460053884,36.067677820974495,7.213535564194899,0.0,155.1051920341394
252036172554514852379917073716435574953_eps1_s0,BPI2012_WC,0.0,7.0,,,75.6,1.0,0.2899070593796059,0.3811353010737593,0.3336249850318144,0.0034126856938561075,0.4255604600184597,,2.48654705141671,0.11098938699578867,2.460578615020495,2.4858107227948496,5326.567413893012,3.3291140406043267,2.068026803410612,2.4247777818120086,3.328646497009322,5404.549197012999,395548.4221635594,38.27497690398013,7.654995380796026,0.0,679.450640113798
252336560693540533935881068298825202077_eps1_s0,BPI2012_WC,0.0,7.0,,,75.6,1.0,0.28200385206532746,0.38817320825581064,0.3270050392958661,0.0013143687134690627,0.4143774849944748,,3.7762380386237053,0.10785258178366348,3.7508867815718987,3.775558964384254,3495.3134200496233,4.6563092657946985,2.1360313166049307,3.7494008969981225,4.655765582993626,3496.098991729289,394465.47648897197,42.95371322496794,8.590742644993588,0.0,1578.6822190611665
47482295457342411543800303662309855831_eps1_s0,BPI2012_WC,0.0,7.0,,,75.6,1.0,0.28200385206532746,0.38817320825581064,0.3270050392958661,0.0013143687134690627,0.4231542200432159,,3.7269183851894923,0.1040961938095279,3.7013393713976255,3.726270911004394,3541.8929695554543,4.606469733407721,2.0694949666038154,3.6896904391935097,4.60598149059806,3552.4907195526816,395053.6925311996,48.47462658304721,9.694925316609442,0.0,1578.6822190611665
200934189435493509245876840523779924304_eps2_s0,BPI2012_WC,0.0,11.0,,,75.6,1.0,0.5391675583079071,0.4591690267186775,0.38452364972250797,0.018830119867492896,0.41019105399027467,,2.039657427405473,0.10392294760094956,2.0114286911906674,2.038907095394097,6525.127091979975,2.917685726401396,2.123499875399284,1.9901952957850881,2.917150775587652,6584.441634701543,395988.520983364,36.067677820974495,7.213535564194899,0.0,155.1051920341394
252036172554514852379917073716435574953_eps2_s0,BPI2012_WC,0.0,11.0,,,75.6,1.0,0.3869984128901268,0.4397973701128787,0.35474233631812246,0.0034126856938561075,0.4255604600184597,,2.505853688996285,0.10796715139877051,2.480042019998655,2.5052255854127,5284.180743644525,3.418741624604445,2.1066778955981134,2.4923232701956293,3.41817975519225,5257.87997290928,395590.4719606304,38.27497690398013,7.654995380796026,0.0,679.450640113798
252336560693540533935881068298825202077_eps2_s0,BPI2012_WC,0.0,11.0,,,75.6,1.0,0.3706972940954786,0.4473234471627937,0.3511283219980298,0.0013143687134690627,0.4143774849944748,,3.8133027162053623,0.10854084439342841,3.7847896678023973,3.812546443194151,3463.410837345674,4.734935568016954,2.1448442860040813,3.8087660159915684,4.734321213013027,3441.2364590348343,394520.82844022923,42.95371322496794,8.590742644993588,0.0,1578.6822190611665
47482295457342411543800303662309855831_eps2_s0,BPI2012_WC,0.0,11.0,,,75.6,1.0,0.3706972940954786,0.4473234471627937,0.3511283219980298,0.0013143687134690627,0.4231542200432159,,3.8129046984016894,0.10826414260081947,3.785869701008778,3.8120057191816157,3461.9118290625947,4.651691552798729,2.0988442152156495,3.738443534402177,4.651121703593526,3506.235130222033,395108.45628640766,48.47462658304721,9.694925316609442,0.0,1578.6822190611665
200934189435493509245876840523779924304_eps3_s0,BPI2012_WC,0.0,15.0,,,75.6,1.0,0.5921451005878954,0.48131926458780666,0.31658338894700433,0.018830119867492896,0.41019105399027467,,2.0263610572204924,0.10670746879186481,2.0001190185896123,2.025720689201262,6551.8404010859695,3.0367957710055635,2.2141444743960164,2.0798199160257353,3.0363263737992385,6303.38495833424,396026.62123092223,36.067677820974495,7.213535564194899,0.0,155.1051920341394
252036172554514852379917073716435574953_eps3_s0,BPI2012_WC,0.0,15.0,,,75.6,1.0,0.40866430355818945,0.4534984666490763,0.3573682311231174,0.0034126856938561075,0.4255604600184597,,2.595852781413123,0.11016271400731056,2.569847833993845,2.595143883791752,5101.601971388345,3.5032168960082344,2.158849432214629,2.559247866412625,3.502704737999011,5120.617755415324,395633.4188287026,38.27497690398013,7.654995380796026,0.0,679.450640113798
252336560693540533935881068298825202077_eps3_s0,BPI2012_WC,0.0,15.0,,,75.6,1.0,0.39761840111886454,0.4608525716667401,0.3584792414036281,0.0013143687134690627,0.4143774849944748,,3.99457946238108,0.09888280840823427,3.9681744885980152,3.9937470401870088,3304.735932588773,4.910099728603382,2.1341001143795437,3.9852278483915144,4.9094752158154735,3290.489501737622,394577.6755214922,42.95371322496794,8.590742644993588,0.0,1578.6822190611665
47482295457342411543800303662309855831_eps3_s0,BPI2012_WC,0.0,15.0,,,75.6,1.0,0.39761840111886454,0.4608525716667401,0.3584792414036281,0.0013143687134690627,0.4231542200432159,,3.9368375326041134,0.1120742998085916,3.9107505896128716,3.93583032960305,3352.4349069882346,4.885237164795399,2.0890263960347513,3.959318032604642,4.884693698585034,3310.7955359112702,395164.5260264786,48.47462658304721,9.694925316609442,0.0,1578.6822190611665
200934189435493509245876840523779924304_eps4_s0,BPI2012_WC,0.0,21.0,,,75.6,1.0,0.5659006490075926,0.47557141103834477,0.3483549274167726,0.018830119867492896,0.41019105399027467,,2.05445011559641,0.1130878297961317,2.028415413200855,2.053815565397963,6466.688519335167,3.006184798979666,2.2313377326121553,2.0613756700069645,3.005628091818653,6359.26320334496,396065.2114074406,36.067677820974495,7.213535564194899,0.0,155.1051920341394
252036172554514852379917073716435574953_eps4_s0,BPI2012_WC,0.0,21.0,,,75.6,1.0,0.4262019611192798,0.4587440642434356,0.35711854118181574,0.0034126856938561075,0.4255604600184597,,2.6974781316122973,0.10404209238477051,2.672165642387699,2.6968627405818553,4905.355947876172,3.6650066502043046,2.1080110085895285,2.709517769003287,3.66443532560952,4837.224403383296,395677.5487729372,38.27497690398013,7.654995380796026,0.0,679.450640113798
252336560693540533935881068298825202077_eps4_s0,BPI2012_WC,0.0,21.0,,,75.6,1.0,0.40362812862946906,0.46225272554009,0.36165069289378493,0.0013143687134690627,0.4143774849944748,,5.058636768371798,0.09633011341793463,5.032278257596772,5.057841736997943,2605.4025955531447,5.964951729401946,2.0730594739899972,5.026279220194556,5.964283274405171,2608.095334208011,394641.0339278438,42.95371322496794,8.590742644993588,0.0,1578.6822190611665
47482295457342411543800303662309855831_eps4_s0,BPI2012_WC,0.0,21.0,,,75.6,1.0,0.40362812862946906,0.46225272554009,0.36165069289378493,0.0013143687134690627,0.4231542200432159,,5.0798452638089655,0.10663047138368711,5.053677485208027,5.079140359803569,2594.195462300719,5.991181512014009,2.111672625411302,5.055089505389333,5.990629855811131,2593.8472186460967,395228.08432093856,48.47462658304721,9.694925316609442,0.0,1578.6822190611665
142755197448285586864950898907211027337_eps0_s0,BPI2012_WC,0.025,3.0,,,37.8,2.0,0.6536522496013832,0.41578768589703313,0.08048861715583902,0.018880951465117042,0.40277834300650284,,1.9142625309876167,0.10669320040615275,1.8859610866289587,1.9134374816087074,6950.183224984963,5.549499137187377,2.371018832421396,4.570812034991104,5.548888663982507,2871.0833377336594,397933.5913989746,34.528670936007984,6.905734187201597,0.0,163.15419630156472
204856358341536816138399558242345199755_eps0_s0,BPI2012_WC,0.025,3.0,,,37.8,2.0,0.6628975619776568,0.4787467882482758,0.1312084425749981,0.0007484651000083647,0.4113199809798971,,3.72070966581814,0.11481702879536897,3.6951277442160064,3.71992053539725,3547.335655743163,19.22093617299106,2.440420742391143,18.214711189002266,19.220388171391097,720.2593299163616,397031.2004498296,51.085077661962714,10.217015532392542,0.0,2802.6364153627314
243648848362029147724904434567477923763_eps0_s0,BPI2012_WC,0.025,3.0,,,37.8,2.0,0.6618577325714812,0.4638605201486169,0.130344714574236,0.0031231915258391105,0.42216441401978955,,2.264952345995698,0.10088153019314632,2.239258918003179,2.2641937820008025,5852.404291094725,10.090035150793847,2.49327545161359,9.060242097987793,10.089387068187353,1447.0093200736553,397538.74709569657,35.30169658199884,7.060339316399768,0.0,760.4294452347084
31882839497307630496007576300860674457_eps0_s0,BPI2012_WC,0.025,3.0,,,37.8,2.0,0.6628975619776568,0.4787467882482758,0.1312084425749981,0.0007484651000083647,0.40441349998582155,,3.7073424143949523,0.10715225520543754,3.6812889313907364,3.7065925867878833,3560.5805537847673,19.2525442491984,2.5050589376012793,18.234667408606036,19.251923430396708,719.2840617420819,396414.8604139478,51.21884000004502,10.243768000009004,0.0,2802.6364153627314
142755197448285586864950898907211027337_eps1_s0,BPI2012_WC,0.025,7.0,,,37.8,2.0,0.44593712898610294,0.41193933604007726,0.37236902733873817,0.018880951465117042,0.40277834300650284,,1.9325596374110319,0.1061971309944056,1.9068651624023913,1.9318204008042812,6876.730928865916,2.873388309404254,2.0779941083863376,1.9433106853859499,2.8728761609876527,6746.737110356563,397976.24689997884,34.528670936007984,6.905734187201597,0.0,163.15419630156472
204856358341536816138399558242345199755_eps1_s0,BPI2012_WC,0.025,7.0,,,37.8,2.0,0.26339725266576963,0.37863214803189704,0.3178253667349519,0.0007484651000083647,0.4113199809798971,,3.7425941882072946,0.10721807419322431,3.7166563303908333,3.7419219559873453,3528.052983887731,4.623185247601941,2.0315307336044497,3.6947736695990896,4.622662744380068,3547.9695849471946,397114.8665204568,51.085077661962714,10.217015532392542,0.0,2802.6364153627314
243648848362029147724904434567477923763_eps1_s0,BPI2012_WC,0.025,7.0,,,37.8,2.0,0.27485394066364305,0.37083871213011826,0.32893688429774154,0.0031231915258391105,0.42216441401978955,,2.285622537403833,0.1100749378092587,2.259052551211789,2.284716525999829,5802.244215847913,3.1530413992120883,2.069805911986623,2.2142608250142075,3.1524791795876808,5918.928281345796,397593.069933301,35.30169658199884,7.060339316399768,0.0,760.4294452347084
31882839497307630496007576300860674457_eps1_s0,BPI2012_WC,0.025,7.0,,,37.8,2.0,0.26339725266576963,0.37863214803189704,0.3178253667349519,0.0007484651000083647,0.40441349998582155,,3.7381140635930934,0.10026976660592482,3.7121790948091076,3.737375957996119,3530.688792774651,4.655602281005121,2.0958348296117038,3.7198290284140967,4.655081063800026,3523.2091071066584,396499.2613739376,51.21884000004502,10.243768000009004,0.0,2802.6364153627314
142755197448285586864950898907211027337_eps2_s0,BPI2012_WC,0.025,11.0,,,37.8,2.0,0.5387069030983006,0.4590261177404905,0.37542897999266434,0.018880951465117042,0.40277834300650284,,1.9209832843975163,0.11120615600375458,1.894071642216295,1.9202452210127376,6920.596059068713,2.9027696148259565,2.13597693979973,1.957362941210158,2.902334896812681,6697.995131958496,398013.0843302674,34.528670936007984,6.905734187201597,0.0,163.15419630156472
204856358341536816138399558242345199755_eps2_s0,BPI2012_WC,0.025,11.0,,,37.8,2.0,0.3827997421823879,0.44946060221054374,0.3508426662858663,0.0007484651000083647,0.4113199809798971,,3.794926705211401,0.10542084060143679,3.769564899383113,3.794166106777266,3477.2187975661013,4.696524734399281,2.0638852730044164,3.7591746861930004,4.6958616900141354,3487.575851315538,397169.41020135285,51.085077661962714,10.217015532392542,0.0,2802.6364153627314
243648848362029147724904434567477923763_eps2_s0,BPI2012_WC,0.025,11.0,,,37.8,2.0,0.41835140194363535,0.4544830804892096,0.364141762961896,0.0031231915258391105,0.42216441401978955,,2.2792958625941537,0.1098081285948865,2.253802898584399,2.278572019783314,5814.5924239439355,3.195801236992702,2.0949951196089387,2.265451132808812,3.1952342867967674,5785.188145528651,397632.99084335996,35.30169658199884,7.060339316399768,0.0,760.4294452347084
31882839497307630496007576300860674457_eps2_s0,BPI2012_WC,0.025,11.0,,,37.8,2.0,0.3827997421823879,0.44946060221054374,0.3508426662858663,0.0007484651000083647,0.40441349998582155,,3.817644431616645,0.09478066499577835,3.791237987403292,3.8169636233942583,3457.8696916632625,4.71702837580815,2.122942135389894,3.7795282395905816,4.716528598009608,3467.995830330122,396554.3085835922,51.21884000004502,10.243768000009004,0.0,2802.6364153627314
142755197448285586864950898907211027337_eps3_s0,BPI2012_WC,0.025,15.0,,,37.8,2.0,0.5908922928107575,0.48068034217615585,0.30374891702384293,0.018880951465117042,0.40277834300650284,,1.9519185424083845,0.10886480560293421,1.9245664960006252,1.9512640500091947,6812.948591663313,3.0711871493957004,2.1694200869998896,2.103009284788277,3.070539335173089,6234.657648991311,398050.7752095872,34.528670936007984,6.905734187201597,0.0,163.15419630156472
204856358341536816138399558242345199755_eps3_s0,BPI2012_WC,0.025,15.0,,,37.8,2.0,0.39344349274928136,0.4568573813227452,0.356175671159937,0.0007484651000083647,0.4113199809798971,,3.9767144408077,0.1088130633928813,3.950171591597609,3.976034607400652,3319.9545644759214,4.914958179008681,2.0852495839935727,3.9784231354016812,4.91439216878498,3295.58807714936,397225.6647805322,51.085077661962714,10.217015532392542,0.0,2802.6364153627314
243648848362029147724904434567477923763_eps3_s0,BPI2012_WC,0.025,15.0,,,37.8,2.0,0.42059970347559483,0.4574253077967031,0.3570454324522078,0.0031231915258391105,0.42216441401978955,,2.3182859229971653,0.1039650580030866,2.291544542985503,2.317471536807716,5719.007001755908,3.3455663746106437,2.145442245597951,2.387065212405287,3.345039326604456,5492.351818886914,397673.7025682566,35.30169658199884,7.060339316399768,0.0,760.4294452347084
31882839497307630496007576300860674457_eps3_s0,BPI2012_WC,0.025,15.0,,,37.8,2.0,0.39344349274928136,0.4568573813227452,0.356175671159937,0.0007484651000083647,0.40441349998582155,,3.9512231161934324,0.11047213920392096,3.9257696577929893,3.950462695187889,3339.783756063937,4.885930451191962,2.0559593764017334,3.925774261786137,4.885425196413417,3339.2242596851297,396610.4570833668,51.21884000004502,10.243768000009004,0.0,2802.6364153627314
142755197448285586864950898907211027337_eps4_s0,BPI2012_WC,0.025,21.0,,,37.8,2.0,0.5609428359823183,0.47461921831503345,0.36185803924971116,0.018880951465117042,0.40277834300650284,,1.9555799593799748,0.1059261524118483,1.9282258354010993,1.9549294573953375,6798.324693080375,2.9495126087917014,2.1902773794019597,1.9802861725911498,2.949060386803467,6619.090922846903,398088.5927697584,34.528670936007984,6.905734187201597,0.0,163.15419630156472
204856358341536816138399558242345199755_eps4_s0,BPI2012_WC,0.025,21.0,,,37.8,2.0,0.4029063229287619,0.45641451784754067,0.3611853155438608,0.0007484651000083647,0.4113199809798971,,5.133554737013765,0.1034268194111064,5.107384955999441,5.132858602213673,2566.731505147243,6.006876873201691,2.0869200816028752,5.055104571802076,6.006201783206779,2593.131572398551,397289.27166472876,51.085077661962714,10.217015532392542,0.0,2802.6364153627314
243648848362029147724904434567477923763_eps4_s0,BPI2012_WC,0.025,21.0,,,37.8,2.0,0.46849605952729323,0.4739827838327269,0.35610762409558505,0.0031231915258391105,0.42216441401978955,,2.363478432199918,0.11338127900380641,2.3376991636003366,2.3627344241947865,5606.672964139886,3.4410972952027805,2.141140691214241,2.4719239798141643,3.4406645229784774,5301.269741518212,397715.4649367326,35.30169658199884,7.060339316399768,0.0,760.4294452347084
31882839497307630496007576300860674457_eps4_s0,BPI2012_WC,0.025,21.0,,,37.8,2.0,0.4029063229287619,0.45641451784754067,0.3611853155438608,0.0007484651000083647,0.40441349998582155,,5.09390355059877,0.10391150359064341,5.0671737241907975,5.093148837378249,2588.1611863169683,6.029925423010718,2.0814043103833684,5.059786690596956,6.029442321404349,2591.6196108921845,396674.072393223,51.21884000004502,10.243768000009004,0.0,2802.6364153627314
143808228238095277664544419614730890173_eps0_s0,BPI2012_WC,0.1,3.0,,,10.0,8.0,0.6594772417168834,0.4411186772456744,0.06100181307509084,0.0055048608977741244,0.42341030295938253,,1.9663363377912901,0.10496505519840867,1.9405078304000198,1.9654777108109556,6753.574197495194,11.063319005595986,2.2297303728060798,10.106547969207167,11.062803994398564,1297.013600271653,399891.28230265935,33.61005188699346,6.722010377398692,0.0,811.3399999999999
258208765752992901959170973957564585355_eps0_s0,BPI2012_WC,0.1,3.0,,,10.0,8.0,0.6620404153830157,0.4767874698969794,0.06340870530009135,0.0003363398253685904,0.426773234969005,,3.7630354846129195,0.10783217899734154,3.7376634958083743,3.7623789623961783,3506.7893534529976,27.10052032619715,2.2484534518094734,26.162312888796443,27.100072626199108,501.3342233866488,399367.826136475,71.37066417100141,14.274132834200282,0.0,8722.72
73267476325277510937415020325069564022_eps0_s0,BPI2012_WC,0.1,3.0,,,10.0,8.0,0.6409786755095013,0.40230147922484766,0.037134495102488084,0.04223652839951832,0.45419504400342703,,1.8917338013998233,0.10699578761123121,1.8649389785830863,1.8907796985819005,7027.7807081063565,5.302147407992743,2.144485174608417,4.368818069796544,5.301519384793937,3010.2128497435942,400270.3949176324,33.37643979804125,6.67528795960825,0.0,169.74
94663391914329153046920958885615291360_eps0_s0,BPI2012_WC,0.1,3.0,,,10.0,8.0,0.6620404153830157,0.4767874698969794,0.06340870530009135,0.0003363398253685904,4.265107149025425,,3.7531918150023555,0.11673326899763196,3.7267622623941863,3.75231145019643,3517.838623553548,27.103204830223696,2.2511541095911527,26.1450135385734,27.10259921400575,501.65678564080207,398585.12566465803,76.49398953700438,15.298797907400877,0.0,8722.72
143808228238095277664544419614730890173_eps1_s0,BPI2012_WC,0.1,7.0,,,10.0,8.0,0.27688497998823797,0.3530132333149475,0.32563292196594623,0.0055048608977741244,0.42341030295938253,,1.9966356806107797,0.09814803979825229,1.9708506150054745,1.9958276726072655,6649.494632463606,2.8915401272010057,2.0089128692052327,1.9646509746089578,2.890975289605558,6671.832467074759,399944.6408838902,33.61005188699346,6.722010377398692,0.0,811.3399999999999
258208765752992901959170973957564585355_eps1_s0,BPI2012_WC,0.1,7.0,,,10.0,8.0,0.25225596066895006,0.3749342425515676,0.3121959320333068,0.0003363398253685904,0.426773234969005,,3.765353773406241,0.10666231859941036,3.7395244747865943,3.7646160489995966,3504.849154608511,4.685073794797063,2.0224446460139007,3.7760299611953085,4.684528339607641,3472.094316945945,399467.5615947746,71.37066417100141,14.274132834200282,0.0,8722.72
73267476325277510937415020325069564022_eps1_s0,BPI2012_WC,0.1,7.0,,,10.0,8.0,0.43865673335902955,0.38111284559738595,0.3248114663020816,0.04223652839951832,0.45419504400342703,,1.8987535585882143,0.1207284377887845,1.8704780971980655,1.8978694504126907,7008.319434013851,2.7492080619907937,2.075435343198478,1.8106383055914193,2.7487292095902376,7239.585274575955,400311.7576054512,33.37643979804125,6.67528795960825,0.0,169.74
94663391914329153046920958885615291360_eps1_s0,BPI2012_WC,0.1,7.0,,,10.0,8.0,0.25225596066895006,0.3749342425515676,0.3121959320333068,0.0003363398253685904,4.265107149025425,,3.8409459097892977,0.10981224741553888,3.8146401622099804,3.8402493312139994,3435.9674746135906,4.748587842588313,2.0741905964096077,3.808475752198137,4.747961422009394,3441.900792886828,398685.24112156744,76.49398953700438,15.298797907400877,0.0,8722.72
143808228238095277664544419614730890173_eps2_s0,BPI2012_WC,0.1,11.0,,,10.0,8.0,0.49829561254336596,0.46205770880208813,0.3674192230206288,0.0055048608977741244,0.42341030295938253,,2.0105272353976034,0.11084081780863926,1.984067526611034,2.009771703789011,6605.8862600508055,2.9641719845938495,2.1036906401859596,2.042878043395467,2.9637119146063924,6414.979001905941,399981.8632012628,33.61005188699346,6.722010377398692,0.0,811.3399999999999
258208765752992901959170973957564585355_eps2_s0,BPI2012_WC,0.1,11.0,,,10.0,8.0,0.3567991360651901,0.44878871669915654,0.3382828513899615,0.0003363398253685904,0.426773234969005,,3.875218516017776,0.11229117579059675,3.848978850012645,3.8744393218075857,3406.1995893812136,4.7971723736030984,2.011285716400016,3.872908938198816,4.7966360244085084,3384.8804455877544,399522.6820110536,71.37066417100141,14.274132834200282,0.0,8722.72
73267476325277510937415020325069564022_eps2_s0,BPI2012_WC,0.1,11.0,,,10.0,8.0,0.48324992236386183,0.40443521653990794,0.33353173215880283,0.04223652839951832,0.45419504400342703,,1.8915960683953017,0.11669512061635032,1.8654447734123096,1.890666970005259,7026.3602958398205,2.8274605029961095,2.1351984444074334,1.8765415982110425,2.826931664394215,6983.437056971216,400347.83079013496,33.37643979804125,6.67528795960825,0.0,169.74
94663391914329153046920958885615291360_eps2_s0,BPI2012_WC,0.1,11.0,,,10.0,8.0,0.3567991360651901,0.44878871669915654,0.3382828513899615,0.0003363398253685904,4.265107149025425,,3.865163450199179,0.10889412799151614,3.839399248198606,3.864562542794738,3414.530745471554,4.820540191989858,2.0526145462179555,3.876802785391919,4.820101119403262,3382.212100189906,398740.99183831236,76.49398953700438,15.298797907400877,0.0,8722.72
143808228238095277664544419614730890173_eps3_s0,BPI2012_WC,0.1,15.0,,,10.0,8.0,0.5595264476832972,0.48702984187116594,0.3548301713358861,0.0055048608977741244,0.42341030295938253,,2.0364708353998138,0.10132978280307725,2.010335734998807,2.035645619186107,6519.541676522022,3.1402776775998062,2.1741910607903265,2.1904927868163213,3.1398508045938796,5983.844875740948,400020.1753185228,33.61005188699346,6.722010377398692,0.0,811.3399999999999
258208765752992901959170973957564585355_eps3_s0,BPI2012_WC,0.1,15.0,,,10.0,8.0,0.366996287989726,0.4484780365374876,0.35028630666243127,0.0003363398253685904,0.426773234969005,,4.0884978858055545,0.10473125078715384,4.060068752232473,4.087601248011924,3228.723423009604,5.926783430995419,2.0286204883945174,4.050039023999124,5.926258019404486,3237.4698021867744,399583.26780808123,71.37066417100141,14.274132834200282,0.0,8722.72
73267476325277510937415020325069564022_eps3_s0,BPI2012_WC,0.1,15.0,,,10.0,8.0,0.5392314714249061,0.4463705047986977,0.2538592557886305,0.04223652839951832,0.45419504400342703,,1.9022550088004209,0.10160950401332229,1.875608381011989,1.9014626755961217,6992.615901097861,2.8941461305948906,2.140519813389983,1.9288047724054196,2.893652142002247,6795.837869397491,400384.5334628634,33.37643979804125,6.67528795960825,0.0,169.74
94663391914329153046920958885615291360_eps3_s0,BPI2012_WC,0.1,15.0,,,10.0,8.0,0.366996287989726,0.4484780365374876,0.35028630666243127,0.0003363398253685904,4.265107149025425,,4.038999933598097,0.10916303099365905,4.014076046971605,4.038322452793364,3266.5205339036047,4.9992931232089175,2.0012670981930567,4.029751356784255,4.9987503762007695,3252.75019431527,398797.6581279668,76.49398953700438,15.298797907400877,0.0,8722.72
143808228238095277664544419614730890173_eps4_s0,BPI2012_WC,0.1,21.0,,,10.0,8.0,0.5810107002417862,0.4978209711035423,0.33891330129582115,0.0055048608977741244,0.42341030295938253,,2.0611684743780643,0.1094729692209512,2.035309702588711,2.060497070197016,6440.007854775128,3.132781419798266,2.1826710040098987,2.1762179042212666,3.1322310184012165,6021.910189620006,400059.1643083738,33.61005188699346,6.722010377398692,0.0,811.3399999999999
258208765752992901959170973957564585355_eps4_s0,BPI2012_WC,0.1,21.0,,,10.0,8.0,0.399765428233459,0.45931340682058347,0.35515941368647497,0.0003363398253685904,0.426773234969005,,5.312708258384373,0.1062949596089311,5.286862077994738,5.311755311198067,2480.4991295115333,6.207696801202838,2.03844491901109,5.250677661597729,6.206976925197523,2497.0722993066106,399649.4354613774,71.37066417100141,14.274132834200282,0.0,8722.72
73267476325277510937415020325069564022_eps4_s0,BPI2012_WC,0.1,21.0,,,10.0,8.0,0.5160289763266256,0.4441267562281091,0.32446742984769406,0.04223652839951832,0.45419504400342703,,1.8876702546025625,0.09862441279692576,1.8617604827973993,1.886863309389446,7044.077967115629,2.8640909693902357,2.144855208415538,1.900165341189131,2.8636622613994405,6897.767046778385,400421.2332283664,33.37643979804125,6.67528795960825,0.0,169.74
94663391914329153046920958885615291360_eps4_s0,BPI2012_WC,0.1,21.0,,,10.0,8.0,0.399765428233459,0.45931340682058347,0.35515941368647497,0.0003363398253685904,4.265107149025425,,5.255108307604678,0.10781880900030956,5.229098381614312,5.2544061302091,2508.1554999607847,6.239146277995315,2.0357940458110533,5.280077560199425,6.23863617698662,2483.3301800261734,398862.6357120448,76.49398953700438,15.298797907400877,0.0,8722.72
122154352235324958585344058181015187729_eps0_s0,BPI2012_WC,0.2,3.0,,,5.0,15.8,0.6633359740711054,0.4975447582995267,0.05350055378211269,0.0002912168653024101,0.4260067400173284,,3.791593603999354,0.10897707081167027,3.766243434220087,3.7909730838029647,3481.0617036302683,31.845426883804613,2.2560996597982013,30.87079160279827,31.844814914208836,424.596058662608,402092.09699815616,113.36931011197157,22.673862022394314,0.0,16534.68
156334184650786485978347865448030139775_eps0_s0,BPI2012_WC,0.2,3.0,,,5.0,15.8,0.6481675759578197,0.41099692175874203,0.024306179972400678,0.03689217778479592,0.421568809018936,,1.8542640127940104,0.10044646260794252,1.8285936758155004,1.8535022706026212,7176.439780073255,5.624957702006213,2.2226033063954675,4.664614389021881,5.624390056810808,2836.0581336139703,403027.240579276,31.935852830007207,6.3871705660014415,0.0,185.28
34780355639312979015160389762850482787_eps0_s0,BPI2012_WC,0.2,3.0,,,5.0,15.8,0.6633359740711054,0.4975447582995267,0.05350055378211269,0.0002912168653024101,0.42850355501286685,,3.7972154222079553,0.10925267580896617,3.7700249650049953,3.796339961409103,3477.3681074051856,31.638967305992264,2.274280886200722,30.652429203200153,31.638451590796468,427.6259200463998,401106.1198968836,113.19866185600404,22.639732371200807,0.0,16534.68
90011785275173713563502736162933793811_eps0_s0,BPI2012_WC,0.2,3.0,,,5.0,15.8,0.6612633862434247,0.4247780802331225,0.05293934497431478,0.004204574585589194,0.4239184050238691,,1.8902015001978725,0.10922381019918248,1.8645157381892203,1.8893403149908408,7033.486057856144,12.323359239206184,2.24023222499527,11.368013397988397,12.322878758015577,1154.2428741040515,402640.0523120432,36.53424309595721,7.306848619191442,0.0,1056.44
122154352235324958585344058181015187729_eps1_s0,BPI2012_WC,0.2,7.0,,,5.0,15.8,0.32684686070585806,0.40264142067755093,0.32271867170752083,0.0002912168653024101,0.4260067400173284,,3.7972871158039196,0.10950735580408946,3.771143890998792,3.796529167401604,3476.398045610811,4.776843774213921,1.9546148083987647,3.85782447217498,4.776242162205745,3398.8136051488427,402201.7524104854,113.36931011197157,22.673862022394314,0.0,16534.68
156334184650786485978347865448030139775_eps1_s0,BPI2012_WC,0.2,7.0,,,5.0,15.8,0.48604820065661414,0.4114354887475544,0.250835244276148,0.03689217778479592,0.421568809018936,,1.8768151516094804,0.09813047539209947,1.851395630382467,1.8760238745831885,7079.878474901649,2.8481613098061644,2.058637064183131,1.9125894115888513,2.8476931204088034,6856.007337955644,403069.4769450468,31.935852830007207,6.3871705660014415,0.0,185.28
34780355639312979015160389762850482787_eps1_s0,BPI2012_WC,0.2,7.0,,,5.0,15.8,0.32684686070585806,0.40264142067755093,0.32271867170752083,0.0002912168653024101,0.42850355501286685,,3.8160897020134144,0.09716325898189097,3.791150670789648,3.8152730151778087,3458.787112604371,4.774353814392816,2.0361382415983824,3.8582108183996753,4.773862193606329,3397.7533468807515,401215.38656464044,113.19866185600404,22.639732371200807,0.0,16534.68
90011785275173713563502736162933793811_eps1_s0,BPI2012_WC,0.2,7.0,,,5.0,15.8,0.34655838290541324,0.3664016158364977,0.3362029669653293,0.004204574585589194,0.4239184050238691,,1.8995709530077876,0.11751136959064752,1.8736326368059963,1.8985857452149504,6997.986466989542,2.759924788598437,1.957783557800576,1.8600452021928504,2.7591258286032825,7045.63080209409,402695.1899628442,36.53424309595721,7.306848619191442,0.0,1056.44
122154352235324958585344058181015187729_eps2_s0,BPI2012_WC,0.2,11.0,,,5.0,15.8,0.37412020555508113,0.44186340919266937,0.3337511794640972,0.0002912168653024101,0.4260067400173284,,3.872212794178631,0.11037762040505186,3.8463457135949284,3.871556315594353,3409.05906782038,4.80090618620161,2.0133576697902753,3.8757209322066046,4.800478222593665,3382.5198547745604,402256.9735322854,113.36931011197157,22.673862022394314,0.0,16534.68
156334184650786485978347865448030139775_eps2_s0,BPI2012_WC,0.2,11.0,,,5.0,15.8,0.5358344720660483,0.44757601742713965,0.23614511753865092,0.03689217778479592,0.421568809018936,,1.8627240548026749,0.09843061020364985,1.8384610056178645,1.861863509414252,7131.652419890997,3.58252042819513,2.0408715823898094,1.8765859546139836,3.582028029579669,6985.28574771452,403105.8187936862,31.935852830007207,6.3871705660014415,0.0,185.28
34780355639312979015160389762850482787_eps2_s0,BPI2012_WC,0.2,11.0,,,5.0,15.8,0.37412020555508113,0.44186340919266937,0.3337511794640972,0.0002912168653024101,0.42850355501286685,,3.853504596604034,0.10132552678696811,3.8278282274026423,3.8528059476055203,3424.559813987379,4.824255542387254,2.0043369260034525,3.889307221607305,4.823681989591568,3371.5878329976767,401270.742830617,113.19866185600404,22.639732371200807,0.0,16534.68
90011785275173713563502736162933793811_eps2_s0,BPI2012_WC,0.2,11.0,,,5.0,15.8,0.5271145505654722,0.4584792017821669,0.37027909194873937,0.004204574585589194,0.4239184050238691,,1.8860238706110977,0.10236593899317085,1.8602485545910894,1.8852843229891731,7045.784452696334,2.9035719054052604,2.071307599800639,1.959548978996463,2.902843915624544,6695.662632293135,402731.1625767756,36.53424309595721,7.306848619191442,0.0,1056.44
122154352235324958585344058181015187729_eps3_s0,BPI2012_WC,0.2,15.0,,,5.0,15.8,0.39275415142983866,0.4609995888381307,0.35028111814179275,0.0002912168653024101,0.4260067400173284,,4.0624234972056,0.10834290478378535,4.036660227598622,4.061834791000001,3248.2498930698944,5.020703176804818,1.9937825415981933,4.093314615811687,5.020173092989717,3202.3264595130995,402313.876864161,113.36931011197157,22.673862022394314,0.0,16534.68
156334184650786485978347865448030139775_eps3_s0,BPI2012_WC,0.2,15.0,,,5.0,15.8,0.5488620552000703,0.46161183235870434,0.268581140994827,0.03689217778479592,0.421568809018936,,1.847237680014223,0.10597114159027114,1.8219796796096488,1.8464563436224126,7201.729341817186,2.8207737045944667,2.149229751212988,1.8701667462009937,2.82018196338322,7014.373239460781,403144.87297797,31.935852830007207,6.3871705660014415,0.0,185.28
34780355639312979015160389762850482787_eps3_s0,BPI2012_WC,0.2,15.0,,,5.0,15.8,0.39275415142983866,0.4609995888381307,0.35028111814179275,0.0002912168653024101,0.42850355501286685,,4.087867392599582,0.11003509039292111,4.057304666819983,4.087149343604688,3230.6161280239317,5.049563755188137,1.9777070700190962,4.095589979400392,5.048981657391414,3200.148013847097,401327.6150241328,113.19866185600404,22.639732371200807,0.0,16534.68
90011785275173713563502736162933793811_eps3_s0,BPI2012_WC,0.2,15.0,,,5.0,15.8,0.5678942519335266,0.4654751121082056,0.37484864111929417,0.004204574585589194,0.4239184050238691,,1.9096964859869332,0.10802939521381631,1.8831199613865466,1.9089004224166275,6960.6560210329135,2.8934686873923057,2.056871821009554,1.9548581371898763,2.892919809173327,6704.016547467714,402767.6016717146,36.53424309595721,7.306848619191442,0.0,1056.44
122154352235324958585344058181015187729_eps4_s0,BPI2012_WC,0.2,21.0,,,5.0,15.8,0.3983553497859189,0.4599579805977525,0.35501733295045546,0.0002912168653024101,0.4260067400173284,,5.2929103059927005,0.11652619080850854,5.2663822243805045,5.291981229791418,2489.617149415647,6.217310323601123,2.01280639921315,5.271145000192337,6.216615032602567,2487.5624296111464,402378.9155916166,113.36931011197157,22.673862022394314,0.0,16534.68
156334184650786485978347865448030139775_eps4_s0,BPI2012_WC,0.2,21.0,,,5.0,15.8,0.5468580417533144,0.46189574534827454,0.2968102430782392,0.03689217778479592,0.421568809018936,,1.8305450384155848,0.11051747458986938,1.8044530009967275,1.8297389643848874,7274.611883887762,2.812627024401445,2.181197388214059,1.8457213657908143,2.812148455984425,7100.948713835698,403181.0537218822,31.935852830007207,6.3871705660014415,0.0,185.28
34780355639312979015160389762850482787_eps4_s0,BPI2012_WC,0.2,21.0,,,5.0,15.8,0.3983553497859189,0.4599579805977525,0.35501733295045546,0.0002912168653024101,0.42850355501286685,,5.262765732395929,0.10426864739274606,5.236114202206954,5.261900705995504,2504.531581796613,6.252633184578736,2.00558970682323,5.306398840807378,6.252146068809088,2470.978634913572,401392.6901919936,113.19866185600404,22.639732371200807,0.0,16534.68
90011785275173713563502736162933793811_eps4_s0,BPI2012_WC,0.2,21.0,,,5.0,15.8,0.5702757676341994,0.4706666810966499,0.36330256344085504,0.004204574585589194,0.4239184050238691,,1.940555667411536,0.10651227500056848,1.912658755213488,1.9397689245990477,6853.79156971349,2.9622531213797627,2.0853177360026165,2.01659552520141,2.961782096384559,6498.022475071256,402804.3855971802,36.53424309595721,7.306848619191442,0.0,1056.44
301303615634958901188516497625374252338_eps0_s0,BPI2012_WC,0.5,3.0,,,2.0,38.8,0.661312474238482,0.42481068315903325,0.04394731338286987,0.004048528173556518,0.42074755096109584,,1.8215158385923131,0.12043912820518017,1.7956822318024934,1.8208814857993274,7301.6543109079375,12.926585458999034,2.4172204166068694,11.897033403394744,12.926064614998177,1119.5582060475997,405812.1498403458,37.936992397008,7.5873984794016,0.0,1262.2
313840851390597435954673044863649726085_eps0_s0,BPI2012_WC,0.5,3.0,,,2.0,38.8,0.663445980273545,0.50050119928268,0.04408414107301774,6.0163946754907124e-05,0.4088663249858655,,3.8397037650225685,0.10364827278535813,3.8134697050089015,3.83880801841151,3437.189599315134,56.169486290612255,2.499192331393715,55.12894571861252,56.16897817800054,237.76513611011706,404021.7825437734,128.80941872100811,25.761883744201622,0.0,38353.4
65432415834605434134577897559624831681_eps0_s0,BPI2012_WC,0.5,3.0,,,2.0,38.8,0.6475445308769514,0.4108050652410447,0.028112309814533963,0.037858406993975094,0.42710331798298284,,1.7973636136041022,0.11179440439445898,1.7703805437893607,1.7965950263896957,7408.313596386244,5.082128013006877,2.382548033411149,4.055130878789351,5.081586283619981,3297.9723276782256,406203.4023620112,36.82470590097364,7.364941180194728,0.0,158.8
99763397547193254507486301054948581651_eps0_s0,BPI2012_WC,0.5,3.0,,,2.0,38.8,0.663445980273545,0.50050119928268,0.04408414107301774,6.0163946754907124e-05,0.42501688800984994,,3.7492137081804686,0.10439279319252819,3.7232467486057432,3.7485778558184393,3520.8837533004944,55.66330853799591,2.413354559603613,54.640312691009605,55.662811755796426,239.91901585427166,405207.7782830912,129.1129122019629,25.82258244039258,0.0,38353.4
301303615634958901188516497625374252338_eps1_s0,BPI2012_WC,0.5,7.0,,,2.0,38.8,0.3494775363312478,0.3516938855078408,0.32920681815499986,0.004048528173556518,0.42074755096109584,,1.8794918837957084,0.10708549679256976,1.852964606601745,1.878673734993208,7073.988486845608,2.7679151070071386,1.9640843649976887,1.826885529991705,2.7673399457940833,7173.879618337555,405869.75014494115,37.936992397008,7.5873984794016,0.0,1262.2
313840851390597435954673044863649726085_eps1_s0,BPI2012_WC,0.5,7.0,,,2.0,38.8,0.27619170896911827,0.37386559728021174,0.30453275314934614,6.0163946754907124e-05,0.4088663249858655,,3.82256203640718,0.10325378041015938,3.796865149389487,3.821874893200584,3451.5434002269067,4.817809390800539,1.9804659135988913,3.918091170815751,4.817381684796419,3346.6781548401777,404181.2403684948,128.80941872100811,25.761883744201622,0.0,38353.4
65432415834605434134577897559624831681_eps1_s0,BPI2012_WC,0.5,7.0,,,2.0,38.8,0.5148051645496305,0.3697972730909222,0.25130210194258734,0.037858406993975094,0.42710331798298284,,1.7727862044121139,0.10973012818722054,1.7463856738060712,1.7721135816071183,7510.721327178859,2.833960224792827,2.1212794707971625,1.8757141913985833,2.833275884005707,6988.601626002538,406244.8388339208,36.82470590097364,7.364941180194728,0.0,158.8
99763397547193254507486301054948581651_eps1_s0,BPI2012_WC,0.5,7.0,,,2.0,38.8,0.27619170896911827,0.37386559728021174,0.30453275314934614,6.0163946754907124e-05,0.42501688800984994,,3.786984891211614,0.10965261800447479,3.7602886133943683,3.786140580405481,3486.4715505884874,4.805731882993132,1.9466313092038035,3.880016289406922,4.805159539810847,3377.301414303517,405365.6604633868,129.1129122019629,25.82258244039258,0.0,38353.4
301303615634958901188516497625374252338_eps2_s0,BPI2012_WC,0.5,11.0,,,2.0,38.8,0.5520484475322203,0.464851923891121,0.3716678931683129,0.004048528173556518,0.42074755096109584,,1.8558881059871055,0.11148268061224371,1.8301600271835923,1.8547472955775448,7164.720330857679,2.8392774295876735,2.0095753026078453,1.9042981506092473,2.838642092619557,6885.423651953807,405905.3049041296,37.936992397008,7.5873984794016,0.0,1262.2
313840851390597435954673044863649726085_eps2_s0,BPI2012_WC,0.5,11.0,,,2.0,38.8,0.3591960562744636,0.43642911897829784,0.3270851411170109,6.0163946754907124e-05,0.4088663249858655,,3.8678828848176634,0.12092744219116866,3.841290055203717,3.867009969614446,3412.3764399019187,4.871158403973095,1.9566922154161148,3.920565840008203,4.8706077467999425,3344.3804483187205,404236.7266865096,128.80941872100811,25.761883744201622,0.0,38353.4
65432415834605434134577897559624831681_eps2_s0,BPI2012_WC,0.5,11.0,,,2.0,38.8,0.5744364192552845,0.4783683490414973,0.17600633793899184,0.037858406993975094,0.42710331798298284,,1.8374305980047212,0.10807399100158363,1.8109832862042823,1.8367391228093766,7238.5754367008585,2.90732032940723,2.2622539066011087,1.9037661107955501,2.906724344193935,6886.138226187242,406281.36533282883,36.82470590097364,7.364941180194728,0.0,158.8
99763397547193254507486301054948581651_eps2_s0,BPI2012_WC,0.5,11.0,,,2.0,38.8,0.3591960562744636,0.43642911897829784,0.3270851411170109,6.0163946754907124e-05,0.42501688800984994,,3.875375226617325,0.11244615939212962,3.8489442901918665,3.874705799797084,3406.08149325664,4.870231854415033,1.9746206880081445,3.9363503664033486,4.869751298008486,3331.4467796351246,405421.2454794426,129.1129122019629,25.82258244039258,0.0,38353.4
301303615634958901188516497625374252338_eps3_s0,BPI2012_WC,0.5,15.0,,,2.0,38.8,0.5977850052306257,0.48466262330712595,0.3731065062677675,0.004048528173556518,0.42074755096109584,,1.8402249382110312,0.11096045159501955,1.8112265105941332,1.8394883179920725,7243.117387341777,2.862295468011871,2.0677625841926783,1.9216396081959828,2.861812502995599,6819.800898439967,405941.1884778986,37.936992397008,7.5873984794016,0.0,1262.2
313840851390597435954673044863649726085_eps3_s0,BPI2012_WC,0.5,15.0,,,2.0,38.8,0.38855930735224004,0.4638265569938911,0.3487822872649803,6.0163946754907124e-05,0.4088663249858655,,4.085849462007173,0.10702266838634386,4.05952068058541,4.085060817806516,3228.9183847821737,5.043394624802749,1.953071603202261,4.116425043402705,5.042972733988426,3185.225070438434,404293.66330911976,128.80941872100811,25.761883744201622,0.0,38353.4
65432415834605434134577897559624831681_eps3_s0,BPI2012_WC,0.5,15.0,,,2.0,38.8,0.574420867155751,0.4783360187200332,0.17569496748437938,0.037858406993975094,0.42710331798298284,,1.8156893840059638,0.11111187600763514,1.7893644663970918,1.8148711523972452,7325.438459101397,2.8871403395896778,2.2543113094056024,1.8778517078142614,2.886571472208016,6981.365186763798,406318.53211979603,36.82470590097364,7.364941180194728,0.0,158.8
99763397547193254507486301054948581651_eps3_s0,BPI2012_WC,0.5,15.0,,,2.0,38.8,0.38855930735224004,0.4638265569938911,0.3487822872649803,6.0163946754907124e-05,0.42501688800984994,,4.096579468587879,0.10657517301151528,4.070183186209761,4.0958471045945775,3220.3807562854413,5.06718210959807,1.9699676768039354,4.1261821503867395,5.066481800796464,3178.070224315473,405478.3735999744,129.1129122019629,25.82258244039258,0.0,38353.4
301303615634958901188516497625374252338_eps4_s0,BPI2012_WC,0.5,21.0,,,2.0,38.8,0.5822513162891931,0.481008480679081,0.3401471154518374,0.004048528173556518,0.42074755096109584,,1.8695677360054106,0.11525254040025175,1.8426151431980542,1.868835493782535,7114.826745574018,2.9488665087963453,2.0982138551888054,1.9884500190149992,2.948362535389606,6594.629046850346,405977.8114196532,37.936992397008,7.5873984794016,0.0,1262.2
313840851390597435954673044863649726085_eps4_s0,BPI2012_WC,0.5,21.0,,,2.0,38.8,0.4046974065230242,0.46743450602867204,0.3538369435304399,6.0163946754907124e-05,0.4088663249858655,,5.332487563206814,0.09908631580183283,5.306343830400147,5.331575553002767,2471.460385546417,6.275330457405653,1.939542367402464,5.3447392373811455,6.274886361614335,2453.8243171576755,404358.7912036766,128.80941872100811,25.761883744201622,0.0,38353.4
65432415834605434134577897559624831681_eps4_s0,BPI2012_WC,0.5,21.0,,,2.0,38.8,0.5768820893336445,0.4807736888512525,0.16707484273991555,0.037858406993975094,0.42710331798298284,,1.7806786650093271,0.11329504320165143,1.7545939579838887,1.7798153511830606,7473.054486632772,2.9630941209965385,2.343748930795118,1.9487859289860352,2.962427634187043,6729.478012672208,406355.816574277,36.82470590097364,7.364941180194728,0.0,158.8
99763397547193254507486301054948581651_eps4_s0,BPI2012_WC,0.5,21.0,,,2.0,38.8,0.4046974065230242,0.46743450602867204,0.3538369435304399,6.0163946754907124e-05,0.42501688800984994,,5.311421229992993,0.10649928820785134,5.285234498791397,5.310601319384295,2480.1604180439876,6.278040570614394,1.9534581745858304,5.336625227390323,6.2773901239968835,2457.48520315204,405543.58728655364,129.1129122019629,25.82258244039258,0.0,38353.4
154287530791976545750764743660029033168_eps0_s0,BPI2012_WC,1.0,3.0,,,1.0,76.6,0.6474804872102675,0.41057570449728953,0.047331323566668096,0.03830169956736463,0.4356798489461653,,1.7720209459890612,0.1125535560073331,1.7460455248132347,1.7713184066000394,7509.673828795616,4.591487771610264,2.9293490897864105,3.434501037618611,4.590713567379862,3840.283208828215,409959.6677569434,32.9568919740268,6.591378394805361,0.0,115.6
225016248606758851465468524267212558832_eps0_s0,BPI2012_WC,1.0,3.0,,,1.0,76.6,0.663473968053661,0.500489749581711,0.06148454503176901,6.0163946754907124e-05,0.3996805299539119,,3.749339499999769,0.117718217195943,3.7225449247984215,3.7485682885861022,3521.7755180449094,112.31418737699278,2.8936846649972723,111.14745039900299,112.31352770940866,119.68365849349975,407369.447790298,131.83048063196475,26.36609612639295,0.0,75758.4
294849114210298322871130218010982039345_eps0_s0,BPI2012_WC,1.0,3.0,,,1.0,76.6,0.6613404620185979,0.42479923345806425,0.06128844235451614,0.004048528173556518,0.433214349031914,,1.8250210454221816,0.12231189918238669,1.7992919865995645,1.8244176017935387,7284.81710417216,13.491788440791424,2.8694538132171146,12.338309395615942,13.491307315416634,1075.5479554604324,409569.644100355,36.85359309404157,7.370718618808314,0.0,1247.0
335253511763257888361645826025058699918_eps0_s0,BPI2012_WC,1.0,3.0,,,1.0,76.6,0.663473968053661,0.500489749581711,0.06148454503176901,6.0163946754907124e-05,0.4384439419955015,,3.7177236843970602,0.10585068638902158,3.691310326999519,3.7171181777957827,3552.0785707860764,112.14356160419993,2.86259491777746,111.00113612799905,112.1429678952205,119.93078706736522,408846.3022303124,129.92623868299415,25.98524773659883,0.0,75758.4
154287530791976545750764743660029033168_eps1_s0,BPI2012_WC,1.0,7.0,,,1.0,76.6,0.5198198944213029,0.37485176017862926,0.23611553451117126,0.03830169956736463,0.4356798489461653,,1.7785507948021404,0.11811808578204364,1.7524660660070368,1.7778253608150407,7482.037600050545,3.802558757807128,2.382354128989391,1.9451474736095407,3.8020535725867375,6744.164861795888,410002.7888701796,32.9568919740268,6.591378394805361,0.0,115.6
225016248606758851465468524267212558832_eps1_s0,BPI2012_WC,1.0,7.0,,,1.0,76.6,0.2937241528216492,0.38215811569764774,0.3073931393491117,6.0163946754907124e-05,0.3996805299539119,,3.779896269214805,0.11009810898685828,3.7533609689911827,3.77914011500543,3492.193992092502,4.8038415792048905,1.9311935839941725,3.8713882453972475,4.803277925413568,3385.6940554843363,407648.17041234,131.83048063196475,26.36609612639295,0.0,75758.4
294849114210298322871130218010982039345_eps1_s0,BPI2012_WC,1.0,7.0,,,1.0,76.6,0.3663530224884586,0.3554026574798762,0.32718089047314053,0.004048528173556518,0.433214349031914,,1.8227242038119584,0.12268866680096835,1.7970853387843817,1.822109260794241,7296.434356010483,2.6815269384067504,1.9446665604016744,1.7661803039954975,2.6809113341965713,7421.016238355286,409628.5118133138,36.85359309404157,7.370718618808314,0.0,1247.0
335253511763257888361645826025058699918_eps1_s0,BPI2012_WC,1.0,7.0,,,1.0,76.6,0.2937241528216492,0.38215811569764774,0.3073931393491117,6.0163946754907124e-05,0.4384439419955015,,3.7480137547827326,0.108773513417691,3.7209920083871113,3.747312204411719,3522.2366543083713,4.783641158789396,1.9402179502067156,3.8681737779988907,4.783095544797834,3387.8566824783948,409124.9252011226,129.92623868299415,25.98524773659883,0.0,75758.4
154287530791976545750764743660029033168_eps2_s0,BPI2012_WC,1.0,11.0,,,1.0,76.6,0.579435622115004,0.4833091445295733,0.162862982271954,0.03830169956736463,0.4356798489461653,,1.79943704160396,0.10984901218907908,1.7708438439993188,1.7987626726040618,7401.427263748878,3.036789905210026,2.580197055998724,1.9472359567764215,3.0361352153820915,6730.171272336575,410044.95281132765,32.9568919740268,6.591378394805361,0.0,115.6
225016248606758851465468524267212558832_eps2_s0,BPI2012_WC,1.0,11.0,,,1.0,76.6,0.3512013968501778,0.4288648153760425,0.32595520449469734,6.0163946754907124e-05,0.3996805299539119,,3.839798112213612,0.10395688597345724,3.8147689127828928,3.839053255401086,3437.32141790796,4.810561307391618,1.9444873814005406,3.887731186999008,4.810002414789051,3374.1271995472007,407703.3582425008,131.83048063196475,26.36609612639295,0.0,75758.4
294849114210298322871130218010982039345_eps2_s0,BPI2012_WC,1.0,11.0,,,1.0,76.6,0.5548915455032226,0.46608846948302085,0.3718215815787619,0.004048528173556518,0.433214349031914,,1.8422396066132933,0.10719302400248125,1.8156762354075908,1.8415240889880806,7218.163944049986,2.827016538591124,1.9955486099934205,1.8838331616017967,2.8265346170170234,6957.42790016051,409663.6305875142,36.85359309404157,7.370718618808314,0.0,1247.0
335253511763257888361645826025058699918_eps2_s0,BPI2012_WC,1.0,11.0,,,1.0,76.6,0.3512013968501778,0.4288648153760425,0.32595520449469734,6.0163946754907124e-05,0.4384439419955015,,3.8442962861969137,0.11564786160597577,3.8178352758171967,3.8436712765949776,3433.1862033455086,4.817275551822968,1.9063151713926345,3.8957366766175254,4.816788703994826,3365.703008281887,409179.870555605,129.92623868299415,25.98524773659883,0.0,75758.4
154287530791976545750764743660029033168_eps3_s0,BPI2012_WC,1.0,15.0,,,1.0,76.6,0.579435622115004,0.4833091445295733,0.16255778367453003,0.03830169956736463,0.4356798489461653,,1.746613029600121,0.11898586200550199,1.7209582114010118,1.745675509585999,7615.700672098848,2.9797600961988793,2.595431069203187,1.8927270237822085,2.9790047487826086,6935.656057859926,410083.921181995,32.9568919740268,6.591378394805361,0.0,115.6
225016248606758851465468524267212558832_eps3_s0,BPI2012_WC,1.0,15.0,,,1.0,76.6,0.38320971405615256,0.45665769711196846,0.3496939066283053,6.0163946754907124e-05,0.3996805299539119,,4.01690251060063,0.10133022839436308,3.989137722190935,4.0161277472041546,3286.3381045742267,5.009737050195691,1.9148477378068491,4.069385106989648,5.0091660998063166,3222.0586391178267,407759.594585142,131.83048063196475,26.36609612639295,0.0,75758.4
294849114210298322871130218010982039345_eps3_s0,BPI2012_WC,1.0,15.0,,,1.0,76.6,0.6042313187821382,0.4894290409016363,0.37420861958839124,0.004048528173556518,0.433214349031914,,1.8270476503879762,0.10420098879840226,1.8004811244201846,1.8263423950062134,7279.807144013401,2.789293767209165,2.0109026289894247,1.8592603325960226,2.788902153004892,7049.472293139933,409699.06625787297,36.85359309404157,7.370718618808314,0.0,1247.0
335253511763257888361645826025058699918_eps3_s0,BPI2012_WC,1.0,15.0,,,1.0,76.6,0.38320971405615256,0.45665769711196846,0.3496939066283053,6.0163946754907124e-05,0.4384439419955015,,4.049253118410706,0.10450899658026173,4.023284050996881,4.048514388990588,3258.4951416995923,4.978976764611434,1.9155467125936412,4.04461492060218,4.978448867192492,3241.1368963264385,409236.0451787834,129.92623868299415,25.98524773659883,0.0,75758.4
154287530791976545750764743660029033168_eps4_s0,BPI2012_WC,1.0,21.0,,,1.0,76.6,0.579435622115004,0.4833091445295733,0.16255778367453003,0.03830169956736463,0.4356798489461653,,1.7771219357848167,0.11411881799576803,1.7514338981942275,1.776403382793069,7486.213737886862,3.0393741894047706,2.6022121640038676,1.9562978769885375,3.038811652804725,6705.751316953999,410123.0855891764,32.9568919740268,6.591378394805361,0.0,115.6
225016248606758851465468524267212558832_eps4_s0,BPI2012_WC,1.0,21.0,,,1.0,76.6,0.4074991724279699,0.4681300007017949,0.354605269500948,6.0163946754907124e-05,0.3996805299539119,,5.2706298332079315,0.10693829138763249,5.245775832817889,5.269855901610572,2498.9470547051387,6.2948407006100755,1.9133146831882186,5.345485672005452,6.294263145595323,2453.601042733877,407824.26147080556,131.83048063196475,26.36609612639295,0.0,75758.4
294849114210298322871130218010982039345_eps4_s0,BPI2012_WC,1.0,21.0,,,1.0,76.6,0.5875182971242711,0.48383698580337364,0.32494928233522924,0.004048528173556518,0.433214349031914,,1.8297356128110551,0.1104492561891675,1.8010760782053694,1.8287721524015068,7281.357148347485,2.995643296209164,2.1462833408033477,2.000522146001458,2.995215888391249,6563.408415925723,409735.4852371334,36.85359309404157,7.370718618808314,0.0,1247.0
335253511763257888361645826025058699918_eps4_s0,BPI2012_WC,1.0,21.0,,,1.0,76.6,0.4074991724279699,0.4681300007017949,0.354605269500948,6.0163946754907124e-05,0.4384439419955015,,5.264950541593135,0.1024298512027599,5.239346025604755,5.264254166989121,2502.6075156261422,6.230181872611865,1.913672572991345,5.288929627405014,6.229645075986627,2479.298826445121,409300.4676617662,129.92623868299415,25.98524773659883,0.0,75758.4
200934189435493509245876840523779924304_eps0_s0,BPI2013_Closed,0.0,3.0,,,33.8,1.0,0.6390281579850833,0.393161707906027,0.6687037105935776,0.08367288921719691,0.06917647199588828,,0.38114361720508894,0.07048138379468583,0.3733600874023978,0.3800990588031709,3545.0457958566208,0.4179762593994383,0.3662891187996138,0.36509206679766065,0.4173678447958082,3633.909745110085,215411.9259341692,4.819891671999358,0.9639783343998716,0.0,137.86589446589446
252036172554514852379917073716435574953_eps0_s0,BPI2013_Closed,0.0,3.0,,,33.8,1.0,0.6714641517803411,0.41383240819654626,0.71418849625924,0.01753025281646704,0.06380937900394201,,0.5605684827954974,0.07469514399999752,0.5529855328029953,0.559402372414479,2391.4654507543237,0.7076437783951406,0.4009171468031127,0.6524737994011958,0.7070206314034294,2026.2289116421537,215343.055047357,5.629876571998466,1.1259753143996931,0.0,616.5809523809523
252336560693540533935881068298825202077_eps0_s0,BPI2013_Closed,0.0,3.0,,,33.8,1.0,0.6714641517803411,0.41383240819654626,0.71418849625924,0.01753025281646704,0.05935811798553914,,0.5650414456031285,0.08375987080507911,0.557231799204601,0.5637941506050993,2371.470356004635,0.6991269397956785,0.4015277578087989,0.6456712287967094,0.6985378840006888,2050.789932896372,215193.0163608052,5.873668587999418,1.1747337175998838,0.0,616.5809523809523
47482295457342411543800303662309855831_eps0_s0,BPI2013_Closed,0.0,3.0,,,33.8,1.0,0.6714641517803411,0.41383240819654626,0.71418849625924,0.01753025281646704,0.06324848099029623,,0.5476370797958225,0.07376119680702686,0.5396856092032977,0.546456365013728,2448.615783156752,0.6772168095980305,0.4078068428032566,0.62073249220266,0.6766237656003795,2129.780939754689,215267.17368710102,4.788424322992796,0.9576848645985592,0.0,616.5809523809523
200934189435493509245876840523779924304_eps1_s0,BPI2013_Closed,0.0,7.0,,,33.8,1.0,0.5373575729627703,0.35883599681379674,0.6520831947967459,0.08367288921719691,0.06917647199588828,,0.3852777687949128,0.07858450540225022,0.3773903068038635,0.38421457940130493,3524.1036150478926,0.4093049593910109,0.35706522240652705,0.3549934571958147,0.4087032264098525,3741.278278406716,215419.1282853724,4.819891671999358,0.9639783343998716,0.0,137.86589446589446
252036172554514852379917073716435574953_eps1_s0,BPI2013_Closed,0.0,7.0,,,33.8,1.0,0.39088083141167385,0.2788725300908745,0.6215725384207007,0.01753025281646704,0.06380937900394201,,0.5464537596097216,0.07282786479336209,0.5385198370029685,0.5451440396078396,2454.1716558847925,0.5883291221922263,0.3793846522050444,0.5343643533997238,0.5877388118067757,2474.281180427658,215352.2741275534,5.629876571998466,1.1259753143996931,0.0,616.5809523809523
252336560693540533935881068298825202077_eps1_s0,BPI2013_Closed,0.0,7.0,,,33.8,1.0,0.39088083141167385,0.2788725300908745,0.6215725384207007,0.01753025281646704,0.05935811798553914,,0.5538678570010234,0.07396306080627255,0.5463311389961746,0.5528008371999021,2422.7195306673348,0.6176752010011114,0.4029612563957926,0.562541539996164,0.6169083817978389,2349.2642365698157,215202.4063070158,5.873668587999418,1.1747337175998838,0.0,616.5809523809523
47482295457342411543800303662309855831_eps1_s0,BPI2013_Closed,0.0,7.0,,,33.8,1.0,0.39088083141167385,0.2788725300908745,0.6215725384207007,0.01753025281646704,0.06324848099029623,,0.543511771800695,0.08922622279496864,0.5354966256010811,0.5423105694062542,2475.6376274976647,0.5976817099959589,0.4048414157994557,0.5428545236005448,0.5971186071983539,2435.8805775345522,215276.5446519176,4.788424322992796,0.9576848645985592,0.0,616.5809523809523
200934189435493509245876840523779924304_eps2_s0,BPI2013_Closed,0.0,11.0,,,33.8,1.0,0.6396083702111878,0.39368116279245396,0.6689931011253392,0.08367288921719691,0.06917647199588828,,0.37535495780175554,0.07940939020481892,0.36701487099635416,0.37398827999131756,3615.0713236256465,0.39908934899722226,0.3653086822014302,0.3395421306078788,0.3984178899961989,3920.936411144853,215426.06948712718,4.819891671999358,0.9639783343998716,0.0,137.86589446589446
252036172554514852379917073716435574953_eps2_s0,BPI2013_Closed,0.0,11.0,,,33.8,1.0,0.643042249587439,0.3987409876333886,0.6883726935051646,0.01753025281646704,0.06380937900394201,,0.5617602653976064,0.0752040033985395,0.5538821741996799,0.5605567190097644,2388.184979584648,0.5958819649997167,0.3862550410034601,0.5422339380078484,0.5952595882001332,2436.9919643616786,215361.43074824297,5.629876571998466,1.1259753143996931,0.0,616.5809523809523
252336560693540533935881068298825202077_eps2_s0,BPI2013_Closed,0.0,11.0,,,33.8,1.0,0.643042249587439,0.3987409876333886,0.6883726935051646,0.01753025281646704,0.05935811798553914,,0.5602144548029173,0.07319036100525408,0.5522996472078375,0.5589972058078274,2403.9282150510776,0.6175766645988915,0.4019191989907995,0.5604305057961028,0.6170328596024774,2364.799440496988,215211.6060703216,5.873668587999418,1.1747337175998838,0.0,616.5809523809523
47482295457342411543800303662309855831_eps2_s0,BPI2013_Closed,0.0,11.0,,,33.8,1.0,0.643042249587439,0.3987409876333886,0.6883726935051646,0.01753025281646704,0.06324848099029623,,0.5769776974048,0.06722341520362533,0.5689255082048476,0.5757421190093737,2328.8318040751556,0.6069016074005049,0.38619461639318614,0.5531055000086781,0.6064058533927892,2390.271773150213,215285.78129516038,4.788424322992796,0.9576848645985592,0.0,616.5809523809523
200934189435493509245876840523779924304_eps3_s0,BPI2013_Closed,0.0,15.0,,,33.8,1.0,0.6397678598443617,0.3938066512348429,0.6685369846693346,0.08367288921719691,0.06917647199588828,,0.3712615099910181,0.07453091820934787,0.36322427779086863,0.3700465407979209,3647.255867439094,0.4185270173999015,0.35861244520638136,0.36072847419418397,0.417946628597565,3663.339343523551,215433.2769363808,4.819891671999358,0.9639783343998716,0.0,137.86589446589446
252036172554514852379917073716435574953_eps3_s0,BPI2013_Closed,0.0,15.0,,,33.8,1.0,0.6559084989011679,0.4084650719015818,0.7065118698746262,0.01753025281646704,0.06380937900394201,,0.5964029419934377,0.08117292481474578,0.5884902333957143,0.5952133456012234,2252.5715143473567,0.6211482811952009,0.3996271962008905,0.5664048765960615,0.620666040998185,2334.739092187777,215370.748236444,5.629876571998466,1.1259753143996931,0.0,616.5809523809523
252336560693540533935881068298825202077_eps3_s0,BPI2013_Closed,0.0,15.0,,,33.8,1.0,0.6559084989011679,0.4084650719015818,0.7065118698746262,0.01753025281646704,0.05935811798553914,,0.6045074834139086,0.0783566933881957,0.5967245461943094,0.6033587114070542,2214.6969309112196,0.6291968619974796,0.39353410840267317,0.57213145759888,0.6284853369987105,2315.524756000401,215221.0311247598,5.873668587999418,1.1747337175998838,0.0,616.5809523809523
47482295457342411543800303662309855831_eps3_s0,BPI2013_Closed,0.0,15.0,,,33.8,1.0,0.6559084989011679,0.4084650719015818,0.7065118698746262,0.01753025281646704,0.06324848099029623,,0.5786661053949501,0.06911542560555972,0.5708057126030326,0.5774877713993192,2316.3963305175457,0.6606365198036656,0.3750975618022494,0.6059207798098214,0.6601084768015426,2185.1398400886274,215295.1071500964,4.788424322992796,0.9576848645985592,0.0,616.5809523809523
200934189435493509245876840523779924304_eps4_s0,BPI2013_Closed,0.0,21.0,,,33.8,1.0,0.6397678598443617,0.3938066512348429,0.6688851717286497,0.08367288921719691,0.06917647199588828,,0.34945340019767174,0.07678877800353803,0.34136748779565096,0.3484280983917415,3882.2582514568567,0.421791321010096,0.3728680210013408,0.3667397236044053,0.4212457291956525,3608.06150623568,215440.5093933046,4.819891671999358,0.9639783343998716,0.0,137.86589446589446
252036172554514852379917073716435574953_eps4_s0,BPI2013_Closed,0.0,21.0,,,33.8,1.0,0.6557250152523838,0.40842262643449423,0.7064597069074819,0.01753025281646704,0.06380937900394201,,0.6488787743961438,0.07184786400175654,0.6405499282001983,0.6473845637985505,2065.060911339867,0.6942506194056477,0.3928803507995326,0.6388624694023747,0.6936754094029312,2075.5421868499193,215380.6746815132,5.629876571998466,1.1259753143996931,0.0,616.5809523809523
252336560693540533935881068298825202077_eps4_s0,BPI2013_Closed,0.0,21.0,,,33.8,1.0,0.6557250152523838,0.40842262643449423,0.7064597069074819,0.01753025281646704,0.05935811798553914,,0.62592545520165,0.07227505059563555,0.6176695832051337,0.6246159072034061,2142.737254717986,0.6678939454024657,0.3986668682016898,0.6042097172001377,0.6673576311965007,2188.323013262445,215230.75629812462,5.873668587999418,1.1747337175998838,0.0,616.5809523809523
47482295457342411543800303662309855831_eps4_s0,BPI2013_Closed,0.0,21.0,,,33.8,1.0,0.6557250152523838,0.40842262643449423,0.7064597069074819,0.01753025281646704,0.06324848099029623,,0.6580294313956984,0.07732349560246803,0.65000590600539,0.6567841271986253,2036.8622132198666,0.714381969999522,0.3934117847995367,0.6570820071909111,0.713559191999957,2013.0746908824744,215305.12487459517,4.788424322992796,0.9576848645985592,0.0,616.5809523809523
142755197448285586864950898907211027337_eps0_s0,BPI2013_Closed,0.025,3.0,,,33.8,1.0,0.6390281579850833,0.393161707906027,0.6687037105935776,0.08367288921719691,0.0839956580020953,,0.37609342140494845,0.07314902319922112,0.3681215190095827,0.37493420801474714,3595.6122441950224,0.4157365345978178,0.35496983919874764,0.3613051095919218,0.4151235348021146,3681.3524902514228,215688.9498358434,4.032888576010009,0.8065777152020018,0.0,137.86589446589446
204856358341536816138399558242345199755_eps0_s0,BPI2013_Closed,0.025,3.0,,,33.8,1.0,0.6714641517803411,0.41383240819654626,0.71418849625924,0.01753025281646704,0.06408292800188065,,0.5185036622046028,0.08284875059034676,0.5103478963952511,0.5173444631975144,2591.6531275059665,0.649925038596848,0.3494154651998542,0.5939425536023919,0.6493706511973869,2236.58847596542,215548.2772756898,5.529386467998847,1.1058772935997694,0.0,616.5809523809523
243648848362029147724904434567477923763_eps0_s0,BPI2013_Closed,0.025,3.0,,,33.8,1.0,0.6714641517803411,0.41383240819654626,0.71418849625924,0.01753025281646704,0.07936828798847273,,0.5430059452017304,0.0742699644062668,0.5354896747972816,0.541904725600034,2468.44363854598,0.6543464057904202,0.356284081202466,0.5933837004005909,0.6538409374072216,2228.850070137657,215621.22805936803,5.703441113000736,1.1406882226001471,0.0,616.5809523809523
31882839497307630496007576300860674457_eps0_s0,BPI2013_Closed,0.025,3.0,,,33.8,1.0,0.6714641517803411,0.41383240819654626,0.71418849625924,0.01753025281646704,0.07199152300017886,,0.5321426433976739,0.0771610016003251,0.5245314294006675,0.5310477784019895,2520.9347061307476,0.6306495161959902,0.38294508079998196,0.5762873581959866,0.6301372539950535,2294.422365835398,215475.9205471292,5.542838503984967,1.1085677007969934,0.0,616.5809523809523
142755197448285586864950898907211027337_eps1_s0,BPI2013_Closed,0.025,7.0,,,33.8,1.0,0.5373575729627703,0.35883599681379674,0.6520831947967459,0.08367288921719691,0.0839956580020953,,0.3714786275988445,0.07146117760566995,0.3636548567970749,0.3702621045988053,3651.8694262865783,0.4185795769910328,0.3579521382111125,0.3632483039982617,0.4179973374062683,3669.06615302461,215696.00608268278,4.032888576010009,0.8065777152020018,0.0,137.86589446589446
204856358341536816138399558242345199755_eps1_s0,BPI2013_Closed,0.025,7.0,,,33.8,1.0,0.39088083141167385,0.2788725300908745,0.6215725384207007,0.01753025281646704,0.06408292800188065,,0.5309432599984575,0.06343150900211185,0.5226433701929636,0.52967776019359,2533.382421740331,0.5745161681901664,0.35330736900214105,0.5147738180006854,0.5738833615905605,2568.008330087113,215557.09578779637,5.529386467998847,1.1058772935997694,0.0,616.5809523809523
243648848362029147724904434567477923763_eps1_s0,BPI2013_Closed,0.025,7.0,,,33.8,1.0,0.39088083141167385,0.2788725300908745,0.6215725384207007,0.01753025281646704,0.07936828798847273,,0.5337073412025347,0.08747048059594817,0.5259648437902797,0.5325847044063267,2516.1403690420766,0.5850682288059034,0.3915738267940469,0.530863986397162,0.5844936917943414,2492.6172471196624,215630.2799940058,5.703441113000736,1.1406882226001471,0.0,616.5809523809523
31882839497307630496007576300860674457_eps1_s0,BPI2013_Closed,0.025,7.0,,,33.8,1.0,0.39088083141167385,0.2788725300908745,0.6215725384207007,0.01753025281646704,0.07199152300017886,,0.5316151529958006,0.06984024120029061,0.5237607907969505,0.530416925996542,2524.4113399973635,0.594384112994885,0.37699650941067375,0.5409533966041635,0.5938690121867694,2445.359247961248,215484.93163382378,5.542838503984967,1.1085677007969934,0.0,616.5809523809523
142755197448285586864950898907211027337_eps2_s0,BPI2013_Closed,0.025,11.0,,,33.8,1.0,0.6396083702111878,0.39368116279245396,0.6689931011253392,0.08367288921719691,0.0839956580020953,,0.3851672924007289,0.07374037100235001,0.37751115080318415,0.38409557259292343,3544.0392395890435,0.41860048440867104,0.3582748427928891,0.36398702500155194,0.4180001039989293,3649.5731790273844,215703.13265686057,4.032888576010009,0.8065777152020018,0.0,137.86589446589446
204856358341536816138399558242345199755_eps2_s0,BPI2013_Closed,0.025,11.0,,,33.8,1.0,0.643042249587439,0.3987409876333886,0.6883726935051646,0.01753025281646704,0.06408292800188065,,0.5316680338000879,0.07447717819595709,0.5239116499840748,0.5305085397849325,2523.8568509434745,0.5675433153926861,0.35387647040770387,0.5159247244067956,0.5670422039926052,2563.019745204517,215565.79101461062,5.529386467998847,1.1058772935997694,0.0,616.5809523809523
243648848362029147724904434567477923763_eps2_s0,BPI2013_Closed,0.025,11.0,,,33.8,1.0,0.643042249587439,0.3987409876333886,0.6883726935051646,0.01753025281646704,0.07936828798847273,,0.5523912769916933,0.0778586084023118,0.544414824602427,0.5512266196019482,2429.2735537985513,0.6105179209960625,0.3900854410021566,0.5534261598018929,0.6097744817961939,2387.7478960287767,215639.42447882178,5.703441113000736,1.1406882226001471,0.0,616.5809523809523
31882839497307630496007576300860674457_eps2_s0,BPI2013_Closed,0.025,11.0,,,33.8,1.0,0.643042249587439,0.3987409876333886,0.6883726935051646,0.01753025281646704,0.07199152300017886,,0.5477837866055779,0.07116410140297376,0.5401575347990729,0.5467550510016735,2448.9879325936754,0.5723139433946927,0.345527482801117,0.5139987573958933,0.5717976863961667,2576.70543059354,215493.7171793348,5.542838503984967,1.1085677007969934,0.0,616.5809523809523
142755197448285586864950898907211027337_eps3_s0,BPI2013_Closed,0.025,15.0,,,33.8,1.0,0.6397678598443617,0.3938066512348429,0.6685369846693346,0.08367288921719691,0.0839956580020953,,0.3760648002033122,0.08238244100357406,0.3677799527940806,0.3748075549956411,3598.516180104101,0.4319243161997292,0.3831601588113699,0.375897378398804,0.43119983020587827,3530.8776965232005,215710.65747579202,4.032888576010009,0.8065777152020018,0.0,137.86589446589446
204856358341536816138399558242345199755_eps3_s0,BPI2013_Closed,0.025,15.0,,,33.8,1.0,0.6559084989011679,0.4084650719015818,0.7065118698746262,0.01753025281646704,0.06408292800188065,,0.5606631513917819,0.07817164940643125,0.5519833553989884,0.5590590223961044,2397.7138908471466,0.619470564997755,0.3685224854038097,0.562489584001014,0.619029605598189,2357.257393317555,215574.72435271862,5.529386467998847,1.1058772935997694,0.0,616.5809523809523
243648848362029147724904434567477923763_eps3_s0,BPI2013_Closed,0.025,15.0,,,33.8,1.0,0.6559084989011679,0.4084650719015818,0.7065118698746262,0.01753025281646704,0.07936828798847273,,0.5760691440023947,0.07828278920496815,0.5680641124024988,0.5748331187991426,2336.767743061064,0.6350188032025471,0.3691064506012481,0.5772207159956452,0.6345123168022837,2294.245661792588,215648.6194399314,5.703441113000736,1.1406882226001471,0.0,616.5809523809523
31882839497307630496007576300860674457_eps3_s0,BPI2013_Closed,0.025,15.0,,,33.8,1.0,0.6559084989011679,0.4084650719015818,0.7065118698746262,0.01753025281646704,0.07199152300017886,,0.5556275914015714,0.07994420140748844,0.5476020731963217,0.5545070862048306,2413.3174103304227,0.5949151439999696,0.35023392699658873,0.5329346577986144,0.5944608471996616,2481.386773981736,215502.6231061704,5.542838503984967,1.1085677007969934,0.0,616.5809523809523
142755197448285586864950898907211027337_eps4_s0,BPI2013_Closed,0.025,21.0,,,33.8,1.0,0.6397678598443617,0.3938066512348429,0.6688851717286497,0.08367288921719691,0.0839956580020953,,0.37459290119586514,0.06841795720392838,0.3665961747989058,0.3733307811955456,3621.107297414836,0.4361443713947665,0.3579454910010099,0.379017344606109,0.4354691347922198,3488.9827198246085,215717.993225109,4.032888576010009,0.8065777152020018,0.0,137.86589446589446
204856358341536816138399558242345199755_eps4_s0,BPI2013_Closed,0.025,21.0,,,33.8,1.0,0.6557250152523838,0.40842262643449423,0.7064597069074819,0.01753025281646704,0.06408292800188065,,0.6029419500147923,0.07147397959488444,0.5952385925978888,0.60175824459875,2224.312340890608,0.6725973175955005,0.34726290619582867,0.616392214212101,0.6720998646051157,2148.1519398824394,215584.102752685,5.529386467998847,1.1058772935997694,0.0,616.5809523809523
243648848362029147724904434567477923763_eps4_s0,BPI2013_Closed,0.025,21.0,,,33.8,1.0,0.6557250152523838,0.40842262643449423,0.7064597069074819,0.01753025281646704,0.07936828798847273,,0.5994315086049028,0.07032967020059004,0.5911396216019057,0.5981615249998867,2238.247423638848,0.6533384368056432,0.3678541909961496,0.5981833768077195,0.6528692472027615,2210.1955197856637,215658.08308220963,5.703441113000736,1.1406882226001471,0.0,616.5809523809523
31882839497307630496007576300860674457_eps4_s0,BPI2013_Closed,0.025,21.0,,,33.8,1.0,0.6557250152523838,0.40842262643449423,0.7064597069074819,0.01753025281646704,0.07199152300017886,,0.6078367811976932,0.0743380866071675,0.5997835045971442,0.6066185163974296,2202.4934224368008,0.6643729884002824,0.34826321380096487,0.6083204425987787,0.6637490735971369,2179.856576036261,215511.9646494096,5.542838503984967,1.1085677007969934,0.0,616.5809523809523
143808228238095277664544419614730890173_eps0_s0,BPI2013_Closed,0.1,3.0,,,9.4,3.8,0.6784343227292811,0.41474689737296205,0.7169114302338361,0.010745311012556808,0.07779705998837017,,0.4027864131901879,0.07565473060240038,0.39492569700232705,0.4017776535998564,3352.936933552829,0.47103396339225584,0.36846846620901486,0.41785531839122997,0.47054278020514173,3163.5538408049347,215903.9580754228,4.182355245982762,0.8364710491965525,0.0,860.5571428571427
258208765752992901959170973957564585355_eps0_s0,BPI2013_Closed,0.1,3.0,,,9.4,3.8,0.6807080871376655,0.41613388382337435,0.7200365032144721,0.006491318486154603,0.0715890490100719,,0.532504720799625,0.07952860619407147,0.5244968205981422,0.5313244732038583,2518.9821815665714,0.6709749294037465,0.3817241751938127,0.6169689502043184,0.67048723079497,2144.8604590891873,215833.9903583626,6.296505941019859,1.2593011882039717,0.0,2023.0257142857142
73267476325277510937415020325069564022_eps0_s0,BPI2013_Closed,0.1,3.0,,,9.4,3.8,0.6266266625565732,0.3837763359619561,0.6487595300212152,0.10012253766091901,0.0651034860056825,,0.367090266791638,0.07013166580582038,0.35907639740034936,0.3659750586026348,3696.331991772382,0.43005943959578874,0.36730095859384165,0.37651645619771446,0.4294494281988591,3521.626605093542,215964.32155466577,4.499920456990367,0.8999840913980733,0.0,144.10857142857142
94663391914329153046920958885615291360_eps0_s0,BPI2013_Closed,0.1,3.0,,,9.4,3.8,0.6807080871376655,0.41613388382337435,0.7200365032144721,0.006491318486154603,0.0709867269906681,,0.5401608612039126,0.07123767700395547,0.5323400670022238,0.5389336110034492,2490.070112068304,0.6597873335937038,0.3801439009956084,0.6052485708030872,0.6589998336043209,2186.759405350448,215757.55753044543,6.359488965012133,1.2718977930024267,0.0,2023.0257142857142
143808228238095277664544419614730890173_eps1_s0,BPI2013_Closed,0.1,7.0,,,9.4,3.8,0.44228699814576,0.31382634461805725,0.6456227078714234,0.010745311012556808,0.07779705998837017,,0.4053610379982274,0.07427084380760789,0.3972520489944145,0.40421432779403405,3336.309461771588,0.4367114790016785,0.37168304538936353,0.38152023080037906,0.43613215239602143,3473.9270530271547,215911.43086507078,4.182355245982762,0.8364710491965525,0.0,860.5571428571427
258208765752992901959170973957564585355_eps1_s0,BPI2013_Closed,0.1,7.0,,,9.4,3.8,0.3626678538289741,0.2630779817530193,0.6009123245583983,0.006491318486154603,0.0715890490100719,,0.5441476290056017,0.07576183619094082,0.5358657557982951,0.5429045983939431,2467.0202357470703,0.5722900494060014,0.3853151030023582,0.5190419842023403,0.5715798242017627,2550.5939522908056,215843.1252960334,6.296505941019859,1.2593011882039717,0.0,2023.0257142857142
73267476325277510937415020325069564022_eps1_s0,BPI2013_Closed,0.1,7.0,,,9.4,3.8,0.6268240351806204,0.3843430861193803,0.649349905782032,0.10012253766091901,0.0651034860056825,,0.3760999942023773,0.07392206639051438,0.3688069782045204,0.3746205991948955,3590.8569194248203,0.42509940739837476,0.35349255459732376,0.3670007225999143,0.42457569659454747,3651.3983130746906,215971.58656371076,4.499920456990367,0.8999840913980733,0.0,144.10857142857142
94663391914329153046920958885615291360_eps1_s0,BPI2013_Closed,0.1,7.0,,,9.4,3.8,0.3626678538289741,0.2630779817530193,0.6009123245583983,0.006491318486154603,0.0709867269906681,,0.533401113806758,0.07603837899514473,0.5253489067952615,0.5321178610029165,2518.9965004774695,0.5992833511903882,0.3768723296001554,0.5447930121968966,0.5987607788061723,2431.1055344002534,215766.6316442454,6.359488965012133,1.2718977930024267,0.0,2023.0257142857142
143808228238095277664544419614730890173_eps2_s0,BPI2013_Closed,0.1,11.0,,,9.4,3.8,0.6526544188315656,0.4048415332748522,0.6957306040140601,0.010745311012556808,0.07779705998837017,,0.40461128259194085,0.07486196820973419,0.3962291833944619,0.40327302540536036,3336.1027812336156,0.48771688619744963,0.345114141801605,0.4324033559882082,0.4870242682052776,3075.4069299242624,215919.00793393416,4.182355245982762,0.8364710491965525,0.0,860.5571428571427
258208765752992901959170973957564585355_eps2_s0,BPI2013_Closed,0.1,11.0,,,9.4,3.8,0.6214138189251606,0.3840176090990999,0.6708265005142151,0.006491318486154603,0.0715890490100719,,0.5411976972012781,0.0848874507995788,0.5334998788079247,0.5400738492025994,2477.7255084281264,0.6130181424028706,0.37862657218938695,0.5565891736070625,0.6125128086074255,2375.7607288353065,215852.29506541003,6.296505941019859,1.2593011882039717,0.0,2023.0257142857142
73267476325277510937415020325069564022_eps2_s0,BPI2013_Closed,0.1,11.0,,,9.4,3.8,0.6271196220780475,0.384546942365436,0.6498507232097739,0.10012253766091901,0.0651034860056825,,0.3707380153995473,0.07646174739929848,0.36262363139539955,0.3696827738021966,3663.526132695612,0.4170520983985625,0.36270192959927955,0.36153095220797693,0.41655237980303356,3672.308517477103,215978.815521552,4.499920456990367,0.8999840913980733,0.0,144.10857142857142
94663391914329153046920958885615291360_eps2_s0,BPI2013_Closed,0.1,11.0,,,9.4,3.8,0.6214138189251606,0.3840176090990999,0.6708265005142151,0.006491318486154603,0.0709867269906681,,0.5343271975987591,0.06813683959189802,0.5267493718070909,0.5331798687984701,2513.445707139439,0.5831669901963323,0.3638403574062977,0.5297813848068472,0.5825660958013031,2498.6849454130415,215775.38713339382,6.359488965012133,1.2718977930024267,0.0,2023.0257142857142
143808228238095277664544419614730890173_eps3_s0,BPI2013_Closed,0.1,15.0,,,9.4,3.8,0.6560424797104517,0.4073201847511664,0.7053185862678729,0.010745311012556808,0.07779705998837017,,0.40698086240445264,0.08270661979913711,0.3988785298075527,0.4058373302046675,3318.6556892941962,0.46457561100251044,0.36686609039315954,0.40603566499776206,0.46400253420579246,3267.081800962481,215926.6280883926,4.182355245982762,0.8364710491965525,0.0,860.5571428571427
258208765752992901959170973957564585355_eps3_s0,BPI2013_Closed,0.1,15.0,,,9.4,3.8,0.6533698301393589,0.4067752389745388,0.7066335607785545,0.006491318486154603,0.0715890490100719,,0.5835017077915836,0.07753044700366445,0.5753791804017965,0.5822018689999823,2299.072491670444,0.6266527383879292,0.36799535100581127,0.5706793208024464,0.6261258469952736,2317.0647006387094,215861.6208199382,6.296505941019859,1.2593011882039717,0.0,2023.0257142857142
73267476325277510937415020325069564022_eps3_s0,BPI2013_Closed,0.1,15.0,,,9.4,3.8,0.6271196220780475,0.384546942365436,0.6498853089627294,0.10012253766091901,0.0651034860056825,,0.3579225585970562,0.07772986300406046,0.35002076680539174,0.35674088619998656,3775.6971395645705,0.41709548979997635,0.3687477492028847,0.3610789520025719,0.41653544279979543,3690.22732128549,215986.0037328614,4.499920456990367,0.8999840913980733,0.0,144.10857142857142
94663391914329153046920958885615291360_eps3_s0,BPI2013_Closed,0.1,15.0,,,9.4,3.8,0.6533698301393589,0.4067752389745388,0.7066335607785545,0.006491318486154603,0.0709867269906681,,0.5750474488013424,0.07704892620095052,0.5669432316033636,0.5738155902072322,2335.2099308152606,0.6151395377994049,0.37036386841209606,0.560932500398485,0.6144762120035011,2359.5139621309895,215784.3984522996,6.359488965012133,1.2718977930024267,0.0,2023.0257142857142
143808228238095277664544419614730890173_eps4_s0,BPI2013_Closed,0.1,21.0,,,9.4,3.8,0.6561899723358204,0.4076401135550495,0.7059913639959607,0.010745311012556808,0.07779705998837017,,0.4103929840028286,0.06658281880081632,0.40221433700062337,0.4091311301977839,3292.9671762091616,0.4531683403998613,0.36950148559990337,0.3925432780000847,0.45247104319860226,3378.488457603773,215934.2519114422,4.182355245982762,0.8364710491965525,0.0,860.5571428571427
258208765752992901959170973957564585355_eps4_s0,BPI2013_Closed,0.1,21.0,,,9.4,3.8,0.6544479702741083,0.4072021130765425,0.7073644341274676,0.006491318486154603,0.0715890490100719,,0.622701364592649,0.0754392558010295,0.6144214747939258,0.621525687596295,2152.6087149366713,0.6738883382058702,0.36272932959836907,0.6151910590007901,0.6733763651980553,2150.6995021462767,215871.28209562678,6.296505941019859,1.2593011882039717,0.0,2023.0257142857142
73267476325277510937415020325069564022_eps4_s0,BPI2013_Closed,0.1,21.0,,,9.4,3.8,0.6271196220780475,0.384546942365436,0.6498269500199391,0.10012253766091901,0.0651034860056825,,0.3617183830006979,0.08917431100271642,0.35348880940000527,0.36047472259378993,3750.108971851073,0.414341509208316,0.3506078863982111,0.35965302659897136,0.41383672080701217,3715.13647132741,215993.0722391488,4.499920456990367,0.8999840913980733,0.0,144.10857142857142
94663391914329153046920958885615291360_eps4_s0,BPI2013_Closed,0.1,21.0,,,9.4,3.8,0.6544479702741083,0.4072021130765425,0.7073644341274676,0.006491318486154603,0.0709867269906681,,0.5981135957990773,0.07626444859197364,0.5899594379996416,0.5968184720084537,2240.2621798308287,0.6677709356008563,0.3753725774004124,0.611397920595482,0.6671009153942578,2167.485500409016,215793.7990764684,6.359488965012133,1.2718977930024267,0.0,2023.0257142857142
122154352235324958585344058181015187729_eps0_s0,BPI2013_Closed,0.2,3.0,,,5.0,7.4,0.6779985547646789,0.4149632362291739,0.7219517604140664,0.006927235354142547,0.06281892900005914,,0.5495964699948672,0.09029365739552304,0.54161441840115,0.5485765835968778,2441.5292322632877,0.6611526216031052,0.36870561039540917,0.6072891594085377,0.6605958487954922,2177.9340835100643,216118.6228351458,6.5798623859882355,1.315972477197647,0.0,3660.0
156334184650786485978347865448030139775_eps0_s0,BPI2013_Closed,0.2,3.0,,,5.0,7.4,0.6267042760409804,0.3866404337078876,0.6553719066546027,0.09930329887804759,0.07366480401833542,,0.3776619897922501,0.0781890828104224,0.3696363960043527,0.3764491274021566,3576.3470547416246,0.39764743719715623,0.36434435920091346,0.3423715437937062,0.39706391320214607,3896.64893145178,216247.21780727562,4.624066727992613,0.9248133455985226,0.0,217.92
34780355639312979015160389762850482787_eps0_s0,BPI2013_Closed,0.2,3.0,,,5.0,7.4,0.6779985547646789,0.4149632362291739,0.7219517604140664,0.006927235354142547,0.07097468699794263,,0.5477305642096326,0.07887393978890031,0.5397401161899325,0.5466418653959408,2455.8655933645728,0.6538978391967248,0.3682010592019651,0.5974674326076638,0.6534384993952699,2213.951908993925,216037.11661939378,7.386515115998918,1.4773030231997837,0.0,3660.0
90011785275173713563502736162933793811_eps0_s0,BPI2013_Closed,0.2,3.0,,,5.0,7.4,0.6754596336631438,0.4137252983263549,0.7176269577968004,0.013071934519695471,0.07315359200583771,,0.3851088020077441,0.08437208099639974,0.3771822374081239,0.38415963120642116,3512.8099828127683,0.439701553795021,0.3638839485938661,0.3814531770069152,0.4391407563991379,3470.441815919768,216188.4732992854,4.860398509015795,0.972079701803159,0.0,1095.76
122154352235324958585344058181015187729_eps1_s0,BPI2013_Closed,0.2,7.0,,,5.0,7.4,0.33926313699720195,0.24783549013956066,0.5790899076351825,0.006927235354142547,0.06281892900005914,,0.5226456108037383,0.07570539339794777,0.5143894633976742,0.5214304752007592,2573.12115919954,0.5987207887985277,0.38524999899673273,0.5445288994058501,0.5981271944066975,2428.8481393317516,216127.76067331358,6.5798623859882355,1.315972477197647,0.0,3660.0
156334184650786485978347865448030139775_eps1_s0,BPI2013_Closed,0.2,7.0,,,5.0,7.4,0.6260558642385007,0.3861952973320231,0.6541786794881311,0.09930329887804759,0.07366480401833542,,0.36376551740104335,0.07827947839978151,0.35603513360838407,0.36281786640174685,3743.7785354458015,0.39659086819156075,0.34238726961193605,0.34427608000696636,0.3961683592002373,3864.7102399099836,216254.3362751888,4.624066727992613,0.9248133455985226,0.0,217.92
34780355639312979015160389762850482787_eps1_s0,BPI2013_Closed,0.2,7.0,,,5.0,7.4,0.33926313699720195,0.24783549013956066,0.5790899076351825,0.006927235354142547,0.07097468699794263,,0.5313561401853804,0.07386296900804154,0.5234937603934668,0.5302002334035933,2525.715289027362,0.5881251090089791,0.35720194039749914,0.5323435478028842,0.5874070581921842,2482.610546573301,216046.17088127282,7.386515115998918,1.4773030231997837,0.0,3660.0
90011785275173713563502736162933793811_eps1_s0,BPI2013_Closed,0.2,7.0,,,5.0,7.4,0.4805660831550213,0.34090047756134434,0.6661770004224565,0.013071934519695471,0.07315359200583771,,0.37459718400496056,0.0890435409906786,0.36621258159866554,0.3732148314011283,3641.1862513790124,0.4335904076055158,0.4017281157895923,0.37719231119845065,0.43284349879832007,3532.637102016376,216195.95218476298,4.860398509015795,0.972079701803159,0.0,1095.76
122154352235324958585344058181015187729_eps2_s0,BPI2013_Closed,0.2,11.0,,,5.0,7.4,0.6110152158941515,0.37542821716426006,0.6628782008569516,0.006927235354142547,0.06281892900005914,,0.5624832582019735,0.07118214999791235,0.554075277998345,0.5610855683975388,2384.982967999227,0.5948798820085358,0.3643509579880629,0.5408308197977021,0.594369786203606,2451.384882922264,216136.831001155,6.5798623859882355,1.315972477197647,0.0,3660.0
156334184650786485978347865448030139775_eps2_s0,BPI2013_Closed,0.2,11.0,,,5.0,7.4,0.6268084196339868,0.38668971817489095,0.6546175345671652,0.09930329887804759,0.07366480401833542,,0.37953366920701226,0.09589518159045837,0.37129884839523586,0.37823938418878245,3576.103917014521,0.3900273118109908,0.3563911407953128,0.33514340220135636,0.3894313529948704,4013.99690321416,216261.4865481298,4.624066727992613,0.9248133455985226,0.0,217.92
34780355639312979015160389762850482787_eps2_s0,BPI2013_Closed,0.2,11.0,,,5.0,7.4,0.6110152158941515,0.37542821716426006,0.6628782008569516,0.006927235354142547,0.07097468699794263,,0.5756395820062608,0.08199196579516865,0.5673606242169627,0.5743012424150947,2332.8562691619754,0.598856171197258,0.3823768148024101,0.5423699475941248,0.598220251192106,2438.6253162264634,216055.0792085522,7.386515115998918,1.4773030231997837,0.0,3660.0
90011785275173713563502736162933793811_eps2_s0,BPI2013_Closed,0.2,11.0,,,5.0,7.4,0.660749779111997,0.4064096666916486,0.7030181298814989,0.013071934519695471,0.07315359200583771,,0.3845430908026174,0.07639452860457822,0.37746181339607576,0.383383268606849,3502.208524092713,0.44089721399941484,0.36596266340930017,0.38415674481075257,0.4401880678080488,3464.653268447404,216203.4553140596,4.860398509015795,0.972079701803159,0.0,1095.76
122154352235324958585344058181015187729_eps3_s0,BPI2013_Closed,0.2,15.0,,,5.0,7.4,0.6536500148868,0.4064862957503005,0.7030451599973324,0.006927235354142547,0.06281892900005914,,0.577041342202574,0.07880973679129966,0.5689569196023513,0.5757477854029276,2323.5018653904845,0.64494759979425,0.3576704373990651,0.5886328248016071,0.644388172402978,2250.077173679536,216146.0451884886,6.5798623859882355,1.315972477197647,0.0,3660.0
156334184650786485978347865448030139775_eps3_s0,BPI2013_Closed,0.2,15.0,,,5.0,7.4,0.6268084196339868,0.38668971817489095,0.6547353760558311,0.09930329887804759,0.07366480401833542,,0.37080355440848506,0.07740633899811655,0.3630353406013455,0.36908671220298855,3681.1063926226257,0.44616624140762723,0.38976285479729994,0.3899287064035889,0.4456099933944643,3392.1183475357598,216268.74804960837,4.624066727992613,0.9248133455985226,0.0,217.92
34780355639312979015160389762850482787_eps3_s0,BPI2013_Closed,0.2,15.0,,,5.0,7.4,0.6536500148868,0.4064862957503005,0.7030451599973324,0.006927235354142547,0.07097468699794263,,0.5693318251986057,0.07542855759966187,0.5613810507988092,0.5680810507969,2353.741061332987,0.6290023805981036,0.3813161069934722,0.5705917549959849,0.6283671793993563,2318.0920782125245,216064.344858466,7.386515115998918,1.4773030231997837,0.0,3660.0
90011785275173713563502736162933793811_eps3_s0,BPI2013_Closed,0.2,15.0,,,5.0,7.4,0.6633149610174229,0.40915672157852,0.7060774827344771,0.013071934519695471,0.07315359200583771,,0.3790323749941308,0.06965402219793759,0.3707404071930796,0.37766777400393037,3569.9423783531684,0.44408704780507835,0.3417928817914799,0.3864459976088256,0.4434240687987767,3434.3526452288656,216210.8017790268,4.860398509015795,0.972079701803159,0.0,1095.76
122154352235324958585344058181015187729_eps4_s0,BPI2013_Closed,0.2,21.0,,,5.0,7.4,0.6534995498340899,0.40580397930671985,0.7034663097077039,0.006927235354142547,0.06281892900005914,,0.6358747990103438,0.07324604019522667,0.6280063836020418,0.634772006602725,2105.8993718525203,0.6656445369881112,0.3670923536061309,0.608857246406842,0.665128868399188,2173.9841898905624,216155.6619899948,6.5798623859882355,1.315972477197647,0.0,3660.0
156334184650786485978347865448030139775_eps4_s0,BPI2013_Closed,0.2,21.0,,,5.0,7.4,0.6268084196339868,0.38668971817489095,0.6546221156018527,0.09930329887804759,0.07366480401833542,,0.34608382419683037,0.07821909540216439,0.3382982900075149,0.3450085306016263,3950.325996067427,0.40143514759838583,0.37309913340141065,0.3458937482035253,0.400751875404967,3857.2392310508817,216276.11814296138,4.624066727992613,0.9248133455985226,0.0,217.92
34780355639312979015160389762850482787_eps4_s0,BPI2013_Closed,0.2,21.0,,,5.0,7.4,0.6534995498340899,0.40580397930671985,0.7034663097077039,0.006927235354142547,0.07097468699794263,,0.6101083317946177,0.08266033060499467,0.6016909116064199,0.608732978196349,2198.796745288445,0.6834153101954143,0.3693939001997933,0.6272179313993547,0.6826721496065147,2106.228145926919,216074.04255221342,7.386515115998918,1.4773030231997837,0.0,3660.0
90011785275173713563502736162933793811_eps4_s0,BPI2013_Closed,0.2,21.0,,,5.0,7.4,0.6628597911390977,0.40884099818169545,0.7068756937463359,0.013071934519695471,0.07315359200583771,,0.3706621072080452,0.07170525479014031,0.3626453686098102,0.36950014440808443,3656.3676834475727,0.42779520740150473,0.35790704100509174,0.371358463994693,0.427324857597705,3575.0309849254118,216218.0916834812,4.860398509015795,0.972079701803159,0.0,1095.76
301303615634958901188516497625374252338_eps0_s0,BPI2013_Closed,0.5,3.0,,,2.0,17.4,0.6799392361801578,0.416651701008086,0.7266776276763564,0.007425571987511181,0.07245726298424415,,0.3845708523935173,0.07348262660671026,0.37710221760207785,0.3834350782097317,3525.0629211927503,0.4291904685902409,0.37864835261134433,0.3767864273919258,0.4286874789977446,3507.374427744272,216484.51484686462,4.749808356980793,0.9499616713961586,0.0,780.9
313840851390597435954673044863649726085_eps0_s0,BPI2013_Closed,0.5,3.0,,,2.0,17.4,0.6833518763123922,0.41852128143701056,0.7313131063876452,0.0012794238615873223,0.07194521999917924,,0.5479219059925526,0.0805722538032569,0.5401755472004879,0.5466134760004934,2447.781084144647,0.6777756111987401,0.3672195745981298,0.623505934199784,0.6773133092094212,2121.7377494007005,216327.21465911,8.728882450988749,1.7457764901977497,0.0,8856.7
65432415834605434134577897559624831681_eps0_s0,BPI2013_Closed,0.5,3.0,,,2.0,17.4,0.6246659239011629,0.3885515195577921,0.6621716611099998,0.10188810717464063,0.06794143101433292,,0.31831939399125986,0.0773726100102067,0.31167632599244827,0.31714112680056133,4274.170362942847,0.41803387660183944,0.3790886918082833,0.3636892385955434,0.4174513139994815,3649.402064565995,216543.49210524498,4.642009295988828,0.9284018591977656,0.0,298.5
99763397547193254507486301054948581651_eps0_s0,BPI2013_Closed,0.5,3.0,,,2.0,17.4,0.6833518763123922,0.41852128143701056,0.7313131063876452,0.0012794238615873223,0.06527496699709445,,0.5464851627999451,0.07640623120241799,0.5384656354028265,0.5453049903968349,2459.006127620277,0.6745958400017116,0.38068994000204837,0.6205740638019052,0.6740314452035818,2132.5276036086166,216416.44312218018,8.692711033014348,1.7385422066028695,0.0,8856.7
301303615634958901188516497625374252338_eps1_s0,BPI2013_Closed,0.5,7.0,,,2.0,17.4,0.4913683925598985,0.34296602490222916,0.697173226484572,0.007425571987511181,0.07245726298424415,,0.3705662893888075,0.07664742640918121,0.3625414389942307,0.36930062880273906,3659.6245627179605,0.4245756133983377,0.3645246368017979,0.3712792709993664,0.42385790719999933,3563.0280986391663,216491.71394024038,4.749808356980793,0.9499616713961586,0.0,780.9
313840851390597435954673044863649726085_eps1_s0,BPI2013_Closed,0.5,7.0,,,2.0,17.4,0.3097233742744198,0.23483458019318956,0.5687492365960741,0.0012794238615873223,0.07194521999917924,,0.5426692360080778,0.08077815599390306,0.5347637667960953,0.5414074940024876,2472.2271020417274,0.6152829470054713,0.3839527438045479,0.5571241456025746,0.61466387201217,2383.8153033916883,216336.56913273077,8.728882450988749,1.7457764901977497,0.0,8856.7
65432415834605434134577897559624831681_eps1_s0,BPI2013_Closed,0.5,7.0,,,2.0,17.4,0.6245064342679891,0.3884314715385844,0.6620321076809728,0.10188810717464063,0.06794143101433292,,0.39200493120006286,0.07969795740791596,0.3844365858123638,0.39078529700636866,3440.3092564913823,0.4124319823924452,0.38696688060299494,0.3580636892002076,0.4117187385971192,3714.960893487597,216550.7579470078,4.642009295988828,0.9284018591977656,0.0,298.5
99763397547193254507486301054948581651_eps1_s0,BPI2013_Closed,0.5,7.0,,,2.0,17.4,0.3097233742744198,0.23483458019318956,0.5687492365960741,0.0012794238615873223,0.06527496699709445,,0.5506992855982389,0.07502711199922488,0.5424978538008872,0.5493835645960644,2441.8993425299013,0.5635264429962262,0.3796083750028629,0.5086692233919166,0.5628465482033789,2601.2109072108224,216425.55220072583,8.692711033014348,1.7385422066028695,0.0,8856.7
301303615634958901188516497625374252338_eps2_s0,BPI2013_Closed,0.5,11.0,,,2.0,17.4,0.671479856821072,0.407872887259611,0.71614370692341,0.007425571987511181,0.07245726298424415,,0.3727042157901451,0.08357028521131724,0.36485911479685457,0.37134677880676464,3620.8688268011188,0.40912743780063465,0.39479513399419375,0.35570696059730833,0.40856010500574486,3720.855619228582,216499.0813088832,4.749808356980793,0.9499616713961586,0.0,780.9
313840851390597435954673044863649726085_eps2_s0,BPI2013_Closed,0.5,11.0,,,2.0,17.4,0.6046264952870936,0.3713131990004689,0.6540744015200166,0.0012794238615873223,0.07194521999917924,,0.5555700926051941,0.07872338560409844,0.5476156256045215,0.5541883572004735,2421.5291007223873,0.5710615118034184,0.38369068639585746,0.5153976906090975,0.5704707663971931,2562.794640032219,216345.64010361017,8.728882450988749,1.7457764901977497,0.0,8856.7
65432415834605434134577897559624831681_eps2_s0,BPI2013_Closed,0.5,11.0,,,2.0,17.4,0.6245064342679891,0.3884314715385844,0.662012171476826,0.10188810717464063,0.06794143101433292,,0.35396942680235954,0.06972535020322539,0.3462046072061639,0.3525852240039967,3827.228284772894,0.40523556619300505,0.3717771192023065,0.3473058351955842,0.4047205301991198,3814.655304707418,216558.018143023,4.642009295988828,0.9284018591977656,0.0,298.5
99763397547193254507486301054948581651_eps2_s0,BPI2013_Closed,0.5,11.0,,,2.0,17.4,0.6046264952870936,0.3713131990004689,0.6540744015200166,0.0012794238615873223,0.06527496699709445,,0.5609362124057953,0.08195376078947447,0.5531301738054026,0.5598338749958203,2393.722010274738,0.5926071642024908,0.36841244699317033,0.5385696273937356,0.5919859040004667,2461.375604263464,216434.6613675886,8.692711033014348,1.7385422066028695,0.0,8856.7
301303615634958901188516497625374252338_eps3_s0,BPI2013_Closed,0.5,15.0,,,2.0,17.4,0.6719015012342836,0.40812357138569694,0.7165486955972339,0.007425571987511181,0.07245726298424415,,0.3649957781948615,0.08569744440028444,0.3575377120054327,0.36375334119657055,3708.7197317576383,0.4188444803992752,0.3575830760062672,0.36267093900241887,0.4181071843893733,3652.6128800822216,216506.437102372,4.749808356980793,0.9499616713961586,0.0,780.9
313840851390597435954673044863649726085_eps3_s0,BPI2013_Closed,0.5,15.0,,,2.0,17.4,0.6478174510764526,0.40196057526432105,0.6992176267311738,0.0012794238615873223,0.07194521999917924,,0.5751940236019436,0.07912296180147678,0.5674947242019698,0.5739473908033688,2331.19045754157,0.63418846319546,0.3810659398091957,0.5764108249975834,0.633638366998639,2305.815216947861,216354.98220603663,8.728882450988749,1.7457764901977497,0.0,8856.7
65432415834605434134577897559624831681_eps3_s0,BPI2013_Closed,0.5,15.0,,,2.0,17.4,0.6245064342679891,0.3884314715385844,0.662012171476826,0.10188810717464063,0.06794143101433292,,0.3820875842007808,0.0699733559973538,0.3745521790056955,0.38087373800226487,3529.882553272864,0.41783778959652407,0.3634812667965889,0.3600367924023885,0.4173068781965412,3701.6501518907266,216565.0898712534,4.642009295988828,0.9284018591977656,0.0,298.5
99763397547193254507486301054948581651_eps3_s0,BPI2013_Closed,0.5,15.0,,,2.0,17.4,0.6478174510764526,0.40196057526432105,0.6992176267311738,0.0012794238615873223,0.06527496699709445,,0.5810209838033188,0.07327697819564491,0.5727997817972209,0.5795952081971336,2310.604761488098,0.6215600466006436,0.388891827990301,0.5648578022024594,0.6210810856020543,2340.5994044458453,216443.969960983,8.692711033014348,1.7385422066028695,0.0,8856.7
301303615634958901188516497625374252338_eps4_s0,BPI2013_Closed,0.5,21.0,,,2.0,17.4,0.6720420493720207,0.4082286134025037,0.7170590932028504,0.007425571987511181,0.07245726298424415,,0.38924262159271167,0.0778267893998418,0.3810244741907809,0.38788640159764326,3487.620871970494,0.4152444812003523,0.38301496460335327,0.3587639475998003,0.41467744020046665,3695.673794263685,216513.7507819264,4.749808356980793,0.9499616713961586,0.0,780.9
313840851390597435954673044863649726085_eps4_s0,BPI2013_Closed,0.5,21.0,,,2.0,17.4,0.6489854603634756,0.4030688402767388,0.7024923306645495,0.0012794238615873223,0.07194521999917924,,0.6192547887971159,0.08120812081033364,0.6111833542003297,0.6177860250056255,2161.9446380126947,0.6665942327934318,0.3792659869999625,0.6079992947925348,0.6661616993951611,2172.8272602206457,216364.549523445,8.728882450988749,1.7457764901977497,0.0,8856.7
65432415834605434134577897559624831681_eps4_s0,BPI2013_Closed,0.5,21.0,,,2.0,17.4,0.6245064342679891,0.3884314715385844,0.662012171476826,0.10188810717464063,0.06794143101433292,,0.3753212748095393,0.07518174619181081,0.36936442119767887,0.3742049895983655,3598.223468594698,0.4001070649945177,0.36833079559728504,0.3434511282015592,0.39943064100225456,3858.835346748844,216572.3607139002,4.642009295988828,0.9284018591977656,0.0,298.5
99763397547193254507486301054948581651_eps4_s0,BPI2013_Closed,0.5,21.0,,,2.0,17.4,0.6489854603634756,0.4030688402767388,0.7024923306645495,0.0012794238615873223,0.06527496699709445,,0.6177805342013016,0.07831583959632553,0.6096336367947515,0.6164895101916045,2169.030423805107,0.6856922613980714,0.3841914497956168,0.6252405766048469,0.6850578658049926,2115.8807747909877,216453.69819413818,8.692711033014348,1.7385422066028695,0.0,8856.7
154287530791976545750764743660029033168_eps0_s0,BPI2013_Closed,1.0,3.0,,,1.0,34.8,0.6243848276256886,0.38921867269028454,0.6624737871669,0.1031530404142752,0.07429224002407864,,0.37429007660248315,0.07490807360154576,0.3663705774000846,0.3731635893986095,3613.5018999468507,0.42908224060665817,0.36929578859708273,0.3748032308008987,0.4282939487951808,3534.6893407660514,216840.0098789318,4.582161383994389,0.9164322767988778,0.0,187.6
225016248606758851465468524267212558832_eps0_s0,BPI2013_Closed,1.0,3.0,,,1.0,34.8,0.6840546170010782,0.4195642792570512,0.7325096009704797,0.00043613503516427247,0.07259238002006896,,0.553100749006262,0.08622080120258033,0.5446174992015586,0.5517558567982632,2427.747770037751,0.6751470183953643,0.376834380015498,0.6196569859981537,0.6745434296084568,2137.743280003686,216623.74384420482,8.650842004019069,1.7301684008038136,0.0,17527.4
294849114210298322871130218010982039345_eps0_s0,BPI2013_Closed,1.0,3.0,,,1.0,34.8,0.6805014287311064,0.4175950972345011,0.7277335741214536,0.006722831298825308,0.07587505399715155,,0.3765317902027164,0.07754366439767182,0.3687514662044123,0.37537607579724863,3598.55375409767,0.416145548800705,0.38025061719235964,0.36264222880126906,0.415642583387671,3666.569615355601,216781.6910405106,4.507118119014194,0.9014236238028388,0.0,789.6
335253511763257888361645826025058699918_eps0_s0,BPI2013_Closed,1.0,3.0,,,1.0,34.8,0.6840546170010782,0.4195642792570512,0.7325096009704797,0.00043613503516427247,0.06255400198278949,,0.5328512404055801,0.0787064217904117,0.5252797880093567,0.5318302273983135,2519.290227523522,0.6470480893913191,0.37008191940840335,0.5891641373978928,0.6462627106055152,2252.5505519447743,216712.79112494038,7.763206436007749,1.5526412872015498,0.0,17527.4
154287530791976545750764743660029033168_eps1_s0,BPI2013_Closed,1.0,7.0,,,1.0,34.8,0.6243848276256886,0.38921867269028454,0.6624737871669,0.1031530404142752,0.07429224002407864,,0.3642513541970402,0.0771833812003024,0.3561741699988488,0.36292162400204686,3717.558892761493,0.41649186979047953,0.37129066560301,0.35964902899577283,0.41603816259885207,3696.740740146853,216847.25418485343,4.582161383994389,0.9164322767988778,0.0,187.6
225016248606758851465468524267212558832_eps1_s0,BPI2013_Closed,1.0,7.0,,,1.0,34.8,0.3019402512803303,0.2240974593520253,0.5658454734686866,0.00043613503516427247,0.07259238002006896,,0.5224990220041945,0.0797308939974755,0.514370159804821,0.5213534324080683,2573.9961478996347,0.5820557201921475,0.3603391764103435,0.5266333747946191,0.5814142176008318,2510.9100007851025,216632.84884010704,8.650842004019069,1.7301684008038136,0.0,17527.4
294849114210298322871130218010982039345_eps1_s0,BPI2013_Closed,1.0,7.0,,,1.0,34.8,0.49388572567655115,0.34472664116720453,0.699600077549179,0.006722831298825308,0.07587505399715155,,0.3540641348052304,0.08734179820166901,0.3464478959911503,0.353022215195233,3830.5565594507316,0.39954124060459434,0.35602374419686383,0.3457759693963453,0.39884975939639844,3824.049792505467,216788.83557166922,4.507118119014194,0.9014236238028388,0.0,789.6
335253511763257888361645826025058699918_eps1_s0,BPI2013_Closed,1.0,7.0,,,1.0,34.8,0.3019402512803303,0.2240974593520253,0.5658454734686866,0.00043613503516427247,0.06255400198278949,,0.5513772165984847,0.07570961019373498,0.5438999904028605,0.5502743318094871,2433.7426268683835,0.5821252994006499,0.379280185198877,0.5276923144003376,0.5815262828022242,2505.83327778291,216721.9113261906,7.763206436007749,1.5526412872015498,0.0,17527.4
154287530791976545750764743660029033168_eps2_s0,BPI2013_Closed,1.0,11.0,,,1.0,34.8,0.6243848276256886,0.38921867269028454,0.6624737871669,0.1031530404142752,0.07429224002407864,,0.3562707925972063,0.0891650842037052,0.3495475061994512,0.35507254279800693,3792.736515533842,0.4017319702077657,0.3647573347960133,0.34538724360172635,0.4011384234006982,3858.632317041441,216854.475368409,4.582161383994389,0.9164322767988778,0.0,187.6
225016248606758851465468524267212558832_eps2_s0,BPI2013_Closed,1.0,11.0,,,1.0,34.8,0.60799969712729,0.37537376303258774,0.6546497408714478,0.00043613503516427247,0.07259238002006896,,0.5528939757903573,0.07965109981014393,0.5447432416025549,0.5516745242057368,2425.828765799979,0.5951505601988174,0.38036471559898927,0.539904398395447,0.5947454860026482,2449.513254274615,216641.9686879906,8.650842004019069,1.7301684008038136,0.0,17527.4
294849114210298322871130218010982039345_eps2_s0,BPI2013_Closed,1.0,11.0,,,1.0,34.8,0.6738566417999876,0.4103253156714353,0.7176591447377632,0.006722831298825308,0.07587505399715155,,0.37046103440225125,0.08863787720329128,0.36238270640023984,0.36916640459676275,3653.358976917459,0.41447099939105103,0.3558196434052661,0.35885403779684566,0.41381054819212293,3697.242462246224,216796.09278064562,4.507118119014194,0.9014236238028388,0.0,789.6
335253511763257888361645826025058699918_eps2_s0,BPI2013_Closed,1.0,11.0,,,1.0,34.8,0.60799969712729,0.37537376303258774,0.6546497408714478,0.00043613503516427247,0.06255400198278949,,0.5531973306031432,0.07661383820232004,0.5458780759945512,0.5520609277999029,2425.6965139898125,0.6258745458035264,0.3842950602003839,0.5717332400090527,0.6253888139966876,2315.461784800392,216731.0683079238,7.763206436007749,1.5526412872015498,0.0,17527.4
154287530791976545750764743660029033168_eps3_s0,BPI2013_Closed,1.0,15.0,,,1.0,34.8,0.6243848276256886,0.38921867269028454,0.6624737871669,0.1031530404142752,0.07429224002407864,,0.37181369999889285,0.08219029639731161,0.3648584655951709,0.3707200282020494,3665.153783636859,0.4208157679939177,0.3724997598095797,0.36523807819467036,0.42027038480737244,3651.04699968526,216861.76458688622,4.582161383994389,0.9164322767988778,0.0,187.6
225016248606758851465468524267212558832_eps3_s0,BPI2013_Closed,1.0,15.0,,,1.0,34.8,0.6462600837418457,0.40240958861947823,0.7006924747889579,0.00043613503516427247,0.07259238002006896,,0.5837841830041726,0.08298579339170828,0.5750702632067259,0.5825329232087825,2299.1891073592324,0.6026374910084996,0.3732040630071424,0.5486236758122687,0.6021105025953147,2408.6173491277914,216651.3672038982,8.650842004019069,1.7301684008038136,0.0,17527.4
294849114210298322871130218010982039345_eps3_s0,BPI2013_Closed,1.0,15.0,,,1.0,34.8,0.6740116805596775,0.4103321044352769,0.718114786425963,0.006722831298825308,0.07587505399715155,,0.3790474658017047,0.07540935300057754,0.3709927247953601,0.37775131579255683,3582.95775813609,0.40862019500345925,0.3568153488042299,0.35319815000402743,0.40799282780499196,3741.047279983896,216803.2869354106,4.507118119014194,0.9014236238028388,0.0,789.6
335253511763257888361645826025058699918_eps3_s0,BPI2013_Closed,1.0,15.0,,,1.0,34.8,0.6462600837418457,0.40240958861947823,0.7006924747889579,0.00043613503516427247,0.06255400198278949,,0.6006288017961197,0.07854399580392055,0.592635646398412,0.5993079571984709,2229.452561530957,0.6066287766094319,0.3810551289934665,0.5512452983995899,0.6061093852040358,2399.200231481036,216740.46364385122,7.763206436007749,1.5526412872015498,0.0,17527.4
154287530791976545750764743660029033168_eps4_s0,BPI2013_Closed,1.0,21.0,,,1.0,34.8,0.6243848276256886,0.38921867269028454,0.6624737871669,0.1031530404142752,0.07429224002407864,,0.3677031483966857,0.07804292400251142,0.35963900279602967,0.3664314971945714,3683.6008794611284,0.40570068460074254,0.3655792684003245,0.34814357119612394,0.4049347094027326,3824.758342124368,216869.01884921762,4.582161383994389,0.9164322767988778,0.0,187.6
225016248606758851465468524267212558832_eps4_s0,BPI2013_Closed,1.0,21.0,,,1.0,34.8,0.6490677945821056,0.4051918213493658,0.7027093333809391,0.00043613503516427247,0.07259238002006896,,0.6067505420011002,0.07028584660147316,0.5985149810032453,0.6053676558018196,2206.865176623795,0.6583040450001135,0.3690901856054552,0.6016431240015663,0.657718986395048,2199.289072478059,216660.8488400414,8.650842004019069,1.7301684008038136,0.0,17527.4
294849114210298322871130218010982039345_eps4_s0,BPI2013_Closed,1.0,21.0,,,1.0,34.8,0.6740116805596775,0.4103321044352769,0.718114786425963,0.006722831298825308,0.07587505399715155,,0.3693144451943226,0.07817148101166822,0.36145258499891497,0.368061497004237,3660.541089860339,0.4077817081939429,0.342905146809062,0.3485190396022517,0.4070475682092365,3790.9204082017254,216810.4244643684,4.507118119014194,0.9014236238028388,0.0,789.6
335253511763257888361645826025058699918_eps4_s0,BPI2013_Closed,1.0,21.0,,,1.0,34.8,0.6490677945821056,0.4051918213493658,0.7027093333809391,0.00043613503516427247,0.06255400198278949,,0.6329953957989346,0.0835404888028279,0.6254704497987404,0.6317534959991462,2117.058981129191,0.6952847210050095,0.37508716500015,0.636694701196393,0.6945343889994546,2078.6837165080656,216750.13812576918,7.763206436007749,1.5526412872015498,0.0,17527.4
200934189435493509245876840523779924304_eps0_s0,BPI2013_Incidents,0.0,3.0,,,110.0,1.0,0.6495604896179268,0.30080122770623124,0.3736999160327638,0.0949749715846665,0.4276826510031242,,0.9264570467988961,0.09215820959652773,0.9018377793952823,0.9255422912014183,13012.005569229204,2.803917142201681,1.221901820396306,1.7795435842010192,2.80340233760071,6660.812191008142,219109.2182752578,31.135046670009615,6.227009334001923,0.0,128.00295523685355
252036172554514852379917073716435574953_eps0_s0,BPI2013_Incidents,0.0,3.0,,,110.0,1.0,0.6897855963770266,0.32649594631901924,0.4196513377867578,0.01972502915717267,0.4281923270027619,,1.600189782603411,0.08788233479717747,1.5763840636005626,1.5995014091953634,7460.997748198881,7.567393356596585,1.437069305201294,6.550906363804825,7.566859990009107,1789.9601590217674,218786.706644439,38.32813177499338,7.665626354998676,0.0,706.8669274228596
252336560693540533935881068298825202077_eps0_s0,BPI2013_Incidents,0.0,3.0,,,110.0,1.0,0.6932152777899885,0.33015589294622083,0.42516931232362704,0.011320814304488535,0.42359590297564864,,5.962415920599597,0.09774785119807347,5.937612802599324,5.961768936604495,1974.1898699780206,26.997374530206436,1.6119623912032695,25.994441545795418,26.996798226196553,451.1156808259222,217275.7843446374,54.818962913006544,10.96379258260131,0.0,1739.1667101260323
47482295457342411543800303662309855831_eps0_s0,BPI2013_Incidents,0.0,3.0,,,110.0,1.0,0.6932152777899885,0.33015589294622083,0.42516931232362704,0.011320814304488535,0.42298316399683245,,6.050683113798732,0.08530352860107086,6.02724714059732,6.050060883199331,1946.795397057532,27.517395416408544,1.7230187242035755,26.500208914210088,27.51691702000098,442.57200240989766,218111.681191759,57.17551468900638,11.435102937801275,0.0,1739.1667101260323
200934189435493509245876840523779924304_eps1_s0,BPI2013_Incidents,0.0,7.0,,,110.0,1.0,0.5522803106529118,0.3505880471770672,0.4624138990966375,0.0949749715846665,0.4276826510031242,,0.9548621321970131,0.08317478200769983,0.9311394250020385,0.9542160902055912,12603.710643718336,2.6582004710100593,1.021486909792293,1.1371142494026572,2.6575621521973516,10319.930894043126,219133.2289643088,31.135046670009615,6.227009334001923,0.0,128.00295523685355
252036172554514852379917073716435574953_eps1_s0,BPI2013_Incidents,0.0,7.0,,,110.0,1.0,0.5933635609441994,0.36419771584707555,0.5319952860719341,0.01972502915717267,0.4281923270027619,,1.5587158233916854,0.08280672180117107,1.53424384460086,1.5579817743971944,7645.278698484559,2.637213004397927,1.1554427616007161,1.672299304389162,2.6366956899990326,7020.9778151674855,218825.4666184302,38.32813177499338,7.665626354998676,0.0,706.8669274228596
252336560693540533935881068298825202077_eps1_s0,BPI2013_Incidents,0.0,7.0,,,110.0,1.0,0.30890700919657776,0.2729083909813402,0.4393772558922415,0.011320814304488535,0.42359590297564864,,6.0402685332053805,0.08338582519209012,6.01579161080299,6.0395868242078,1949.2849962298314,7.245054078602697,1.3812197887978983,6.29475878320518,7.2445832244004125,1862.6146798316229,217390.5182171972,54.818962913006544,10.96379258260131,0.0,1739.1667101260323
47482295457342411543800303662309855831_eps1_s0,BPI2013_Incidents,0.0,7.0,,,110.0,1.0,0.30890700919657776,0.2729083909813402,0.4393772558922415,0.011320814304488535,0.42298316399683245,,6.084713942196686,0.08607915199827403,6.060395448998316,6.084105376392836,1934.559096294046,7.333509681199212,1.4408946114068386,6.3618510529981,7.333044612192316,1843.3379813766144,218228.4881461278,57.17551468900638,11.435102937801275,0.0,1739.1667101260323
200934189435493509245876840523779924304_eps2_s0,BPI2013_Incidents,0.0,11.0,,,110.0,1.0,0.6308457465600733,0.35692836094595276,0.5050959994901172,0.0949749715846665,0.4276826510031242,,0.928039486205671,0.09913065779837779,0.9032848578004632,0.9270763857988641,12983.529188011682,1.9005769842071458,1.065476358192973,0.9417600443994161,1.9000046288070735,12455.975668773013,219156.779442533,31.135046670009615,6.227009334001923,0.0,128.00295523685355
252036172554514852379917073716435574953_eps2_s0,BPI2013_Incidents,0.0,11.0,,,110.0,1.0,0.6382389556361453,0.37744189698819186,0.5594220838309212,0.01972502915717267,0.4281923270027619,,1.6567758280027192,0.08904090479481966,1.6326592046010773,1.656096642598277,7187.20680835269,2.5911210864025636,1.1867645230027848,1.6205110015987885,2.590561209799489,7241.2705275882645,218854.1122336844,38.32813177499338,7.665626354998676,0.0,706.8669274228596
252336560693540533935881068298825202077_eps2_s0,BPI2013_Incidents,0.0,11.0,,,110.0,1.0,0.6013067713647523,0.3491219715857377,0.5275786518015056,0.011320814304488535,0.42359590297564864,,6.319360708608292,0.1115469974000007,6.29471179000102,6.3186693613999525,1863.2564416179878,7.321436619397718,1.3971867404005025,6.3681294905894905,7.320889054605504,1841.965321703061,217466.4513357648,54.818962913006544,10.96379258260131,0.0,1739.1667101260323
47482295457342411543800303662309855831_eps2_s0,BPI2013_Incidents,0.0,11.0,,,110.0,1.0,0.6013067713647523,0.3491219715857377,0.5275786518015056,0.011320814304488535,0.42298316399683245,,6.460014859004877,0.08850851320312358,6.434986180998385,6.459319896402303,1821.526744196445,7.463283734006109,1.4784648649976588,6.499174777203007,7.462717432004865,1803.7327251115446,218305.8918357704,57.17551468900638,11.435102937801275,0.0,1739.1667101260323
200934189435493509245876840523779924304_eps3_s0,BPI2013_Incidents,0.0,15.0,,,110.0,1.0,0.6255297644848811,0.356285440234528,0.5080150561950607,0.0949749715846665,0.4276826510031242,,0.954414110200014,0.08216108200140297,0.9285995964019094,0.9535833114059642,12642.83593994263,1.8922352969937493,1.0056086052092723,0.9191665355931036,1.8917102114006412,12769.314365279952,219177.7798540236,31.135046670009615,6.227009334001923,0.0,128.00295523685355
252036172554514852379917073716435574953_eps3_s0,BPI2013_Incidents,0.0,15.0,,,110.0,1.0,0.6420314318958341,0.3797072418434492,0.5630380796309161,0.01972502915717267,0.4281923270027619,,1.697807058203034,0.08987490819999948,1.6737344618013594,1.6969826264015864,7010.699530744799,2.6698121191991957,1.1515125889971387,1.6886255099903793,2.669224285805831,6945.775727037969,218883.128035915,38.32813177499338,7.665626354998676,0.0,706.8669274228596
252336560693540533935881068298825202077_eps3_s0,BPI2013_Incidents,0.0,15.0,,,110.0,1.0,0.6336090707669948,0.3770680342360858,0.5563569528462007,0.011320814304488535,0.42359590297564864,,7.703762394597288,0.08373891440569423,7.679036605800502,7.702951890201075,1526.8621869025396,8.620445083006052,1.360914776811842,7.659027692605742,8.619784261996392,1530.9285460494325,217551.2451748632,54.818962913006544,10.96379258260131,0.0,1739.1667101260323
47482295457342411543800303662309855831_eps3_s0,BPI2013_Incidents,0.0,15.0,,,110.0,1.0,0.6336090707669948,0.3770680342360858,0.5563569528462007,0.011320814304488535,0.42298316399683245,,7.8198793313989885,0.0837448590027634,7.795439008012181,7.819138193805702,1504.0472842742108,8.739714685594663,1.4334328676050063,7.779722069599666,8.739205818600022,1506.9182528518959,218392.2638541848,57.17551468900638,11.435102937801275,0.0,1739.1667101260323
200934189435493509245876840523779924304_eps4_s0,BPI2013_Incidents,0.0,21.0,,,110.0,1.0,0.6255318331458619,0.3562717475744447,0.5076937528043044,0.0949749715846665,0.4276826510031242,,0.9553409833984915,0.0811326447990723,0.9280342044017743,0.954387770802714,12633.715346955038,1.9152479296026286,1.0076627626083792,0.9218964517989662,1.9147255415969995,12719.418698082189,219198.63320874382,31.135046670009615,6.227009334001923,0.0,128.00295523685355
252036172554514852379917073716435574953_eps4_s0,BPI2013_Incidents,0.0,21.0,,,110.0,1.0,0.6428802861840641,0.38019379599319497,0.5640576820596703,0.01972502915717267,0.4281923270027619,,1.7077398624038325,0.08920329178799875,1.6835618315963075,1.7069594300061,6962.76646361988,3.3561646098038183,1.1202424173941836,1.703785574407084,3.3556616930058225,6882.892274187306,218915.01875164796,38.32813177499338,7.665626354998676,0.0,706.8669274228596
252336560693540533935881068298825202077_eps4_s0,BPI2013_Incidents,0.0,21.0,,,110.0,1.0,0.6371757856071907,0.3800339569980963,0.5612755572405659,0.011320814304488535,0.42359590297564864,,12.333267427404644,0.0856419343908783,12.308576893393184,12.332471792795696,952.7008760435405,14.291048029804369,1.3437735395913477,12.39482613640721,14.290462892595679,946.2313080639769,217673.7061391172,54.818962913006544,10.96379258260131,0.0,1739.1667101260323
47482295457342411543800303662309855831_eps4_s0,BPI2013_Incidents,0.0,21.0,,,110.0,1.0,0.6371757856071907,0.3800339569980963,0.5612755572405659,0.011320814304488535,0.42298316399683245,,12.555141631007427,0.08161585879861377,12.529813142196508,12.55428445720463,936.0311974691738,13.433014201594052,1.3900536939967423,12.451778724999167,13.43250555539853,941.7843608256671,218511.7321205708,57.17551468900638,11.435102937801275,0.0,1739.1667101260323
142755197448285586864950898907211027337_eps0_s0,BPI2013_Incidents,0.025,3.0,,,39.8,2.8,0.6482356683671966,0.30176878280457997,0.2905931593632499,0.10183981101621604,0.44392678001895547,,0.8396020985965151,0.09795429419609718,0.8145336262008641,0.8385550409962889,14405.097760395322,3.021850764006376,1.2543978822010105,2.0324261155968997,3.02136979100178,5768.85578501301,221680.69116663822,32.000800999987405,6.400160199997481,0.0,136.00551282051282
204856358341536816138399558242345199755_eps0_s0,BPI2013_Incidents,0.025,3.0,,,39.8,2.8,0.6997221302526625,0.33087567741961305,0.3385041110405544,0.005684246873398456,0.4365290720015764,,6.1039961871982085,0.0769090716028586,6.080049230594886,6.103371700405842,1929.9428058561402,33.45490783500136,1.6197613755997735,32.45684656081139,33.45441190740094,361.90318105560516,220705.7229805346,82.32667798001785,16.46533559600357,0.0,4369.902179487179
243648848362029147724904434567477923763_eps0_s0,BPI2013_Incidents,0.025,3.0,,,39.8,2.8,0.693239322774362,0.32594153996680375,0.33091354738430584,0.018118095070763385,5.101016743021319,,1.1484247746004257,0.09059053339879028,1.1244330273941159,1.1477340239973273,10478.56253113588,7.616623053600779,1.2945426425954794,6.629574917402351,7.616075452201767,1772.3197598546753,221390.2579267988,34.123390202003065,6.824678040400613,0.0,907.6658974358974
31882839497307630496007576300860674457_eps0_s0,BPI2013_Incidents,0.025,3.0,,,39.8,2.8,0.6997221302526625,0.33087567741961305,0.3385041110405544,0.005684246873398456,0.4200746930146124,,6.134736093005631,0.09117681519710459,6.110623544402188,6.133894090604736,1919.6279364785357,33.91782723779325,1.6363227664027362,32.91867632981157,33.91726639759145,356.9168122550509,219716.440197331,82.59775178902782,16.519550357805564,0.0,4369.902179487179
142755197448285586864950898907211027337_eps1_s0,BPI2013_Incidents,0.025,7.0,,,39.8,2.8,0.6300364850763229,0.3528875613863852,0.43966527673058364,0.10183981101621604,0.44392678001895547,,0.8728880129929166,0.0922230656084139,0.8484795117925387,0.8721240564016626,13836.057910997624,1.9049343544000295,1.1528423670039047,0.945051532407524,1.9044545581913552,12412.692974881395,221704.11905222278,32.000800999987405,6.400160199997481,0.0,136.00551282051282
204856358341536816138399558242345199755_eps1_s0,BPI2013_Incidents,0.025,7.0,,,39.8,2.8,0.25782638895712706,0.2260865833586946,0.38239281058557234,0.005684246873398456,0.4365290720015764,,6.296093783795368,0.0958197925996501,6.272327711200342,6.295435062603792,1868.9091815802378,7.737860896810889,1.4832730967900716,6.774473198800115,7.737179511599242,1731.6440564098461,220836.96833101698,82.32667798001785,16.46533559600357,0.0,4369.902179487179
243648848362029147724904434567477923763_eps1_s0,BPI2013_Incidents,0.025,7.0,,,39.8,2.8,0.5879459960721676,0.349188077778478,0.5358948046791763,0.018118095070763385,5.101016743021319,,1.1580350845993963,0.08158715000026859,1.1339752886036876,1.15734135620296,10394.807645435665,2.216291213594377,1.068773891805904,1.2643063834053465,2.2157152761996257,9300.98500291368,221424.8700293038,34.123390202003065,6.824678040400613,0.0,907.6658974358974
31882839497307630496007576300860674457_eps1_s0,BPI2013_Incidents,0.025,7.0,,,39.8,2.8,0.25782638895712706,0.2260865833586946,0.38239281058557234,0.005684246873398456,0.4200746930146124,,6.198227512201993,0.07803631659480743,6.174258632998681,6.197499013604829,1899.1294263973487,7.749914792197524,1.4794064435991459,6.771105085394811,7.7493843606032895,1731.550311849848,219849.0251953798,82.59775178902782,16.519550357805564,0.0,4369.902179487179
142755197448285586864950898907211027337_eps2_s0,BPI2013_Incidents,0.025,11.0,,,39.8,2.8,0.6235661378824103,0.35167612116250496,0.46259886562947916,0.10183981101621604,0.44392678001895547,,0.85357874679612,0.09327175880316645,0.8294859084009658,0.852881147392327,14159.49686392386,1.8208133460022509,1.1306363587966188,0.8554553331981879,1.8202813149953727,13712.599840468949,221725.0566603394,32.000800999987405,6.400160199997481,0.0,136.00551282051282
204856358341536816138399558242345199755_eps2_s0,BPI2013_Incidents,0.025,11.0,,,39.8,2.8,0.583067846844646,0.3336465143900906,0.5051630980838289,0.005684246873398456,0.4365290720015764,,6.688516637595603,0.08183582060737535,6.665030242799548,6.6877237164007965,1759.2720351815703,7.704499005206162,1.415355703997193,6.746172765601659,7.703938882803778,1737.6721682794134,220917.1659838548,82.32667798001785,16.46533559600357,0.0,4369.902179487179
243648848362029147724904434567477923763_eps2_s0,BPI2013_Incidents,0.025,11.0,,,39.8,2.8,0.6377785811037454,0.37686503091895973,0.5617090655279173,0.018118095070763385,5.101016743021319,,1.1716315377969295,0.09120793720358052,1.1475451380014419,1.170952990197111,10246.509631612687,2.152898404194275,1.0314566617948002,1.1852104936086107,2.152460370393237,9942.774404899372,221448.4032349424,34.123390202003065,6.824678040400613,0.0,907.6658974358974
31882839497307630496007576300860674457_eps2_s0,BPI2013_Incidents,0.025,11.0,,,39.8,2.8,0.583067846844646,0.3336465143900906,0.5051630980838289,0.005684246873398456,0.4200746930146124,,6.627825111791026,0.08447373160743155,6.603897589002736,6.626954088406637,1775.9771714640287,7.704861964797601,1.4589370333997067,6.746471116604516,7.704364763596095,1737.5822836469517,219928.5727551536,82.59775178902782,16.519550357805564,0.0,4369.902179487179
142755197448285586864950898907211027337_eps3_s0,BPI2013_Incidents,0.025,15.0,,,39.8,2.8,0.6235322364454856,0.3516496018167845,0.47431351126328636,0.10183981101621604,0.44392678001895547,,0.86504316139617,0.08728633380960674,0.8415874678001274,0.8643442267959471,13932.241253122042,1.8127199911978096,1.107071205606917,0.8536798764020205,1.8121341373887845,13756.76752375656,221745.45335899698,32.000800999987405,6.400160199997481,0.0,136.00551282051282
204856358341536816138399558242345199755_eps3_s0,BPI2013_Incidents,0.025,15.0,,,39.8,2.8,0.6179781260362197,0.3626751465900848,0.5400745550821757,0.005684246873398456,0.4365290720015764,,7.999302333197557,0.0810206170019228,7.975729914201656,7.998629299807362,1469.8948439899445,8.948847452795599,1.4242372290056664,7.988278628193075,8.948313649598276,1467.874802136172,221005.67175801558,82.32667798001785,16.46533559600357,0.0,4369.902179487179
243648848362029147724904434567477923763_eps3_s0,BPI2013_Incidents,0.025,15.0,,,39.8,2.8,0.6422344852405004,0.3788944637085496,0.5656771400366607,0.018118095070763385,5.101016743021319,,1.197413556597894,0.08871445240802131,1.1735598505998497,1.1966263870010152,10038.491933673848,2.1345151840068866,1.0307969637971837,1.1701808202022221,2.133821437798906,10037.754746130426,221471.7820243034,34.123390202003065,6.824678040400613,0.0,907.6658974358974
31882839497307630496007576300860674457_eps3_s0,BPI2013_Incidents,0.025,15.0,,,39.8,2.8,0.6179781260362197,0.3626751465900848,0.5400745550821757,0.005684246873398456,0.4200746930146124,,7.9727245082031,0.09197540059685708,7.947066985606216,7.971861076599453,1475.8172113288158,8.91358503360534,1.456712227402022,7.958041742595379,8.91297520560911,1473.441323178125,220016.83155352762,82.59775178902782,16.519550357805564,0.0,4369.902179487179
142755197448285586864950898907211027337_eps4_s0,BPI2013_Incidents,0.025,21.0,,,39.8,2.8,0.6234813837571962,0.3516048631435195,0.47106636287628173,0.10183981101621604,0.44392678001895547,,0.8878267631982453,0.09319064580486155,0.864113338792231,0.8870913106016814,13586.973081951443,1.829147583793383,1.1022279424068984,0.8518404569942504,1.8285713911987842,13784.785891662144,221766.0650234088,32.000800999987405,6.400160199997481,0.0,136.00551282051282
204856358341536816138399558242345199755_eps4_s0,BPI2013_Incidents,0.025,21.0,,,39.8,2.8,0.6360782482793292,0.37771439962686904,0.5592656375644718,0.005684246873398456,0.4365290720015764,,12.892995459598023,0.08466733419918455,12.868732263793936,12.892296866804827,911.6597274173897,13.837280718394322,1.416181297803996,12.88899385620025,13.836762314802035,909.9808186340751,221128.48598019237,82.32667798001785,16.46533559600357,0.0,4369.902179487179
243648848362029147724904434567477923763_eps4_s0,BPI2013_Incidents,0.025,21.0,,,39.8,2.8,0.6422969672107243,0.3791163951387247,0.5659722250361081,0.018118095070763385,5.101016743021319,,1.1805336182005703,0.09972649160772562,1.155817902390845,1.1796944503905251,10172.070128146614,2.1566349483968223,1.0380029644002207,1.1861010317981708,2.155708993598819,9908.242905373778,221495.114033663,34.123390202003065,6.824678040400613,0.0,907.6658974358974
31882839497307630496007576300860674457_eps4_s0,BPI2013_Incidents,0.025,21.0,,,39.8,2.8,0.6360782482793292,0.37771439962686904,0.5592656375644718,0.005684246873398456,0.4200746930146124,,12.857097160193371,0.0941817376005929,12.83319336679997,12.856426955602364,914.0565127124104,13.835153459000868,1.3266889368067496,12.878664628003026,13.834560885408427,910.4526318595587,220139.14183643,82.59775178902782,16.519550357805564,0.0,4369.902179487179
143808228238095277664544419614730890173_eps0_s0,BPI2013_Incidents,0.1,3.0,,,10.0,11.2,0.6902620290971914,0.32448350868429127,0.31918253102970706,0.024023462024897115,0.4502685870102141,,0.8934491802065168,0.08635320679750294,0.8696626262040809,0.892825785803143,13489.388142502235,8.13696633578511,1.5493168214103208,7.085954376403242,8.13638123019482,1656.19948865234,225174.77728488902,39.068413800996495,7.813682760199299,0.0,1083.34
258208765752992901959170973957564585355_eps0_s0,BPI2013_Incidents,0.1,3.0,,,10.0,11.2,0.7019405552445482,0.3319471326385621,0.333087828892008,0.002118672270523039,0.46662177398684435,,6.480302975996165,0.09078559399931692,6.454990803799592,6.4796747516025786,1817.2018551554052,46.17742723079864,1.8245245175960008,45.110984784795434,46.17667496560025,260.35590519784057,224426.95116540283,200.45774214999983,40.09154842999997,0.0,15946.24
73267476325277510937415020325069564022_eps0_s0,BPI2013_Incidents,0.1,3.0,,,10.0,11.2,0.6362879466047955,0.29247828675436516,0.2646083704522626,0.1299577439945605,3.243996139994124,,0.8945346981927287,0.08200942080002278,0.8703959138016216,0.8938978956022765,13470.693172511901,3.1357390099961777,1.5797802372020668,2.0877134391921572,3.1350112855958288,5702.339513207243,225490.30004232758,40.01972141198348,8.003944282396697,0.0,164.44
94663391914329153046920958885615291360_eps0_s0,BPI2013_Incidents,0.1,3.0,,,10.0,11.2,0.7019405552445482,0.3319471326385621,0.333087828892008,0.002118672270523039,0.420414919994073,,6.4202304967970125,0.09287373819970526,6.395270052010892,6.419164471008116,1833.66307849325,46.76399069059407,1.8772635146044194,45.700242563994834,46.76344316719915,256.96325138974095,222836.88133496,198.03047195801628,39.60609439160326,0.0,15946.24
143808228238095277664544419614730890173_eps1_s0,BPI2013_Incidents,0.1,7.0,,,10.0,11.2,0.5525287826688519,0.3603835188114869,0.5355409176611932,0.024023462024897115,0.4502685870102141,,0.9094295192044228,0.08714601440005935,0.8848260723927523,0.908607277192641,13279.681942680589,1.942356970597757,1.0172999439993873,0.9900128666078671,1.94184647158836,11920.46812953442,225209.2381266654,39.068413800996495,7.813682760199299,0.0,1083.34
258208765752992901959170973957564585355_eps1_s0,BPI2013_Incidents,0.1,7.0,,,10.0,11.2,0.20548539079191186,0.19699084729599514,0.35586682427389116,0.002118672270523039,0.46662177398684435,,6.4828277655993585,0.08369205820490606,6.457691261998844,6.4821638007997535,1815.4848509329781,8.130960502807284,1.5330304191971664,7.149989863595692,8.13037554959883,1641.1264019564846,224587.3191793104,200.45774214999983,40.09154842999997,0.0,15946.24
73267476325277510937415020325069564022_eps1_s0,BPI2013_Incidents,0.1,7.0,,,10.0,11.2,0.6349229206310353,0.288693687241374,0.2969598480938248,0.1299577439945605,3.243996139994124,,0.8930242667964194,0.07510281599825248,0.8665120680001565,0.8920816499972716,13526.914960201819,2.2116496862086934,1.4922724123985973,1.1821904584008736,2.2111563932034186,10028.899543907542,225516.4860758318,40.01972141198348,8.003944282396697,0.0,164.44
94663391914329153046920958885615291360_eps1_s0,BPI2013_Incidents,0.1,7.0,,,10.0,11.2,0.20548539079191186,0.19699084729599514,0.35586682427389116,0.002118672270523039,0.420414919994073,,6.510661652602721,0.09511099220253527,6.48510319001507,6.509739256405737,1807.5565113293753,8.155774729599944,1.4266829280008095,7.189739375998033,8.155265940196113,1630.8031007190446,222998.60988337058,198.03047195801628,39.60609439160326,0.0,15946.24
143808228238095277664544419614730890173_eps2_s0,BPI2013_Incidents,0.1,11.0,,,10.0,11.2,0.642883528626492,0.37143885543718635,0.5544253142468707,0.024023462024897115,0.4502685870102141,,0.9240789157978725,0.08074942279490642,0.9002132207970135,0.9233363047998864,13060.476744198826,1.8609768392052501,0.9954378521884791,0.9023260040034075,1.8603592058061622,13002.540980432235,225229.780736297,39.068413800996495,7.813682760199299,0.0,1083.34
258208765752992901959170973957564585355_eps2_s0,BPI2013_Incidents,0.1,11.0,,,10.0,11.2,0.5547426985698564,0.3090804253876121,0.4796910004690065,0.002118672270523039,0.46662177398684435,,6.809740564791719,0.09292564580100589,6.785170380200725,6.8089574415993415,1729.1732983571812,8.014487947995075,1.40609987040516,7.040304580406518,8.013942346395925,1665.9157555568552,224670.18465783662,200.45774214999983,40.09154842999997,0.0,15946.24
73267476325277510937415020325069564022_eps2_s0,BPI2013_Incidents,0.1,11.0,,,10.0,11.2,0.6242661845702431,0.3446675102730355,0.3153181954704401,0.1299577439945605,3.243996139994124,,0.8733164247998502,0.08144382640020922,0.8489339613937773,0.8725181852001697,13852.470326376046,2.1226218535972294,1.4536610316077714,1.075651520001702,2.1220338695915415,10937.712903671805,225541.00997084222,40.01972141198348,8.003944282396697,0.0,164.44
94663391914329153046920958885615291360_eps2_s0,BPI2013_Incidents,0.1,11.0,,,10.0,11.2,0.5547426985698564,0.3090804253876121,0.4796910004690065,0.002118672270523039,0.420414919994073,,6.973410761798732,0.09901454159989953,6.948690580797847,6.972628214990254,1687.4293855459364,8.058740854391363,1.5215101818088441,7.105379280995112,8.058189193008001,1649.6577255617515,223082.29504892518,198.03047195801628,39.60609439160326,0.0,15946.24
143808228238095277664544419614730890173_eps3_s0,BPI2013_Incidents,0.1,15.0,,,10.0,11.2,0.6461527894528452,0.3746081208577987,0.5543674473056649,0.024023462024897115,0.4502685870102141,,0.9171672094031237,0.08859289499232545,0.8935832343995571,0.9164932787884027,13134.149081596308,1.9050374052021652,1.0225170844001696,0.9401147546072025,1.9045165451942012,12493.149779897361,225250.3155102238,39.068413800996495,7.813682760199299,0.0,1083.34
258208765752992901959170973957564585355_eps3_s0,BPI2013_Incidents,0.1,15.0,,,10.0,11.2,0.6042406944938287,0.35336277491689405,0.5273886676561046,0.002118672270523039,0.46662177398684435,,8.336820042383625,0.08654725201195106,8.312656033207896,8.336006860405906,1411.177202967187,9.34402453060029,1.4493754296039696,8.38416297879885,9.343512963800459,1398.6475357098875,224761.73366679158,200.45774214999983,40.09154842999997,0.0,15946.24
73267476325277510937415020325069564022_eps3_s0,BPI2013_Incidents,0.1,15.0,,,10.0,11.2,0.6242661845702431,0.3446675102730355,0.38709172577080075,0.1299577439945605,3.243996139994124,,0.8980959489941597,0.08035447360016405,0.8727029100002255,0.8973990512022283,13454.421851454816,1.9465349860081915,1.3229148983955383,0.9349234748107846,1.9459607197903097,12558.17722323288,225563.84920811403,40.01972141198348,8.003944282396697,0.0,164.44
94663391914329153046920958885615291360_eps3_s0,BPI2013_Incidents,0.1,15.0,,,10.0,11.2,0.6042406944938287,0.35336277491689405,0.5273886676561046,0.002118672270523039,0.420414919994073,,8.226311055192491,0.09175777740310878,8.201694103202318,8.225600651808781,1430.0880158647813,9.296635168406647,1.4003698155866005,8.33682405599975,9.296058389806422,1406.1349714409669,223173.72544587817,198.03047195801628,39.60609439160326,0.0,15946.24
143808228238095277664544419614730890173_eps4_s0,BPI2013_Incidents,0.1,21.0,,,10.0,11.2,0.6458951528582666,0.37442910799961504,0.5601393611528975,0.024023462024897115,0.4502685870102141,,0.926543540804414,0.08548164799576626,0.9027930082054809,0.9258258546062279,13026.582630521252,1.8691379941941704,0.9884078342001885,0.9060400744026993,1.8685812444018666,12979.197772183226,225270.8941679332,39.068413800996495,7.813682760199299,0.0,1083.34
258208765752992901959170973957564585355_eps4_s0,BPI2013_Incidents,0.1,21.0,,,10.0,11.2,0.6328698197103491,0.37527990158538377,0.5564915915215347,0.002118672270523039,0.46662177398684435,,13.576217292796354,0.08267995679634624,13.550089832401136,13.575407558609731,866.0935126748094,14.456838767393492,1.3755361141986213,13.489807112398557,14.456399614608381,869.3352576177767,224889.59029009822,200.45774214999983,40.09154842999997,0.0,15946.24
73267476325277510937415020325069564022_eps4_s0,BPI2013_Incidents,0.1,21.0,,,10.0,11.2,0.6242497493660356,0.34465914347250004,0.38592712303246757,0.1299577439945605,3.243996139994124,,0.8720536813954822,0.08852515780017711,0.8483068241970614,0.8712762568029575,13816.849012580735,1.981273126002634,1.3286695159971713,0.9623667202075012,1.9805899466038681,12194.759322931826,225586.2312748772,40.01972141198348,8.003944282396697,0.0,164.44
94663391914329153046920958885615291360_eps4_s0,BPI2013_Incidents,0.1,21.0,,,10.0,11.2,0.6328698197103491,0.37527990158538377,0.5564915915215347,0.002118672270523039,0.420414919994073,,13.484372997202446,0.09076988280867226,13.459818552591605,13.483676731999731,871.1156485011404,14.466957097192061,1.4410552312037908,13.480829613399692,14.466202106809941,870.0250369976568,223301.08219438558,198.03047195801628,39.60609439160326,0.0,15946.24
122154352235324958585344058181015187729_eps0_s0,BPI2013_Incidents,0.2,3.0,,,5.0,22.4,0.7007421254241358,0.3219269110053774,0.3469266564048942,0.0012239911035398438,0.4547056610172149,,6.503443538810825,0.0770765479945112,6.480552411999088,6.502853104798123,1809.4399992522208,59.20904857779969,1.9514734306023456,58.1335078271979,59.208530984591924,202.45162818444012,229286.06612461378,296.0948899190116,59.218977983802326,0.0,30510.48
156334184650786485978347865448030139775_eps0_s0,BPI2013_Incidents,0.2,3.0,,,5.0,22.4,0.6337044153705117,0.28603830845719047,0.22881681879373747,0.12526437461270964,0.42588974902173504,,0.8758288318058476,0.07686490679043345,0.8515148387989029,0.8751153571996838,13778.119201901023,3.0707383726083206,1.6535324571945238,2.003392030799296,3.070212930598063,6107.507640785202,230445.9517586262,45.846312359004514,9.169262471800902,0.0,177.0
34780355639312979015160389762850482787_eps0_s0,BPI2013_Incidents,0.2,3.0,,,5.0,22.4,0.7007421254241358,0.3219269110053774,0.3469266564048942,0.0012239911035398438,0.42479475200525485,,6.571228601201438,0.07596007380052469,6.547659099003067,6.5705721326055935,1791.3217155362556,58.96966175919515,3.463044662808534,57.87780605899752,58.96907334281131,203.48127066299597,227149.0820590156,289.82590769798844,57.96518153959769,0.0,30510.48
90011785275173713563502736162933793811_eps0_s0,BPI2013_Incidents,0.2,3.0,,,5.0,22.4,0.6886772946279857,0.31481679551890707,0.3320600275633498,0.024602848449736252,0.4329073020198848,,0.9635485407954547,0.08112635860452429,0.9395758601953276,0.9629106656007934,12477.349620255898,7.9187068523955535,1.6841768822050653,6.84749220519443,7.918110840790905,1734.1326581021083,230097.2418324214,46.01363769400632,9.202727538801264,0.0,1151.2
122154352235324958585344058181015187729_eps1_s0,BPI2013_Incidents,0.2,7.0,,,5.0,22.4,0.19634417693359577,0.20292205096929877,0.3642391943421623,0.0012239911035398438,0.4547056610172149,,6.66903225860442,0.07946988600306212,6.64403196660569,6.668188444600673,1764.8395033636225,8.183311099809362,1.492974307993427,7.215617459599161,8.18271382280509,1625.0086761003618,229475.04057686,296.0948899190116,59.218977983802326,0.0,30510.48
156334184650786485978347865448030139775_eps1_s0,BPI2013_Incidents,0.2,7.0,,,5.0,22.4,0.6339595391063376,0.2856746702112569,0.25542416805146007,0.12526437461270964,0.42588974902173504,,0.8904553978005424,0.08034313480602577,0.8667551357939374,0.8896401736012194,13549.43385141535,2.178469923202647,1.5444675259990617,1.109561182593461,2.177934870397439,10574.92835177142,230472.74217064696,45.846312359004514,9.169262471800902,0.0,177.0
34780355639312979015160389762850482787_eps1_s0,BPI2013_Incidents,0.2,7.0,,,5.0,22.4,0.19634417693359577,0.20292205096929877,0.3642391943421623,0.0012239911035398438,0.42479475200525485,,6.701448881003307,0.08473649179795757,6.676793698203983,6.700666940200608,1756.098551791675,8.375311243196483,1.6037334926018958,7.404308671195759,8.374753597797826,1583.3970940190716,227350.4102310816,289.82590769798844,57.96518153959769,0.0,30510.48
90011785275173713563502736162933793811_eps1_s0,BPI2013_Incidents,0.2,7.0,,,5.0,22.4,0.5669382687128228,0.3565784914424653,0.5055531156288027,0.024602848449736252,0.4329073020198848,,0.9540091353992466,0.08678113440400921,0.9301548288029153,0.953349939599866,12618.788522850506,2.08336628479301,1.236755385802826,1.1172024051949847,2.0828748223895674,10516.913193425793,230131.6392019358,46.01363769400632,9.202727538801264,0.0,1151.2
122154352235324958585344058181015187729_eps2_s0,BPI2013_Incidents,0.2,11.0,,,5.0,22.4,0.546017465559167,0.30282554603498324,0.47324482304727555,0.0012239911035398438,0.4547056610172149,,6.993272751400946,0.0806251811911352,6.969032646791311,6.992705386999296,1682.4447730737816,8.241747946396936,1.4956811632029712,7.286531651800033,8.241083337407327,1609.1948690480754,229559.3479487434,296.0948899190116,59.218977983802326,0.0,30510.48
156334184650786485978347865448030139775_eps2_s0,BPI2013_Incidents,0.2,11.0,,,5.0,22.4,0.6232729983213876,0.34163496726601117,0.26257981850083095,0.12526437461270964,0.42588974902173504,,0.8654250018007588,0.08458753440063446,0.8408699771971442,0.8644741464057006,13952.566977017665,2.1544303167960606,1.5546966196037828,1.0900445181934628,2.153878564405022,10782.683650794586,230497.2849454234,45.846312359004514,9.169262471800902,0.0,177.0
34780355639312979015160389762850482787_eps2_s0,BPI2013_Incidents,0.2,11.0,,,5.0,22.4,0.546017465559167,0.30282554603498324,0.47324482304727555,0.0012239911035398438,0.42479475200525485,,6.96067611319595,0.08173024959978648,6.935181918193121,6.959938530391082,1690.4377819926067,8.266899272805313,1.5533129197952804,7.289667387399822,8.266399475006619,1607.9919174140825,227435.7622784688,289.82590769798844,57.96518153959769,0.0,30510.48
90011785275173713563502736162933793811_eps2_s0,BPI2013_Incidents,0.2,11.0,,,5.0,22.4,0.6558442368163325,0.37395694591204465,0.5269168994105075,0.024602848449736252,0.4329073020198848,,0.9856957854004577,0.08878571499371901,0.961232034600107,0.9848976558016147,12199.459058018256,2.0159274583973454,1.1776406250079163,1.0382202762004453,2.0154116293939297,11316.37842985462,230154.3233431282,46.01363769400632,9.202727538801264,0.0,1151.2
122154352235324958585344058181015187729_eps3_s0,BPI2013_Incidents,0.2,15.0,,,5.0,22.4,0.5964519077134187,0.3435139761929712,0.5181409879854338,0.0012239911035398438,0.4547056610172149,,8.409360562404618,0.0829423451970797,8.384800704603549,8.408615273202305,1398.1924994068174,9.54386839820072,1.4281212541856803,8.57603576859692,9.543337398191216,1367.5970287358145,229652.90146670403,296.0948899190116,59.218977983802326,0.0,30510.48
156334184650786485978347865448030139775_eps3_s0,BPI2013_Incidents,0.2,15.0,,,5.0,22.4,0.6232729983213876,0.34163496726601117,0.33710242342227226,0.12526437461270964,0.42588974902173504,,0.8593260236084461,0.09086983000161127,0.835645033599576,0.858616417000303,14048.630165147057,1.9549653124006,1.3838786531996448,0.9372556084010284,1.9541271848022006,12517.269176349017,230520.5973372642,45.846312359004514,9.169262471800902,0.0,177.0
34780355639312979015160389762850482787_eps3_s0,BPI2013_Incidents,0.2,15.0,,,5.0,22.4,0.5964519077134187,0.3435139761929712,0.5181409879854338,0.0012239911035398438,0.42479475200525485,,8.527075274800882,0.07793189299991354,8.503245715802768,8.526261419808725,1379.7041165451387,9.548789324209793,1.4969564756029285,8.583295914798509,9.548264782206388,1365.992319771015,227529.6642276674,289.82590769798844,57.96518153959769,0.0,30510.48
90011785275173713563502736162933793811_eps3_s0,BPI2013_Incidents,0.2,15.0,,,5.0,22.4,0.6511645679842999,0.3726169756573994,0.5504766462518018,0.024602848449736252,0.4329073020198848,,0.9955160835990682,0.07846891759545542,0.9714835663966369,0.9946949129982385,12086.253830211386,1.9641769014007877,1.0843374554009642,0.9957129870017525,1.9634741669986397,11784.371860673837,230176.369199365,46.01363769400632,9.202727538801264,0.0,1151.2
122154352235324958585344058181015187729_eps4_s0,BPI2013_Incidents,0.2,21.0,,,5.0,22.4,0.6290956070806331,0.3723640943573797,0.5520113532925659,0.0012239911035398438,0.4547056610172149,,13.661241478996818,0.07680885519366712,13.637640559196006,13.66048646119889,859.8421787078487,14.575975797401043,1.3810478243976831,13.62671816040529,14.575502061803126,860.6148502692838,229781.6783004088,296.0948899190116,59.218977983802326,0.0,30510.48
156334184650786485978347865448030139775_eps4_s0,BPI2013_Incidents,0.2,21.0,,,5.0,22.4,0.6232729983213876,0.34163496726601117,0.3332707518115686,0.12526437461270964,0.42588974902173504,,0.8684702576021663,0.08582694379147142,0.8437842792016454,0.867748832795769,13905.119027784618,1.972004108398687,1.391603749798378,0.949890366801992,1.9713152148004156,12357.636650172633,230543.1267692518,45.846312359004514,9.169262471800902,0.0,177.0
34780355639312979015160389762850482787_eps4_s0,BPI2013_Incidents,0.2,21.0,,,5.0,22.4,0.6290956070806331,0.3723640943573797,0.5520113532925659,0.0012239911035398438,0.42479475200525485,,13.676064848998795,0.08223515920108185,13.651845312002115,13.6752106518019,858.8677534675462,14.616519279795465,1.4274495229881723,13.643000873801066,14.615814930398482,859.2689920322925,227659.4084743754,289.82590769798844,57.96518153959769,0.0,30510.48
90011785275173713563502736162933793811_eps4_s0,BPI2013_Incidents,0.2,21.0,,,5.0,22.4,0.6512895560463571,0.3725371730913313,0.5492965532697497,0.024602848449736252,0.4329073020198848,,0.9610230589925777,0.08211376161198132,0.9370258414011914,0.9599057624000125,12525.894341496036,1.9627194916072768,1.0505536611948627,0.9937017423973884,1.9621421919902786,11803.888393252655,230197.78267884822,46.01363769400632,9.202727538801264,0.0,1151.2
301303615634958901188516497625374252338_eps0_s0,BPI2013_Incidents,0.5,3.0,,,2.0,56.0,0.6905671367351678,0.31583945597281715,0.32520035894375116,0.022911646517806316,0.45309809601167217,,0.9883030879951548,0.08148543240386061,0.9646673641982488,0.9877343444037251,12170.55143710951,9.549797078000847,1.8911937878001481,8.434711593604879,9.549233205395286,2149.871979003099,236108.1900728044,49.09290371101815,9.81858074220363,0.0,1326.8
313840851390597435954673044863649726085_eps0_s0,BPI2013_Incidents,0.5,3.0,,,2.0,56.0,0.7019815783490746,0.32286476683654824,0.3389020489599538,0.0005270092428074195,0.43999933000304736,,6.619008591200691,0.08555516381165944,6.594868374604266,6.618248922401108,1777.7934566806216,110.81217974399915,2.22772103259922,109.709410157596,110.81161828139447,107.34073027866661,232525.6493597398,340.37505416202475,68.07501083240496,0.0,73356.3
65432415834605434134577897559624831681_eps0_s0,BPI2013_Incidents,0.5,3.0,,,2.0,56.0,0.6335272482001896,0.2886767913849521,0.20840569623853744,0.1235009233004313,3.5095136200252455,,0.9061442963953595,0.0811518706032075,0.8813852789928205,0.9054063631978352,13313.28465660011,2.9217709074087908,1.78463349979138,1.8165547013981267,2.9212709833984265,6846.178779628043,236477.8830088436,48.58481816100539,9.716963632201077,0.0,101.4
99763397547193254507486301054948581651_eps0_s0,BPI2013_Incidents,0.5,3.0,,,2.0,56.0,0.7019815783490746,0.32286476683654824,0.3389020489599538,0.0005270092428074195,0.43137633497826755,,6.6118005262047514,0.0859900587995071,6.584512500994606,6.611163856391795,1780.4972207523049,107.77749727079645,2.1987893112003802,106.66108122140285,107.77684385280591,110.32678986573038,235163.41412369077,340.51815445697866,68.10363089139574,0.0,73356.3
301303615634958901188516497625374252338_eps1_s0,BPI2013_Incidents,0.5,7.0,,,2.0,56.0,0.5741109669798161,0.35816909106145683,0.44190139874695583,0.022911646517806316,0.45309809601167217,,0.9996923689963296,0.08076283479458653,0.9756581091962289,0.9989997458003927,12022.496650705729,2.4279711377981585,1.4542901389999314,1.4414623439952265,2.4272847780026496,8150.282917208657,236141.0331488874,49.09290371101815,9.81858074220363,0.0,1326.8
313840851390597435954673044863649726085_eps1_s0,BPI2013_Incidents,0.5,7.0,,,2.0,56.0,0.20249928467208395,0.20735162619571573,0.3730863441496083,0.0005270092428074195,0.43999933000304736,,6.680992315604817,0.08529262280208058,6.6573680211964525,6.680217463197186,1761.5470684412462,8.50132868680521,1.469012158998521,7.5117320796009155,8.500787410204065,1560.610575317901,232821.2179402972,340.37505416202475,68.07501083240496,0.0,73356.3
65432415834605434134577897559624831681_eps1_s0,BPI2013_Incidents,0.5,7.0,,,2.0,56.0,0.6335076376262587,0.2887843122110864,0.22970529651653743,0.1235009233004313,3.5095136200252455,,0.8969201166008134,0.08388248739065603,0.8719121942005585,0.8962177643959877,13458.655508432139,2.325726146803936,1.7801074738032185,1.2470588724012486,2.3251727547962218,9528.757757494695,236505.2249816466,48.58481816100539,9.716963632201077,0.0,101.4
99763397547193254507486301054948581651_eps1_s0,BPI2013_Incidents,0.5,7.0,,,2.0,56.0,0.20249928467208395,0.20735162619571573,0.3730863441496083,0.0005270092428074195,0.43137633497826755,,6.587158576195361,0.08186660100473091,6.563596287602559,6.586496478191111,1786.4976454393982,8.37990875460091,1.4773888706055005,7.386714616802055,8.379240794212091,1587.3007181385617,235451.6169236686,340.51815445697866,68.10363089139574,0.0,73356.3
301303615634958901188516497625374252338_eps2_s0,BPI2013_Incidents,0.5,11.0,,,2.0,56.0,0.660581185814272,0.3734584182288393,0.4980876087451319,0.022911646517806316,0.45309809601167217,,0.983883128198795,0.07616256939945742,0.9599749333865475,0.983092316595139,12262.443746378436,2.12853316119872,1.3442181205900852,1.1452777578029782,2.1279379628016613,10288.457289526461,236165.8008423322,49.09290371101815,9.81858074220363,0.0,1326.8
313840851390597435954673044863649726085_eps2_s0,BPI2013_Incidents,0.5,11.0,,,2.0,56.0,0.5423241680670053,0.30117429213637387,0.4641523331477856,0.0005270092428074195,0.43999933000304736,,7.061275334394304,0.07922761079971678,7.037565860198811,7.060571065597469,1666.2756939415042,8.49520720540313,1.4823501111997757,7.515882410202176,8.494706349202897,1560.3062602100597,232906.91102292,340.37505416202475,68.07501083240496,0.0,73356.3
65432415834605434134577897559624831681_eps2_s0,BPI2013_Incidents,0.5,11.0,,,2.0,56.0,0.6228363466078353,0.34473933945728663,0.2602932234160789,0.1235009233004313,3.5095136200252455,,0.9306980033987202,0.08002676740288735,0.9060445700073615,0.929938119603321,12944.627354365632,2.232162842003163,1.6410072708036751,1.1655707825906574,2.2316127340018284,10242.292417120956,236531.19773386157,48.58481816100539,9.716963632201077,0.0,101.4
99763397547193254507486301054948581651_eps2_s0,BPI2013_Incidents,0.5,11.0,,,2.0,56.0,0.5423241680670053,0.30117429213637387,0.4641523331477856,0.0005270092428074195,0.43137633497826755,,7.089326444407925,0.07948970180004836,7.065088966191979,7.088630916993134,1659.549211671218,8.435886453196872,1.5001383031951263,7.464701533602783,8.435294790798798,1570.6478344693705,235537.0695457906,340.51815445697866,68.10363089139574,0.0,73356.3
301303615634958901188516497625374252338_eps3_s0,BPI2013_Incidents,0.5,15.0,,,2.0,56.0,0.6573086681837461,0.3729208927011047,0.5086532817829944,0.022911646517806316,0.45309809601167217,,1.0093764408025891,0.07965880499687046,0.983006785804173,1.0086224544036668,11942.093728199487,2.0769779772032053,1.2889183590014,1.0806528501969297,2.0763949254003817,10901.303233334444,236189.1735044804,49.09290371101815,9.81858074220363,0.0,1326.8
313840851390597435954673044863649726085_eps3_s0,BPI2013_Incidents,0.5,15.0,,,2.0,56.0,0.5963550199516535,0.3401206889204367,0.5153966959274191,0.0005270092428074195,0.43999933000304736,,8.591536875802557,0.0786329374066554,8.567573929997161,8.590821035194676,1369.5466806193676,9.75344783239998,1.5324413590016774,8.778881220991025,9.752889174391749,1335.4680459705976,233002.0236666216,340.37505416202475,68.07501083240496,0.0,73356.3
65432415834605434134577897559624831681_eps3_s0,BPI2013_Incidents,0.5,15.0,,,2.0,56.0,0.6228363466078353,0.34473933945728663,0.3342835467616503,0.1235009233004313,3.5095136200252455,,0.8907074601971544,0.08744221580564045,0.8659259612031747,0.889677132194629,13572.259538384586,1.9920333066023885,1.4865951753978153,0.9662919698050245,1.9914789511996787,12236.416005909097,236555.4738652436,48.58481816100539,9.716963632201077,0.0,101.4
99763397547193254507486301054948581651_eps3_s0,BPI2013_Incidents,0.5,15.0,,,2.0,56.0,0.5963550199516535,0.3401206889204367,0.5153966959274191,0.0005270092428074195,0.43137633497826755,,8.446802391798702,0.08394154299749061,8.422545445000287,8.446122533798917,1392.0037414884073,9.74002663139836,1.4945678874035366,8.781383320194436,9.739513721200638,1335.3821911232967,235632.185776447,340.51815445697866,68.10363089139574,0.0,73356.3
301303615634958901188516497625374252338_eps4_s0,BPI2013_Incidents,0.5,21.0,,,2.0,56.0,0.6573744090005758,0.37298288944657443,0.506789474449113,0.022911646517806316,0.45309809601167217,,1.0094070387945977,0.08985926121240481,0.9839975647977554,1.0084647797979414,11921.776927152474,2.115022994199535,1.3087295848003122,1.128010712203104,2.1143877065973355,10403.477232704256,236212.5559071658,49.09290371101815,9.81858074220363,0.0,1326.8
313840851390597435954673044863649726085_eps4_s0,BPI2013_Incidents,0.5,21.0,,,2.0,56.0,0.6287678253654411,0.37047347853177476,0.5515737042742845,0.0005270092428074195,0.43999933000304736,,13.819305752398213,0.07792953739408404,13.795400417002384,13.81833940279903,849.7780789569008,14.743869605200597,1.5000198722002096,13.768068088404835,14.743423014995642,851.5035827053225,233133.8582573168,340.37505416202475,68.07501083240496,0.0,73356.3
65432415834605434134577897559624831681_eps4_s0,BPI2013_Incidents,0.5,21.0,,,2.0,56.0,0.6228363466078353,0.34473933945728663,0.3342835467616503,0.1235009233004313,3.5095136200252455,,0.9316891700087581,0.08688582738977857,0.9068657170049846,0.9307523736031726,12938.014308599242,1.98999574839836,1.4768042885989416,0.9618922280031257,1.9893927075900137,12258.493873192603,236578.8658047622,48.58481816100539,9.716963632201077,0.0,101.4
99763397547193254507486301054948581651_eps4_s0,BPI2013_Incidents,0.5,21.0,,,2.0,56.0,0.6287678253654411,0.37047347853177476,0.5515737042742845,0.0005270092428074195,0.43137633497826755,,13.774366941198242,0.08058771600481122,13.750284976599506,13.773533893196145,852.8260038025934,14.91968608420575,1.4635362742061262,13.944007151201367,14.91908026279998,840.8818646966071,235763.181896042,340.51815445697866,68.10363089139574,0.0,73356.3
154287530791976545750764743660029033168_eps0_s0,BPI2013_Incidents,1.0,3.0,,,1.0,111.0,0.6333584662744395,0.2885898308153782,0.208063806441863,0.12356666411726096,0.42102820400032215,,0.9756884459988214,0.07866386779933236,0.9507633371977136,0.9748721987940371,12356.17212759326,2.755235259392066,1.905921705410583,1.623967179597821,2.7545941864023917,7349.9548247374605,243175.6330564252,49.09723647899227,9.819447295798454,0.0,110.8
225016248606758851465468524267212558832_eps0_s0,BPI2013_Incidents,1.0,3.0,,,1.0,111.0,0.7018959525677957,0.3227469940779063,0.33870384071849324,0.00022489745915440758,0.42978257799404673,,6.617802453192416,0.07904592640115879,6.5945388561987786,6.617153948603663,1777.9890184990309,171.266167718207,2.3099442231992726,170.14471400820767,171.26555445059785,72.74180302566819,238806.48170781098,341.337480459013,68.2674960918026,0.0,145957.8
294849114210298322871130218010982039345_eps0_s0,BPI2013_Incidents,1.0,3.0,,,1.0,111.0,0.6903809504057965,0.31568188463797897,0.3249442936045249,0.02285801212011245,5.381455820024712,,1.0158022661926225,0.08182657200377434,0.9914799512072932,1.0151599014003296,11827.32633172932,6.233689743798459,1.928363817796344,4.581901257205755,6.2332183499995155,2678.0092320674644,242797.0957223742,45.671766523999395,9.134353304799879,0.0,931.4
335253511763257888361645826025058699918_eps0_s0,BPI2013_Incidents,1.0,3.0,,,1.0,111.0,0.7018959525677957,0.3227469940779063,0.33870384071849324,0.00022489745915440758,0.44065127297653817,,6.632594296807656,0.08267083859536797,6.605266450991621,6.631817784794839,1774.7901095776585,171.77418329440405,2.2067118703969753,170.67379715539283,171.77360863719952,72.20724360482608,241789.0721332768,346.89314662499237,69.37862932499847,0.0,145957.8
154287530791976545750764743660029033168_eps1_s0,BPI2013_Incidents,1.0,7.0,,,1.0,111.0,0.6333584662744395,0.2885898308153782,0.2078954354894636,0.12356666411726096,0.42102820400032215,,0.9737149091961328,0.08612237800261938,0.9487665697990451,0.9729435995977838,12360.47800795966,2.4803188546036834,1.9153653067944105,1.355152976210229,2.4797134471999014,8740.056054498484,243204.3709538266,49.09723647899227,9.819447295798454,0.0,110.8
225016248606758851465468524267212558832_eps1_s0,BPI2013_Incidents,1.0,7.0,,,1.0,111.0,0.19562872616745694,0.20392202114654873,0.36377162649732436,0.00022489745915440758,0.42978257799404673,,6.714270920597483,0.08360013559577055,6.689560472802259,6.713570327009075,1752.3242384021025,8.503765386005398,1.5676695640024263,7.51023510301602,8.503227236995007,1560.8291472814549,239174.2099925278,341.337480459013,68.2674960918026,0.0,145957.8
294849114210298322871130218010982039345_eps1_s0,BPI2013_Incidents,1.0,7.0,,,1.0,111.0,0.5745429793162276,0.3584599192266761,0.41338247282329876,0.02285801212011245,5.381455820024712,,1.0614229075959885,0.08232623040676117,1.0377481058065314,1.0608357952150982,11301.053734154932,2.811157252598787,1.642373858409701,1.7594998140004463,2.810563866200391,6820.328912448374,242833.22395509743,45.671766523999395,9.134353304799879,0.0,931.4
335253511763257888361645826025058699918_eps1_s0,BPI2013_Incidents,1.0,7.0,,,1.0,111.0,0.19562872616745694,0.20392202114654873,0.36377162649732436,0.00022489745915440758,0.44065127297653817,,6.612700874207076,0.07812121759052389,6.589210700598779,6.611959617806133,1779.3594780023334,8.391736354597379,1.4814760086068417,7.419794694200391,8.391166312806309,1579.7482354106771,242156.7250288992,346.89314662499237,69.37862932499847,0.0,145957.8
154287530791976545750764743660029033168_eps2_s0,BPI2013_Incidents,1.0,11.0,,,1.0,111.0,0.6226214344391863,0.3446178368093095,0.23852335729369556,0.12356666411726096,0.42102820400032215,,0.9429710142023395,0.08480799899552949,0.9182081189996097,0.9419639709987677,12771.189717893893,2.3685342704004144,1.8072772083978634,1.2912306082085707,2.367736588191474,9191.608388947243,243232.01821146143,49.09723647899227,9.819447295798454,0.0,110.8
225016248606758851465468524267212558832_eps2_s0,BPI2013_Incidents,1.0,11.0,,,1.0,111.0,0.5387019136397451,0.2988620664602288,0.4622098554905369,0.00022489745915440758,0.42978257799404673,,7.104626532195835,0.0900249402038753,7.0754827173892405,7.103869540989399,1656.9699607071939,8.585028268402676,1.5229374127928168,7.597950168000534,8.584266866202233,1543.2719149954578,239261.2002421724,341.337480459013,68.2674960918026,0.0,145957.8
294849114210298322871130218010982039345_eps2_s0,BPI2013_Incidents,1.0,11.0,,,1.0,111.0,0.6607799299220565,0.37343584638352006,0.47744777909777286,0.02285801212011245,5.381455820024712,,1.0440864192030859,0.0812968173995614,1.0205656884005294,1.0433725711947772,11498.067299391743,2.2557259872031863,1.6240549806039781,1.2559349771938286,2.255179102398688,9524.117717652694,242860.35509366821,45.671766523999395,9.134353304799879,0.0,931.4
335253511763257888361645826025058699918_eps2_s0,BPI2013_Incidents,1.0,11.0,,,1.0,111.0,0.5387019136397451,0.2988620664602288,0.4622098554905369,0.00022489745915440758,0.44065127297653817,,7.045946264005034,0.0826961076061707,7.021293358399999,7.045033652603161,1669.6967440248875,8.562205862195697,1.4945667316031177,7.5867336399969645,8.56165385460481,1546.80391385458,242242.8720018846,346.89314662499237,69.37862932499847,0.0,145957.8
154287530791976545750764743660029033168_eps3_s0,BPI2013_Incidents,1.0,15.0,,,1.0,111.0,0.6226214344391863,0.3446178368093095,0.31898418611514756,0.12356666411726096,0.42102820400032215,,0.9472174759954214,0.0856537644052878,0.923642909200862,0.9464091073954478,12707.64460111986,2.672788678802317,1.5831113290041685,1.0630377887981013,2.6722544994030613,11058.782339455513,243258.0966138482,49.09723647899227,9.819447295798454,0.0,110.8
225016248606758851465468524267212558832_eps3_s0,BPI2013_Incidents,1.0,15.0,,,1.0,111.0,0.5944145064979881,0.341267343666963,0.5161788699377416,0.00022489745915440758,0.42978257799404673,,8.733810832200106,0.08720335480174982,8.709122798591853,8.733223812590586,1346.4981748935875,9.855061281000962,1.5140271003881935,8.872781736199977,9.854521459591343,1321.167706079639,239357.45417804402,341.337480459013,68.2674960918026,0.0,145957.8
294849114210298322871130218010982039345_eps3_s0,BPI2013_Incidents,1.0,15.0,,,1.0,111.0,0.6574925647721848,0.37292460379063674,0.4929457251720139,0.02285801212011245,5.381455820024712,,1.0298302523966414,0.08594863820471801,1.0055070804082789,1.0291042048076633,11685.60597197873,2.2405592769966463,1.5292075361998285,1.2502271342033056,2.240006117802113,9622.281372669942,242886.12953138538,45.671766523999395,9.134353304799879,0.0,931.4
335253511763257888361645826025058699918_eps3_s0,BPI2013_Incidents,1.0,15.0,,,1.0,111.0,0.5944145064979881,0.341267343666963,0.5161788699377416,0.00022489745915440758,0.44065127297653817,,8.508914515998914,0.08095565660623834,8.484522673400352,8.508276911795837,1381.8262694164653,9.667712535796454,1.4522890040010679,8.708934820396825,9.667038072802825,1346.61916899364,242337.1479460948,346.89314662499237,69.37862932499847,0.0,145957.8
154287530791976545750764743660029033168_eps4_s0,BPI2013_Incidents,1.0,21.0,,,1.0,111.0,0.6226214344391863,0.3446178368093095,0.31898418611514756,0.12356666411726096,0.42102820400032215,,0.9548016307991929,0.08563918479485437,0.9306832566100638,0.9539401190064382,12628.249542168942,2.099918543192325,1.5823031131993048,1.047253433591686,2.099263070203597,11325.502387478358,243285.0937274404,49.09723647899227,9.819447295798454,0.0,110.8
225016248606758851465468524267212558832_eps4_s0,BPI2013_Incidents,1.0,21.0,,,1.0,111.0,0.6272542084953736,0.3705359729117552,0.5517470967568917,0.00022489745915440758,0.42978257799404673,,13.980586309800856,0.08163108520093373,13.956240212195553,13.979818302602506,840.1067508721341,15.088260820205324,1.4482214059971739,14.078940360207344,15.087762410397408,833.1665107401808,239490.2403514238,341.337480459013,68.2674960918026,0.0,145957.8
294849114210298322871130218010982039345_eps4_s0,BPI2013_Incidents,1.0,21.0,,,1.0,111.0,0.6574925647721848,0.37292460379063674,0.4929457251720139,0.02285801212011245,5.381455820024712,,1.078856107807951,0.08840252639492974,1.0554754075885284,1.078262555191759,11130.253806646244,2.270537362998584,1.539791919401614,1.254989411990391,2.2699817103974054,9524.960067994569,242911.8460084518,45.671766523999395,9.134353304799879,0.0,931.4
335253511763257888361645826025058699918_eps4_s0,BPI2013_Incidents,1.0,21.0,,,1.0,111.0,0.6272542084953736,0.3705359729117552,0.5517470967568917,0.00022489745915440758,0.44065127297653817,,13.846136201603803,0.08631729200133123,13.821321101801004,13.845417807996274,848.3232766818486,14.776935937808593,1.3942490415938664,13.812079734000145,14.776409518200671,848.7432370126666,242468.0458146344,346.89314662499237,69.37862932499847,0.0,145957.8
162514226714890560616010316286375063225_eps0_s0,BPI2017_Full,0.0,3.0,,,177.2,1.0,0.8308149902161922,0.5971958260165124,0.16356380430135897,0.023044496198005592,14.041803927975707,,10.913930202007759,0.34151832840871066,10.642994382011238,10.912157589604613,18561.24554212773,174.80403207920025,32.051096422609405,143.01658546179533,174.80078985361615,1381.9416606149275,419672.08432236203,353.55460548598785,70.71092109719757,0.0,1154.8837112254835
222861641000563869675245753511733089381_eps0_s0,BPI2017_Full,0.0,3.0,,,177.2,1.0,0.7591104492628256,0.5102131891244783,0.12324652863497806,0.11445508802515825,8.648861329013016,,10.497668090183288,0.33810525201261044,10.227081497013568,10.495735840196721,19317.164884679347,71.68672563240398,32.031600881402845,40.31599660539068,71.68288738839328,4906.635321308568,423865.38239592034,352.7862432640395,70.5572486528079,0.0,162.1502990680206
162514226714890560616010316286375063225_eps1_s0,BPI2017_Full,0.0,7.0,,,177.2,1.0,0.6900672544448204,0.5289990184026868,0.40489926815290794,0.023044496198005592,14.041803927975707,,10.945277480187361,0.336458603607025,10.676669956406112,10.943468367995228,18502.020479264516,52.82116423519328,20.708521482395007,23.100060844991823,52.81781542240642,8546.91531650753,420366.686282645,353.55460548598785,70.71092109719757,0.0,1154.8837112254835
222861641000563869675245753511733089381_eps1_s0,BPI2017_Full,0.0,7.0,,,177.2,1.0,0.7297226861354943,0.4870554384172155,0.193689626887016,0.11445508802515825,8.648861329013016,,10.634561105188913,0.34585908021545037,10.360806625813712,10.632656843785663,19066.523078292892,53.88507291340502,28.08378076540539,23.672391850023995,53.88155361820245,8592.14419191768,424381.262993454,352.7862432640395,70.5572486528079,0.0,162.1502990680206
162514226714890560616010316286375063225_eps2_s0,BPI2017_Full,0.0,11.0,,,177.2,1.0,0.7978133800870234,0.6062770878732158,0.4318451279805037,0.023044496198005592,14.041803927975707,,11.181137793592644,0.33474716879427435,10.904821943398565,11.179134676186369,18112.903893192204,50.076548018609174,19.678329344198573,20.60170753879938,50.07339337980375,9593.990013491903,420780.59211121424,353.55460548598785,70.71092109719757,0.0,1154.8837112254835
222861641000563869675245753511733089381_eps2_s0,BPI2017_Full,0.0,11.0,,,177.2,1.0,0.7390816377054762,0.5083124582016281,0.17361091232642473,0.11445508802515825,8.648861329013016,,10.708081763598603,0.33433604079764334,10.442217680986506,10.706163110781926,18914.76112315419,53.95430043380475,27.164866874809377,24.013157278602012,53.95081866499968,8640.698248055687,424845.8154706266,352.7862432640395,70.5572486528079,0.0,162.1502990680206
162514226714890560616010316286375063225_eps3_s0,BPI2017_Full,0.0,15.0,,,177.2,1.0,0.7955127893349238,0.5960097810445122,0.4176884308506696,0.023044496198005592,14.041803927975707,,11.329910482198466,0.33738114199368285,11.062227991200052,11.328085728816223,17854.99240379611,52.87857689360389,22.975226231198757,22.850759583397302,52.875159766408615,8657.0630700808,421210.4878917962,353.55460548598785,70.71092109719757,0.0,1154.8837112254835
222861641000563869675245753511733089381_eps3_s0,BPI2017_Full,0.0,15.0,,,177.2,1.0,0.7353708116249977,0.5033096386077263,0.24234188676119692,0.11445508802515825,8.648861329013016,,10.749681870196946,0.3590578273986466,10.486140243592672,10.747668017994148,18836.644221667666,51.10190214579925,24.770114510017446,20.478310227172916,51.098441792209634,9867.540462914361,425291.37801486236,352.7862432640395,70.5572486528079,0.0,162.1502990680206
162514226714890560616010316286375063225_eps4_s0,BPI2017_Full,0.0,21.0,,,177.2,1.0,0.8143981834855134,0.6044173265250712,0.4558934179711892,0.023044496198005592,14.041803927975707,,11.846345442789607,0.3607938826084137,11.589011305605528,11.844553679204546,17041.50877625483,46.507179313793316,16.834241091599687,16.864015158393887,46.5038034823956,11709.05514980203,421613.38859624724,353.55460548598785,70.71092109719757,0.0,1154.8837112254835
222861641000563869675245753511733089381_eps4_s0,BPI2017_Full,0.0,21.0,,,177.2,1.0,0.7414443453634186,0.5006603123064168,0.2882493529956448,0.11445508802515825,8.648861329013016,,10.957150147599169,0.35201131280045955,10.692661707999651,10.955160409410018,18472.495392160414,48.38606740460964,23.135355934198014,18.128554067376534,48.38252452518791,11091.287356060366,425714.64376863884,352.7862432640395,70.5572486528079,0.0,162.1502990680206
227287259529095020053138707965321529067_eps0_s0,BPI2017_Full,0.025,3.0,,,37.6,4.8,0.82440259994166,0.5734820942824209,0.11859861522026056,0.024170376987783973,8.621958012983669,,9.55838732640259,0.3361951998085715,9.295413791213651,9.556440779403783,21255.989393640833,175.33748246561737,32.645080312585925,144.2532812069985,175.33416541040643,1372.516302131749,427880.6426693064,267.390893126023,53.4781786252046,0.0,1370.6782432432433
258577562718935941296134394752993211656_eps0_s0,BPI2017_Full,0.025,3.0,,,37.6,4.8,0.7432811918189388,0.46738248650658043,0.07722080254644992,0.12492108740913668,8.656574593973346,,8.999401510995813,0.3326387074077502,8.737492605601437,8.997538489790168,22606.586584729543,67.78777061317814,28.765859232202637,36.66167423640145,67.78439387520775,5395.530253914479,431656.1153111254,273.1579208750045,54.631584175000896,0.0,169.90756756756758
227287259529095020053138707965321529067_eps1_s0,BPI2017_Full,0.025,7.0,,,37.6,4.8,0.7122215924042676,0.5372997327232877,0.3911415646270868,0.024170376987783973,8.621958012983669,,9.756676054396667,0.35891377478837966,9.496126428199933,9.75464504120173,20797.75408082819,49.592421060230116,20.72677775078919,20.183345015603116,49.58890858561499,9797.744622687542,428562.38901840616,267.390893126023,53.4781786252046,0.0,1370.6782432432433
258577562718935941296134394752993211656_eps1_s0,BPI2017_Full,0.025,7.0,,,37.6,4.8,0.7216937341622162,0.4493877078977856,0.10316285496338888,0.12492108740913668,8.656574593973346,,9.114631082001143,0.3383401635917835,8.852137462608516,9.112769002001732,22314.844074662135,53.17614177820506,25.39571218281053,22.97391256840201,53.17261949259555,8660.955894225199,432137.26651477255,273.1579208750045,54.631584175000896,0.0,169.90756756756758
227287259529095020053138707965321529067_eps2_s0,BPI2017_Full,0.025,11.0,,,37.6,4.8,0.7962829350531505,0.6021581416354167,0.4222088126337937,0.024170376987783973,8.621958012983669,,9.909524272603448,0.3454241605824791,9.64465448259143,9.907540887384675,20480.384796456427,48.667321338993496,22.30036564540351,19.248490840778686,48.663770576007664,10266.150938043855,428968.7023500724,267.390893126023,53.4781786252046,0.0,1370.6782432432433
258577562718935941296134394752993211656_eps2_s0,BPI2017_Full,0.025,11.0,,,37.6,4.8,0.7280947817043565,0.4855060331934896,0.14579535038917973,0.12492108740913668,8.656574593973346,,9.148644805990624,0.34564243339700623,8.885851384000853,9.146790721209253,22233.144901372314,49.64659570738441,29.78811444240855,19.361008224217223,49.64289618318435,10278.46287560816,432584.9625189022,273.1579208750045,54.631584175000896,0.0,169.90756756756758
227287259529095020053138707965321529067_eps3_s0,BPI2017_Full,0.025,15.0,,,37.6,4.8,0.7978313712047262,0.5944912595912992,0.41123708035197304,0.024170376987783973,8.621958012983669,,10.049658045405522,0.3519952101865783,9.788786187407094,10.047588741604704,20182.4335802484,50.897772414202336,24.98562633120455,20.73500875820173,50.8942198470002,9536.678507859679,429392.50849032716,267.390893126023,53.4781786252046,0.0,1370.6782432432433
258577562718935941296134394752993211656_eps3_s0,BPI2017_Full,0.025,15.0,,,37.6,4.8,0.7283782438998341,0.4739193081125609,0.1872291551261788,0.12492108740913668,8.656574593973346,,9.257218898797873,0.334526828979142,8.990854120790027,9.25518487719819,21969.090022789762,49.119183740380684,26.051034497411457,17.43658299241215,49.115593948005696,11399.63543395686,433016.35469080915,273.1579208750045,54.631584175000896,0.0,169.90756756756758
227287259529095020053138707965321529067_eps4_s0,BPI2017_Full,0.025,21.0,,,37.6,4.8,0.8098246720317664,0.5982069912657468,0.45748035955117805,0.024170376987783973,8.621958012983669,,10.279951312986668,0.3399034685920924,10.022841438592877,10.277986593381502,19708.288801323077,45.52687381001888,20.105236682994292,15.822350984392688,45.523286274808925,12495.585289638217,429797.0326800688,267.390893126023,53.4781786252046,0.0,1370.6782432432433
258577562718935941296134394752993211656_eps4_s0,BPI2017_Full,0.025,21.0,,,37.6,4.8,0.7264668719944034,0.4743843024411766,0.21696930229196632,0.12492108740913668,8.656574593973346,,9.166005738999228,0.3440763041959144,8.905606004805303,9.16405947341118,22178.26135079313,52.271003230591305,22.517951548995917,15.812167064798995,52.26767772139283,12576.18410883959,433433.8901191864,273.1579208750045,54.631584175000896,0.0,169.90756756756758
130187487561055489428974845315451971656_eps0_s0,BPI2017_Full,0.1,3.0,,,10.0,18.4,0.8165344772127797,0.5637054660030489,0.11702346116757127,0.026218061761003435,8.451789457001723,,9.409331355395262,0.34268374140374364,9.150155418796931,9.40741609360557,21595.512853490574,209.9077820710023,24.50053496498149,179.96987222880125,209.90441293760668,1100.2568665754804,435800.77757731534,297.3021128429682,59.46042256859364,0.0,1610.98
221194506959017772158636501175621411428_eps0_s0,BPI2017_Full,0.1,3.0,,,10.0,18.4,0.7129959462807666,0.4347735426149555,0.06357252064464688,0.15229571383046375,8.512706211011391,,8.725999970396515,0.3430631450144574,8.463386013812851,8.724165190011263,23334.912284460275,60.30301783639006,17.879070638609118,30.69575935819885,60.299697242188266,6512.162732261209,439687.2793284514,306.1920027129818,61.23840054259635,0.0,136.8
130187487561055489428974845315451971656_eps1_s0,BPI2017_Full,0.1,7.0,,,10.0,18.4,0.7448763575992674,0.5343151212942555,0.3673746740838838,0.026218061761003435,8.451789457001723,,9.452571448800153,0.33956902240170167,9.191985326213763,9.450637107598595,21492.39835130301,46.10397970359772,20.669114848598838,16.921481468202547,46.10052440939471,11817.921204266371,436528.57960415434,297.3021128429682,59.46042256859364,0.0,1610.98
221194506959017772158636501175621411428_eps1_s0,BPI2017_Full,0.1,7.0,,,10.0,18.4,0.7127062410666958,0.43482557034953706,0.070004219156752,0.15229571383046375,8.512706211011391,,8.78138279580744,0.3504133246024139,8.512837510206737,8.779364969197195,23199.915323502868,47.287558729399464,26.391559596778826,16.517169476801065,47.28413820822025,11980.093702965029,440113.505207556,306.1920027129818,61.23840054259635,0.0,136.8
130187487561055489428974845315451971656_eps2_s0,BPI2017_Full,0.1,11.0,,,10.0,18.4,0.8066920916658591,0.5962081672228867,0.39130961048678414,0.026218061761003435,8.451789457001723,,9.609071966994088,0.34545847000554203,9.349684024997988,9.606995844817721,21126.50671569336,50.662043743999675,25.46119060720084,20.433829567406793,50.65843543061055,9684.31780254936,436940.8799767162,297.3021128429682,59.46042256859364,0.0,1610.98
221194506959017772158636501175621411428_eps2_s0,BPI2017_Full,0.1,11.0,,,10.0,18.4,0.715182706423443,0.446698162070986,0.09173677113312881,0.15229571383046375,8.512706211011391,,8.866313791787253,0.33961579081369564,8.598639164399355,8.864478503202553,22979.155445479897,52.547198642394505,22.16408295800211,16.24301412280183,52.54390623159706,12253.574286967812,440519.692597333,306.1920027129818,61.23840054259635,0.0,136.8
130187487561055489428974845315451971656_eps3_s0,BPI2017_Full,0.1,15.0,,,10.0,18.4,0.8079404388245258,0.6002108234422894,0.44172159734567834,0.026218061761003435,8.451789457001723,,9.66653430518927,0.34024140241090206,9.402186834800522,9.664481347985566,21021.584319171692,47.04447984540602,23.50142066421686,17.320332213002256,47.04099818939576,11457.87954592216,437356.6443304232,297.3021128429682,59.46042256859364,0.0,1610.98
221194506959017772158636501175621411428_eps3_s0,BPI2017_Full,0.1,15.0,,,10.0,18.4,0.7130996368071956,0.44429314059757996,0.08912653872122239,0.15229571383046375,8.512706211011391,,8.818225858814548,0.33420108117861674,8.552629434422125,8.816330117208418,23102.094650979765,47.1152659602114,25.98381971338531,16.549956738203765,47.11192222300451,12030.03423112087,440950.40198294155,306.1920027129818,61.23840054259635,0.0,136.8
130187487561055489428974845315451971656_eps4_s0,BPI2017_Full,0.1,21.0,,,10.0,18.4,0.8039610744313901,0.5899582434900649,0.46756633739341263,0.026218061761003435,8.451789457001723,,9.710357991000638,0.35625535959843546,9.450822270021309,9.708553393208422,20907.567100691147,43.46121916960692,19.92433825619519,14.127942508005072,43.457974226388615,13998.242553152615,437741.76420867135,297.3021128429682,59.46042256859364,0.0,1610.98
221194506959017772158636501175621411428_eps4_s0,BPI2017_Full,0.1,21.0,,,10.0,18.4,0.7130996368071956,0.44429314059757996,0.08151097587195458,0.15229571383046375,8.512706211011391,,8.839397206006106,0.34169164140475916,8.5734816925833,8.837515389802865,23039.781429662766,46.91884634041926,28.178586395608725,16.230646923999302,46.91528259639163,12257.216364891978,441373.08465250896,306.1920027129818,61.23840054259635,0.0,136.8
100305438533591212434405440619843620178_eps0_s0,BPI2017_Full,0.2,3.0,,,5.0,36.0,0.620629094830741,0.3721219710076319,0.02203810713649917,0.26949000991032307,8.351834216970019,,8.780676119413693,0.3541365171782672,8.511186177202035,8.778463459003252,23208.05514777173,50.40220538739813,19.788310341595206,20.305706008407288,50.39901020340621,9873.248789722791,448756.46834692376,428.7867311440059,85.75734622880118,0.0,167.44
275348449669392817585184044954608461196_eps0_s0,BPI2017_Full,0.2,3.0,,,5.0,36.0,0.8079434927736697,0.5413518598921435,0.10187839823115433,0.036317422723562066,8.717009118001442,,9.415355086594355,0.3443472684244625,9.158036781987175,9.413338062190451,21566.97138408329,235.4506357795908,52.082592904008926,201.31062963501319,235.44695759599563,1014.7713816589024,444149.49142080185,347.35916834900854,69.47183366980171,0.0,1831.3199999999997
100305438533591212434405440619843620178_eps1_s0,BPI2017_Full,0.2,7.0,,,5.0,36.0,0.6201248669738753,0.37213187679042276,0.02961563378738987,0.26949000991032307,8.351834216970019,,8.81310144480085,0.35217863019788637,8.542222341604065,8.811104162607808,23120.835814464856,41.27971647919621,18.440228777786253,11.787706865812652,41.27587236958789,16794.270302448298,449122.8698083152,428.7867311440059,85.75734622880118,0.0,167.44
275348449669392817585184044954608461196_eps1_s0,BPI2017_Full,0.2,7.0,,,5.0,36.0,0.7465739753810492,0.5160384206116985,0.4054830985592025,0.036317422723562066,8.717009118001442,,9.562674414610957,0.34509184759808703,9.304279531806241,9.56058457561303,21229.586245703882,44.78718209200306,21.144551549397875,15.662577280192636,44.78382379460381,12639.09064632549,444982.48505682044,347.35916834900854,69.47183366980171,0.0,1831.3199999999997
100305438533591212434405440619843620178_eps2_s0,BPI2017_Full,0.2,11.0,,,5.0,36.0,0.6197866236094984,0.3732959392944105,0.02905765059809558,0.26949000991032307,8.351834216970019,,8.895572318788618,0.3453822505893186,8.626309866213706,8.893622038199101,22894.466926550613,40.59164602778619,18.125420614809265,11.14226700681029,40.5882104922086,17753.166075722234,449466.7721512568,428.7867311440059,85.75734622880118,0.0,167.44
275348449669392817585184044954608461196_eps2_s0,BPI2017_Full,0.2,11.0,,,5.0,36.0,0.7931500483942717,0.5713153092371315,0.35044808417598494,0.036317422723562066,8.717009118001442,,9.520300865196623,0.3558054386056028,9.259005071595311,9.518304777005687,21340.353837588562,54.00035622101277,30.084147017193025,22.74394226259319,53.997036565002055,8722.899829282045,445417.28070978384,347.35916834900854,69.47183366980171,0.0,1831.3199999999997
100305438533591212434405440619843620178_eps3_s0,BPI2017_Full,0.2,15.0,,,5.0,36.0,0.6197866236094984,0.3732959392944105,0.029013574756349268,0.26949000991032307,8.351834216970019,,8.969050677597988,0.33584553118562327,8.691680260200519,8.966687238996382,22736.006893887145,40.3653928306303,18.020883231179322,11.219263785588556,40.36182372600306,17629.009861909584,449807.76031820365,428.7867311440059,85.75734622880118,0.0,167.44
275348449669392817585184044954608461196_eps3_s0,BPI2017_Full,0.2,15.0,,,5.0,36.0,0.7834086024636919,0.5615001582660029,0.41223808154586,0.036317422723562066,8.717009118001442,,9.533447721786796,0.34127951801056045,9.27869247320341,9.531599739391822,21295.54542900787,48.635998019413094,24.128626628010533,18.214073716197163,48.63219789381837,10994.921879661697,445853.6072421698,347.35916834900854,69.47183366980171,0.0,1831.3199999999997
100305438533591212434405440619843620178_eps4_s0,BPI2017_Full,0.2,21.0,,,5.0,36.0,0.6197856083346889,0.3732949815133975,0.028994743445921976,0.26949000991032307,8.351834216970019,,8.858058188599534,0.33484910099068654,8.5794776901952,8.856010839808732,23026.767126455034,40.30114761980949,17.026782634994014,11.081181851995643,40.297701563814186,17853.23220196152,450145.1388852618,428.7867311440059,85.75734622880118,0.0,167.44
275348449669392817585184044954608461196_eps4_s0,BPI2017_Full,0.2,21.0,,,5.0,36.0,0.7875996705258096,0.5623882569963744,0.4431177961432387,0.036317422723562066,8.717009118001442,,9.643081553198863,0.34309416899923234,9.381786727998406,9.641030012222473,21058.255282920298,44.53343207860598,22.312232076993677,15.229183271201327,44.52973446060205,12983.625258143864,446254.422955874,347.35916834900854,69.47183366980171,0.0,1831.3199999999997
178844850041644899870244728581551514014_eps0_s0,BPI2017_Full,0.5,3.0,,,2.0,89.6,0.7974298981154515,0.5221280815915573,0.10126942144695032,0.036294336918561286,8.53920586797176,,9.232008099812083,0.3389014954213053,8.978217354207299,9.230077370989601,22000.364546797788,199.23805687039857,66.92556719741552,164.0392278144136,199.23421823240352,1228.0535039965519,453269.29080310883,405.23972365196096,81.04794473039219,0.0,1672.5
256904058973576164094330668144280580371_eps0_s0,BPI2017_Full,0.5,3.0,,,2.0,89.6,0.5698912960104183,0.33326863584945665,0.006204718596387248,0.31909626155219234,8.444677010993473,,8.765429751784541,0.3403461007983424,8.49123777798377,8.763586573000065,23262.4432175202,46.046440118388276,19.245236159989144,16.621727899392134,46.04320965999504,12063.325890372571,458613.9883938604,548.1215736110462,109.62431472220923,0.0,110.2
178844850041644899870244728581551514014_eps1_s0,BPI2017_Full,0.5,7.0,,,2.0,89.6,0.7517983638014707,0.49771161619745496,0.34389956363527663,0.036294336918561286,8.53920586797176,,9.322404300398194,0.34002816419815646,9.066137433610857,9.320383268815931,21784.55311760637,57.22126604480436,25.80062697159592,20.619875438010787,57.21777122319909,9882.68309979592,454098.5669939948,405.23972365196096,81.04794473039219,0.0,1672.5
256904058973576164094330668144280580371_eps1_s0,BPI2017_Full,0.5,7.0,,,2.0,89.6,0.5698903418130404,0.3332826674867785,0.0068123800397560845,0.31909626155219234,8.444677010993473,,8.81503733318532,0.3399985059979372,8.542737327178475,8.813128255598713,23118.44863821334,40.92416874798946,19.374045317992568,11.774736239784398,40.92076999420533,16844.037982825732,458973.54008581955,548.1215736110462,109.62431472220923,0.0,110.2
178844850041644899870244728581551514014_eps2_s0,BPI2017_Full,0.5,11.0,,,2.0,89.6,0.7946024223790072,0.5555852089872335,0.32436802932828335,0.036294336918561286,8.53920586797176,,9.360548508004285,0.35467266098130495,9.105849096202292,9.358779347792733,21697.25644924955,54.675970507005694,41.954173991992135,23.60959222400561,54.67243637200445,8729.78515544804,454637.0377918136,405.23972365196096,81.04794473039219,0.0,1672.5
256904058973576164094330668144280580371_eps2_s0,BPI2017_Full,0.5,11.0,,,2.0,89.6,0.569909632034421,0.3332901297847749,0.006126761411844808,0.31909626155219234,8.444677010993473,,8.873543912987225,0.3387518523959443,8.604245073208585,8.871402175410186,22957.32279559282,40.883332206390335,19.44674591741059,11.086547663807869,40.8800637862063,17858.10418501005,459323.6838476166,548.1215736110462,109.62431472220923,0.0,110.2
178844850041644899870244728581551514014_eps3_s0,BPI2017_Full,0.5,15.0,,,2.0,89.6,0.7906882151747687,0.5448334646881765,0.4185406693150505,0.036294336918561286,8.53920586797176,,9.41453255279921,0.3500117046176456,9.155030385404825,9.412652676005383,21573.35873303198,45.48585547701223,26.8505291589885,14.718067246594,45.482460398005784,13532.852793433241,455085.84532252594,405.23972365196096,81.04794473039219,0.0,1672.5
256904058973576164094330668144280580371_eps3_s0,BPI2017_Full,0.5,15.0,,,2.0,89.6,0.569909632034421,0.3332901297847749,0.00614573377526217,0.31909626155219234,8.444677010993473,,8.96917027781019,0.3456055266084149,8.691671875794418,8.967005380208139,22745.82730451942,40.49106261999113,19.41215503962012,11.007737245375756,40.48738971939311,17994.52080418045,459671.4109528586,548.1215736110462,109.62431472220923,0.0,110.2
178844850041644899870244728581551514014_eps4_s0,BPI2017_Full,0.5,21.0,,,2.0,89.6,0.7875216459134984,0.5445708823047325,0.4453105963649996,0.036294336918561286,8.53920586797176,,9.50162532380782,0.339254665793851,9.240313047426753,9.49975243882509,21372.847871324746,42.95082148499787,23.445071027392988,13.454948133206926,42.94754647458903,14706.688100533147,455478.8213434698,405.23972365196096,81.04794473039219,0.0,1672.5
256904058973576164094330668144280580371_eps4_s0,BPI2017_Full,0.5,21.0,,,2.0,89.6,0.569909632034421,0.3332901297847749,0.006157150635846292,0.31909626155219234,8.444677010993473,,8.916328571818303,0.36366769098676743,8.639159112982451,8.914296681177802,22859.861157030053,41.044179339788386,19.578372002602556,10.973570609220769,41.04083908480825,18037.296808927502,460022.185823109,548.1215736110462,109.62431472220923,0.0,110.2
11323645683850948611747701413673897249_eps0_s0,BPI2017_Full,1.0,3.0,,,1.0,178.2,0.568861263108446,0.3324746796021458,0.005973947580846334,0.32028826048635495,8.659691968990956,,8.780899093393236,0.34163449259940537,8.508877280598972,8.778816233994439,23206.698797358018,44.04653889239999,18.891530571994373,13.543256310385186,44.04319027980091,14655.5029017156,468455.509372079,560.7314210589975,112.1462842117995,0.0,127.0
22082741007259891985774484211114360696_eps0_s0,BPI2017_Full,1.0,3.0,,,1.0,178.2,0.7964304389850149,0.5214284463545573,0.10191714337864337,0.036950856794038124,44.922126590041444,,9.297361684392673,0.35213213801616805,9.042741051188205,9.295484072796535,21837.810873085793,132.0119354787981,69.07720769441221,97.37439112761058,132.00843159678624,2048.391331003947,463013.9476900656,436.58971579995705,87.31794315999142,0.0,1697.0
11323645683850948611747701413673897249_eps1_s0,BPI2017_Full,1.0,7.0,,,1.0,178.2,0.568861263108446,0.3324746796021458,0.005957015603488264,0.32028826048635495,8.659691968990956,,8.745366774790455,0.3487169467960484,8.471355194004719,8.743314618803561,23316.358484137374,40.90530034397962,18.923728949204087,11.630546647217125,40.90184812140651,17058.526574523064,468808.2113985199,560.7314210589975,112.1462842117995,0.0,127.0
22082741007259891985774484211114360696_eps1_s0,BPI2017_Full,1.0,7.0,,,1.0,178.2,0.7514951332448182,0.49725820639986845,0.29696132504579964,0.036950856794038124,44.922126590041444,,9.402956379798706,0.35147376739187164,9.14741437501507,9.400994308223016,21587.137533380806,65.11102867560695,39.40457732139621,33.8306959511945,65.10743796941824,6736.163432621908,463767.96690742194,436.58971579995705,87.31794315999142,0.0,1697.0
11323645683850948611747701413673897249_eps2_s0,BPI2017_Full,1.0,11.0,,,1.0,178.2,0.568861263108446,0.3324746796021458,0.005957015603488264,0.32028826048635495,8.659691968990956,,8.773029163200409,0.34935828159796073,8.491366942191963,8.770924905384891,23255.185141338872,41.10178709040629,18.99918818260776,11.542590822011698,41.09813785201404,17185.421562268097,469154.60572907917,560.7314210589975,112.1462842117995,0.0,127.0
22082741007259891985774484211114360696_eps2_s0,BPI2017_Full,1.0,11.0,,,1.0,178.2,0.7937476094317957,0.5549078577355548,0.2993876810402523,0.036950856794038124,44.922126590041444,,9.489654383214656,0.3445934707997367,9.227824800403322,9.487666554586031,21399.760515112364,53.8816913652001,47.761062826181295,21.619604037795217,53.878016510012095,9341.325689806725,464360.6754853328,436.58971579995705,87.31794315999142,0.0,1697.0
11323645683850948611747701413673897249_eps3_s0,BPI2017_Full,1.0,15.0,,,1.0,178.2,0.568861263108446,0.3324746796021458,0.005957015603488264,0.32028826048635495,8.659691968990956,,8.738425738213119,0.3372295475914143,8.46541429478675,8.73635328959208,23329.644626890273,40.88308117999695,18.403335061192045,11.563023342599626,40.87939867499517,17141.701852851453,469500.20883484295,560.7314210589975,112.1462842117995,0.0,127.0
22082741007259891985774484211114360696_eps3_s0,BPI2017_Full,1.0,15.0,,,1.0,178.2,0.7898496417084704,0.5441961698493424,0.40048391039157166,0.036950856794038124,44.922126590041444,,9.516740401403514,0.3297717839945108,9.259812614391558,9.514883467997425,21330.71163542642,52.26928796920693,31.500576030416415,15.642097741807811,52.26582657640101,12651.64610428379,464861.83639742277,436.58971579995705,87.31794315999142,0.0,1697.0
11323645683850948611747701413673897249_eps4_s0,BPI2017_Full,1.0,21.0,,,1.0,178.2,0.568861263108446,0.3324746796021458,0.005957015603488264,0.32028826048635495,8.659691968990956,,8.739486640773247,0.3464545806054957,8.467080835998058,8.737348566006403,23323.830005281434,40.76836278059054,18.235151034023147,11.583320597594138,40.76466552380007,17118.09860769442,469842.7439125452,560.7314210589975,112.1462842117995,0.0,127.0
22082741007259891985774484211114360696_eps4_s0,BPI2017_Full,1.0,21.0,,,1.0,178.2,0.7866405091176852,0.5439012991307652,0.4431914414445977,0.036950856794038124,44.922126590041444,,9.560414499382023,0.3526151918107644,9.299638571403921,9.558571793802548,21238.22738987229,43.820914111402814,23.84061885558767,12.680305175192188,43.817536391795144,15586.756486155675,465276.78471124044,436.58971579995705,87.31794315999142,0.0,1697.0
252336560693540533935881068298825202077_eps0_s0,BPI2019,0.0,3.0,,,914.0,1.0,0.7325082007152899,0.3027209650174557,0.6908856664503096,0.03056517187583262,16.121151014987845,,40.37502197840949,0.5415383115876466,39.97132436601678,40.368723072018476,7448.830861754524,672.2778648122214,247.58376887880732,500.21098172739147,672.2644041682012,591.9613001865202,483072.72546444566,1805.635906527983,361.1271813055966,0.0,504.0451233302268
47482295457342411543800303662309855831_eps0_s0,BPI2019,0.0,3.0,,,914.0,1.0,0.684875199643718,0.1410987460522047,0.6529982251160532,0.10452122823062371,16.215055345965084,,44.355245958000886,0.5283734780037775,43.96219806298613,44.34892942799488,6754.123965577807,390.7368887319928,224.57984209321438,218.71848242800917,390.7233215883956,1354.650272760508,502789.25371775497,1790.0235869259923,358.00471738519843,0.0,90.63803541472507
252336560693540533935881068298825202077_eps1_s0,BPI2019,0.0,7.0,,,914.0,1.0,0.5732039941264232,0.27168637013180874,0.5496447657739848,0.03056517187583262,16.121151014987845,,40.556598738208415,0.5122541405959055,40.15942355080042,40.550182582985144,7416.818204282436,215.51902790861203,33.759263371210544,43.456135927978906,215.50548905320466,6864.014792919819,485888.2197473974,1805.635906527983,361.1271813055966,0.0,504.0451233302268
47482295457342411543800303662309855831_eps1_s0,BPI2019,0.0,7.0,,,914.0,1.0,0.5933168034743563,0.12222686952123549,0.5947332463183626,0.10452122823062371,16.215055345965084,,44.63376986760413,0.5332112248055637,44.23891072880942,44.62743491000729,6717.162791671019,225.82263227658115,110.16968320560409,54.39724713619798,225.80929348659703,5476.981626671731,505241.23791486083,1790.0235869259923,358.00471738519843,0.0,90.63803541472507
252336560693540533935881068298825202077_eps2_s0,BPI2019,0.0,11.0,,,914.0,1.0,0.7088439078775268,0.30645355818437353,0.6949388298822787,0.03056517187583262,16.121151014987845,,42.00204032920301,0.5277137662051246,41.60765549761709,41.99545254821423,7145.305892233648,222.17120679419023,58.89463335340842,49.40766442901222,222.157810127805,6039.975956273425,487451.7859031704,1805.635906527983,361.1271813055966,0.0,504.0451233302268
47482295457342411543800303662309855831_eps2_s0,BPI2019,0.0,11.0,,,914.0,1.0,0.5844269979647219,0.14157438251701066,0.657627686525873,0.10452122823062371,16.215055345965084,,45.43024932061089,0.5258356058038771,45.029105985001664,45.423809359397275,6601.991102819377,231.93449983139288,112.97633725241758,54.39971411342267,231.92133041500347,5456.684894315368,507209.73191938055,1790.0235869259923,358.00471738519843,0.0,90.63803541472507
252336560693540533935881068298825202077_eps3_s0,BPI2019,0.0,15.0,,,914.0,1.0,0.7202822403953951,0.30894473060633726,0.7165346998693056,0.03056517187583262,16.121151014987845,,42.312769131781536,0.508962701598648,41.919712143193465,42.30624673621496,7087.849321459167,226.1979719785857,79.09373631019844,54.76699393301969,226.18428913839162,5430.168628147968,489130.8540699676,1805.635906527983,361.1271813055966,0.0,504.0451233302268
47482295457342411543800303662309855831_eps3_s0,BPI2019,0.0,15.0,,,914.0,1.0,0.6720668437715218,0.13789469596139076,0.6687649047647983,0.10452122823062371,16.215055345965084,,44.801361249608455,0.516585401201155,44.40955412619515,44.795030450203924,6684.66257806154,229.9842537601944,126.41869240319356,56.6108136896044,229.97066328399814,5237.4996790107,509193.7610647708,1790.0235869259923,358.00471738519843,0.0,90.63803541472507
252336560693540533935881068298825202077_eps4_s0,BPI2019,0.0,21.0,,,914.0,1.0,0.7250649585871753,0.3100420652687993,0.7178088912589373,0.03056517187583262,16.121151014987845,,43.22444561998127,0.5232884616008959,42.820549674786164,43.217742181185166,6943.125251470558,236.01469393400475,102.66594529621071,62.87087302299915,236.00035207559122,4723.985181548456,490980.6192979848,1805.635906527983,361.1271813055966,0.0,504.0451233302268
47482295457342411543800303662309855831_eps4_s0,BPI2019,0.0,21.0,,,914.0,1.0,0.6753506845389092,0.1388890176019891,0.668096667906133,0.10452122823062371,16.215055345965084,,45.82182080280036,0.5150623698020353,45.42893615440698,45.815582217788325,6532.583416414822,230.91840325959492,132.83673659299967,57.081268200208434,230.90514567260396,5198.505448623347,511241.30578740063,1790.0235869259923,358.00471738519843,0.0,90.63803541472507
200934189435493509245876840523779924304_eps0_s0,BPI2019,0.025,3.0,,,39.2,23.6,0.6381692101641019,0.13113654320807905,0.5818893690307242,0.1554240916517833,16.535622218973003,,25.242425267607906,0.5305598004022614,24.84794734760653,25.236060920427555,12092.10696033528,381.56370593842587,125.11543775219471,206.23505001342855,381.55063880234957,1447.1902434395647,536851.4714575133,1117.4052842609817,223.48105685219633,0.0,265.0642307692308
252036172554514852379917073716435574953_eps0_s0,BPI2019,0.025,3.0,,,39.2,23.6,0.7061054630850505,0.14599958221683193,0.6560054331105695,0.05873835117584088,15.746217040054034,,27.2433669306105,0.5321371654048562,26.846010003006086,27.2368560868199,11175.721755012875,784.5348743044073,156.76048332918435,610.0220091730007,784.5215774563956,485.94423851031206,520547.9961050722,1096.4705308530247,219.29410617060495,0.0,802.6958974358975
200934189435493509245876840523779924304_eps1_s0,BPI2019,0.025,7.0,,,39.2,23.6,0.5948592023071942,0.12014253251348625,0.6058249293223769,0.1554240916517833,16.535622218973003,,25.19784892636817,0.5273895272286608,24.803719100006855,25.191436718171463,12113.186416393262,213.90975304720922,156.6479073240189,41.05926931302529,213.89654251879546,7274.20781382938,539185.0393333941,1117.4052842609817,223.48105685219633,0.0,265.0642307692308
252036172554514852379917073716435574953_eps1_s0,BPI2019,0.025,7.0,,,39.2,23.6,0.5888651737479238,0.12522011260742585,0.5760059275817928,0.05873835117584088,15.746217040054034,,27.21096172160469,0.5414810355985538,26.8184636911843,27.204439207189715,11195.70936557116,201.59932413019706,56.74900025918614,30.846711355401204,201.58583925339627,9804.156711953347,523430.5044733224,1096.4705308530247,219.29410617060495,0.0,802.6958974358975
200934189435493509245876840523779924304_eps2_s0,BPI2019,0.025,11.0,,,39.2,23.6,0.6172499493167327,0.12553588994458723,0.6020479107663725,0.1554240916517833,16.535622218973003,,25.378616094589233,0.5350943660130725,24.967799360188657,25.37226236378774,12030.339183748476,212.62347557439935,150.47751371199266,39.6818926473381,212.61026223299558,7523.115302888024,541159.6771746433,1117.4052842609817,223.48105685219633,0.0,265.0642307692308
252036172554514852379917073716435574953_eps2_s0,BPI2019,0.025,11.0,,,39.2,23.6,0.5920655970831461,0.14258873054421686,0.6782807772013008,0.05873835117584088,15.746217040054034,,27.54868549259845,0.5461591462022625,27.152903256576973,27.542296611808705,11063.159497078716,202.3192377511994,58.789807682018726,31.217074028158095,202.30567579602356,9591.289023401187,524875.9230811188,1096.4705308530247,219.29410617060495,0.0,802.6958974358975
200934189435493509245876840523779924304_eps3_s0,BPI2019,0.025,15.0,,,39.2,23.6,0.6219637255205519,0.1271483523349199,0.6061784270097729,0.1554240916517833,16.535622218973003,,25.323478340590373,0.5435986940050498,24.91675602181349,25.31697726477869,12038.939325569629,212.63422269080766,158.61043006158434,41.029839000408536,212.62051261144225,7259.225560354353,543130.5492717528,1117.4052842609817,223.48105685219633,0.0,265.0642307692308
252036172554514852379917073716435574953_eps3_s0,BPI2019,0.025,15.0,,,39.2,23.6,0.6829500477335014,0.139504786153348,0.6873203937509271,0.05873835117584088,15.746217040054034,,28.048671456356534,0.5172770066186786,27.650960273598322,28.042160750180482,10840.385316779802,238.77222518359775,138.32827697261237,68.26641648178921,238.7589845865732,4474.58558276865,526654.331175363,1096.4705308530247,219.29410617060495,0.0,802.6958974358975
200934189435493509245876840523779924304_eps4_s0,BPI2019,0.025,21.0,,,39.2,23.6,0.6263719494340545,0.12841982947221614,0.6053269925228573,0.1554240916517833,16.535622218973003,,25.520514763193205,0.5325437381863594,25.111576543981208,25.514147781976497,11973.402513823785,214.02744926325977,156.8025478459662,41.10461558222305,214.01438532897737,7275.770969315893,545111.3327164471,1117.4052842609817,223.48105685219633,0.0,265.0642307692308
252036172554514852379917073716435574953_eps4_s0,BPI2019,0.025,21.0,,,39.2,23.6,0.6914993727421207,0.14170192581148483,0.6868354646533421,0.05873835117584088,15.746217040054034,,28.520483492454513,0.5297074877889827,28.11605896060355,28.513821173203176,10660.070603122998,244.7582982181804,141.01812684903854,71.30528929280118,244.74473686499988,4196.099622007895,528705.4319203994,1096.4705308530247,219.29410617060495,0.0,802.6958974358975
204856358341536816138399558242345199755_eps0_s0,BPI2019,0.1,3.0,,,10.0,92.0,0.6239098201903014,0.12829336600728952,0.5589506848667982,0.185269960938987,16.113087764009833,,24.70242531718686,0.5408257688395679,24.299093946209176,24.69587930261623,12419.882756110994,414.41533208140174,293.695131216594,240.06400979517494,414.40211067860946,1299.0819033495618,574349.2101510096,1162.7099578930065,232.5419915786013,0.0,183.62
31882839497307630496007576300860674457_eps0_s0,BPI2019,0.1,3.0,,,10.0,92.0,0.7027008974831923,0.1452811439645121,0.6615870514566305,0.06286521713104665,16.584009298007004,,27.141151311411523,0.5301103940000758,26.745988835184836,27.134636718803087,11225.22323179415,890.1110714324052,405.17025092039256,711.7454306432046,890.0977639239748,419.99124543653113,555964.5062965623,1197.908241129946,239.5816482259892,0.0,1609.34
204856358341536816138399558242345199755_eps1_s0,BPI2019,0.1,7.0,,,10.0,92.0,0.5999056025109339,0.12207388816756015,0.575282215742298,0.185269960938987,16.113087764009833,,24.88559207760263,0.5270734034013003,24.489262460172178,24.879378811619244,12321.788415863983,216.33727233239915,201.95491126920098,43.76188802900724,216.32382320920004,6886.6032777574555,577277.6212386116,1162.7099578930065,232.5419915786013,0.0,183.62
31882839497307630496007576300860674457_eps1_s0,BPI2019,0.1,7.0,,,10.0,92.0,0.5824792096686113,0.12327610349879006,0.5778119885346721,0.06286521713104665,16.584009298007004,,27.5335609608097,0.5577305924147368,27.12516239399556,27.527193456795068,11064.177354730924,205.6416979952017,62.07554096919485,31.040415133186617,205.6287985074101,9643.6051963746,559566.729886748,1197.908241129946,239.5816482259892,0.0,1609.34
204856358341536816138399558242345199755_eps2_s0,BPI2019,0.1,11.0,,,10.0,92.0,0.6081419730174894,0.12398705670321183,0.5712723505800102,0.185269960938987,16.113087764009833,,24.966581060225145,0.5356418749783188,24.569040538999253,24.960158636583948,12263.95033908679,207.06444944760295,183.26113137057982,37.01526404102333,207.05071495901794,8122.284272284507,579376.7802840451,1162.7099578930065,232.5419915786013,0.0,183.62
31882839497307630496007576300860674457_eps2_s0,BPI2019,0.1,11.0,,,10.0,92.0,0.6004334887049005,0.14459645615645084,0.6728356708703982,0.06286521713104665,16.584009298007004,,27.763108636415563,0.5389387925853952,27.368357208417727,27.7564825697802,10981.275354601334,206.96722114463336,85.79085339000449,32.45356353940442,206.95398396300152,9192.408913692603,561139.7002273647,1197.908241129946,239.5816482259892,0.0,1609.34
204856358341536816138399558242345199755_eps3_s0,BPI2019,0.1,15.0,,,10.0,92.0,0.6105308061465962,0.12489923758461793,0.5748494119271758,0.185269960938987,16.113087764009833,,25.12539279279299,0.53904278120026,24.72413658320438,25.118927699211053,12157.028478528297,229.38391599317546,205.2769215566339,42.40621650358662,229.37046301960945,7038.138898719667,581640.5981169436,1162.7099578930065,232.5419915786013,0.0,183.62
31882839497307630496007576300860674457_eps3_s0,BPI2019,0.1,15.0,,,10.0,92.0,0.6855975915143007,0.14039973100867723,0.6833970433377156,0.06286521713104665,16.584009298007004,,28.28064927603118,0.5330383757594973,27.878331449162214,28.274005782976747,10754.804555485582,251.17972456340212,181.75049443119207,73.5639455169905,251.1660968959797,4031.2682867139265,563150.6818026488,1197.908241129946,239.5816482259892,0.0,1609.34
204856358341536816138399558242345199755_eps4_s0,BPI2019,0.1,21.0,,,10.0,92.0,0.6161937419088757,0.12653443701475273,0.570338294595404,0.185269960938987,16.113087764009833,,25.164323523384518,0.5307333498261869,24.75707582733594,25.1576392095536,12190.080984885595,219.44313869217876,184.0582977714017,43.094002110976724,219.42921780401375,6931.785437115727,583787.0004728872,1162.7099578930065,232.5419915786013,0.0,183.62
31882839497307630496007576300860674457_eps4_s0,BPI2019,0.1,21.0,,,10.0,92.0,0.6912086968656153,0.14166131254698575,0.6850631003864457,0.06286521713104665,16.584009298007004,,28.432967103435658,0.5475625271908939,28.04092361461371,28.42625210303813,10696.913580879444,243.67558925098274,162.42043229059783,67.35075328159147,243.66225968622604,4504.488466638405,565404.1613988848,1197.908241129946,239.5816482259892,0.0,1609.34
142755197448285586864950898907211027337_eps0_s0,BPI2019,0.2,3.0,,,5.0,183.8,0.6210116690457644,0.12760465220367775,0.560997724445534,0.18996054954369943,16.156250079977326,,24.379033689387143,0.5392586806090549,23.978892996208742,24.372504534595645,12552.767249776622,351.367126878351,334.6222875072155,175.2240615884075,351.3533447739668,1716.3029728424997,614372.0875669289,1220.8318771779304,244.16637543558608,0.0,108.8
243648848362029147724904434567477923763_eps0_s0,BPI2019,0.2,3.0,,,5.0,183.8,0.7020542672964634,0.14507176131927021,0.6618791842298689,0.06223027594656342,15.666648854035884,,27.429090205579996,0.5438817235874012,27.025384368980305,27.422450163797475,11127.501031806049,886.8268636172172,388.5235771781998,711.989411449805,886.8132678192342,428.27814944224,594682.7531343082,1221.4763696229784,244.29527392459568,0.0,1597.24
142755197448285586864950898907211027337_eps1_s0,BPI2019,0.2,7.0,,,5.0,183.8,0.6124558008126791,0.12522558962049718,0.5618434769444332,0.18996054954369943,16.156250079977326,,24.65301508398261,0.5350851404247805,24.248043605010025,24.646391285024585,12407.316420172818,228.61569709780161,345.809849899984,53.2678956178017,228.60203611401374,5750.522259235423,617591.841070003,1220.8318771779304,244.16637543558608,0.0,108.8
243648848362029147724904434567477923763_eps1_s0,BPI2019,0.2,7.0,,,5.0,183.8,0.5723457542687042,0.12142169703592498,0.5918048464891934,0.06223027594656342,15.666648854035884,,27.318789094593377,0.5331440153997391,26.922274140384978,27.31236245643813,11145.70265274585,209.29764878321438,107.19489335857797,35.61892426495906,209.28418727039826,8380.797542390454,598476.8260862629,1221.4763696229784,244.29527392459568,0.0,1597.24
142755197448285586864950898907211027337_eps2_s0,BPI2019,0.2,11.0,,,5.0,183.8,0.620490416508524,0.1274730775407845,0.561758252499881,0.18996054954369943,16.156250079977326,,24.509749336610547,0.5363205843605101,24.099339047609828,24.50331770579796,12460.84601467255,217.19239804858807,345.0726262978045,43.51672593662515,217.17825739260297,6957.730334725388,620558.4405977491,1220.8318771779304,244.16637543558608,0.0,108.8
243648848362029147724904434567477923763_eps2_s0,BPI2019,0.2,11.0,,,5.0,183.8,0.578840477359624,0.13830243293494457,0.6677701274156014,0.06223027594656342,15.666648854035884,,27.741903287987224,0.5229912119684741,27.342508267844096,27.73559926203452,10970.853278997396,216.01623986882623,137.2454920133576,40.51949774655513,216.00293857082724,7534.58642445866,600259.6287805294,1221.4763696229784,244.29527392459568,0.0,1597.24
142755197448285586864950898907211027337_eps3_s0,BPI2019,0.2,15.0,,,5.0,183.8,0.6205730192843152,0.12749361011681354,0.5616329074210233,0.18996054954369943,16.156250079977326,,24.690454914188013,0.5479032495757565,24.282090479577892,24.68381105659064,12395.655519688666,220.4050233559683,347.22521558522715,44.22099801641889,220.39196128784678,6865.826757177463,623510.8211881192,1220.8318771779304,244.16637543558608,0.0,108.8
243648848362029147724904434567477923763_eps3_s0,BPI2019,0.2,15.0,,,5.0,183.8,0.689781138343146,0.141412055523994,0.6792597571979774,0.06223027594656342,15.666648854035884,,28.536383819626643,0.5425457471748814,28.135665473202245,28.529709298210218,10672.05537440599,233.49066123839003,235.15455320780165,58.80112973155919,233.47743130316957,5052.803171441361,602502.330184583,1221.4763696229784,244.29527392459568,0.0,1597.24
142755197448285586864950898907211027337_eps4_s0,BPI2019,0.2,21.0,,,5.0,183.8,0.6206213812772381,0.12750861891856288,0.5614226821911057,0.18996054954369943,16.156250079977326,,24.701441596751103,0.5534913846058771,24.281731620780192,24.694653089600614,12404.056612366057,220.02786163301207,346.81691748420707,42.83806045539677,220.014397491212,7104.631738900151,626483.5608050696,1220.8318771779304,244.16637543558608,0.0,108.8
243648848362029147724904434567477923763_eps4_s0,BPI2019,0.2,21.0,,,5.0,183.8,0.6907028319763521,0.14166256985897124,0.6819379374610219,0.06223027594656342,15.666648854035884,,29.01321693980135,0.5296056118095294,28.617197967623362,29.006578516634182,10495.777954933892,241.10798739159947,204.0057027481962,66.73315794060473,241.09391069181729,4450.286409776505,604943.7897749054,1221.4763696229784,244.29527392459568,0.0,1597.24
258208765752992901959170973957564585355_eps0_s0,BPI2019,0.5,3.0,,,2.0,457.6,0.6196063041842073,0.12722578558671266,0.5608997917933751,0.19210495070933079,16.23304686602205,,24.595699240802787,0.5255931608146056,24.200736965006218,24.588894483610055,12429.38901847549,257.97368301441895,345.3782687559957,84.21519529460929,257.959853984369,3898.20938021374,659519.5144786374,1262.244800174958,252.44896003499161,0.0,116.7
94663391914329153046920958885615291360_eps0_s0,BPI2019,0.5,3.0,,,2.0,457.6,0.7017050998218486,0.14530050987020113,0.6613205155615298,0.06257059521869653,16.190039015957154,,27.20488904782105,0.5386237398022786,26.815985823562368,27.1986679547932,11198.324846307756,517.1530987325823,381.9322403729893,341.5597847862402,517.1385142230196,957.0496857525437,636928.6566515984,1272.6914497610414,254.5382899522083,0.0,1411.8
258208765752992901959170973957564585355_eps1_s0,BPI2019,0.5,7.0,,,2.0,457.6,0.6196185032373543,0.12722703073996483,0.5608619103689682,0.19210495070933079,16.23304686602205,,24.705649500782602,0.5409620798192918,24.312691335217096,24.698997725197113,12375.805174205754,218.1527965700021,347.3833316693781,44.552072662999855,218.13876733337528,6951.7125240438345,662560.1570108988,1262.244800174958,252.44896003499161,0.0,116.7
94663391914329153046920958885615291360_eps1_s0,BPI2019,0.5,7.0,,,2.0,457.6,0.5732561081173991,0.12200189754293986,0.5709036440388289,0.06257059521869653,16.190039015957154,,27.69919787601102,0.5239220541901887,27.296266856603324,27.69250314263627,10974.34454732802,248.41341675119475,350.96989303238223,72.6876674505882,248.39941277920735,4290.639719628987,640520.03612504,1272.6914497610414,254.5382899522083,0.0,1411.8
258208765752992901959170973957564585355_eps2_s0,BPI2019,0.5,11.0,,,2.0,457.6,0.6196185032373543,0.12722703073996483,0.5608562985138335,0.19210495070933079,16.23304686602205,,25.351292702602223,0.527466670400463,24.95277364717331,25.34463658002205,12121.98809293462,214.97801090197171,348.33691229242834,39.52032815238927,214.96322210177314,7791.366783482286,665512.3822679238,1262.244800174958,252.44896003499161,0.0,116.7
94663391914329153046920958885615291360_eps2_s0,BPI2019,0.5,11.0,,,2.0,457.6,0.5748049931865342,0.1372698015077005,0.6528773726624146,0.06257059521869653,16.190039015957154,,27.842824240610934,0.5355094013735652,27.44574206301477,27.836348600848577,10926.919117364896,245.75241375516634,366.7430821004324,68.76096000880935,245.73855507459956,4767.3942259765645,643806.4114440635,1272.6914497610414,254.5382899522083,0.0,1411.8
258208765752992901959170973957564585355_eps3_s0,BPI2019,0.5,15.0,,,2.0,457.6,0.6196185032373543,0.12722703073996483,0.5608514342140383,0.19210495070933079,16.23304686602205,,25.045702134817837,0.5411529615987092,24.644994156807662,25.039157228404655,12226.16129222759,216.47978859480935,347.28554506059737,37.68823742079549,216.46626762240194,8200.746307255038,668456.654870613,1262.244800174958,252.44896003499161,0.0,116.7
94663391914329153046920958885615291360_eps3_s0,BPI2019,0.5,15.0,,,2.0,457.6,0.6793065278584228,0.1383406173212753,0.6655779948735134,0.06257059521869653,16.190039015957154,,28.291683981590904,0.5396029176190495,27.89920602098573,28.285192353790627,10741.797023870162,233.00893042734825,360.06312520343346,56.98476996878162,232.99397964938544,5628.162556551777,646857.7907262405,1272.6914497610414,254.5382899522083,0.0,1411.8
258208765752992901959170973957564585355_eps4_s0,BPI2019,0.5,21.0,,,2.0,457.6,0.6196185032373543,0.12722703073996483,0.5608431013148248,0.19210495070933079,16.23304686602205,,24.737324899388476,0.523928360780701,24.332966930978,24.730911984783596,12364.488099294478,214.70774391503073,347.7437193750171,37.06276235638652,214.69401141321288,8372.09230923527,671401.180482321,1262.244800174958,252.44896003499161,0.0,116.7
94663391914329153046920958885615291360_eps4_s0,BPI2019,0.5,21.0,,,2.0,457.6,0.6911858072143072,0.14189644405605611,0.6670384017121587,0.06257059521869653,16.190039015957154,,28.79467443039175,0.5582920401822775,28.404875072976573,28.788001978583633,10549.869354800332,229.21988690779546,347.4582917155931,51.96904394638259,229.20593987160828,6006.6040855601495,649920.3375502992,1272.6914497610414,254.5382899522083,0.0,1411.8
143808228238095277664544419614730890173_eps0_s0,BPI2019,1.0,3.0,,,1.0,915.0,0.7014040721872774,0.14524518304968087,0.6596543247653064,0.06272706922507268,15.9356542279711,,27.256801777589136,0.531992808636278,26.868174951220862,27.250471806619316,11165.691322517365,517.6469635946211,370.27075323036405,341.8109826060245,517.6332576954039,945.2279208591779,681681.2489766415,1259.5949521890143,251.91899043780285,0.0,1235.6
143808228238095277664544419614730890173_eps1_s0,BPI2019,1.0,7.0,,,1.0,915.0,0.5731404318131765,0.12198626999393913,0.5684674646917804,0.06272706922507268,15.9356542279711,,27.885081522818655,0.5297715463908389,27.497586359619163,27.878457077639176,10924.55096217957,253.8861244724365,416.40401838212273,79.31872702261899,253.87132234538439,4012.535109357313,685624.3107988922,1259.5949521890143,251.91899043780285,0.0,1235.6
143808228238095277664544419614730890173_eps2_s0,BPI2019,1.0,11.0,,,1.0,915.0,0.5747125323749283,0.13725628256962538,0.644724862346464,0.06272706922507268,15.9356542279711,,27.482955618808045,0.5281367662129923,27.089805126585997,27.476996506145223,11067.827420514615,242.17284369235858,346.3104440154275,66.47238094138447,242.15873339781538,4797.928942564251,688877.7954798896,1259.5949521890143,251.91899043780285,0.0,1235.6
143808228238095277664544419614730890173_eps3_s0,BPI2019,1.0,15.0,,,1.0,926.0,0.6818011890446638,0.1405318020951219,0.6597916141232044,0.0623908330022921,15.9356542279711,,29.45833854546072,0.5559239210560918,29.056197552999947,29.451683606021106,10266.110246858829,257.7947125294595,421.9985955810407,66.28997328854166,257.7799242945621,4857.418040551625,691243.0118852064,1259.5949521890143,251.91899043780285,0.0,1231.0
200934189435493509245876840523779924304_eps0_s0,EnvPermit,0.0,3.0,,,26.8,1.0,0.8480087863157129,0.4702178778779311,0.8114104482086079,0.046566889907037716,0.0881802230142057,,0.7973450927995145,0.07299375919974409,0.7883359016035684,0.7963272124005016,2049.016408875366,0.8910309989994858,0.8315111658070237,0.8313353580073454,0.8905234372068662,1938.0862093220544,244312.1121825742,4.45117792399833,0.8902355847996659,0.0,128.7017094017094
252036172554514852379917073716435574953_eps0_s0,EnvPermit,0.0,3.0,,,26.8,1.0,0.8634461001547905,0.5122525268566314,0.8257300726713426,0.023547310371231277,0.07716589100891724,,0.8869578379963059,0.07225534440367483,0.8781610978010577,0.8859937112021725,1835.4196024801167,1.0594898182025645,0.864533226803178,1.0005772267992143,1.0589824220049195,1606.5343966599157,244217.05324054143,4.641963101981673,0.9283926203963346,0.0,297.7834757834758
252336560693540533935881068298825202077_eps0_s0,EnvPermit,0.0,3.0,,,26.8,1.0,0.8634461001547905,0.5122525268566314,0.8257300726713426,0.023547310371231277,0.0740048460138496,,0.9646935159980785,0.08526212919969112,0.9552897124085575,0.963606837397674,1682.538553813877,1.1187675105989912,0.9290245126001537,1.057539196399739,1.1180545780051034,1521.1618089279975,244017.1100838292,4.9759198279934935,0.9951839655986987,0.0,297.7834757834758
47482295457342411543800303662309855831_eps0_s0,EnvPermit,0.0,3.0,,,26.8,1.0,0.8634461001547905,0.5122525268566314,0.8257300726713426,0.023547310371231277,0.07886798901017755,,0.958536401600577,0.07301052199909464,0.9495244210062083,0.9574986790015828,1692.8614163488023,1.0817238749994431,0.8777879781962838,1.0199585894064511,1.0812461889931,1576.409701731583,244118.0454709144,3.654313813021872,0.7308627626043744,0.0,297.7834757834758
200934189435493509245876840523779924304_eps1_s0,EnvPermit,0.0,7.0,,,26.8,1.0,0.7081508088794247,0.4401056229536643,0.6638733044404989,0.046566889907037716,0.0881802230142057,,0.7839798327942844,0.07698688780074008,0.7746816616039723,0.7828368612041231,2079.6141204678947,0.8847160657925996,0.8025199107942171,0.8242792439996265,0.8840045674005523,1954.6208290379109,244326.19194209817,4.45117792399833,0.8902355847996659,0.0,128.7017094017094
252036172554514852379917073716435574953_eps1_s0,EnvPermit,0.0,7.0,,,26.8,1.0,0.5798310683591138,0.44593743141180237,0.554983435606778,0.023547310371231277,0.07716589100891724,,0.8986618524068035,0.06906074460130185,0.8897701685898938,0.8975300469959621,1809.5293170518696,0.9075956390064676,0.8243297823879402,0.848388746008277,0.9071309751947411,1898.7861350321346,244232.20410055062,4.641963101981673,0.9283926203963346,0.0,297.7834757834758
252336560693540533935881068298825202077_eps1_s0,EnvPermit,0.0,7.0,,,26.8,1.0,0.5798310683591138,0.44593743141180237,0.554983435606778,0.023547310371231277,0.0740048460138496,,0.9634408330079168,0.08068767520016991,0.9542654733988456,0.962337138003204,1686.2296790808887,1.0126386988034937,0.9076314493955578,0.9525782848068047,1.0121708124002908,1689.6936597165532,244033.3911211104,4.9759198279934935,0.9951839655986987,0.0,297.7834757834758
47482295457342411543800303662309855831_eps1_s0,EnvPermit,0.0,7.0,,,26.8,1.0,0.5798310683591138,0.44593743141180237,0.554983435606778,0.023547310371231277,0.07886798901017755,,0.9433003052137792,0.07228392219985835,0.9352902382030152,0.9423620943969582,1720.7613618517832,1.038917526998557,0.9384413276042324,0.9796917781990487,1.038406367006246,1641.1905559459806,244134.0702757122,3.654313813021872,0.7308627626043744,0.0,297.7834757834758
200934189435493509245876840523779924304_eps2_s0,EnvPermit,0.0,11.0,,,26.8,1.0,0.7419324350569041,0.45070857813497006,0.7451830656417275,0.046566889907037716,0.0881802230142057,,0.7529302250070031,0.08253998639411293,0.7447189391881693,0.7520058143942151,2166.1190360746814,0.8540834051964339,0.901784917205805,0.7910433917946648,0.8536806198011618,2040.5245416642633,244340.06492418243,4.45117792399833,0.8902355847996659,0.0,128.7017094017094
252036172554514852379917073716435574953_eps2_s0,EnvPermit,0.0,11.0,,,26.8,1.0,0.7479381488059116,0.4963740209136719,0.6853957488998558,0.023547310371231277,0.07716589100891724,,0.8636434938001912,0.0705744904000312,0.8550632942002266,0.8626907474070322,1882.049470308785,0.9314247603993863,0.79240023100283,0.8710815411992371,0.9308757278078701,1846.682742205571,244246.65965251383,4.641963101981673,0.9283926203963346,0.0,297.7834757834758
252336560693540533935881068298825202077_eps2_s0,EnvPermit,0.0,11.0,,,26.8,1.0,0.7479381488059116,0.4963740209136719,0.6853957488998558,0.023547310371231277,0.0740048460138496,,0.9796370174037292,0.07347135239979252,0.9699022305954713,0.9782845705980435,1657.8448861529037,1.012590950203594,0.924771091999719,0.9512709400150925,1.0121073933958542,1690.8172263716253,244049.31258859002,4.9759198279934935,0.9951839655986987,0.0,297.7834757834758
47482295457342411543800303662309855831_eps2_s0,EnvPermit,0.0,11.0,,,26.8,1.0,0.7479381488059116,0.4963740209136719,0.6853957488998558,0.023547310371231277,0.07886798901017755,,0.9366473005909939,0.07559531400329433,0.9273628895985894,0.9355256284005009,1733.5957480151526,1.0010859952075406,0.8371289066039026,0.9350597861979623,1.0006204069941305,1722.4518685050484,244149.9019215704,3.654313813021872,0.7308627626043744,0.0,297.7834757834758
200934189435493509245876840523779924304_eps3_s0,EnvPermit,0.0,15.0,,,26.8,1.0,0.8482293286501438,0.4870285842079419,0.7770511641026504,0.046566889907037716,0.0881802230142057,,0.8257621957978699,0.0758852226077579,0.8167700371996034,0.8245595204061829,1971.2791149738755,0.8664990863995626,0.8339756299974397,0.8025422422098927,0.8659248826093972,2006.349248291362,244354.30091059217,4.45117792399833,0.8902355847996659,0.0,128.7017094017094
252036172554514852379917073716435574953_eps3_s0,EnvPermit,0.0,15.0,,,26.8,1.0,0.8641635480671603,0.534117282174223,0.7677368711053527,0.023547310371231277,0.07716589100891724,,0.903237829398131,0.0752439204021357,0.8939520144020208,0.9019699978001882,1801.4972502418332,0.9419081026047934,0.7967699571978301,0.8779798606003169,0.9414467468042858,1831.9332832078112,244261.25640146,4.641963101981673,0.9283926203963346,0.0,297.7834757834758
252336560693540533935881068298825202077_eps3_s0,EnvPermit,0.0,15.0,,,26.8,1.0,0.8641635480671603,0.534117282174223,0.7677368711053527,0.023547310371231277,0.0740048460138496,,0.9797242543951142,0.07209913419792428,0.9709122178028338,0.9787245232029818,1655.1342305682033,1.0271699351957069,0.9235116114025004,0.9625419343996328,1.0267189061967656,1671.8824993652815,244065.31698945578,4.9759198279934935,0.9951839655986987,0.0,297.7834757834758
47482295457342411543800303662309855831_eps3_s0,EnvPermit,0.0,15.0,,,26.8,1.0,0.8641635480671603,0.534117282174223,0.7677368711053527,0.023547310371231277,0.07886798901017755,,0.8566967071907129,0.06540892861085013,0.8476945351925679,0.8557292532001156,1899.583163664145,0.942011980008101,0.811630996997701,0.8796859444119036,0.9415311763994396,1826.788965198652,244164.69938638722,3.654313813021872,0.7308627626043744,0.0,297.7834757834758
200934189435493509245876840523779924304_eps4_s0,EnvPermit,0.0,21.0,,,26.8,1.0,0.8482293286501438,0.4870285842079419,0.810593629830166,0.046566889907037716,0.0881802230142057,,0.7896977762051393,0.0765163175878115,0.7804109743970912,0.7884650595893617,2065.549212834948,0.85501577759278,0.8412497102108318,0.7915797139983625,0.8544601145898923,2033.2343746433821,244368.3037387218,4.45117792399833,0.8902355847996659,0.0,128.7017094017094
252036172554514852379917073716435574953_eps4_s0,EnvPermit,0.0,21.0,,,26.8,1.0,0.8641635480671603,0.534117282174223,0.8271662034340423,0.023547310371231277,0.07716589100891724,,0.9078758288000245,0.08217167659313418,0.8989528722013347,0.9068715802044608,1787.5850345469912,0.9337727544014343,0.8641758889949415,0.8717616056033876,0.9332118042046205,1852.1437785575558,244276.28131795922,4.641963101981673,0.9283926203963346,0.0,297.7834757834758
252336560693540533935881068298825202077_eps4_s0,EnvPermit,0.0,21.0,,,26.8,1.0,0.8641635480671603,0.534117282174223,0.8271662034340423,0.023547310371231277,0.0740048460138496,,0.9968230525963009,0.0725077040027827,0.9878847767948173,0.995564379793359,1628.1405953522374,1.026148634997662,0.9243584841955453,0.9593964177998714,1.0254951099923346,1676.2240398453298,244081.5182242928,4.9759198279934935,0.9951839655986987,0.0,297.7834757834758
47482295457342411543800303662309855831_eps4_s0,EnvPermit,0.0,21.0,,,26.8,1.0,0.8641635480671603,0.534117282174223,0.8271662034340423,0.023547310371231277,0.07886798901017755,,0.9054592833970674,0.0707875196065288,0.8961765085987281,0.9042646641959436,1794.4836375166883,0.9740582783939317,0.8329822014085948,0.908429626392899,0.9735232317994814,1769.5232735599936,244179.57006234498,3.654313813021872,0.7308627626043744,0.0,297.7834757834758
142755197448285586864950898907211027337_eps0_s0,EnvPermit,0.025,3.0,,,26.8,1.0,0.8480087863157129,0.4702178778779311,0.8114104482086079,0.046566889907037716,0.08014816901413724,,0.8022269042034168,0.07737106839776971,0.7929325747943949,0.8010976447956637,2026.3921307400087,0.9020234377880115,0.820351570204366,0.8426097602001391,0.901422381203156,1909.827071522711,244688.38937205038,4.356062381993979,0.8712124763987958,0.0,128.7017094017094
204856358341536816138399558242345199755_eps0_s0,EnvPermit,0.025,3.0,,,26.8,1.0,0.8634461001547905,0.5122525268566314,0.8257300726713426,0.023547310371231277,0.09996905201114714,,0.8591251023928634,0.07446118720108644,0.8498225497954991,0.8579523449996487,1891.8201327731804,1.0233442865894176,0.809064099000534,0.9628253657952882,1.0228840831958224,1669.459045047978,244499.82058772998,3.6015701050055213,0.7203140210011043,0.0,297.7834757834758
243648848362029147724904434567477923763_eps0_s0,EnvPermit,0.025,3.0,,,26.8,1.0,0.8634461001547905,0.5122525268566314,0.8257300726713426,0.023547310371231277,0.07664760001352988,,0.8628574782051146,0.08508363720029592,0.8539174526056741,0.861772811197443,1885.8066109845106,1.077382097998634,0.8450517528050113,1.0192782509955578,1.076797186798649,1578.328178770492,244594.15234406758,3.686812807020033,0.7373625614040066,0.0,297.7834757834758
31882839497307630496007576300860674457_eps0_s0,EnvPermit,0.025,3.0,,,26.8,1.0,0.8634461001547905,0.5122525268566314,0.8257300726713426,0.023547310371231277,0.08449256399762817,,0.8741817872039974,0.08357088959310204,0.8656454144045711,0.8732326452096458,1857.6773853043428,1.0316443819960113,0.8530185778043233,0.9724641170061659,1.0311395958007779,1653.1273211023577,244404.6468253932,3.625307192996843,0.7250614385993686,0.0,297.7834757834758
142755197448285586864950898907211027337_eps1_s0,EnvPermit,0.025,7.0,,,26.8,1.0,0.7081508088794247,0.4401056229536643,0.6638733044404989,0.046566889907037716,0.08014816901413724,,0.8188700924045407,0.07186721939360723,0.8095734878093935,0.8176886906090658,1990.9402227268668,0.8733383444079663,0.8403704005875625,0.8119467120035552,0.8728397754020989,1980.813806118374,244702.5931693682,4.356062381993979,0.8712124763987958,0.0,128.7017094017094
204856358341536816138399558242345199755_eps1_s0,EnvPermit,0.025,7.0,,,26.8,1.0,0.5798310683591138,0.44593743141180237,0.554983435606778,0.023547310371231277,0.09996905201114714,,0.8521148960047867,0.07791084279888309,0.8431767639995087,0.851019456796348,1906.4865435209206,0.9021574875921943,0.8119277868012432,0.8428285506030079,0.901744826999493,1912.9615578624434,244514.4443841368,3.6015701050055213,0.7203140210011043,0.0,297.7834757834758
243648848362029147724904434567477923763_eps1_s0,EnvPermit,0.025,7.0,,,26.8,1.0,0.5798310683591138,0.44593743141180237,0.554983435606778,0.023547310371231277,0.07664760001352988,,0.8528222029912286,0.067414990614634,0.8436441128025762,0.8517744858050719,1906.6949565545322,0.9260729763947892,0.7977838766004425,0.8674983808072284,0.9255301932105795,1855.1016130261473,244608.897648688,3.686812807020033,0.7373625614040066,0.0,297.7834757834758
31882839497307630496007576300860674457_eps1_s0,EnvPermit,0.025,7.0,,,26.8,1.0,0.5798310683591138,0.44593743141180237,0.554983435606778,0.023547310371231277,0.08449256399762817,,0.8589400948025286,0.07202598539879546,0.8500290795927867,0.8579753408033867,1891.721003697751,0.9313433072005864,0.8290830858051776,0.8677724509965629,0.9308947481913492,1852.6128606962707,244419.49470082382,3.625307192996843,0.7250614385993686,0.0,297.7834757834758
142755197448285586864950898907211027337_eps2_s0,EnvPermit,0.025,11.0,,,26.8,1.0,0.7419324350569041,0.45070857813497006,0.7451830656417275,0.046566889907037716,0.08014816901413724,,0.8345796833978966,0.07565963660017587,0.8253507643996272,0.8332367480034009,1947.9413928222198,0.8695647805929184,0.8516973716090434,0.8093414381961338,0.8690890715923161,1988.1938792806225,244716.7712793448,4.356062381993979,0.8712124763987958,0.0,128.7017094017094
204856358341536816138399558242345199755_eps2_s0,EnvPermit,0.025,11.0,,,26.8,1.0,0.7479381488059116,0.4963740209136719,0.6853957488998558,0.023547310371231277,0.09996905201114714,,0.8308263038052246,0.07452931759762578,0.8221950195962563,0.8299377895891666,1960.8809299439313,0.8800027741934173,0.7911152084066998,0.8166046431986616,0.8793625107966363,1969.6940076657254,244528.7445455966,3.6015701050055213,0.7203140210011043,0.0,297.7834757834758
243648848362029147724904434567477923763_eps2_s0,EnvPermit,0.025,11.0,,,26.8,1.0,0.7479381488059116,0.4963740209136719,0.6853957488998558,0.023547310371231277,0.07664760001352988,,0.8507211198098957,0.0752790366008412,0.8417735791939777,0.8497041093942244,1910.0438029486472,0.91230174099328,0.8148930732102599,0.852236116991844,0.9117741946072784,1889.7966900594063,244623.2979768042,3.686812807020033,0.7373625614040066,0.0,297.7834757834758
31882839497307630496007576300860674457_eps2_s0,EnvPermit,0.025,11.0,,,26.8,1.0,0.7479381488059116,0.4963740209136719,0.6853957488998558,0.023547310371231277,0.08449256399762817,,0.8723920074000489,0.07005031980806961,0.8631390829919837,0.871338393597398,1862.7952798492315,0.9461552808061242,0.8308512377960142,0.8832017475971952,0.9455912515986711,1824.4721382136995,244434.1748121622,3.625307192996843,0.7250614385993686,0.0,297.7834757834758
142755197448285586864950898907211027337_eps3_s0,EnvPermit,0.025,15.0,,,26.8,1.0,0.8482293286501438,0.4870285842079419,0.7770511641026504,0.046566889907037716,0.08014816901413724,,0.798756391601637,0.08133337299805135,0.7898126178013627,0.7976427919929847,2038.8917238313734,0.8539708234078717,0.8549133993976283,0.7941079700074625,0.85354500519461,2025.9467940986422,244730.9329175842,4.356062381993979,0.8712124763987958,0.0,128.7017094017094
204856358341536816138399558242345199755_eps3_s0,EnvPermit,0.025,15.0,,,26.8,1.0,0.8641635480671603,0.534117282174223,0.7677368711053527,0.023547310371231277,0.09996905201114714,,0.8341008985997178,0.07196516420226544,0.8250800079898909,0.8330943905864843,1948.9983667611941,0.8960961617878638,0.802411929203663,0.837164581991965,0.8955249047896359,1921.132756533349,244542.7773378634,3.6015701050055213,0.7203140210011043,0.0,297.7834757834758
243648848362029147724904434567477923763_eps3_s0,EnvPermit,0.025,15.0,,,26.8,1.0,0.8641635480671603,0.534117282174223,0.7677368711053527,0.023547310371231277,0.07664760001352988,,0.8869273512042127,0.06984921459807084,0.8778547083900776,0.8857816325908061,1831.3525382771343,0.9188063533918467,0.8269344970060046,0.8585552793927491,0.9183396659966092,1873.4323147640825,244637.8844711964,3.686812807020033,0.7373625614040066,0.0,297.7834757834758
31882839497307630496007576300860674457_eps3_s0,EnvPermit,0.025,15.0,,,26.8,1.0,0.8641635480671603,0.534117282174223,0.7677368711053527,0.023547310371231277,0.08449256399762817,,0.8815113395976368,0.07849053280078806,0.8729654016089625,0.8805193220090587,1842.3716067010926,0.9051630136091262,0.8135655283927917,0.8414559400000143,0.9046852923987899,1910.6546030873233,244448.9634186066,3.625307192996843,0.7250614385993686,0.0,297.7834757834758
142755197448285586864950898907211027337_eps4_s0,EnvPermit,0.025,21.0,,,26.8,1.0,0.8482293286501438,0.4870285842079419,0.810593629830166,0.046566889907037716,0.08014816901413724,,0.8049117930000648,0.07034241159562953,0.7961670396092814,0.8039187964051961,2019.6891413030994,0.8846524684107863,0.8123049118032213,0.8225923913996667,0.884000434592599,1954.6364848403264,244745.07503861102,4.356062381993979,0.8712124763987958,0.0,128.7017094017094
204856358341536816138399558242345199755_eps4_s0,EnvPermit,0.025,21.0,,,26.8,1.0,0.8641635480671603,0.534117282174223,0.8271662034340423,0.023547310371231277,0.09996905201114714,,0.8713371904043015,0.07418954079621472,0.8623439054004848,0.8702392306004185,1863.658653900425,0.936031612206716,0.8312596387928352,0.874135285394732,0.9354583751934115,1839.296928417459,244557.32374192943,3.6015701050055213,0.7203140210011043,0.0,297.7834757834758
243648848362029147724904434567477923763_eps4_s0,EnvPermit,0.025,21.0,,,26.8,1.0,0.8641635480671603,0.534117282174223,0.8271662034340423,0.023547310371231277,0.07664760001352988,,0.8775875132007058,0.06913284180336632,0.8686647713941056,0.8765828752017114,1855.3370132601272,0.9293136871943716,0.8725253824086394,0.8689541264087893,0.9289012674009427,1851.887715897182,244652.6097823618,3.686812807020033,0.7373625614040066,0.0,297.7834757834758
31882839497307630496007576300860674457_eps4_s0,EnvPermit,0.025,21.0,,,26.8,1.0,0.8641635480671603,0.534117282174223,0.8271662034340423,0.023547310371231277,0.08449256399762817,,0.8691091854008846,0.0719621081952937,0.8597721120051574,0.8679747988062445,1871.6702641429933,0.934860419598408,0.8053054418007377,0.8715681845962535,0.9344085838005413,1843.9184259850342,244463.409214218,3.625307192996843,0.7250614385993686,0.0,297.7834757834758
143808228238095277664544419614730890173_eps0_s0,EnvPermit,0.1,3.0,,,9.0,3.0,0.8390315789812437,0.4912300767184655,0.8080250586801077,0.02192917458191132,0.08995753101771697,,0.8187491971999407,0.07131900920066983,0.809529351600213,0.817584740195889,1987.9459329005317,0.8894373629940674,0.8446238856005948,0.83041328000254,0.888951097795507,1944.849970105585,244974.027172269,4.399560758000007,0.8799121516000014,0.0,383.35555555555555
258208765752992901959170973957564585355_eps0_s0,EnvPermit,0.1,3.0,,,9.0,3.0,0.8422513042661329,0.5135679568450766,0.8110202608070509,0.01549029414004947,0.08003088901750743,,0.8707625318027568,0.07210108999279327,0.8614546231983695,0.8697712421941105,1867.7546082981935,1.0566373766050674,0.8305299357976764,0.9976249467930757,1.0561097822035663,1612.0016498905559,244880.0420701232,3.7465117709944025,0.7493023541988805,0.0,855.6666666666666
73267476325277510937415020325069564022_eps0_s0,EnvPermit,0.1,3.0,,,9.0,3.0,0.8081860238185806,0.39000287211530765,0.7370820665293756,0.06181991140810387,0.07701215401175432,,0.7890407425933518,0.07474697480211034,0.7800920648034662,0.7880404919967987,2075.046379387632,0.8456160717934835,0.8139404923946131,0.783760585001437,0.8451407612010371,2059.385875893615,245065.355584545,4.137140951002948,0.8274281902005896,0.0,157.0888888888889
94663391914329153046920958885615291360_eps0_s0,EnvPermit,0.1,3.0,,,9.0,3.0,0.8422513042661329,0.5135679568450766,0.8110202608070509,0.01549029414004947,0.07622104298206978,,0.9114849560020957,0.08713787680026144,0.9023966066015419,0.9104207274038345,1781.9157431808676,1.0638078374031466,0.876723736996064,1.0046367336064577,1.0633339321997481,1600.2883066758507,244781.28988729982,3.7991897860192694,0.7598379572038538,0.0,855.6666666666666
143808228238095277664544419614730890173_eps1_s0,EnvPermit,0.1,7.0,,,9.0,3.0,0.6175357042363179,0.42382876516657103,0.5830384898208967,0.02192917458191132,0.08995753101771697,,0.8170909242006019,0.07129867199691944,0.8083038336073514,0.8160839175980072,1997.4495750123915,0.8737139936129097,0.8585157417983282,0.8153639542055316,0.8731293395918328,1974.729335297971,244988.28973738238,4.399560758000007,0.8799121516000014,0.0,383.35555555555555
258208765752992901959170973957564585355_eps1_s0,EnvPermit,0.1,7.0,,,9.0,3.0,0.5604115909965921,0.41407096754242384,0.5215483023065106,0.01549029414004947,0.08003088901750743,,0.8909341711958405,0.07987656540935859,0.8831717071996537,0.8899731060024351,1819.724212681111,0.9114486230071634,0.8291903193923644,0.8507103599898983,0.9109197424026206,1889.76171458606,244894.850121882,3.7465117709944025,0.7493023541988805,0.0,855.6666666666666
73267476325277510937415020325069564022_eps1_s0,EnvPermit,0.1,7.0,,,9.0,3.0,0.8156462770546214,0.3930078705831861,0.6980829585969646,0.06181991140810387,0.07701215401175432,,0.7694491633912548,0.07303203860064969,0.7601192992064171,0.7682181190059054,2114.7524931088983,0.8140730065992102,0.8065673365956172,0.7544520252035,0.8135945149988402,2130.3310198792124,245078.8827511968,4.137140951002948,0.8274281902005896,0.0,157.0888888888889
94663391914329153046920958885615291360_eps1_s0,EnvPermit,0.1,7.0,,,9.0,3.0,0.5604115909965921,0.41407096754242384,0.5215483023065106,0.01549029414004947,0.07622104298206978,,0.902779512212146,0.08526954079861752,0.8933396069973242,0.9016670509940014,1801.5259328322045,0.9639490475994534,0.8822259217966348,0.9043182981957216,0.9634040864009876,1777.4981687551121,244796.87444051664,3.7991897860192694,0.7598379572038538,0.0,855.6666666666666
143808228238095277664544419614730890173_eps2_s0,EnvPermit,0.1,11.0,,,9.0,3.0,0.6430452609516635,0.45501826841750875,0.6593500670629038,0.02192917458191132,0.08995753101771697,,0.8137024126015604,0.07882676719455048,0.8041719681990799,0.8124656817992217,1999.7352330042054,0.8852279242011718,0.8392485224001576,0.8232349110010546,0.8847311228106264,1952.3550192972884,245002.4032673884,4.399560758000007,0.8799121516000014,0.0,383.35555555555555
258208765752992901959170973957564585355_eps2_s0,EnvPermit,0.1,11.0,,,9.0,3.0,0.664040216425337,0.500586139176369,0.6200013910844236,0.01549029414004947,0.08003088901750743,,0.878234229789814,0.07671807500883006,0.8691305401967838,0.8771424347942229,1848.7457812656098,0.946327146195108,0.8250466872006654,0.8866511011961847,0.9458655119989998,1813.2614437662924,244909.56033910002,3.7465117709944025,0.7493023541988805,0.0,855.6666666666666
73267476325277510937415020325069564022_eps2_s0,EnvPermit,0.1,11.0,,,9.0,3.0,0.830081810675843,0.3974450191548303,0.7942095196530261,0.06181991140810387,0.07701215401175432,,0.7795406765886582,0.07402694000047631,0.7709361275949049,0.7784165355958976,2101.757309969723,0.8389918528031558,0.8236009491840377,0.7755452867946587,0.8384687742043753,2072.2803797131974,245092.49442492743,4.137140951002948,0.8274281902005896,0.0,157.0888888888889
94663391914329153046920958885615291360_eps2_s0,EnvPermit,0.1,11.0,,,9.0,3.0,0.664040216425337,0.500586139176369,0.6200013910844236,0.01549029414004947,0.07622104298206978,,0.9261973196000326,0.08242891120025889,0.9173058208019939,0.9251169495983049,1753.3982220904923,0.9319481444021221,0.8591699106036685,0.8705883692018688,0.931425425800262,1847.3569500621652,244812.00872739722,3.7991897860192694,0.7598379572038538,0.0,855.6666666666666
143808228238095277664544419614730890173_eps3_s0,EnvPermit,0.1,15.0,,,9.0,3.0,0.8654028328462748,0.5026491037747108,0.7934294380026446,0.02192917458191132,0.08995753101771697,,0.792398164793849,0.07778063620789907,0.7832981544022914,0.7912780856073368,2052.705922295159,0.8918744646070991,0.842372992192395,0.8286540782020893,0.8912535834009759,1940.6765444784207,245016.60649483302,4.399560758000007,0.8799121516000014,0.0,383.35555555555555
258208765752992901959170973957564585355_eps3_s0,EnvPermit,0.1,15.0,,,9.0,3.0,0.8678727446394243,0.5355553109512492,0.7704465688319897,0.01549029414004947,0.08003088901750743,,0.8786381718004123,0.06544355560326949,0.8692297397996299,0.8774819654005114,1848.7867179410725,0.9150840522139333,0.8330794215959031,0.8550406027992722,0.9145291197986808,1881.3483486549444,244924.24305370738,3.7465117709944025,0.7493023541988805,0.0,855.6666666666666
73267476325277510937415020325069564022_eps3_s0,EnvPermit,0.1,15.0,,,9.0,3.0,0.830081810675843,0.3974450191548303,0.7942265624112621,0.06181991140810387,0.07701215401175432,,0.793030541803455,0.07252935079741292,0.7844468554016203,0.7919779414078221,2051.899802140767,0.825340737804072,0.847746114403708,0.7639997598074842,0.8247388284071349,2105.257483377033,245106.3297556826,4.137140951002948,0.8274281902005896,0.0,157.0888888888889
94663391914329153046920958885615291360_eps3_s0,EnvPermit,0.1,15.0,,,9.0,3.0,0.8678727446394243,0.5355553109512492,0.7704465688319897,0.01549029414004947,0.07622104298206978,,0.9026709244062658,0.07430732799693943,0.8935452721954789,0.9015124595956877,1798.6816665476938,0.9457629823940806,0.912605349405203,0.8836113476078026,0.945345803006785,1819.7127810759134,244827.262568033,3.7991897860192694,0.7598379572038538,0.0,855.6666666666666
143808228238095277664544419614730890173_eps4_s0,EnvPermit,0.1,21.0,,,9.0,3.0,0.8654028328462748,0.5026491037747108,0.8270214912945877,0.02192917458191132,0.08995753101771697,,0.8380985897965729,0.08174416539259255,0.8289474783989135,0.8369286425993778,1944.0541408517943,0.8835761321999598,0.864106868795352,0.8214331644005142,0.8830368793976959,1963.3933700883367,245030.99668862863,4.399560758000007,0.8799121516000014,0.0,383.35555555555555
258208765752992901959170973957564585355_eps4_s0,EnvPermit,0.1,21.0,,,9.0,3.0,0.8678727446394243,0.5355553109512492,0.8298720767931809,0.01549029414004947,0.08003088901750743,,0.8740650995983742,0.08101729580084793,0.8652530968014617,0.8731438421935309,1859.5931176061943,0.9272183697903529,0.7965150856063701,0.8661198929941747,0.9267894546035678,1857.2429216652029,244938.907044636,3.7465117709944025,0.7493023541988805,0.0,855.6666666666666
73267476325277510937415020325069564022_eps4_s0,EnvPermit,0.1,21.0,,,9.0,3.0,0.830081810675843,0.3974450191548303,0.7942250687146617,0.06181991140810387,0.07701215401175432,,0.7978706812078599,0.08233020618790761,0.7880659827962517,0.7965731334057636,2043.142429249959,0.8472095553996042,0.8124615964014084,0.7845615055994131,0.8467895400011912,2050.815045739378,245120.10051462642,4.137140951002948,0.8274281902005896,0.0,157.0888888888889
94663391914329153046920958885615291360_eps4_s0,EnvPermit,0.1,21.0,,,9.0,3.0,0.8678727446394243,0.5355553109512492,0.8298720767931809,0.01549029414004947,0.07622104298206978,,0.9060233972035349,0.07384692198829726,0.896822782990057,0.9049164137977641,1792.4957890302096,0.9669315381906927,0.8752157330047339,0.9024870747933165,0.9663486467965413,1781.0483292355925,244842.6400494956,3.7991897860192694,0.7598379572038538,0.0,855.6666666666666
122154352235324958585344058181015187729_eps0_s0,EnvPermit,0.2,3.0,,,5.0,6.0,0.8447461011032009,0.5359327023848073,0.8131935337495733,0.012506755679153308,0.0795472250028979,,0.8851567228033673,0.0734871365944855,0.8767760329938028,0.8842386944044847,1833.3913495107704,1.0500646942004095,0.8184158525895328,0.9903958778071683,1.04953076459351,1624.142976492954,245254.04509685579,4.560763578017941,0.9121527156035881,0.0,1504.92
156334184650786485978347865448030139775_eps0_s0,EnvPermit,0.2,3.0,,,5.0,6.0,0.7953799241564923,0.3715802065254079,0.7575595138384091,0.07850018332434293,0.08775159399374388,,0.7570688223990146,0.07538507879944518,0.7477700549934525,0.756038239999907,2149.0372968741285,0.8686147124040872,0.7916388287965674,0.8098019047931302,0.8682072383933701,1985.9051398229647,245437.3896470822,4.199417491006898,0.8398834982013795,0.0,232.84
34780355639312979015160389762850482787_eps0_s0,EnvPermit,0.2,3.0,,,5.0,6.0,0.8447461011032009,0.5359327023848073,0.8131935337495733,0.012506755679153308,0.07842874398920685,,0.8914637881855014,0.08187220561085269,0.8826165392005351,0.8905608795990702,1822.1648183595505,1.0222957252000924,0.8274316997965798,0.9627562997979112,1.0216722971992567,1669.8816506405535,245156.9534910204,4.747870488994522,0.9495740977989044,0.0,1504.92
90011785275173713563502736162933793811_eps0_s0,EnvPermit,0.2,3.0,,,5.0,6.0,0.8386679156234264,0.5114441796744749,0.8066334084831505,0.023536704941897777,0.07842433400219306,,0.7975559174024965,0.07147240819758735,0.7884900831966661,0.7965741832042113,2043.5834806649789,0.8714853692043107,0.8247846197977197,0.8096022855956108,0.871043875196483,1986.2909515127917,245346.46121498657,3.2978661109809764,0.6595732221961953,0.0,431.91999999999996
122154352235324958585344058181015187729_eps1_s0,EnvPermit,0.2,7.0,,,5.0,6.0,0.5627692072362807,0.4432637621866746,0.5241571593636769,0.012506755679153308,0.0795472250028979,,0.86883069560281,0.0750831540033687,0.8602642503974494,0.8679609808023088,1869.2800577300677,0.9069544245954603,0.7845129038090818,0.8433280318044126,0.9063138718076515,1905.6542086596196,245268.73590496718,4.560763578017941,0.9121527156035881,0.0,1504.92
156334184650786485978347865448030139775_eps1_s0,EnvPermit,0.2,7.0,,,5.0,6.0,0.7427864322695295,0.3561485191179088,0.6955479939088292,0.07850018332434293,0.08775159399374388,,0.7547417020017747,0.06690953900106252,0.7453589304059278,0.7533314011932817,2156.9479461954156,0.8336474462063052,0.7801406774029601,0.7733013586024754,0.8332282386021689,2093.6758312714182,245450.8684781362,4.199417491006898,0.8398834982013795,0.0,232.84
34780355639312979015160389762850482787_eps1_s0,EnvPermit,0.2,7.0,,,5.0,6.0,0.5627692072362807,0.4432637621866746,0.5241571593636769,0.012506755679153308,0.07842874398920685,,0.9001636678120122,0.0715813641960267,0.8910525791987312,0.8988951089966577,1805.6125304729362,0.9229378033953253,0.8478094213991426,0.8626664098002947,0.9224366467969958,1864.7398044436977,245171.91110926,4.747870488994522,0.9495740977989044,0.0,1504.92
90011785275173713563502736162933793811_eps1_s0,EnvPermit,0.2,7.0,,,5.0,6.0,0.6790781964593291,0.4703866454530906,0.6347676986393899,0.023536704941897777,0.07842433400219306,,0.8045874795992859,0.06451918300008401,0.7950212647963781,0.803396808198886,2023.7945014391862,0.8691959507996216,0.8218778173904866,0.8084667811985128,0.8685253283998463,1992.9491364918697,245360.5285576242,3.2978661109809764,0.6595732221961953,0.0,431.91999999999996
122154352235324958585344058181015187729_eps2_s0,EnvPermit,0.2,11.0,,,5.0,6.0,0.6646750017641158,0.5218823530432175,0.6218960269490814,0.012506755679153308,0.0795472250028979,,0.8670279827958438,0.07540343960281462,0.8580344784073531,0.8658102251996752,1874.2863926571667,0.9010094840021339,0.816127903398592,0.8414193431963213,0.9005090283986646,1912.2059770958786,245283.1125546344,4.560763578017941,0.9121527156035881,0.0,1504.92
156334184650786485978347865448030139775_eps2_s0,EnvPermit,0.2,11.0,,,5.0,6.0,0.8087051498199613,0.3767236897140752,0.7728098870351461,0.07850018332434293,0.08775159399374388,,0.7562302729988005,0.06606101298821158,0.7466869464027696,0.7548077446001116,2157.999147982414,0.8739152763970196,0.7904280199902132,0.8122582864016294,0.8735001055989414,1983.0610942337262,245464.3343123962,4.199417491006898,0.8398834982013795,0.0,232.84
34780355639312979015160389762850482787_eps2_s0,EnvPermit,0.2,11.0,,,5.0,6.0,0.6646750017641158,0.5218823530432175,0.6218960269490814,0.012506755679153308,0.07842874398920685,,0.8901003856037277,0.07752987619605847,0.8809885915892665,0.888929860596545,1824.4142812291302,0.9419446425978094,0.8519139778101816,0.8804510969959665,0.9413789594022092,1826.0595431250156,245186.93164998697,4.747870488994522,0.9495740977989044,0.0,1504.92
90011785275173713563502736162933793811_eps2_s0,EnvPermit,0.2,11.0,,,5.0,6.0,0.6426845833042717,0.48077714160461954,0.6813684140576453,0.023536704941897777,0.07842433400219306,,0.840676187997451,0.08008972500683739,0.8314404922071844,0.83956514900201,1933.4634225059744,0.8904216074035503,0.8477612599905114,0.830242003389867,0.8898732160043437,1936.3276527494083,245374.83402008042,3.2978661109809764,0.6595732221961953,0.0,431.91999999999996
122154352235324958585344058181015187729_eps3_s0,EnvPermit,0.2,15.0,,,5.0,6.0,0.8693778375045944,0.5597338395176618,0.772667158974144,0.012506755679153308,0.0795472250028979,,0.8586614927975461,0.07797970060491935,0.8498230556026101,0.8577415163978003,1891.8914110622475,0.9259536493977066,0.8024926298006904,0.8634567130007781,0.9255283952050377,1861.7703842506648,245297.6318699788,4.560763578017941,0.9121527156035881,0.0,1504.92
156334184650786485978347865448030139775_eps3_s0,EnvPermit,0.2,15.0,,,5.0,6.0,0.8087051498199613,0.3767236897140752,0.7728023099196644,0.07850018332434293,0.08775159399374388,,0.7538277244020719,0.07219956719782203,0.7445566233887803,0.7525506737991237,2163.3907896057854,0.8087993470020592,0.7924992766056675,0.7435693771985825,0.8084050379926339,2161.584543636633,245477.76827961317,4.199417491006898,0.8398834982013795,0.0,232.84
34780355639312979015160389762850482787_eps3_s0,EnvPermit,0.2,15.0,,,5.0,6.0,0.8693778375045944,0.5597338395176618,0.772667158974144,0.012506755679153308,0.07842874398920685,,0.8905682595912368,0.07559984599938616,0.8813614418031648,0.889457855996443,1824.399333547684,0.9388586773944553,0.8609737876045983,0.8769974252034445,0.9383671788033098,1836.294348847648,245201.93609931058,4.747870488994522,0.9495740977989044,0.0,1504.92
90011785275173713563502736162933793811_eps3_s0,EnvPermit,0.2,15.0,,,5.0,6.0,0.8651636618817508,0.5284418007399376,0.7910502533393667,0.023536704941897777,0.07842433400219306,,0.8205660448002163,0.07963926419615745,0.8115777985949535,0.8193704999983311,1984.6386909460227,0.8644129022024571,0.8273823661904316,0.803883063403191,0.8639807700004895,2003.0572723196601,245389.1652411384,3.2978661109809764,0.6595732221961953,0.0,431.91999999999996
122154352235324958585344058181015187729_eps4_s0,EnvPermit,0.2,21.0,,,5.0,6.0,0.8694993441874621,0.5597687801186402,0.8321134854412836,0.012506755679153308,0.0795472250028979,,0.8833301536040381,0.07996281398809515,0.8739299166016281,0.8821623439958785,1839.1570626542373,0.9553596456011292,0.8124489537964109,0.893465552595444,0.9548891190090216,1800.5317087496246,245312.2468753832,4.560763578017941,0.9121527156035881,0.0,1504.92
156334184650786485978347865448030139775_eps4_s0,EnvPermit,0.2,21.0,,,5.0,6.0,0.8087051498199613,0.3767236897140752,0.7728003417547321,0.07850018332434293,0.08775159399374388,,0.7786070343921893,0.06903303620056249,0.7698815007926896,0.7776270540023689,2097.9999618392153,0.83463491020957,0.8348655533976853,0.7727481808105949,0.8341974283976015,2087.174097651291,245491.4379416864,4.199417491006898,0.8398834982013795,0.0,232.84
34780355639312979015160389762850482787_eps4_s0,EnvPermit,0.2,21.0,,,5.0,6.0,0.8694993441874621,0.5597687801186402,0.8321134854412836,0.012506755679153308,0.07842874398920685,,0.9010651805903762,0.08331137140630744,0.8922470632009208,0.900015001394786,1802.2553092066926,0.927927976596402,0.8093379981990438,0.8634477049985435,0.9273689154011663,1862.957683603677,245216.7739822218,4.747870488994522,0.9495740977989044,0.0,1504.92
90011785275173713563502736162933793811_eps4_s0,EnvPermit,0.2,21.0,,,5.0,6.0,0.8651636618817508,0.5284418007399376,0.8246073471771341,0.023536704941897777,0.07842433400219306,,0.8229038862045854,0.08042690259753726,0.8139923729992006,0.8217998212086968,1974.8543998985206,0.8646921614010352,0.8066368576022797,0.8031159557926003,0.8642028918082361,2004.54465982933,245403.4551744146,3.2978661109809764,0.6595732221961953,0.0,431.91999999999996
301303615634958901188516497625374252338_eps0_s0,EnvPermit,0.5,3.0,,,2.0,14.0,0.794991079482385,0.46733419677844895,0.73414489681441,0.025913508267752378,0.07809974902193062,,0.8121118642040528,0.08386836319696159,0.8029546879988629,0.8111273543909192,2009.3116513475252,0.861551256797975,0.8289063667994924,0.8018338850000873,0.8610824008006602,2005.7931300578252,245717.1455937502,3.4704134310013615,0.6940826862002722,0.0,654.0
313840851390597435954673044863649726085_eps0_s0,EnvPermit,0.5,3.0,,,2.0,14.0,0.8049091453143757,0.5325771583899117,0.7450526449737723,0.009538585787621493,0.07825980498455465,,0.8667698392062448,0.07500633819727227,0.8584708553971723,0.8658079204033129,1873.2653887834222,1.0350729543948547,0.8474885397998151,0.9759480488079134,1.0345946232031564,1648.0545733302897,245529.70441516917,4.860161155986134,0.9720322311972268,0.0,3667.9
65432415834605434134577897559624831681_eps0_s0,EnvPermit,0.5,3.0,,,2.0,14.0,0.723771799074646,0.2429636102618015,0.6742912644675474,0.10906043814241925,0.07693443901371211,,0.8169462717953138,0.06823302680277266,0.8084242847980931,0.816008676594356,1994.6455467471594,0.8585228007985279,0.8230810252018272,0.7999297406000551,0.8580544512020424,2008.8922011592028,245808.23549185164,4.076816143002361,0.8153632286004722,0.0,361.4
99763397547193254507486301054948581651_eps0_s0,EnvPermit,0.5,3.0,,,2.0,14.0,0.8049091453143757,0.5325771583899117,0.7450526449737723,0.009538585787621493,0.07955593100632541,,0.84153715139837,0.07923334820079617,0.8331543445994611,0.8407701943942811,1930.1918946149224,1.018897229002323,0.8160636027983855,0.960234526405111,1.0184169773943723,1674.0745213238806,245626.28507843,4.849152418988524,0.9698304837977048,0.0,3667.9
301303615634958901188516497625374252338_eps1_s0,EnvPermit,0.5,7.0,,,2.0,14.0,0.7059786500971219,0.44328209091246196,0.6574518155263112,0.025913508267752378,0.07809974902193062,,0.8085299178026617,0.07926366000901908,0.7994143227988388,0.8074570708035026,2010.001905826454,0.8667556238011457,0.7980684604088311,0.8062420608010143,0.8663064568012487,1993.4631022121534,245731.2260518684,3.4704134310013615,0.6940826862002722,0.0,654.0
313840851390597435954673044863649726085_eps1_s0,EnvPermit,0.5,7.0,,,2.0,14.0,0.5557232241825731,0.41157833144435096,0.5038298799814929,0.009538585787621493,0.07825980498455465,,0.8449749943916686,0.07527546060155146,0.8359386091935448,0.84386567499605,1931.543934088267,0.8947933788003866,0.8232221810030751,0.8367278733989224,0.8942874944012147,1927.0057160420529,245544.5250896262,4.860161155986134,0.9720322311972268,0.0,3667.9
65432415834605434134577897559624831681_eps1_s0,EnvPermit,0.5,7.0,,,2.0,14.0,0.7763904642361626,0.2596940313395423,0.7125224808156876,0.10906043814241925,0.07693443901371211,,0.7453867516014725,0.07696514419512823,0.7360224556003232,0.7442259180010297,2210.0730497404247,0.841710611997405,0.8351798948016949,0.7788332113996148,0.841186218598159,2081.1377844972885,245822.10407381342,4.076816143002361,0.8153632286004722,0.0,361.4
99763397547193254507486301054948581651_eps1_s0,EnvPermit,0.5,7.0,,,2.0,14.0,0.5557232241825731,0.41157833144435096,0.5038298799814929,0.009538585787621493,0.07955593100632541,,0.7961286270001438,0.07799437379580923,0.786779749195557,0.7950593889981974,2048.667274394164,0.9206736931984778,0.8089237152016722,0.8613504013919737,0.9201353607932106,1866.183069494386,245640.8292568918,4.849152418988524,0.9698304837977048,0.0,3667.9
301303615634958901188516497625374252338_eps2_s0,EnvPermit,0.5,11.0,,,2.0,14.0,0.724603924576548,0.44865176169157783,0.7374887802385242,0.025913508267752378,0.07809974902193062,,0.8401757555897348,0.0823094136081636,0.8310217184014619,0.8390311416063924,1944.8562659746626,0.9144382067897823,0.8088250078028068,0.8506679048005026,0.9138913880044128,1891.3946651229744,245745.42950057602,3.4704134310013615,0.6940826862002722,0.0,654.0
313840851390597435954673044863649726085_eps2_s0,EnvPermit,0.5,11.0,,,2.0,14.0,0.6646879490684625,0.5247546680519285,0.6204449394802433,0.009538585787621493,0.07825980498455465,,0.8659912126022391,0.08070451759849676,0.8570796674117446,0.8649529992078897,1875.5940992598385,0.9427609600068536,0.7870462122024037,0.880587047804147,0.9422469793993514,1825.440971221376,245559.03825830919,4.860161155986134,0.9720322311972268,0.0,3667.9
65432415834605434134577897559624831681_eps2_s0,EnvPermit,0.5,11.0,,,2.0,14.0,0.7763904642361626,0.2596940313395423,0.746093888042535,0.10906043814241925,0.07693443901371211,,0.803864231397165,0.07749990739976056,0.7943362493999302,0.8024848029948771,2026.2741024424759,0.8571064780000597,0.8626888174039777,0.7945825813978444,0.8566664482059423,2028.1757404760515,245836.09039620397,4.076816143002361,0.8153632286004722,0.0,361.4
99763397547193254507486301054948581651_eps2_s0,EnvPermit,0.5,11.0,,,2.0,14.0,0.6646879490684625,0.5247546680519285,0.6204449394802433,0.009538585787621493,0.07955593100632541,,0.8317290992010384,0.08338598920381628,0.8228045586089138,0.8307254456041846,1955.6052494631447,0.8662344072014093,0.7699265158036723,0.8058437747997231,0.8657118759932928,1997.059888256371,245654.8436395334,4.849152418988524,0.9698304837977048,0.0,3667.9
301303615634958901188516497625374252338_eps3_s0,EnvPermit,0.5,15.0,,,2.0,14.0,0.8626781239429079,0.49542932589879296,0.7847754073293934,0.025913508267752378,0.07809974902193062,,0.7957711731956806,0.07832449760171585,0.7864311579964124,0.7946266593935434,2058.2244650131624,0.871761643193895,0.8328826440032572,0.8113984107912984,0.8713263488083612,1986.5409319586408,245759.5790585502,3.4704134310013615,0.6940826862002722,0.0,654.0
313840851390597435954673044863649726085_eps3_s0,EnvPermit,0.5,15.0,,,2.0,14.0,0.8701427634172958,0.5616876834278026,0.7726474551231306,0.009538585787621493,0.07825980498455465,,0.8421228504041209,0.07916575619601644,0.8333237306040246,0.8411217520013452,1930.3272814684128,0.9153806844027713,0.8342229975969531,0.8515583173953928,0.9149185483984184,1890.8506507403085,245573.56214037718,4.860161155986134,0.9720322311972268,0.0,3667.9
65432415834605434134577897559624831681_eps3_s0,EnvPermit,0.5,15.0,,,2.0,14.0,0.7763904642361626,0.2596940313395423,0.746093888042535,0.10906043814241925,0.07693443901371211,,0.8049363668076694,0.07830006599542685,0.7951069640053902,0.8037249293935019,2033.714901649957,0.8444911421858705,0.8348162186099216,0.7835267912072595,0.8439822166110389,2053.357611333779,245850.0116633966,4.076816143002361,0.8153632286004722,0.0,361.4
99763397547193254507486301054948581651_eps3_s0,EnvPermit,0.5,15.0,,,2.0,14.0,0.8701427634172958,0.5616876834278026,0.7726474551231306,0.009538585787621493,0.07955593100632541,,0.8502412852016278,0.08000809499644675,0.8406557939946652,0.8489575907937251,1912.1990244305948,0.8896321840060409,0.776703028200427,0.8276728301949333,0.8891645334020722,1943.471010183884,245668.87556756783,4.849152418988524,0.9698304837977048,0.0,3667.9
301303615634958901188516497625374252338_eps4_s0,EnvPermit,0.5,21.0,,,2.0,14.0,0.8626781239429079,0.49542932589879296,0.8182490426512208,0.025913508267752378,0.07809974902193062,,0.832325595401926,0.08766479940386489,0.8227593045972753,0.831053931999486,1955.2956534647615,0.8965521350037307,0.8449083297979086,0.8336827324004844,0.895955804391997,1928.157110646684,245773.94759533758,3.4704134310013615,0.6940826862002722,0.0,654.0
313840851390597435954673044863649726085_eps4_s0,EnvPermit,0.5,21.0,,,2.0,14.0,0.8700212567344282,0.5602062019463212,0.8321224469651938,0.009538585787621493,0.07825980498455465,,0.8821989050076808,0.07636371879489161,0.8733099549950566,0.8809110811911524,1842.0645782044085,0.9519270365999546,0.8436357656028122,0.88647231880459,0.9513983023993206,1815.543031927017,245588.37514430523,4.860161155986134,0.9720322311972268,0.0,3667.9
65432415834605434134577897559624831681_eps4_s0,EnvPermit,0.5,21.0,,,2.0,14.0,0.7763904642361626,0.2596940313395423,0.746093888042535,0.10906043814241925,0.07693443901371211,,0.7764304035925307,0.07793603760073893,0.7663655583979562,0.7751907137979288,2097.7252812675256,0.8501246414030902,0.8695104626065586,0.7849326187977568,0.8495187284017447,2047.9619364026635,245864.0798462396,4.076816143002361,0.8153632286004722,0.0,361.4
99763397547193254507486301054948581651_eps4_s0,EnvPermit,0.5,21.0,,,2.0,14.0,0.8700212567344282,0.5602062019463212,0.8321224469651938,0.009538585787621493,0.07955593100632541,,0.8667023199959658,0.08453563699731603,0.8572249504097271,0.865544292400591,1879.0164565778928,0.9204352118016687,0.7996507695992477,0.8563629019947256,0.9199354251963087,1877.663344234068,245683.2346129384,4.849152418988524,0.9698304837977048,0.0,3667.9
154287530791976545750764743660029033168_eps0_s0,EnvPermit,1.0,3.0,,,1.0,27.8,0.723275970733679,0.24281303208572344,0.6736683506236003,0.11017492921008694,0.08381521500996314,,0.7504391271970234,0.07523100299877114,0.7412924795935396,0.7495049177901819,2168.546770393129,0.8223117944027762,0.7866438563971314,0.7625118347990792,0.8218083602027036,2113.015514388701,246181.41142656538,4.093602000008104,0.8187204000016208,0.0,236.6
225016248606758851465468524267212558832_eps0_s0,EnvPermit,1.0,3.0,,,1.0,27.8,0.8067678839890522,0.5652964962578715,0.7463276654222412,0.005071624176085374,0.0876577970047947,,0.861915875604609,0.09425986660644411,0.8522725149989128,0.8605445238004904,1886.502717371162,1.0623895324009935,0.8499325293989386,1.0031389221956488,1.0618208474072162,1604.566002075023,245902.32359341517,4.07173185798456,0.8143463715969119,0.0,7226.6
294849114210298322871130218010982039345_eps0_s0,EnvPermit,1.0,3.0,,,1.0,27.8,0.7968576289972062,0.4888485950144573,0.7376285715263509,0.021664353746115795,0.078678193007363,,0.7850235666031949,0.0684178955911193,0.7756744368060027,0.7840172318043187,2073.747455235885,0.8507564918021672,0.8615783597982954,0.7923724491964095,0.8502142909972463,2028.989889847094,246092.5265180524,4.179984759015497,0.8359969518030994,0.0,842.6
335253511763257888361645826025058699918_eps0_s0,EnvPermit,1.0,3.0,,,1.0,27.8,0.8067678839890522,0.5652964962578715,0.7463276654222412,0.005071624176085374,0.07778052901267074,,0.8468912957876455,0.08023425681749359,0.8377558921987657,0.845808546198532,1921.9910336279931,1.031226226396393,0.8007917230017483,0.9717152590048499,1.0306340872019064,1654.550800522257,245999.8253388686,4.854282315005548,0.9708564630011096,0.0,7226.6
154287530791976545750764743660029033168_eps1_s0,EnvPermit,1.0,7.0,,,1.0,27.8,0.7760180165244368,0.2595782357721599,0.7120156414097618,0.11017492921008694,0.08381521500996314,,0.7658901654009241,0.07454392899526283,0.7565114817989524,0.7647165801958181,2139.5751922846416,0.7979636956006289,0.8431739099964034,0.7371719689923338,0.7974840005976148,2184.9247069848993,246195.1816536666,4.093602000008104,0.8187204000016208,0.0,236.6
225016248606758851465468524267212558832_eps1_s0,EnvPermit,1.0,7.0,,,1.0,27.8,0.5564675454511141,0.4294088086164547,0.5043355388860189,0.005071624176085374,0.0876577970047947,,0.8806387538090348,0.07813861739705316,0.8715403785987291,0.8794037465995643,1850.770878776432,0.924243424803717,0.8603348564007319,0.8634912576002535,0.9237057223974261,1862.1442252817346,245917.53255894422,4.07173185798456,0.8143463715969119,0.0,7226.6
294849114210298322871130218010982039345_eps1_s0,EnvPermit,1.0,7.0,,,1.0,27.8,0.7085959328133299,0.46400260193366183,0.6612179210186303,0.021664353746115795,0.078678193007363,,0.8096837716060691,0.07641798539552838,0.79988939940813,0.8083496002014726,2011.0674543722348,0.845952562999446,0.8312433849903755,0.787764840607997,0.8454924768011551,2046.5154331437848,246106.50526160878,4.179984759015497,0.8359969518030994,0.0,842.6
335253511763257888361645826025058699918_eps1_s0,EnvPermit,1.0,7.0,,,1.0,27.8,0.5564675454511141,0.4294088086164547,0.5043355388860189,0.005071624176085374,0.07778052901267074,,0.8637840213894379,0.08119610740686767,0.854284263192676,0.8626742282009218,1884.3631874382372,0.8931636989989784,0.7955314452003222,0.8335422942007427,0.8927368347998709,1929.8272577432858,246014.44698894583,4.854282315005548,0.9708564630011096,0.0,7226.6
154287530791976545750764743660029033168_eps2_s0,EnvPermit,1.0,11.0,,,1.0,27.8,0.7760180165244368,0.2595782357721599,0.7455639045065393,0.11017492921008694,0.08381521500996314,,0.7163847708026878,0.06911000359687022,0.7071751038020011,0.7154106352012605,2281.1032728444466,0.8143457666155882,0.807402735191863,0.7514439365942962,0.8139033902029041,2147.857898454948,246208.54801782657,4.093602000008104,0.8187204000016208,0.0,236.6
225016248606758851465468524267212558832_eps2_s0,EnvPermit,1.0,11.0,,,1.0,27.8,0.6674166766826446,0.5604256854176003,0.6230315232735583,0.005071624176085374,0.0876577970047947,,0.865731570799835,0.06325261860038153,0.8560815589968115,0.8642544053960591,1878.3543517031649,0.9316827928007114,0.7906979365972802,0.8686939316045027,0.9311492670036386,1850.9346285114,245932.0638019022,4.07173185798456,0.8143463715969119,0.0,7226.6
294849114210298322871130218010982039345_eps2_s0,EnvPermit,1.0,11.0,,,1.0,27.8,0.7277243347574402,0.4695299791254267,0.7421751548008011,0.021664353746115795,0.078678193007363,,0.7988053022010717,0.07864367180154659,0.7894270789984148,0.7976791583991144,2036.6805137370975,0.8689478454005439,0.8309783871984109,0.8095752705994528,0.8683238709927537,1985.684841746663,246120.5297614392,4.179984759015497,0.8359969518030994,0.0,842.6
335253511763257888361645826025058699918_eps2_s0,EnvPermit,1.0,11.0,,,1.0,27.8,0.6674166766826446,0.5604256854176003,0.6230315232735583,0.005071624176085374,0.07778052901267074,,0.8542500938056037,0.07901927140192129,0.8448682977992575,0.8531740506005008,1905.1761179089285,0.9372943460009993,0.8213623539952095,0.8772773295990192,0.9366965847963001,1834.6880032395718,246028.8428879582,4.854282315005548,0.9708564630011096,0.0,7226.6
154287530791976545750764743660029033168_eps3_s0,EnvPermit,1.0,15.0,,,1.0,27.8,0.7760180165244368,0.2595782357721599,0.7455639045065393,0.11017492921008694,0.08381521500996314,,0.7548622837930452,0.07119196099811234,0.7453402450075373,0.7535919284040574,2170.720223344425,0.8204865262028761,0.7982469711976592,0.7598767847986891,0.8200750579999294,2120.588300595706,246221.8774529912,4.093602000008104,0.8187204000016208,0.0,236.6
225016248606758851465468524267212558832_eps3_s0,EnvPermit,1.0,15.0,,,1.0,27.8,0.8728735809166656,0.5980702569312081,0.775203961450836,0.005071624176085374,0.0876577970047947,,0.8789801054052078,0.08444095539161936,0.8699041936080902,0.8778161796042696,1847.2657754969673,0.9160325358039699,0.8350371287961025,0.8509152228012681,0.9155167181976139,1889.5758892754104,245946.616152427,4.07173185798456,0.8143463715969119,0.0,7226.6
294849114210298322871130218010982039345_eps3_s0,EnvPermit,1.0,15.0,,,1.0,27.8,0.8657985341237999,0.5163075433326418,0.7896019329775987,0.021664353746115795,0.078678193007363,,0.8223369466140866,0.07804078639601357,0.8132571857888251,0.8213792835886125,1978.766466678076,0.8567792834015563,0.8283355385996402,0.7966551110032014,0.8560451401979663,2019.8251975415083,246134.6169299616,4.179984759015497,0.8359969518030994,0.0,842.6
335253511763257888361645826025058699918_eps3_s0,EnvPermit,1.0,15.0,,,1.0,27.8,0.8728735809166656,0.5980702569312081,0.775203961450836,0.005071624176085374,0.07778052901267074,,0.8603621073940303,0.07743025380186737,0.8508934214012698,0.859304264804814,1892.1485206819896,0.9134765559982043,0.8412435420032125,0.8553963238024153,0.9128986229945439,1880.4122450475911,246043.59041842903,4.854282315005548,0.9708564630011096,0.0,7226.6
154287530791976545750764743660029033168_eps4_s0,EnvPermit,1.0,21.0,,,1.0,27.8,0.7760180165244368,0.2595782357721599,0.7455639045065393,0.11017492921008694,0.08381521500996314,,0.7554013159999158,0.085993895388674,0.7457037291955203,0.7542493771994486,2156.465043159961,0.81665216779802,0.795253510196926,0.7537529106019065,0.8161815255938564,2137.2493821694006,246235.36678662282,4.093602000008104,0.8187204000016208,0.0,236.6
225016248606758851465468524267212558832_eps4_s0,EnvPermit,1.0,21.0,,,1.0,27.8,0.8724938340812226,0.5979411543995055,0.8344659358422174,0.005071624176085374,0.0876577970047947,,0.8754490743973292,0.07553163179545663,0.8659600938030053,0.8741086880036164,1858.3145529106691,0.9462483979936224,0.8415109816065524,0.883658689603908,0.9458057090057992,1818.922987978501,245961.4091141704,4.07173185798456,0.8143463715969119,0.0,7226.6
294849114210298322871130218010982039345_eps4_s0,EnvPermit,1.0,21.0,,,1.0,27.8,0.8657985341237999,0.5163075433326418,0.8231501960743772,0.021664353746115795,0.078678193007363,,0.7774768529983703,0.07607000300195069,0.7686881913861725,0.7764534869871568,2091.9885445210284,0.8524788157956209,0.8090915406064596,0.7913899181992747,0.8519494144071359,2031.3937678521384,246148.5028871082,4.179984759015497,0.8359969518030994,0.0,842.6
335253511763257888361645826025058699918_eps4_s0,EnvPermit,1.0,21.0,,,1.0,27.8,0.8724938340812226,0.5979411543995055,0.8344659358422174,0.005071624176085374,0.07778052901267074,,0.8719703961978666,0.06919368840171955,0.86242010720307,0.8708352832065429,1867.4482921864505,0.9074350662005599,0.8148942741914652,0.8444946952047758,0.9069861339987255,1905.7033012979912,246058.150687215,4.854282315005548,0.9708564630011096,0.0,7226.6
17284087685816031754694433906981197736_eps0_s0,Helpdesk,0.0,3.0,,,16.0,1.0,0.860197514871387,0.43385928833598725,0.9101130449103293,0.0038646925288834356,0.28212849600822665,,0.752096397196874,0.071508921997156,0.7371588585956488,0.7511656977992971,5621.80638429427,1.2408945183968172,0.36702563980943526,1.133529322600225,1.2403025806008372,3655.525793437334,212400.62394462703,12.39622000901727,2.479244001803454,0.0,764.625
277920517850872202247709454006159227703_eps0_s0,Helpdesk,0.0,3.0,,,16.0,1.0,0.8320903775668475,0.3833394255152104,0.8742830169352575,0.04510883073213666,0.1622123559936881,,0.35712638981058265,0.07584559859824366,0.34238825979991816,0.35632591439643874,12176.986159973578,0.484896591596771,0.3751394334016368,0.36755121920723466,0.48425530579988846,11365.675154662997,212751.686741813,12.22056136399624,2.4441122727992477,0.0,114.4375
286720577756550539001707419967850195662_eps0_s0,Helpdesk,0.0,3.0,,,16.0,1.0,0.8572509345957364,0.4181685959229416,0.9059600868956323,0.008744209422500208,0.14639305899618194,,0.45263877500547095,0.07958236599806696,0.4358402764075436,0.4518274096015375,9540.834437289432,0.6588474057964049,0.38100856940145605,0.5488844648003578,0.6582947211980354,7561.775054804876,212646.9857765894,12.299874031014042,2.4599748062028084,0.0,360.675
57245013745022097704548992369978325047_eps0_s0,Helpdesk,0.0,3.0,,,16.0,1.0,0.860197514871387,0.43385928833598725,0.9101130449103293,0.0038646925288834356,0.14855573599925265,,0.7584918625943828,0.0675732906034682,0.7436669211951085,0.7575989998003934,5574.731910606437,1.2605880081944634,0.39726969540352003,1.1512424228014424,1.2600124065997078,3598.045380659309,212525.17538699778,12.763029618974542,2.5526059237949084,0.0,764.625
17284087685816031754694433906981197736_eps1_s0,Helpdesk,0.0,7.0,,,16.0,1.0,0.310413787016543,0.29648265144974906,0.6693476016269468,0.0038646925288834356,0.28212849600822665,,0.7240972934116143,0.07214448979939334,0.7087343963969033,0.7233217780012637,5857.065356220247,0.8345440644014162,0.3691885233973153,0.7221777421946172,0.8338711271993816,5747.6612216192225,212412.35629300243,12.39622000901727,2.479244001803454,0.0,764.625
277920517850872202247709454006159227703_eps1_s0,Helpdesk,0.0,7.0,,,16.0,1.0,0.6970714130770836,0.3266228529843605,0.8208608835646037,0.04510883073213666,0.1622123559936881,,0.37267899900325574,0.056437198602361606,0.3588117709965445,0.37194178120116705,11563.926915793425,0.46363711640588007,0.38341262899921275,0.34592299720970915,0.4631081294035539,12012.545876534028,212759.05354685063,12.22056136399624,2.4441122727992477,0.0,114.4375
286720577756550539001707419967850195662_eps1_s0,Helpdesk,0.0,7.0,,,16.0,1.0,0.5704060934411055,0.297324701510638,0.7715082685580229,0.008744209422500208,0.14639305899618194,,0.44276958880363965,0.06532344579463825,0.42773811859078703,0.4418287181935739,9693.190762453283,0.549967389809899,0.3777062197972555,0.43438054000143894,0.549418792600045,9564.260565767556,212655.37105156778,12.299874031014042,2.4599748062028084,0.0,360.675
57245013745022097704548992369978325047_eps1_s0,Helpdesk,0.0,7.0,,,16.0,1.0,0.310413787016543,0.29648265144974906,0.6693476016269468,0.0038646925288834356,0.14855573599925265,,0.773407908208901,0.0682309961935971,0.7574659864010755,0.7726422319945414,5469.193360873303,0.8800075623963494,0.3927211823989637,0.7658105633920058,0.879446087393444,5409.925975826267,212537.3623157094,12.763029618974542,2.5526059237949084,0.0,764.625
17284087685816031754694433906981197736_eps2_s0,Helpdesk,0.0,11.0,,,16.0,1.0,0.8543534707703563,0.4304619886579622,0.8779725815635274,0.0038646925288834356,0.28212849600822665,,0.7613653572101612,0.06878382478607818,0.7458501630055252,0.7604361014033202,5554.276797073177,0.8473053330031689,0.3552395107981283,0.7318972845969256,0.8466700481949374,5661.868937598055,212423.4025087168,12.39622000901727,2.479244001803454,0.0,764.625
277920517850872202247709454006159227703_eps2_s0,Helpdesk,0.0,11.0,,,16.0,1.0,0.831993688461702,0.383303418659614,0.8742588446589711,0.04510883073213666,0.1622123559936881,,0.38170680120238104,0.06488254480063915,0.3660874575958587,0.38091429279302247,11326.160987842806,0.44910485059954225,0.3822551017976366,0.33239761141012425,0.44858536040992475,12501.71789545532,212766.4046173916,12.22056136399624,2.4441122727992477,0.0,114.4375
286720577756550539001707419967850195662_eps2_s0,Helpdesk,0.0,11.0,,,16.0,1.0,0.8504390175014175,0.4148958198929331,0.8735526464029295,0.008744209422500208,0.14639305899618194,,0.4718259147950448,0.07145823160535655,0.4569339167850558,0.4709116639918648,9124.71842660655,0.5442661628010683,0.3916369280021172,0.43201826739823446,0.5437908292049543,9623.31763033902,212663.6950012426,12.299874031014042,2.4599748062028084,0.0,360.675
57245013745022097704548992369978325047_eps2_s0,Helpdesk,0.0,11.0,,,16.0,1.0,0.8543534707703563,0.4304619886579622,0.8779725815635274,0.0038646925288834356,0.14855573599925265,,0.812629460793687,0.06537430959870108,0.7975104354030919,0.811870686407201,5197.919642490173,0.9010751000023447,0.38920076260110364,0.7875398062053136,0.9004620020044968,5266.1911140304,212548.922650582,12.763029618974542,2.5526059237949084,0.0,764.625
17284087685816031754694433906981197736_eps3_s0,Helpdesk,0.0,15.0,,,16.0,1.0,0.858023650832559,0.4321589754865928,0.908539755292081,0.0038646925288834356,0.28212849600822665,,0.8248670239991043,0.06731819480191917,0.8098043120000511,0.8240115568100009,5115.617644296274,0.8953359484032262,0.36942920259316453,0.7853935456019826,0.8948309096042066,5273.763676021064,212434.9501672058,12.39622000901727,2.479244001803454,0.0,764.625
277920517850872202247709454006159227703_eps3_s0,Helpdesk,0.0,15.0,,,16.0,1.0,0.831993688461702,0.383303418659614,0.8742588446589711,0.04510883073213666,0.1622123559936881,,0.3624687887961045,0.07604654859751463,0.34699323698878287,0.3615304703940637,11960.590284590213,0.4670638380106539,0.3927914327883627,0.34841580759966745,0.46628324380144476,11924.745989718258,212773.82649796217,12.22056136399624,2.4441122727992477,0.0,114.4375
286720577756550539001707419967850195662_eps3_s0,Helpdesk,0.0,15.0,,,16.0,1.0,0.8538676858998386,0.41648829689275535,0.9036297991647058,0.008744209422500208,0.14639305899618194,,0.4655755146057345,0.07574873799458146,0.4500802081951406,0.4647491350013297,9205.89375860852,0.5809261451999191,0.37335966259706765,0.4647758429986425,0.580305365397362,8945.356754150354,212672.124623702,12.299874031014042,2.4599748062028084,0.0,360.675
57245013745022097704548992369978325047_eps3_s0,Helpdesk,0.0,15.0,,,16.0,1.0,0.858023650832559,0.4321589754865928,0.908539755292081,0.0038646925288834356,0.14855573599925265,,0.8506307082017883,0.05779596919892356,0.8356636171985883,0.8497219536046032,4960.462379562721,0.9351664256013464,0.38265543640009125,0.8233580977888778,0.9346173333935439,5038.20002503949,212560.97249094202,12.763029618974542,2.5526059237949084,0.0,764.625
17284087685816031754694433906981197736_eps4_s0,Helpdesk,0.0,21.0,,,16.0,1.0,0.8580236857295491,0.4321675118336975,0.9085598656518729,0.0038646925288834356,0.28212849600822665,,0.8849563768017106,0.07128294579451903,0.8696237811993341,0.884128671803046,4766.587482663809,0.9921720027981792,0.359147942205891,0.8738787198031787,0.9916158017993439,4740.6878535109045,212447.0598153342,12.39622000901727,2.479244001803454,0.0,764.625
277920517850872202247709454006159227703_eps4_s0,Helpdesk,0.0,21.0,,,16.0,1.0,0.831993688461702,0.383303418659614,0.8742588446589711,0.04510883073213666,0.1622123559936881,,0.37421306380419994,0.07426302818930708,0.358333427796606,0.37324437680072153,11575.652476115889,0.4603839461924508,0.36719585160608403,0.3405142059957143,0.45979462420218625,12190.279864491013,212781.26784802377,12.22056136399624,2.4441122727992477,0.0,114.4375
286720577756550539001707419967850195662_eps4_s0,Helpdesk,0.0,21.0,,,16.0,1.0,0.8538676858998386,0.41648829689275535,0.903623320496337,0.008744209422500208,0.14639305899618194,,0.49202575140516275,0.06845612179604359,0.4778770381992217,0.4907803037960548,8682.974471271718,0.5860398506047204,0.36802142359665596,0.4671061230066698,0.5854358591954224,8873.122287711009,212680.5604641338,12.299874031014042,2.4599748062028084,0.0,360.675
57245013745022097704548992369978325047_eps4_s0,Helpdesk,0.0,21.0,,,16.0,1.0,0.8580236857295491,0.4321675118336975,0.9085598656518729,0.0038646925288834356,0.14855573599925265,,0.933077867794782,0.06767239580512978,0.9176540137908887,0.93219682140043,4515.75341635772,1.0440311359940098,0.3928851158008911,0.9213752253970597,1.043333895993419,4502.624685761441,212573.70003664322,12.763029618974542,2.5526059237949084,0.0,764.625
121053278473147205235238571543252250060_eps0_s0,Helpdesk,0.025,3.0,,,16.0,1.0,0.860197514871387,0.43385928833598725,0.9101130449103293,0.0038646925288834356,0.16300726399640553,,0.7620135938050225,0.06377183838631026,0.7469737856008578,0.7608825672010425,5553.2998390106695,1.2748408924031538,0.3917844222043641,1.1565645492170007,1.2742570098082069,3584.7171724629325,212857.79090347438,12.850512837001588,2.5701025674003177,0.0,764.625
137032741307003031281512400095277880351_eps0_s0,Helpdesk,0.025,3.0,,,16.0,1.0,0.8320903775668475,0.3833394255152104,0.8742830169352575,0.04510883073213666,0.1399702350026928,,0.3780409798026085,0.07645603020791895,0.3627333789947443,0.37703512659063565,11435.18347101903,0.4714785627904348,0.380847618408734,0.3595630983938463,0.4710273928067181,11553.519956535252,213214.2863547026,12.404166335996706,2.4808332671993414,0.0,114.4375
170143405921464198453927087275686114231_eps0_s0,Helpdesk,0.025,3.0,,,16.0,1.0,0.8572509345957364,0.4181685959229416,0.9059600868956323,0.008744209422500208,0.13654581102309749,,0.4434383207990322,0.07268880280316807,0.42779288939782417,0.44255049200146457,9733.17534102048,0.6601296931970865,0.380723268003203,0.5477622964011971,0.65938797860872,7571.409430519506,213108.6802116918,12.594882851990405,2.518976570398081,0.0,360.675
322516926209442139593358595608268604194_eps0_s0,Helpdesk,0.025,3.0,,,16.0,1.0,0.860197514871387,0.43385928833598725,0.9101130449103293,0.0038646925288834356,0.15301946000545286,,0.7686553751933388,0.07252060620812699,0.7549577627913096,0.7676607953966595,5494.206968222423,1.2478248989966232,0.39902623200323434,1.134892615606077,1.2470974183932413,3652.188753407205,212985.3009517414,12.829718007997144,2.565943601599429,0.0,764.625
121053278473147205235238571543252250060_eps1_s0,Helpdesk,0.025,7.0,,,16.0,1.0,0.310413787016543,0.29648265144974906,0.6693476016269468,0.0038646925288834356,0.16300726399640553,,0.7705324196023866,0.09523498379858211,0.7554104049981106,0.7698053081927355,5486.858893761826,0.8684109674068168,0.39622406139969824,0.7506039047962986,0.8677154615987093,5533.541556058122,212870.0004956604,12.850512837001588,2.5701025674003177,0.0,764.625
137032741307003031281512400095277880351_eps1_s0,Helpdesk,0.025,7.0,,,16.0,1.0,0.6970714130770836,0.3266228529843605,0.8208608835646037,0.04510883073213666,0.1399702350026928,,0.37182146041304803,0.0769194803899154,0.3566211303928867,0.3709931817895267,11660.02832346347,0.46404640320688484,0.3797500395972747,0.3520772868068889,0.4632898562005721,11875.027907739564,213221.78820146777,12.404166335996706,2.4808332671993414,0.0,114.4375
170143405921464198453927087275686114231_eps1_s0,Helpdesk,0.025,7.0,,,16.0,1.0,0.5704060934411055,0.297324701510638,0.7715082685580229,0.008744209422500208,0.13654581102309749,,0.45645063460688107,0.07913890980416909,0.4403400038019754,0.4555383956001606,9416.86201294407,0.5604305711982306,0.3766220121993683,0.4480497125943657,0.5599197256029583,9268.44157504298,213117.2442434554,12.594882851990405,2.518976570398081,0.0,360.675
322516926209442139593358595608268604194_eps1_s0,Helpdesk,0.025,7.0,,,16.0,1.0,0.310413787016543,0.29648265144974906,0.6693476016269468,0.0038646925288834356,0.15301946000545286,,0.7588625439966563,0.07318988739862106,0.7429610874038189,0.7579091906023677,5583.506908061507,0.8768481073959264,0.4046629449992906,0.7598376799956895,0.8761271769995801,5463.337266941086,212997.5442736908,12.829718007997144,2.565943601599429,0.0,764.625
121053278473147205235238571543252250060_eps2_s0,Helpdesk,0.025,11.0,,,16.0,1.0,0.8543534707703563,0.4304619886579622,0.8779725815635274,0.0038646925288834356,0.16300726399640553,,0.8044053707970307,0.075865060207434,0.7892372655973304,0.8034261381952092,5251.198585198419,0.8986745748028625,0.40637107398943045,0.7856860035972204,0.8979166629957035,5274.106747701413,212881.78862040682,12.850512837001588,2.5701025674003177,0.0,764.625
137032741307003031281512400095277880351_eps2_s0,Helpdesk,0.025,11.0,,,16.0,1.0,0.831993688461702,0.383303418659614,0.8742588446589711,0.04510883073213666,0.1399702350026928,,0.3737053818127606,0.07432351759052835,0.35856904040556403,0.37289591940352695,11559.037672429238,0.4714018975908402,0.378134556801524,0.35385765839600936,0.47077307719737294,11766.112570102265,213229.2408931554,12.404166335996706,2.4808332671993414,0.0,114.4375
170143405921464198453927087275686114231_eps2_s0,Helpdesk,0.025,11.0,,,16.0,1.0,0.8504390175014175,0.4148958198929331,0.8735526464029295,0.008744209422500208,0.13654581102309749,,0.4561439088021871,0.07519343600142747,0.44101099219406026,0.4552729693939909,9403.934858979612,0.5464050533948466,0.3893709222029429,0.43378486299770885,0.5457562606025022,9564.40320203966,213125.6330016708,12.594882851990405,2.518976570398081,0.0,360.675
322516926209442139593358595608268604194_eps2_s0,Helpdesk,0.025,11.0,,,16.0,1.0,0.8543534707703563,0.4304619886579622,0.8779725815635274,0.0038646925288834356,0.15301946000545286,,0.8077676514047198,0.07606366099789738,0.7921367212024052,0.8069045394076966,5229.549540674196,0.8877214255917352,0.40920643460121936,0.7756034133955836,0.8872214903996791,5359.663577618279,213009.2541368252,12.829718007997144,2.565943601599429,0.0,764.625
121053278473147205235238571543252250060_eps3_s0,Helpdesk,0.025,15.0,,,16.0,1.0,0.858023650832559,0.4321589754865928,0.908539755292081,0.0038646925288834356,0.16300726399640553,,0.8631496236019303,0.07680864660069346,0.8465490881993901,0.8622556956019253,4896.242174500119,0.9541711815982126,0.43555338559672235,0.8373843131936155,0.9534372250025627,4947.514450931356,212894.0740269096,12.850512837001588,2.5701025674003177,0.0,764.625
137032741307003031281512400095277880351_eps3_s0,Helpdesk,0.025,15.0,,,16.0,1.0,0.831993688461702,0.383303418659614,0.8742588446589711,0.04510883073213666,0.1399702350026928,,0.36453930059215056,0.06982041359879076,0.34821001659729517,0.36367834120173936,11910.083534194131,0.4468200890056323,0.3625526235904545,0.33361162160290403,0.4462492972030304,12454.099196534731,213236.66092889482,12.404166335996706,2.4808332671993414,0.0,114.4375
170143405921464198453927087275686114231_eps3_s0,Helpdesk,0.025,15.0,,,16.0,1.0,0.8538676858998386,0.41648829689275535,0.9036297991647058,0.008744209422500208,0.13654581102309749,,0.48795285299420355,0.08219723820220678,0.47251091260113753,0.48704466560157017,8788.508945837406,0.5799122535972856,0.3948465934023261,0.46447335100383497,0.5792873090016656,8941.442396178934,213134.090797609,12.594882851990405,2.518976570398081,0.0,360.675
322516926209442139593358595608268604194_eps3_s0,Helpdesk,0.025,15.0,,,16.0,1.0,0.858023650832559,0.4321589754865928,0.908539755292081,0.0038646925288834356,0.15301946000545286,,0.8784353635972366,0.06978046080330387,0.8629795137967449,0.8775506718026008,4799.671956526116,0.9578692167880944,0.41700537920114583,0.8374545746017248,0.9572020096005872,4956.762474869606,213021.50564397342,12.829718007997144,2.565943601599429,0.0,764.625
121053278473147205235238571543252250060_eps4_s0,Helpdesk,0.025,21.0,,,16.0,1.0,0.8580236857295491,0.4321675118336975,0.9085598656518729,0.0038646925288834356,0.16300726399640553,,0.9427578919916414,0.07571449300739914,0.9274102021998261,0.941815848601982,4474.194274306879,1.02113254040014,0.4146857722022105,0.9007651489868295,1.0204839032085147,4602.5664624836745,212907.02470092342,12.850512837001588,2.5701025674003177,0.0,764.625
137032741307003031281512400095277880351_eps4_s0,Helpdesk,0.025,21.0,,,16.0,1.0,0.831993688461702,0.383303418659614,0.8742588446589711,0.04510883073213666,0.1399702350026928,,0.35708232820034025,0.06465921840863302,0.3431343506032135,0.35599801540374754,12135.692391248109,0.4436618908017408,0.3736908252059948,0.32433896080474367,0.4429061400063802,12795.334558259841,213243.9289225472,12.404166335996706,2.4808332671993414,0.0,114.4375
170143405921464198453927087275686114231_eps4_s0,Helpdesk,0.025,21.0,,,16.0,1.0,0.8538676858998386,0.41648829689275535,0.903623320496337,0.008744209422500208,0.13654581102309749,,0.481214433797868,0.08156843059696257,0.4655418806010857,0.4805004654044751,8914.630872658976,0.6029124339984264,0.3854349612025544,0.4795735310006421,0.6022131089994218,8647.45559601166,213142.79252059362,12.594882851990405,2.518976570398081,0.0,360.675
322516926209442139593358595608268604194_eps4_s0,Helpdesk,0.025,21.0,,,16.0,1.0,0.8580236857295491,0.4321675118336975,0.9085598656518729,0.0038646925288834356,0.15301946000545286,,0.9460227919917088,0.07048933461192064,0.9302398475934751,0.9449746919970494,4453.401844751592,1.0662825872015673,0.42624264779733495,0.9472137686097994,1.0655764503986576,4374.549563969653,213034.69400276738,12.829718007997144,2.565943601599429,0.0,764.625
17650431200837232124795873198387486985_eps0_s0,Helpdesk,0.1,3.0,,,8.0,2.0,0.862032629300684,0.46247053960510776,0.9115629425268945,0.002270986059926994,0.1422068749961909,,0.7659092213958502,0.06612393700052052,0.7501037495967466,0.7651114994019735,5521.962982600489,1.2515258050116245,0.3994197355932556,1.1407716876012273,1.2509590623958502,3631.382475180372,213447.4888627946,13.070847358001629,2.614169471600326,0.0,1472.025
249434075403304515778942538411927031175_eps0_s0,Helpdesk,0.1,3.0,,,8.0,2.0,0.8576377376523352,0.3945785020177118,0.9065769112432915,0.008501294673626477,0.14708414499182254,,0.41855140900006516,0.07249857800197787,0.4034845707879867,0.41775446239043956,10313.289524435626,0.576910627190955,0.38870007001096385,0.4664281309989747,0.5764041727932636,8895.839360246082,213570.12385825842,12.40868174599018,2.481736349198036,0.0,482.925
303377968476769062390488935001835493730_eps0_s0,Helpdesk,0.1,3.0,,,8.0,2.0,0.862032629300684,0.46247053960510776,0.9115629425268945,0.002270986059926994,0.1569292689964641,,0.7583105841942597,0.07194838160066866,0.7439555486023892,0.7575170426047407,5569.41671804588,1.269653337006457,0.4079649711959064,1.1551614166004582,1.269013120396994,3586.917053865987,213318.6940239034,12.712968999985605,2.542593799997121,0.0,1472.025
329282092898508953663459985688884254938_eps0_s0,Helpdesk,0.1,3.0,,,8.0,2.0,0.8308787630652393,0.38278943038865865,0.8682026815752385,0.047963011831779055,0.14983468301943503,,0.3735112056019716,0.06946783639723435,0.35776982399984264,0.3727473062055651,11618.83290594704,0.48342111659585496,0.38955135639989746,0.37342384639778176,0.48290386619628406,11121.293804870347,213671.9690434478,12.34765703600715,2.46953140720143,0.0,139.2
17650431200837232124795873198387486985_eps1_s0,Helpdesk,0.1,7.0,,,8.0,2.0,0.27863925915998516,0.3117520422124257,0.6578304768066332,0.002270986059926994,0.1422068749961909,,0.7787439147999976,0.08295027320273221,0.7631271660036874,0.77786980040255,5429.576217548269,0.8889830245869235,0.4129473620094359,0.7712496792082675,0.8882415525906253,5371.792003373067,213459.90768290358,13.070847358001629,2.614169471600326,0.0,1472.025
249434075403304515778942538411927031175_eps1_s0,Helpdesk,0.1,7.0,,,8.0,2.0,0.3868556551056097,0.18893987070605064,0.7536015939945953,0.008501294673626477,0.14708414499182254,,0.43340959840570575,0.06894869060488418,0.4177959022053983,0.43244466180331076,9968.41300342523,0.5108604818000458,0.389074979594443,0.39389685240457767,0.5101797918032389,10534.844688599169,213578.2057453374,12.40868174599018,2.481736349198036,0.0,482.925
303377968476769062390488935001835493730_eps1_s0,Helpdesk,0.1,7.0,,,8.0,2.0,0.27863925915998516,0.3117520422124257,0.6578304768066332,0.002270986059926994,0.1569292689964641,,0.7834464938030579,0.06397325879661367,0.7683779757993762,0.7826553435996175,5398.642389632839,0.8938443688035477,0.41018408319796434,0.785210191400256,0.8933890872111079,5277.654067857723,213331.11168314662,12.712968999985605,2.542593799997121,0.0,1472.025
329282092898508953663459985688884254938_eps1_s0,Helpdesk,0.1,7.0,,,8.0,2.0,0.7012662547912336,0.3284997940684718,0.8248386054175713,0.047963011831779055,0.14983468301943503,,0.3780258597922511,0.08588174080941827,0.36209040799876674,0.37717180960462426,11506.445564854717,0.47127054320299067,0.4053967043990269,0.35369368600659074,0.47048374559381045,11741.049440081679,213679.7395279004,12.34765703600715,2.46953140720143,0.0,139.2
17650431200837232124795873198387486985_eps2_s0,Helpdesk,0.1,11.0,,,8.0,2.0,0.841655602522985,0.45298896382322196,0.8719300958204116,0.002270986059926994,0.1422068749961909,,0.8085317884047981,0.07733934858697467,0.792903177201515,0.8077572969894391,5226.373282343181,0.8851470959896688,0.41913668720517305,0.7668182626075577,0.8845365781977307,5401.274624182539,213471.9038840246,13.070847358001629,2.614169471600326,0.0,1472.025
249434075403304515778942538411927031175_eps2_s0,Helpdesk,0.1,11.0,,,8.0,2.0,0.8413635810709759,0.387155196643676,0.8913052364558591,0.008501294673626477,0.14708414499182254,,0.4406193875998724,0.07813799499999732,0.4250163834018167,0.43974213120527567,9862.861528394376,0.515835172199877,0.38247772379545497,0.4031276507943403,0.5153106276004109,10299.0152619315,213586.3246890686,12.40868174599018,2.481736349198036,0.0,482.925
303377968476769062390488935001835493730_eps2_s0,Helpdesk,0.1,11.0,,,8.0,2.0,0.841655602522985,0.45298896382322196,0.8719300958204116,0.002270986059926994,0.1569292689964641,,0.8003645663906355,0.07235573719954118,0.7869432174076791,0.7995281606039498,5265.9057243763,0.8965118186024483,0.3862184451892972,0.7871780295972712,0.8959418878075667,5283.061270428608,213342.93138967222,12.712968999985605,2.542593799997121,0.0,1472.025
329282092898508953663459985688884254938_eps2_s0,Helpdesk,0.1,11.0,,,8.0,2.0,0.8308787630652393,0.38278943038865865,0.8682991717803945,0.047963011831779055,0.14983468301943503,,0.36633430019719526,0.08034917020704598,0.350741218397161,0.3654059318010695,11822.222046345527,0.45798840699135324,0.4004139060038142,0.34581860140315257,0.45748003799817527,12010.251495927052,213687.364383491,12.34765703600715,2.46953140720143,0.0,139.2
17650431200837232124795873198387486985_eps3_s0,Helpdesk,0.1,15.0,,,8.0,2.0,0.858409470808167,0.4608095180507809,0.9091447601172075,0.002270986059926994,0.1422068749961909,,0.8445410085958429,0.07499394280603155,0.8288571533979848,0.8435892865993082,4999.606331893765,0.9685961843992118,0.41728148800320924,0.850855056400178,0.9680933639931026,4872.780602636537,213484.09878289202,13.070847358001629,2.614169471600326,0.0,1472.025
249434075403304515778942538411927031175_eps3_s0,Helpdesk,0.1,15.0,,,8.0,2.0,0.8546909668825219,0.3933616281157013,0.9046560033413382,0.008501294673626477,0.14708414499182254,,0.4208221086009871,0.08547206241055391,0.40520870860200375,0.4199264140042942,10257.422900533773,0.510094808798749,0.39281249399646184,0.392201884399401,0.5095835200103466,10588.406263130546,213594.2297925416,12.40868174599018,2.481736349198036,0.0,482.925
303377968476769062390488935001835493730_eps3_s0,Helpdesk,0.1,15.0,,,8.0,2.0,0.858409470808167,0.4608095180507809,0.9091447601172075,0.002270986059926994,0.1569292689964641,,0.8731424410070758,0.08477835919475182,0.8576741014025174,0.872259366203798,4832.647172459832,0.9733450230036397,0.39666151940473354,0.8568012591975276,0.9727530240023043,4851.1506527590445,213355.26819238317,12.712968999985605,2.542593799997121,0.0,1472.025
329282092898508953663459985688884254938_eps3_s0,Helpdesk,0.1,15.0,,,8.0,2.0,0.8308787630652393,0.38278943038865865,0.8682991717803945,0.047963011831779055,0.14983468301943503,,0.3556257517891936,0.08393761941115371,0.339483265200397,0.3547792429977562,12220.58368733887,0.44120628960663455,0.39023695460055025,0.3238997099979315,0.44049963500001466,12804.997268067182,213694.89994698757,12.34765703600715,2.46953140720143,0.0,139.2
17650431200837232124795873198387486985_eps4_s0,Helpdesk,0.1,21.0,,,8.0,2.0,0.8583612198697741,0.46079664167256507,0.909202654229073,0.002270986059926994,0.1422068749961909,,0.9503419831977226,0.07464347800123505,0.9348367747967131,0.9495286975987256,4433.398607411591,1.040459747001296,0.39739509839564563,0.917191107198596,1.039874490792863,4518.991145789803,213497.05133031943,13.070847358001629,2.614169471600326,0.0,1472.025
249434075403304515778942538411927031175_eps4_s0,Helpdesk,0.1,21.0,,,8.0,2.0,0.8546909319518436,0.3933674652643956,0.9047042542516607,0.008501294673626477,0.14708414499182254,,0.43529696519835853,0.08061779999989085,0.4198083444091026,0.4344518884085119,9939.959293303396,0.5283899383968673,0.3854989020037465,0.4100755295949057,0.5277899551903829,10119.061206712082,213602.3646472026,12.40868174599018,2.481736349198036,0.0,482.925
303377968476769062390488935001835493730_eps4_s0,Helpdesk,0.1,21.0,,,8.0,2.0,0.8583612198697741,0.46079664167256507,0.909202654229073,0.002270986059926994,0.1569292689964641,,0.9487595668062567,0.07238109119352884,0.9329237408004701,0.947857561003184,4439.80907486538,1.0166992869984823,0.40797082939534446,0.8988369075988885,1.0161964731931221,4608.929967609007,213368.2318066904,12.712968999985605,2.542593799997121,0.0,1472.025
329282092898508953663459985688884254938_eps4_s0,Helpdesk,0.1,21.0,,,8.0,2.0,0.8308787630652393,0.38278943038865865,0.8682991717803945,0.047963011831779055,0.14983468301943503,,0.3485753358050715,0.06871549619245343,0.33306604040553794,0.34776534740813075,12461.993174352236,0.45415066099376417,0.3663706113991793,0.336617448204197,0.45359119919594376,12312.579259805028,213702.16294664802,12.34765703600715,2.46953140720143,0.0,139.2
110846244810925692921884431760514288724_eps0_s0,Helpdesk,0.2,3.0,,,4.0,4.0,0.8622739537192718,0.4625295782468027,0.9121779626974302,0.0016917761855440312,0.15276342100696638,,0.7689495943894145,0.07090103441150859,0.7537036714085843,0.7681389430130366,5502.975707123454,1.2774522804073059,0.38849012479768136,1.1631644720037002,1.2768423855886795,3563.283303504903,213777.8174507022,12.705600902001606,2.541120180400321,0.0,2871.2
182496587197367628328056568753244816226_eps0_s0,Helpdesk,0.2,3.0,,,4.0,4.0,0.8204471703043342,0.37828961306429737,0.8586080651172996,0.060857004160148276,0.14790653600357473,,0.3790917045902461,0.07811811020947061,0.3630100277950987,0.378334552195156,11446.462880833376,0.48648724200902504,0.4055189183971379,0.37533342400565745,0.4859520279977005,11135.796690064162,214131.9096012052,12.128975316998549,2.42579506339971,0.0,136.15
81522406509194826160921734238007734224_eps0_s0,Helpdesk,0.2,3.0,,,4.0,4.0,0.8622739537192718,0.4625295782468027,0.9121779626974302,0.0016917761855440312,0.1480494100251235,,0.776775080797961,0.06793818820151501,0.7604499535984359,0.7757929815968965,5457.328299048675,1.5432115258066914,0.40921639039879665,1.1677405450085643,1.5425541622040329,3549.2785360681983,213908.89894822938,13.165005921007833,2.6330011842015666,0.0,2871.2
90485971010821020129987555263144212057_eps0_s0,Helpdesk,0.2,3.0,,,4.0,4.0,0.8572504913325865,0.3944217735453391,0.9057745863534951,0.009082982493209959,0.14814631402259693,,0.3943234729988035,0.0689115118002519,0.3791367065976374,0.39360492000123487,10937.230619940732,0.5533353578008245,0.40298231720225886,0.4386764960014261,0.5528606114035938,9471.41593668841,214030.6660753428,12.36084321301314,2.472168642602628,0.0,687.05
110846244810925692921884431760514288724_eps1_s0,Helpdesk,0.2,7.0,,,4.0,4.0,0.30885640568117595,0.32418252454213214,0.6345305693101354,0.0016917761855440312,0.15276342100696638,,0.8230491554015316,0.07881901300279423,0.8070280525949783,0.822228000801988,5136.334202356216,0.9301261785964016,0.39494009600020946,0.816962055809563,0.9296465011895634,5077.404704376438,213790.4627851686,12.705600902001606,2.541120180400321,0.0,2871.2
182496587197367628328056568753244816226_eps1_s0,Helpdesk,0.2,7.0,,,4.0,4.0,0.8204471703043342,0.37828961306429737,0.8386950823644398,0.060857004160148276,0.14790653600357473,,0.3872434719989542,0.07856953619630076,0.3717049426108133,0.38639637480373495,11191.700596618895,0.506766764994245,0.43412118480191564,0.39455699900281616,0.5061609090014827,10556.959329484409,214139.9195919876,12.128975316998549,2.42579506339971,0.0,136.15
81522406509194826160921734238007734224_eps1_s0,Helpdesk,0.2,7.0,,,4.0,4.0,0.30885640568117595,0.32418252454213214,0.6345305693101354,0.0016917761855440312,0.1480494100251235,,0.7833060899924021,0.0644138970063068,0.7677111637953203,0.7823888074024581,5395.102605102654,0.9043292908056173,0.41419995939941145,0.7862646738009061,0.9038780358037911,5272.857557373486,213921.6910149884,13.165005921007833,2.6330011842015666,0.0,2871.2
90485971010821020129987555263144212057_eps1_s0,Helpdesk,0.2,7.0,,,4.0,4.0,0.4406900854682677,0.23234533501062177,0.7588549301552869,0.009082982493209959,0.14814631402259693,,0.4166360526054632,0.07907085999031552,0.4007951928069815,0.41583580200676806,10355.843132463637,0.5137825640034862,0.4057089007925242,0.4005985587951727,0.513021374004893,10374.53115919034,214038.6404897742,12.36084321301314,2.472168642602628,0.0,687.05
110846244810925692921884431760514288724_eps2_s0,Helpdesk,0.2,11.0,,,4.0,4.0,0.8089197271594554,0.4411054960026896,0.854001201333942,0.0016917761855440312,0.15276342100696638,,0.8139505564002321,0.07740880619385279,0.7982793539995328,0.8131909131945576,5190.054023110078,0.9575209941947833,0.4292707842076197,0.8426667889987585,0.9569468954054173,4919.588288886438,213802.69319926598,12.705600902001606,2.541120180400321,0.0,2871.2
182496587197367628328056568753244816226_eps2_s0,Helpdesk,0.2,11.0,,,4.0,4.0,0.8204471703043342,0.37828961306429737,0.8586080651172996,0.060857004160148276,0.14790653600357473,,0.3790827082004398,0.06679225080297328,0.36310866579879075,0.3782926466024946,11454.427536709887,0.490318142803153,0.4233530531928409,0.37639906459953637,0.48956033299909907,11102.645422283225,214147.94264355738,12.128975316998549,2.42579506339971,0.0,136.15
81522406509194826160921734238007734224_eps2_s0,Helpdesk,0.2,11.0,,,4.0,4.0,0.8089197271594554,0.4411054960026896,0.854001201333942,0.0016917761855440312,0.1480494100251235,,0.8267911489936524,0.07929191960138268,0.8109910152037628,0.8258628283976577,5109.133172747128,0.9174495791958179,0.4145483007945586,0.7990329457970802,0.9167284165916498,5184.1172312634235,213933.7403195612,13.165005921007833,2.6330011842015666,0.0,2871.2
90485971010821020129987555263144212057_eps2_s0,Helpdesk,0.2,11.0,,,4.0,4.0,0.8345641509584565,0.3839123734433249,0.8931905744404464,0.009082982493209959,0.14814631402259693,,0.40624659600434826,0.08805212759762071,0.39147081120172517,0.4054455014062114,10625.593699492156,0.4796465049963444,0.40465992920217103,0.36777891920064576,0.4790380880003795,11269.014079033106,214046.61764909638,12.36084321301314,2.472168642602628,0.0,687.05
110846244810925692921884431760514288724_eps3_s0,Helpdesk,0.2,15.0,,,4.0,4.0,0.8577817994574604,0.46351227391281,0.9093152579641552,0.0016917761855440312,0.15276342100696638,,0.8769799456000328,0.0748333576018922,0.8612626068061218,0.8761618284042925,4813.23076899467,0.9670363116019871,0.3983098250057083,0.849186988803558,0.9663637157995254,4883.767757243724,213815.277805479,12.705600902001606,2.541120180400321,0.0,2871.2
182496587197367628328056568753244816226_eps3_s0,Helpdesk,0.2,15.0,,,4.0,4.0,0.8204471703043342,0.37828961306429737,0.8586080651172996,0.060857004160148276,0.14790653600357473,,0.3728845959994942,0.0901063933968544,0.3573879610048607,0.3719516922021285,11614.152796805252,0.47494704138953237,0.3950960130081512,0.35662620400544254,0.47431183280423284,11720.445863922327,214155.5559372076,12.128975316998549,2.42579506339971,0.0,136.15
81522406509194826160921734238007734224_eps3_s0,Helpdesk,0.2,15.0,,,4.0,4.0,0.8577817994574604,0.46351227391281,0.9093152579641552,0.0016917761855440312,0.1480494100251235,,0.8526304041966796,0.0728956708102487,0.835912834998453,0.8517580693995115,4959.265402361123,0.9458183546026703,0.41015282419975846,0.8291541838028934,0.9453082511958201,4998.553205196741,213946.0408584862,13.165005921007833,2.6330011842015666,0.0,2871.2
90485971010821020129987555263144212057_eps3_s0,Helpdesk,0.2,15.0,,,4.0,4.0,0.8516982284560248,0.3920577023619285,0.9017393963894917,0.009082982493209959,0.14814631402259693,,0.42104795859195293,0.0785469505994115,0.4049904563929886,0.42012784000253306,10277.831809529873,0.5122453114017844,0.40087249739444814,0.39645416719140486,0.511610813398147,10515.221244683245,214054.59041238303,12.36084321301314,2.472168642602628,0.0,687.05
110846244810925692921884431760514288724_eps4_s0,Helpdesk,0.2,21.0,,,4.0,4.0,0.8578300154314865,0.4635472343433606,0.9093524941941228,0.0016917761855440312,0.15276342100696638,,0.9687699978065212,0.08056029599974864,0.9528341873956379,0.9679663834045641,4351.24611591934,1.052301299595274,0.4503487222013064,0.934016297000926,1.0516802795988043,4441.777788707865,213828.5123416176,12.705600902001606,2.541120180400321,0.0,2871.2
182496587197367628328056568753244816226_eps4_s0,Helpdesk,0.2,21.0,,,4.0,4.0,0.8204471703043342,0.37828961306429737,0.8586080651172996,0.060857004160148276,0.14790653600357473,,0.3844570813991595,0.07797672219458036,0.3689408527920023,0.3835666939965449,11250.004941488192,0.4649097234010696,0.4107330828090198,0.342460399196716,0.4641896923945751,12162.56175452317,214163.26332844538,12.128975316998549,2.42579506339971,0.0,136.15
81522406509194826160921734238007734224_eps4_s0,Helpdesk,0.2,21.0,,,4.0,4.0,0.8578300154314865,0.4635472343433606,0.9093524941941228,0.0016917761855440312,0.1480494100251235,,0.991871296800673,0.07942692560027353,0.9758368970069569,0.9909656387986615,4249.499820354597,1.0525675622047856,0.4051928556000348,0.9301570603973233,1.0519338884041645,4459.164903994747,213959.0685661254,13.165005921007833,2.6330011842015666,0.0,2871.2
90485971010821020129987555263144212057_eps4_s0,Helpdesk,0.2,21.0,,,4.0,4.0,0.8516981935253465,0.3920635395106228,0.9018491992841536,0.009082982493209959,0.14814631402259693,,0.4023371064045932,0.07365673700114712,0.38641737538855525,0.4013552388001699,10764.307069088145,0.515822554397164,0.4075484958011657,0.4007014062080998,0.5152869232057128,10338.98682618632,214062.64373974223,12.36084321301314,2.472168642602628,0.0,687.05
265328016580473430119942812843531032877_eps0_s0,Helpdesk,0.5,3.0,,,2.0,9.0,0.8145578767997135,0.37556967257710633,0.8578772190445054,0.06341385904852631,0.15591557801235467,,0.3855318428017199,0.08598123679985292,0.3698675799940247,0.38475136200431737,11212.814682024838,0.4999605639954098,0.42758533179876396,0.38070831361110324,0.4992316493939143,10887.670442942263,214605.411199228,11.993946820992278,2.3987893641984557,0.0,148.6
308834115507932904994723305529713802141_eps0_s0,Helpdesk,0.5,3.0,,,2.0,9.0,0.8603913120308532,0.4619313315875141,0.9121544544348167,0.00106348487582045,0.14912730301148258,,0.8129209308070131,0.0808355345914606,0.7981211903970689,0.8119401382049546,5193.851895684134,1.3218631235999054,0.46982283259858376,1.2019319362065288,1.3211465148022399,3445.961328116654,214380.4206795514,13.973246588022448,2.7946493176044895,0.0,5653.4
81995840035328923700239596471948282629_eps0_s0,Helpdesk,0.5,3.0,,,2.0,9.0,0.855706823724699,0.3939394791769867,0.9069355994493833,0.007487297809524984,0.14211269898805767,,0.4153466105926782,0.07009782860404812,0.4000671767978929,0.41458522599423303,10374.26359283618,0.5416750871925615,0.4110205142002087,0.4264468571927864,0.5409966719977092,9763.574258076998,214503.39399828762,12.078352145996178,2.4156704291992357,0.0,796.6
97155303076556145513485384586884175831_eps0_s0,Helpdesk,0.5,3.0,,,2.0,9.0,0.8603913120308532,0.4619313315875141,0.9121544544348167,0.00106348487582045,0.153751903999364,,0.8250105735962279,0.06692598799127154,0.8086911437974778,0.823952847206965,5122.93908424622,1.3071727811999154,0.43353686060290786,1.1921392860007471,1.306512402993394,3477.109760768598,214245.04264221323,14.859275789989624,2.9718551579979247,0.0,5653.4
265328016580473430119942812843531032877_eps1_s0,Helpdesk,0.5,7.0,,,2.0,9.0,0.8145578767997135,0.37556967257710633,0.8418707363414164,0.06341385904852631,0.15591557801235467,,0.3738829590030946,0.07445341459824703,0.35804336339933795,0.3730292988009751,11577.5297590334,0.47814036600175314,0.4162271536013577,0.3652428293949924,0.47761954520246946,11388.532575424004,214613.27732042,11.993946820992278,2.3987893641984557,0.0,148.6
308834115507932904994723305529713802141_eps1_s0,Helpdesk,0.5,7.0,,,2.0,9.0,0.2324233818236939,0.30513416606914034,0.5661139916445258,0.00106348487582045,0.14912730301148258,,0.7986451336008031,0.0714679749973584,0.7828803220007103,0.7978007211931981,5301.925123277317,0.9310674223932438,0.44167020100867377,0.8157245651935228,0.9304179771977943,5097.094080917879,214393.6404864878,13.973246588022448,2.7946493176044895,0.0,5653.4
81995840035328923700239596471948282629_eps1_s0,Helpdesk,0.5,7.0,,,2.0,9.0,0.4527314677969382,0.29940854494307484,0.814603582356334,0.007487297809524984,0.14211269898805767,,0.4290232854022179,0.06720466699334793,0.4139008897880558,0.42829992598854005,10024.637005904016,0.5278197915991768,0.42744396080379377,0.4139378579973709,0.5273613482015207,10036.127523519142,214511.62870555223,12.078352145996178,2.4156704291992357,0.0,796.6
97155303076556145513485384586884175831_eps1_s0,Helpdesk,0.5,7.0,,,2.0,9.0,0.2324233818236939,0.30513416606914034,0.5661139916445258,0.00106348487582045,0.153751903999364,,0.8030317639990244,0.07663460880285129,0.7877422674035188,0.8020865773956757,5262.874655237701,0.9234911556064617,0.4133530675957445,0.8114944312081207,0.9228949114098214,5105.2220776922095,214258.0759566178,14.859275789989624,2.9718551579979247,0.0,5653.4
265328016580473430119942812843531032877_eps2_s0,Helpdesk,0.5,11.0,,,2.0,9.0,0.8145578767997135,0.37556967257710633,0.8578772190445054,0.06341385904852631,0.15591557801235467,,0.3834204601997044,0.08597721140249633,0.36744549440336416,0.38259390120510944,11281.313545751,0.4619805410155095,0.41464980439050125,0.34687912919325753,0.46146121219499037,11991.68893537747,214621.02395624743,11.993946820992278,2.3987893641984557,0.0,148.6
308834115507932904994723305529713802141_eps2_s0,Helpdesk,0.5,11.0,,,2.0,9.0,0.8034123380568576,0.44387504041305936,0.8509908355241279,0.00106348487582045,0.14912730301148258,,0.8339222901908215,0.07163972840062342,0.8191120093979407,0.8331676586007234,5060.060823135494,0.925755281187594,0.44169612280093135,0.813085959397722,0.9250767101941164,5099.308198136152,214405.93173319363,13.973246588022448,2.7946493176044895,0.0,5653.4
81995840035328923700239596471948282629_eps2_s0,Helpdesk,0.5,11.0,,,2.0,9.0,0.8550810114487497,0.393851789065371,0.9061632542656939,0.007487297809524984,0.14211269898805767,,0.4179558726027608,0.07573220880003646,0.4027870791964233,0.4171139848069288,10292.381897961513,0.5177952605998144,0.4214505717973225,0.4067494590068236,0.5172945442027412,10211.17611648271,214519.94004795197,12.078352145996178,2.4156704291992357,0.0,796.6
97155303076556145513485384586884175831_eps2_s0,Helpdesk,0.5,11.0,,,2.0,9.0,0.8034123380568576,0.44387504041305936,0.8509908355241279,0.00106348487582045,0.153751903999364,,0.8467072693980299,0.07692506479797885,0.8317265456076711,0.8457354429992847,4986.5710803738175,0.9436531385930721,0.43754415441071615,0.82479535699822,0.9430319401901215,5034.907988890736,214270.4751634112,14.859275789989624,2.9718551579979247,0.0,5653.4
265328016580473430119942812843531032877_eps3_s0,Helpdesk,0.5,15.0,,,2.0,9.0,0.8145578767997135,0.37556967257710633,0.8578772190445054,0.06341385904852631,0.15591557801235467,,0.37611438540043307,0.0826991603942588,0.3609570623957552,0.3752822990063578,11486.589940501606,0.47128692161059005,0.396380546403816,0.35681154459016395,0.4705191680055577,11614.94227468822,214628.7835554386,11.993946820992278,2.3987893641984557,0.0,148.6
308834115507932904994723305529713802141_eps3_s0,Helpdesk,0.5,15.0,,,2.0,9.0,0.8532905550146859,0.4666709633485131,0.9068346901923942,0.00106348487582045,0.14912730301148258,,0.8821809006039985,0.07078324059839361,0.8663644816027954,0.8810515205957927,4783.451454225185,0.9622814183996524,0.42331920539727436,0.8421659202023875,0.9617287607979961,4922.210354547076,214418.44069855878,13.973246588022448,2.7946493176044895,0.0,5653.4
81995840035328923700239596471948282629_eps3_s0,Helpdesk,0.5,15.0,,,2.0,9.0,0.8550810114487497,0.393851789065371,0.9061632542656939,0.007487297809524984,0.14211269898805767,,0.45299731599516235,0.06576171180931852,0.4374204033927526,0.45215459119062873,9511.320322289484,0.5052104619971942,0.41021325600449926,0.3927612611965742,0.5047611385991331,10556.584336425274,214528.1874277838,12.078352145996178,2.4156704291992357,0.0,796.6
97155303076556145513485384586884175831_eps3_s0,Helpdesk,0.5,15.0,,,2.0,9.0,0.8532905550146859,0.4666709633485131,0.9068346901923942,0.00106348487582045,0.153751903999364,,0.929196789994603,0.06260865500662476,0.9129878101986832,0.9281690277974122,4539.108057289612,0.9954484250047244,0.40839844780275597,0.8742809406016022,0.9948232306051068,4741.957269192031,214283.348229316,14.859275789989624,2.9718551579979247,0.0,5653.4
265328016580473430119942812843531032877_eps4_s0,Helpdesk,0.5,21.0,,,2.0,9.0,0.8145578767997135,0.37556967257710633,0.8578772190445054,0.06341385904852631,0.15591557801235467,,0.38870924880029634,0.07611842920305208,0.37256289800279774,0.38787855000118726,11119.493538857187,0.47344593519810585,0.4068523294001352,0.3568010994058568,0.4729530291981064,11623.078388971542,214636.44674864263,11.993946820992278,2.3987893641984557,0.0,148.6
308834115507932904994723305529713802141_eps4_s0,Helpdesk,0.5,21.0,,,2.0,9.0,0.8568636851617726,0.468322589425776,0.9089187667037617,0.00106348487582045,0.14912730301148258,,0.9845701247919351,0.07337544740294107,0.968739033001475,0.9838700473948847,4279.072956857317,1.0991848888108506,0.40350479259504934,0.9781649095995817,1.0985773442080244,4238.602596218168,214431.8675387708,13.973246588022448,2.7946493176044895,0.0,5653.4
81995840035328923700239596471948282629_eps4_s0,Helpdesk,0.5,21.0,,,2.0,9.0,0.8550810114487497,0.393851789065371,0.9061632542656939,0.007487297809524984,0.14211269898805767,,0.4313251691986807,0.08226370880147442,0.4155643092060927,0.43050251140957696,9973.651568585949,0.5411402421945241,0.4279135512013454,0.42435170399257915,0.5404834946035407,9786.669507563045,214536.51409276918,12.078352145996178,2.4156704291992357,0.0,796.6
97155303076556145513485384586884175831_eps4_s0,Helpdesk,0.5,21.0,,,2.0,9.0,0.8568636851617726,0.468322589425776,0.9089187667037617,0.00106348487582045,0.153751903999364,,0.9825223042105791,0.0716717259841971,0.9671074539946858,0.9814855155884288,4287.648249441082,1.1142832167970482,0.4417065081943292,0.9885356128041167,1.1136590121954213,4202.894114509772,214297.0025675092,14.859275789989624,2.9718551579979247,0.0,5653.4
126210625957389068229126750132313293826_eps0_s0,Helpdesk,1.0,3.0,,,1.0,17.0,0.8604398200589625,0.46184917226656486,0.9124711330656696,0.0009182644835171308,0.1793280970014166,,0.8003779396007303,0.06975695639848709,0.7847796223999467,0.799644444801379,5282.431894121131,1.309723368397681,0.43552341980393977,1.1936706040054559,1.3090047640085687,3471.323010415269,214717.10263905217,13.553164790995652,2.71063295819913,0.0,11147.8
181220949468832094225992025099366369010_eps0_s0,Helpdesk,1.0,3.0,,,1.0,17.0,0.8557552968221298,0.39386108377761786,0.9070403575019188,0.007487098909535526,1.4422781470057089,,0.43283329260302705,0.07014468319830484,0.41709373639896513,0.43193372719106266,9946.777379308613,0.5594483282009606,0.46220102699007837,0.4497710226045456,0.5588874055945781,9211.980007083654,214978.4482605174,11.94049504600116,2.388099009200232,0.0,864.8
310268235452042814705481518250557353345_eps0_s0,Helpdesk,1.0,3.0,,,1.0,17.0,0.8604398200589625,0.46184917226656486,0.9124711330656696,0.0009182644835171308,0.1391114300058689,,0.8132118917943444,0.06906470539979637,0.7977586569963023,0.8122863919939846,5199.527072004338,1.3352278650039806,0.4430020043975674,1.2192854452063329,1.3347639252024237,3400.2709699087595,214853.73568253,13.833850986993639,2.7667701973987278,0.0,11147.8
74472092266040289194800510518390442502_eps0_s0,Helpdesk,1.0,3.0,,,1.0,17.0,0.8145578535406649,0.37556781348452584,0.8579254088963166,0.06341390556662348,0.14797493000514805,,0.39623565079527906,0.08071013540029526,0.3804856316011865,0.3954272801987827,10966.603641696169,0.5283570766041521,0.4070551194017753,0.4161703333957121,0.5278067076113075,9989.578242992675,215083.9466961454,12.317234282003483,2.4634468564006964,0.0,148.0
126210625957389068229126750132313293826_eps1_s0,Helpdesk,1.0,7.0,,,1.0,17.0,0.22996171296620482,0.30695411369292447,0.5610276509511054,0.0009182644835171308,0.1793280970014166,,0.8414950794016477,0.0784865389985498,0.8263654094014783,0.8406219199998304,5026.499711014425,0.9356721783988178,0.42781783180544153,0.8141439842118416,0.934873288590461,5087.763734970231,214730.1327825264,13.553164790995652,2.71063295819913,0.0,11147.8
181220949468832094225992025099366369010_eps1_s0,Helpdesk,1.0,7.0,,,1.0,17.0,0.4531658666664155,0.2995157340853411,0.8147671370592795,0.007487098909535526,1.4422781470057089,,0.43790897500002757,0.07294494060333818,0.4218602986074984,0.43710466661141256,9842.732450034635,0.5372429795970675,0.4264622228045482,0.42374716500053183,0.5365870145964436,9788.831790557819,214986.988770149,11.94049504600116,2.388099009200232,0.0,864.8
310268235452042814705481518250557353345_eps1_s0,Helpdesk,1.0,7.0,,,1.0,17.0,0.22996171296620482,0.30695411369292447,0.5610276509511054,0.0009182644835171308,0.1391114300058689,,0.8342537588032428,0.07479884799686261,0.8187311358051375,0.8333072456007358,5061.403498326447,0.9476346855983138,0.4355285663972609,0.8318959903961514,0.9469535202020779,4987.219901092484,214867.13780303317,13.833850986993639,2.7667701973987278,0.0,11147.8
74472092266040289194800510518390442502_eps1_s0,Helpdesk,1.0,7.0,,,1.0,17.0,0.8145578535406649,0.37556781348452584,0.8419189261932278,0.06341390556662348,0.14797493000514805,,0.39448477599653414,0.08252587920287624,0.3789044323959388,0.3936677143967245,10950.623465393164,0.4925367063959129,0.4318336419935804,0.38098849140224045,0.4919495776004624,10911.560857375063,215092.0251909058,12.317234282003483,2.4634468564006964,0.0,148.0
126210625957389068229126750132313293826_eps2_s0,Helpdesk,1.0,11.0,,,1.0,17.0,0.8018671723357713,0.4402724792500533,0.8497273717910712,0.0009182644835171308,0.1793280970014166,,0.8555329654016532,0.06962617940152996,0.8398631902004127,0.8545991604041774,4932.529160683252,0.955298507399857,0.4239021520013921,0.8399263254075777,0.9547213369980454,4944.6707485143925,214742.7190906934,13.553164790995652,2.71063295819913,0.0,11147.8
181220949468832094225992025099366369010_eps2_s0,Helpdesk,1.0,11.0,,,1.0,17.0,0.8555154103182272,0.39395897820763726,0.9063268089686394,0.007487098909535526,1.4422781470057089,,0.4409726607904304,0.08194122380809858,0.42542965240427294,0.44021180979325436,9748.148661807665,0.5224667741975282,0.44677171260118487,0.4075412606005557,0.5219565259933006,10190.58208767676,214995.4455537946,11.94049504600116,2.388099009200232,0.0,864.8
310268235452042814705481518250557353345_eps2_s0,Helpdesk,1.0,11.0,,,1.0,17.0,0.8018671723357713,0.4402724792500533,0.8497273717910712,0.0009182644835171308,0.1391114300058689,,0.8362132865877356,0.07003187001100741,0.8214973830035888,0.8354052415990736,5044.420114371911,0.9299983783974313,0.4191357203992084,0.8182899176084902,0.929390142194461,5064.509203201719,214879.3880306074,13.833850986993639,2.7667701973987278,0.0,11147.8
74472092266040289194800510518390442502_eps2_s0,Helpdesk,1.0,11.0,,,1.0,17.0,0.8145578535406649,0.37556781348452584,0.8579254088963166,0.06341390556662348,0.14797493000514805,,0.3938826791883912,0.08374139880761504,0.3783591551880818,0.39289056879933926,10972.827739299228,0.4769793283951003,0.41016823920072054,0.36145330478902904,0.47643499620025975,11467.028323261742,215099.955594128,12.317234282003483,2.4634468564006964,0.0,148.0
126210625957389068229126750132313293826_eps3_s0,Helpdesk,1.0,15.0,,,1.0,17.0,0.8497657338777793,0.46204269938717857,0.9048640576741283,0.0009182644835171308,0.1793280970014166,,0.8902691101946403,0.06897012999397703,0.8740335859940387,0.8894682566053234,4740.067213162109,1.009137391805416,0.4317179055942688,0.8923069501994177,1.0086128044000362,4655.494761656072,214755.4927112044,13.553164790995652,2.71063295819913,0.0,11147.8
181220949468832094225992025099366369010_eps3_s0,Helpdesk,1.0,15.0,,,1.0,17.0,0.8555154103182272,0.39395897820763726,0.9063268089686394,0.007487098909535526,1.4422781470057089,,0.43841540499124676,0.07193754480103962,0.42447014480130746,0.4375225255964324,9784.275147302254,0.5243007879995275,0.46377817520406095,0.4085591524082702,0.5237103171937634,10155.244263334282,215003.8461320754,11.94049504600116,2.388099009200232,0.0,864.8
310268235452042814705481518250557353345_eps3_s0,Helpdesk,1.0,15.0,,,1.0,17.0,0.8497657338777793,0.46204269938717857,0.9048640576741283,0.0009182644835171308,0.1391114300058689,,0.9030368120002095,0.08305057780235074,0.8869650759967044,0.9021868721931241,4673.870102264185,1.0157423474069218,0.42502575800172054,0.9006274280080107,1.015003464196343,4603.9639521267145,214892.20283481557,13.833850986993639,2.7667701973987278,0.0,11147.8
74472092266040289194800510518390442502_eps3_s0,Helpdesk,1.0,15.0,,,1.0,17.0,0.8145578535406649,0.37556781348452584,0.8579254088963166,0.06341390556662348,0.14797493000514805,,0.3947653884009924,0.06739281539921649,0.37860692119575107,0.3940528437960893,10975.935244954313,0.4718099006044213,0.42891444739652795,0.35997757479781284,0.47129379339748995,11552.67004979134,215107.8686150536,12.317234282003483,2.4634468564006964,0.0,148.0
126210625957389068229126750132313293826_eps4_s0,Helpdesk,1.0,21.0,,,1.0,17.0,0.8555116988352189,0.4646775650322124,0.9081495586097932,0.0009182644835171308,0.1793280970014166,,1.015255206800066,0.07697425820515491,0.9989906088041607,1.014420877007069,4149.758937180459,1.087723378802184,0.4384870380104985,0.9653659501986113,1.0870882828021422,4297.198565463908,214769.1029903046,13.553164790995652,2.71063295819913,0.0,11147.8
181220949468832094225992025099366369010_eps4_s0,Helpdesk,1.0,21.0,,,1.0,17.0,0.8555154103182272,0.39395897820763726,0.9063268089686394,0.007487098909535526,1.4422781470057089,,0.4619885283987969,0.07663306700414978,0.445578944805311,0.4611979730078019,9310.308994959276,0.5456878062046598,0.44558184399502354,0.42616070400108585,0.5449858425999992,9733.192247228433,215012.3884514478,11.94049504600116,2.388099009200232,0.0,864.8
310268235452042814705481518250557353345_eps4_s0,Helpdesk,1.0,21.0,,,1.0,17.0,0.8555116988352189,0.4646775650322124,0.9081495586097932,0.0009182644835171308,0.1391114300058689,,1.011343246808974,0.07129239058704115,0.9955908631905913,1.0104378921911121,4163.156428829037,1.1088227608124726,0.4342279495904222,0.987303978408454,1.108220151794376,4202.822969448178,214906.091104232,13.833850986993639,2.7667701973987278,0.0,11147.8
74472092266040289194800510518390442502_eps4_s0,Helpdesk,1.0,21.0,,,1.0,17.0,0.8145578535406649,0.37556781348452584,0.8579254088963166,0.06341390556662348,0.14797493000514805,,0.3933906529855449,0.06916776280850172,0.3778091170010157,0.3925634898012504,11036.863757238923,0.47634373778710143,0.41427963160094805,0.36132449480355716,0.47565070121199826,11491.062267287101,215115.7984893,12.317234282003483,2.4634468564006964,0.0,148.0
200934189435493509245876840523779924304_eps0_s0,Nasa,0.0,3.0,,,51.6,1.0,0.7621882516824436,0.6259214126347519,0.15706615612907465,0.15885031417657197,0.6052182329876814,,0.8848307529930025,0.09948420940199867,0.8584462106053252,0.8840402300003916,14210.681125126826,2.6099515355948824,1.0179753048054407,1.937109197198879,2.609388414002024,6297.446711616785,252616.33553767842,20.1899528990034,4.03799057980068,0.0,131.77815384615386
252036172554514852379917073716435574953_eps0_s0,Nasa,0.0,3.0,,,51.6,1.0,0.8581289332725539,0.757648822559946,0.44962873737820647,0.01922833217789157,0.6119140710216016,,1.302051421010401,0.09239392979070545,1.276794064999558,1.3014718631922733,9555.263831200351,9.439782981795725,1.5415654164040462,8.741429362405324,9.4392975958006,1394.5401275017207,252328.3915478202,22.200498833990423,4.440099766798085,0.0,1076.255076923077
252336560693540533935881068298825202077_eps0_s0,Nasa,0.0,3.0,,,51.6,1.0,0.8682682295382376,0.7772909843146404,0.45710350163828223,0.008219840167469319,0.621182763017714,,1.8559245603973977,0.0990665357967373,1.8273048854025546,1.855347340001026,6671.661445230589,17.812819638603834,1.6633450877910945,17.08802316400688,17.812364499398974,713.3402026739512,251442.2954650002,32.955765382008394,6.591153076401679,0.0,2864.7503076923076
47482295457342411543800303662309855831_eps0_s0,Nasa,0.0,3.0,,,51.6,1.0,0.8682682295382376,0.7772909843146404,0.45710350163828223,0.008219840167469319,0.5952610770182218,,1.928367876604898,0.10082548399223015,1.9028343198064248,1.927586593205342,6414.572824334641,17.787755228800233,1.7418085557990708,17.07623333860538,17.787153755989856,713.7934181903279,251925.09935922697,33.694443690008484,6.738888738001696,0.0,2864.7503076923076
200934189435493509245876840523779924304_eps1_s0,Nasa,0.0,7.0,,,51.6,1.0,0.7701477206231349,0.6389198844197339,0.1680966294579735,0.15885031417657197,0.6052182329876814,,0.9100584366009571,0.09805580279789865,0.8842155820049811,0.9092142774024978,13792.729410371325,2.0049072100024206,0.9804497247969266,1.3357153848046437,2.004345287004253,9135.080015033263,252638.90153231402,20.1899528990034,4.03799057980068,0.0,131.77815384615386
252036172554514852379917073716435574953_eps1_s0,Nasa,0.0,7.0,,,51.6,1.0,0.8697966773852853,0.7784902722710616,0.4745591501247139,0.01922833217789157,0.6119140710216016,,1.3050532403984108,0.09766990940552205,1.2798830281943083,1.304450308997184,9526.8208612044,5.067562353209359,1.5160755385935771,4.346354255202459,5.067031953006517,2806.8741340597408,252378.24259088482,22.200498833990423,4.440099766798085,0.0,1076.255076923077
252336560693540533935881068298825202077_eps1_s0,Nasa,0.0,7.0,,,51.6,1.0,0.8794439957475204,0.7979196328796916,0.469124681351051,0.008219840167469319,0.621182763017714,,1.8799650832021144,0.08821305480669253,1.8545785266032908,1.879348321998259,6572.962065946289,9.197234168794239,1.6959455950069242,8.465458306000802,9.196678074786906,1439.842482705041,251525.37672661798,32.955765382008394,6.591153076401679,0.0,2864.7503076923076
47482295457342411543800303662309855831_eps1_s0,Nasa,0.0,7.0,,,51.6,1.0,0.8794439957475204,0.7979196328796916,0.469124681351051,0.008219840167469319,0.5952610770182218,,1.9898512636020314,0.09957924539921806,1.9643468192080036,1.9891909932077396,6216.816949095698,9.15504941859399,1.8128897684044205,8.446491068799514,9.1545683875971,1443.3252951340758,252008.97021202362,33.694443690008484,6.738888738001696,0.0,2864.7503076923076
200934189435493509245876840523779924304_eps2_s0,Nasa,0.0,11.0,,,51.6,1.0,0.7718375572366433,0.6396774855369847,0.16801996386775786,0.15885031417657197,0.6052182329876814,,0.8983896833960898,0.10001694360980765,0.8729055504023563,0.8974864336021711,13965.19665675602,1.820197624596767,1.0664404217968695,1.164099351404002,1.819619462598348,10482.496017136067,252659.69756431197,20.1899528990034,4.03799057980068,0.0,131.77815384615386
252036172554514852379917073716435574953_eps2_s0,Nasa,0.0,11.0,,,51.6,1.0,0.87283214954708,0.7763910039927828,0.47286585391536695,0.01922833217789157,0.6119140710216016,,1.3936209313978907,0.09886853520292789,1.3694103314075619,1.392891227803193,8907.628747509541,3.745330011000624,1.5352825414040125,3.0252740965981504,3.744811065803515,4033.2256857330394,252415.81146480018,22.200498833990423,4.440099766798085,0.0,1076.255076923077
252336560693540533935881068298825202077_eps2_s0,Nasa,0.0,11.0,,,51.6,1.0,0.8542903910244396,0.7882214267698135,0.46641697741931176,0.008219840167469319,0.621182763017714,,1.9314518383995165,0.10068244100548326,1.90563734639436,1.930700057192007,6400.0753066982725,5.509720318589825,1.6936962748062796,4.773437257600017,5.509172019799007,2559.028485859068,251580.1638504826,32.955765382008394,6.591153076401679,0.0,2864.7503076923076
47482295457342411543800303662309855831_eps2_s0,Nasa,0.0,11.0,,,51.6,1.0,0.8542903910244396,0.7882214267698135,0.46641697741931176,0.008219840167469319,0.5952610770182218,,1.9646981327910908,0.0918910991982557,1.9393692393961828,1.963998434197856,6292.315287220679,5.452087459998438,1.6933807177993003,4.737150557001587,5.451478332193801,2584.0452463242696,252063.8525331978,33.694443690008484,6.738888738001696,0.0,2864.7503076923076
200934189435493509245876840523779924304_eps3_s0,Nasa,0.0,15.0,,,51.6,1.0,0.7718375572366433,0.6396774855369847,0.16801996386775786,0.15885031417657197,0.6052182329876814,,0.9028163771959953,0.09846591000095942,0.8766819773998578,0.9022077003901359,13914.970465695387,1.782882604788756,1.0363540654070675,1.116874586994527,1.7823704090027603,10919.868567467913,252680.33100346298,20.1899528990034,4.03799057980068,0.0,131.77815384615386
252036172554514852379917073716435574953_eps3_s0,Nasa,0.0,15.0,,,51.6,1.0,0.8734886877262271,0.7785238944065265,0.4691341107572187,0.01922833217789157,0.6119140710216016,,1.4005308441992383,0.1018569347972516,1.3741505066049284,1.399691571004223,8890.216446277598,3.4386967015976553,1.6040331346041057,2.7139509860076942,3.438161801797105,4492.873296047461,252450.43289969498,22.200498833990423,4.440099766798085,0.0,1076.255076923077
252336560693540533935881068298825202077_eps3_s0,Nasa,0.0,15.0,,,51.6,1.0,0.8814456144437763,0.7976867206814365,0.465849036154869,0.008219840167469319,0.621182763017714,,2.033496114000445,0.10125131740351208,2.0074592973978724,2.0328040311986113,6077.865679021784,4.9110035223944575,1.7411588320042939,4.17692930639023,4.910476709995419,2923.678329418789,251626.52494802722,32.955765382008394,6.591153076401679,0.0,2864.7503076923076
47482295457342411543800303662309855831_eps3_s0,Nasa,0.0,15.0,,,51.6,1.0,0.8814456144437763,0.7976867206814365,0.465849036154869,0.008219840167469319,0.5952610770182218,,2.1231497530068735,0.09975820319377818,2.09778541859705,2.122314755199477,5819.046815327163,4.973811063391622,1.8530132871994283,4.256103799008997,4.9733456931950055,2870.0486199380553,252110.6587699818,33.694443690008484,6.738888738001696,0.0,2864.7503076923076
200934189435493509245876840523779924304_eps4_s0,Nasa,0.0,21.0,,,51.6,1.0,0.7713450668986086,0.6405793724419,0.16801996386775786,0.15885031417657197,0.6052182329876814,,0.899063361203298,0.11098564399871975,0.8734006949991453,0.8982937352033332,13973.845435993015,1.7284052643924952,0.9800832232111134,1.0625992601970211,1.7277470385946798,11492.052548249927,252700.48758837278,20.1899528990034,4.03799057980068,0.0,131.77815384615386
252036172554514852379917073716435574953_eps4_s0,Nasa,0.0,21.0,,,51.6,1.0,0.8752278103792523,0.7826580500311207,0.4644107209675162,0.01922833217789157,0.6119140710216016,,1.5015605258056894,0.09701380339683965,1.473738403187599,1.5008019841916393,8277.489975994347,3.1095938140002546,1.6428585574030876,2.3783088681928346,3.108985352795571,5127.690344649132,252483.97236455983,22.200498833990423,4.440099766798085,0.0,1076.255076923077
252336560693540533935881068298825202077_eps4_s0,Nasa,0.0,21.0,,,51.6,1.0,0.88237968630104,0.8013831214215239,0.4661419353944952,0.008219840167469319,0.621182763017714,,2.4117922022065614,0.09594275720301085,2.3855910504003988,2.4111324696044902,5110.400370264453,4.641234665800584,1.716655125998659,3.915346264402615,4.640756974194664,3113.152157720996,251671.9132453172,32.955765382008394,6.591153076401679,0.0,2864.7503076923076
47482295457342411543800303662309855831_eps4_s0,Nasa,0.0,21.0,,,51.6,1.0,0.88237968630104,0.8013831214215239,0.4661419353944952,0.008219840167469319,0.5952610770182218,,2.529795175604522,0.0871908025990706,2.5042817846057006,2.529089170601219,4873.266527922537,4.745605685998453,1.8583179360022768,4.0160083148046395,4.745069862989476,3037.629985986639,252157.8478424712,33.694443690008484,6.738888738001696,0.0,2864.7503076923076
142755197448285586864950898907211027337_eps0_s0,Nasa,0.025,3.0,,,25.8,2.0,0.7113023005155062,0.5561956453039087,0.13032496953266032,0.22196362713581866,0.6105190289963502,,0.8859421039989683,0.09778864140389487,0.8584263392025605,0.8851462594000623,14207.375805899317,2.196050864609424,1.0423840535979252,1.529488882207079,2.1955640795989892,7985.378278769276,254150.78876341358,19.731273813988082,3.9462547627976163,0.0,144.06953846153846
204856358341536816138399558242345199755_eps0_s0,Nasa,0.025,3.0,,,25.8,2.0,0.8680551370151957,0.7765187225951091,0.4572444879945996,0.008154279603038364,0.6027138320205268,,1.9934633672004565,0.09086446579894983,1.9673285614000633,1.9927799893950577,6199.780876980261,17.874531393393408,1.7202270101988688,17.173548228200524,17.87403574240161,709.7783246759988,253530.3003672232,39.80940558601287,7.961881117202575,0.0,5711.026461538461
243648848362029147724904434567477923763_eps0_s0,Nasa,0.025,3.0,,,25.8,2.0,0.8416073317611925,0.7332577859594667,0.4335385957752308,0.04040973923281925,0.6073218600067776,,1.0656651462020819,0.09350185900111682,1.040030266402755,1.0650260155962314,11730.430659404023,5.087756631796947,1.4599947230017278,4.365313191205496,5.0871729356003925,2794.3771953942305,253911.038333047,20.811087545996998,4.162217509199399,0.0,1102.768
31882839497307630496007576300860674457_eps0_s0,Nasa,0.025,3.0,,,25.8,2.0,0.8680551370151957,0.7765187225951091,0.4572444879945996,0.008154279603038364,0.630846786982147,,1.9895518239936791,0.09877629579859785,1.9618087128037587,1.98864691479248,6214.028876853032,18.030331389803905,1.7713148211943917,17.317638253996847,18.029800165403866,703.9383674590078,252994.5175978764,43.806932070001494,8.761386414000299,0.0,5711.026461538461
142755197448285586864950898907211027337_eps1_s0,Nasa,0.025,7.0,,,25.8,2.0,0.7179644217660267,0.5662106809456582,0.13792576447481553,0.22196362713581866,0.6105190289963502,,0.8787703061942012,0.0950856140058022,0.8526062818011269,0.8780473453982267,14309.50444997541,1.7778620031895116,1.0433415055973456,1.1081990025995765,1.777313140197657,10999.071537616468,254171.9914100584,19.731273813988082,3.9462547627976163,0.0,144.06953846153846
204856358341536816138399558242345199755_eps1_s0,Nasa,0.025,7.0,,,25.8,2.0,0.8796082220498873,0.7986894858776477,0.4713645732073283,0.008154279603038364,0.6027138320205268,,1.9258869723882526,0.09643272960674949,1.9007186401926446,1.9250778063957115,6422.542140333804,8.955771711806301,1.7587193772022147,8.237066282401793,8.955276541999774,1479.8132567968282,253613.1993113774,39.80940558601287,7.961881117202575,0.0,5711.026461538461
243648848362029147724904434567477923763_eps1_s0,Nasa,0.025,7.0,,,25.8,2.0,0.8538640654399208,0.7549890664904171,0.4534407758576286,0.04040973923281925,0.6073218600067776,,1.0977764241979457,0.10021592680714093,1.0730871819949244,1.0970476989983582,11371.349136836823,3.1495469635992777,1.5183240196027328,2.4259352431923618,3.1488664991920814,5029.461912929403,253945.4695075752,20.811087545996998,4.162217509199399,0.0,1102.768
31882839497307630496007576300860674457_eps1_s0,Nasa,0.025,7.0,,,25.8,2.0,0.8796082220498873,0.7986894858776477,0.4713645732073283,0.008154279603038364,0.630846786982147,,2.0026676135894377,0.09292914540856145,1.9733451719977892,2.0017449999984818,6188.116540695703,9.025554006604944,1.8340935370011722,8.299682794202818,9.025084626185707,1468.6969532553596,253078.5537998462,43.806932070001494,8.761386414000299,0.0,5711.026461538461
142755197448285586864950898907211027337_eps2_s0,Nasa,0.025,11.0,,,25.8,2.0,0.7179972530702246,0.5657309679780795,0.13792576447481553,0.22196362713581866,0.6105190289963502,,0.9156872703984845,0.09661848520627245,0.8893102926027495,0.9148558852029964,13743.431814923195,1.6957713885931298,1.1341675866045988,1.0342791415983812,1.6952640778035857,11824.83544270006,254192.54420095362,19.731273813988082,3.9462547627976163,0.0,144.06953846153846
204856358341536816138399558242345199755_eps2_s0,Nasa,0.025,11.0,,,25.8,2.0,0.8540767953365818,0.7879919248417073,0.4668258517000856,0.008154279603038364,0.6027138320205268,,1.9802707128052135,0.10601310279453173,1.954496069002198,1.979371664999053,6242.953902535512,6.267228803597391,1.7556758539984003,4.787509773398051,6.266475458804052,2555.88072042205,253671.9232235644,39.80940558601287,7.961881117202575,0.0,5711.026461538461
243648848362029147724904434567477923763_eps2_s0,Nasa,0.025,11.0,,,25.8,2.0,0.8555240830194967,0.7517713274500657,0.45774538813180365,0.04040973923281925,0.6073218600067776,,1.0959606111922766,0.096543100400595,1.0703833121981006,1.0949950042064303,11397.825480639714,2.5117245905974412,1.4806516463926527,1.7903384964040014,2.511118497804273,6809.284411035461,253974.0236073966,20.811087545996998,4.162217509199399,0.0,1102.768
31882839497307630496007576300860674457_eps2_s0,Nasa,0.025,11.0,,,25.8,2.0,0.8540767953365818,0.7879919248417073,0.4668258517000856,0.008154279603038364,0.630846786982147,,1.9928874566103332,0.10104990199324675,1.9661105203966145,1.9921407335903496,6203.107976769598,5.585994233802194,1.8316646480059717,4.858231144194724,5.585491040215129,2515.959399554257,253134.33358246,43.806932070001494,8.761386414000299,0.0,5711.026461538461
142755197448285586864950898907211027337_eps3_s0,Nasa,0.025,15.0,,,25.8,2.0,0.7179972530702246,0.5657309679780795,0.13792576447481553,0.22196362713581866,0.6105190289963502,,0.8837394102010876,0.09974201879813335,0.857157681992976,0.8830111955932807,14241.008300107118,1.6807167989900336,1.0560420594061726,1.0115656175999903,1.680104648199631,12060.626043294025,254212.85332345281,19.731273813988082,3.9462547627976163,0.0,144.06953846153846
204856358341536816138399558242345199755_eps3_s0,Nasa,0.025,15.0,,,25.8,2.0,0.8812481851860143,0.7971558002028678,0.4649487743659396,0.008154279603038364,0.6027138320205268,,2.064870415208861,0.100957843195647,2.0385647873976267,2.0639664159913083,5983.055703378348,4.923346950800624,1.7514201720012352,4.200230815802934,4.922756303392816,2910.94604454395,253718.45024091803,39.80940558601287,7.961881117202575,0.0,5711.026461538461
243648848362029147724904434567477923763_eps3_s0,Nasa,0.025,15.0,,,25.8,2.0,0.8561304341580941,0.7549302817908232,0.4509498814167758,0.04040973923281925,0.6073218600067776,,1.0840366625983733,0.09312674699467607,1.057600376015762,1.0833194302103948,11525.889362276983,2.4167882724024823,1.5153579093981535,1.6803690648055636,2.4162634917884134,7261.1670534869045,254001.05566991837,20.811087545996998,4.162217509199399,0.0,1102.768
31882839497307630496007576300860674457_eps3_s0,Nasa,0.025,15.0,,,25.8,2.0,0.8812481851860143,0.7971558002028678,0.4649487743659396,0.008154279603038364,0.630846786982147,,2.1297519518004266,0.10709538499941118,2.1031243314035235,2.1287424106092656,5800.119211358186,4.980332844005898,1.9027526687947103,4.232028904400067,4.979673269396881,2886.0684220704925,253181.9329220042,43.806932070001494,8.761386414000299,0.0,5711.026461538461
142755197448285586864950898907211027337_eps4_s0,Nasa,0.025,21.0,,,25.8,2.0,0.7179643395467038,0.5660363987816863,0.13792576447481553,0.22196362713581866,0.6105190289963502,,0.890072998200776,0.09104225799674168,0.8632403157942463,0.889297611801885,14137.894013517967,1.5954950087994804,1.048282792198006,0.9385831754072569,1.5949191406019962,12997.26747410759,254232.46407294078,19.731273813988082,3.9462547627976163,0.0,144.06953846153846
204856358341536816138399558242345199755_eps4_s0,Nasa,0.025,21.0,,,25.8,2.0,0.8819859274028838,0.8010034151842914,0.465890761355818,0.008154279603038364,0.6027138320205268,,2.43336277740309,0.09138888039742596,2.408113401604351,2.432575671188533,5062.029187476683,4.715793909406057,1.7990807509981095,3.9931151401950045,4.715244908595923,3053.1937256564634,253764.6416943396,39.80940558601287,7.961881117202575,0.0,5711.026461538461
243648848362029147724904434567477923763_eps4_s0,Nasa,0.025,21.0,,,25.8,2.0,0.8570320232858963,0.7574347147193994,0.4530486176271299,0.04040973923281925,0.6073218600067776,,1.113940221001394,0.09191237180493772,1.0878681965987198,1.1131002121954225,11204.781822790246,2.2702705894014796,1.5080730508023408,1.5343984363949859,2.269662305607926,7946.946613784958,254027.67815222242,20.811087545996998,4.162217509199399,0.0,1102.768
31882839497307630496007576300860674457_eps4_s0,Nasa,0.025,21.0,,,25.8,2.0,0.8819859274028838,0.8010034151842914,0.465890761355818,0.008154279603038364,0.630846786982147,,2.493054549192311,0.10533593859872781,2.467032229207689,2.4924114201974588,4944.652214682278,4.818547977588605,1.9181460888066795,4.077917891612742,4.817929037410067,2989.788314028022,253229.6465300134,43.806932070001494,8.761386414000299,0.0,5711.026461538461
143808228238095277664544419614730890173_eps0_s0,Nasa,0.1,3.0,,,9.0,6.0,0.8407021301623525,0.7254366602403752,0.4273374047578725,0.04226938986043942,0.6030407240032218,,1.0081726620031985,0.08820561179891229,0.9822326799971052,1.0075252299953719,12419.992138349551,3.285547152796062,1.545155851810705,2.585133729997324,3.28478698580293,4722.622050941949,255721.0522360176,20.834860175993526,4.166972035198706,0.0,1265.0666666666666
258208765752992901959170973957564585355_eps0_s0,Nasa,0.1,3.0,,,9.0,6.0,0.8720262195399326,0.7815229463063619,0.4554773653610793,0.0032811579444969423,0.5981451530242339,,1.9491233900072984,0.09496516839717514,1.9199890643940307,1.9481624501931947,6359.336078078204,19.11343389080139,1.7652795609959866,17.65715144959977,19.11284282740089,690.4757435520428,255338.03171336363,66.13919176100171,13.227838352200342,0.0,14220.955555555556
73267476325277510937415020325069564022_eps0_s0,Nasa,0.1,3.0,,,9.0,6.0,0.6491584848458004,0.4367067627665609,0.12006225738556076,0.2950830740209314,0.5980338549998123,,0.8884764305956196,0.09235173440538347,0.8610017240105663,0.8878188296104781,14204.824246338776,1.7074048565875273,1.097573538805591,1.0523654818010981,1.7069114205951337,11596.353291655614,255950.8423020354,21.14960698399227,4.229921396798455,0.0,140.53333333333333
94663391914329153046920958885615291360_eps0_s0,Nasa,0.1,3.0,,,9.0,6.0,0.8720262195399326,0.7815229463063619,0.4554773653610793,0.0032811579444969423,0.609175336023327,,1.9556847510044464,0.09364994220086373,1.9311632040014957,1.9549997849971987,6318.654278612475,18.36947790380218,1.8187956623965875,17.66053206520155,18.368839668802686,690.2575768649219,254661.41633799401,70.28004876998602,14.056009753997206,0.0,14220.955555555556
143808228238095277664544419614730890173_eps1_s0,Nasa,0.1,7.0,,,9.0,6.0,0.8523521036651687,0.7465345766861838,0.44954574240647666,0.04226938986043942,0.6030407240032218,,1.011080026201671,0.09081133639556356,0.985764665203169,1.0103197361982894,12370.903858503088,2.3035633491934275,1.5338412971992512,1.5874737918027677,2.3031143555999734,7688.800294741431,255748.93213225598,20.834860175993526,4.166972035198706,0.0,1265.0666666666666
258208765752992901959170973957564585355_eps1_s0,Nasa,0.1,7.0,,,9.0,6.0,0.883528144388565,0.8039809165797133,0.47620379507580857,0.0032811579444969423,0.5981451530242339,,1.9554456581943669,0.09784494179766626,1.9302370639983564,1.9547124408010859,6331.065415142347,9.32727476459113,1.7880591350083705,8.60924608859932,9.326596578204772,1416.414721456526,255426.4223208172,66.13919176100171,13.227838352200342,0.0,14220.955555555556
73267476325277510937415020325069564022_eps1_s0,Nasa,0.1,7.0,,,9.0,6.0,0.6545237661645674,0.4429891176549611,0.1354151427255367,0.2950830740209314,0.5980338549998123,,0.8961964673944749,0.09675659520435147,0.8697398652031552,0.8954424158029723,14049.057566504276,1.5612329030002001,1.1199000540014823,0.8978013245970942,1.5605476322059986,13585.66180152333,255970.87307159882,21.14960698399227,4.229921396798455,0.0,140.53333333333333
94663391914329153046920958885615291360_eps1_s0,Nasa,0.1,7.0,,,9.0,6.0,0.883528144388565,0.8039809165797133,0.47620379507580857,0.0032811579444969423,0.609175336023327,,2.026779481203994,0.09789445939240977,1.9989670010108966,2.026101176609518,6099.442099028344,9.247422373993322,1.9166392882005312,8.514888098393566,9.246888690593186,1431.5990945808812,254746.9270624516,70.28004876998602,14.056009753997206,0.0,14220.955555555556
143808228238095277664544419614730890173_eps2_s0,Nasa,0.1,11.0,,,9.0,6.0,0.8590797714414483,0.7532986629460237,0.4638420106001055,0.04226938986043942,0.6030407240032218,,1.0435828239948024,0.10578319960623048,1.0182922397973015,1.042814459197689,11973.80521273812,2.0527223016135396,1.560220305994153,1.3290070496033877,2.052141432010103,9189.531606693195,255774.394318821,20.834860175993526,4.166972035198706,0.0,1265.0666666666666
258208765752992901959170973957564585355_eps2_s0,Nasa,0.1,11.0,,,9.0,6.0,0.8595577122630781,0.7954206351421026,0.47342109429956025,0.0032811579444969423,0.5981451530242339,,1.9881045195972546,0.10288478120346553,1.962940492585767,1.9873653347895015,6216.058495628975,6.049656484596198,1.7248906359949614,5.342994844401256,6.0490674349945035,2292.4471628524034,255483.7165489352,66.13919176100171,13.227838352200342,0.0,14220.955555555556
73267476325277510937415020325069564022_eps2_s0,Nasa,0.1,11.0,,,9.0,6.0,0.6545237661645674,0.4429891176549611,0.13583712458936914,0.2950830740209314,0.5980338549998123,,0.8711772417998873,0.09963713200413622,0.8425426117959433,0.8703912285971456,14500.107878074874,1.5815100996056572,1.1366585647920147,0.9118878800130915,1.5808726171962917,13386.218723368733,255990.5814085452,21.14960698399227,4.229921396798455,0.0,140.53333333333333
94663391914329153046920958885615291360_eps2_s0,Nasa,0.1,11.0,,,9.0,6.0,0.8595577122630781,0.7954206351421026,0.47342109429956025,0.0032811579444969423,0.609175336023327,,1.9835616512049454,0.10187906019273214,1.9577567903965245,1.9826500676048453,6231.337497689909,6.090144323004642,1.8851462045975496,5.3664133390062485,6.089484083396383,2281.7328607821037,254804.82373541797,70.28004876998602,14.056009753997206,0.0,14220.955555555556
143808228238095277664544419614730890173_eps3_s0,Nasa,0.1,15.0,,,9.0,6.0,0.8589980566202959,0.7532148566077713,0.4636266798253004,0.04226938986043942,0.6030407240032218,,1.0691211177967488,0.10101671399897896,1.0434403807972559,1.0683140579960309,11684.623619633932,2.0504786429984962,1.5833028305962216,1.3160457768011837,2.0497893581923563,9263.063488488702,255799.66761267278,20.834860175993526,4.166972035198706,0.0,1265.0666666666666
258208765752992901959170973957564585355_eps3_s0,Nasa,0.1,15.0,,,9.0,6.0,0.8878772282371251,0.8075366911135543,0.47237278272850336,0.0032811579444969423,0.5981451530242339,,2.124635843402939,0.10281675279256888,2.0987417637952603,2.123741429601796,5809.300843706337,5.003649877209682,1.7815247349906713,4.2860389129898975,5.002996395196533,2850.77085761959,255532.0574139278,66.13919176100171,13.227838352200342,0.0,14220.955555555556
73267476325277510937415020325069564022_eps3_s0,Nasa,0.1,15.0,,,9.0,6.0,0.6545237661645674,0.4429891176549611,0.13584259265586082,0.2950830740209314,0.5980338549998123,,0.8572703586018179,0.10155965460580774,0.8295529911993071,0.8564482302055694,14706.692631111135,1.5309961443999782,1.057182314794045,0.8799833452038002,1.5304866780003068,13870.354007903468,256010.07418378582,21.14960698399227,4.229921396798455,0.0,140.53333333333333
94663391914329153046920958885615291360_eps3_s0,Nasa,0.1,15.0,,,9.0,6.0,0.8878772282371251,0.8075366911135543,0.47237278272850336,0.0032811579444969423,0.609175336023327,,2.0945388657972215,0.0967562168079894,2.06647918120143,2.093626344401855,5906.695908355495,5.0369967984093815,1.8259149371937382,4.297617713402724,5.036455312394537,2841.903055058304,254853.5122795978,70.28004876998602,14.056009753997206,0.0,14220.955555555556
143808228238095277664544419614730890173_eps4_s0,Nasa,0.1,21.0,,,9.0,6.0,0.8585220122568128,0.7541395319307129,0.4634158920895425,0.04226938986043942,0.6030407240032218,,1.067623858602019,0.10214420661213808,1.0414986613963264,1.0668707555974835,11711.414424601477,1.9732517811993602,1.5807077287987341,1.2510262037976645,1.9725489421980456,9781.999672451806,255824.77622189297,20.834860175993526,4.166972035198706,0.0,1265.0666666666666
258208765752992901959170973957564585355_eps4_s0,Nasa,0.1,21.0,,,9.0,6.0,0.8880741884314036,0.8097247329708,0.47325629687168735,0.0032811579444969423,0.5981451530242339,,2.507647143601207,0.10526111039798706,2.4822591944015584,2.5068960765958765,4917.348862417229,4.733682155993302,1.7158707990078255,4.003074329392985,4.733091600204352,3045.1949165006586,255578.419807242,66.13919176100171,13.227838352200342,0.0,14220.955555555556
73267476325277510937415020325069564022_eps4_s0,Nasa,0.1,21.0,,,9.0,6.0,0.6545237661645674,0.4429891176549611,0.13584259265586082,0.2950830740209314,0.5980338549998123,,0.8440105404064525,0.09156973300268874,0.8175851533946116,0.8431825457955711,14918.40618960062,1.511040104192216,1.0763905578060076,0.8550829408050049,1.510532784787938,14271.567247319797,256028.99342032522,21.14960698399227,4.229921396798455,0.0,140.53333333333333
94663391914329153046920958885615291360_eps4_s0,Nasa,0.1,21.0,,,9.0,6.0,0.8880741884314036,0.8097247329708,0.47325629687168735,0.0032811579444969423,0.609175336023327,,2.504257285001222,0.10073736499762162,2.4790732862020377,2.5035168403934223,4919.229717421462,4.874994438007707,1.877237023593625,4.13595536419889,4.874315725004999,2948.5372666598937,254900.9830957076,70.28004876998602,14.056009753997206,0.0,14220.955555555556
122154352235324958585344058181015187729_eps0_s0,Nasa,0.2,3.0,,,5.0,11.0,0.8703520069735677,0.7784594553867399,0.47022701922504845,0.0021327051614288264,0.642633298994042,,1.8839850370073692,0.09806160459411331,1.8587178334069905,1.8832230580039322,6562.832397524025,14.878288456203881,1.5698005695885513,14.169682729791385,14.877773221587995,860.4152638358653,257418.3915535002,100.61982702900423,20.123965405800845,0.0,23945.120000000003
156334184650786485978347865448030139775_eps0_s0,Nasa,0.2,3.0,,,5.0,11.0,0.6080005242917774,0.3834406396544849,0.12094882623732461,0.3451854757331212,0.6096587820211425,,0.8968026743968949,0.0958118651935365,0.869820868584793,0.8959713841904886,14050.931595753043,1.629044006607728,1.131743744801497,0.9615674332075287,1.628487920004409,12684.59477650614,258048.04410016062,25.71282233702368,5.142564467404736,0.0,161.32
34780355639312979015160389762850482787_eps0_s0,Nasa,0.2,3.0,,,5.0,11.0,0.8703520069735677,0.7784594553867399,0.47022701922504845,0.0021327051614288264,0.6250209380232263,,1.937326680199476,0.08875997979776003,1.9117983524047304,1.9366759956057649,6381.628224507909,14.96272501060157,1.665864912798861,14.260088810801971,14.962099343002773,854.9116566628554,256605.3750058446,102.23900594800944,20.447801189601886,0.0,23945.120000000003
90011785275173713563502736162933793811_eps0_s0,Nasa,0.2,3.0,,,5.0,11.0,0.8365518797671317,0.7138357891931741,0.4299372254372472,0.04362825749513864,0.6128149099822622,,1.0163959728030023,0.11639390600030311,0.9899076665984466,1.0155859182064888,12323.734359370374,2.675854013196658,1.4262392866017763,1.99237404979649,2.675249832397094,6122.38456451228,257799.0351099778,22.74297369798296,4.548594739596592,0.0,1195.6399999999999
122154352235324958585344058181015187729_eps1_s0,Nasa,0.2,7.0,,,5.0,11.0,0.8765870857069873,0.7983269695513675,0.47226833023649173,0.0021327051614288264,0.642633298994042,,1.9833179557987024,0.09876617740374058,1.9578720821999014,1.9825682461960241,6240.197547922112,9.254957320989343,1.7526151938014665,8.542822265601718,9.254410900204675,1427.1280271617215,257495.70656183138,100.61982702900423,20.123965405800845,0.0,23945.120000000003
156334184650786485978347865448030139775_eps1_s0,Nasa,0.2,7.0,,,5.0,11.0,0.6106752642361173,0.3864299501983459,0.12441744477067336,0.3451854757331212,0.6096587820211425,,0.8738027343992144,0.10481856020633132,0.8462008934060578,0.8730811642017215,14405.994538660478,1.5718919235980138,1.190898515994195,0.9138867172005121,1.5713822624005842,13367.043605322304,258068.056717335,25.71282233702368,5.142564467404736,0.0,161.32
34780355639312979015160389762850482787_eps1_s0,Nasa,0.2,7.0,,,5.0,11.0,0.8765870857069873,0.7983269695513675,0.47226833023649173,0.0021327051614288264,0.6250209380232263,,1.9615849522058852,0.10742396539426409,1.9347935066092758,1.9605868129990995,6301.694917468847,9.37630214919336,1.8376231445989106,8.63881901379209,9.375766275194474,1411.5247673460547,256683.921919055,102.23900594800944,20.447801189601886,0.0,23945.120000000003
90011785275173713563502736162933793811_eps1_s0,Nasa,0.2,7.0,,,5.0,11.0,0.8486945851534718,0.7340192672204536,0.44881381738388865,0.04362825749513864,0.6128149099822622,,0.9992011941969394,0.10515596860204823,0.9731843770015984,0.9983620400016662,12530.733760073443,2.0347048299969175,1.427827247005189,1.3476776768045966,2.0341718866024165,9053.66562167271,257824.7012138068,22.74297369798296,4.548594739596592,0.0,1195.6399999999999
122154352235324958585344058181015187729_eps2_s0,Nasa,0.2,11.0,,,5.0,11.0,0.8611320311691625,0.7984876371078578,0.4742418026984441,0.0021327051614288264,0.642633298994042,,1.9816256639955099,0.09954149579280056,1.9557908116083127,1.98085187440156,6244.071690473734,6.214821395598119,1.6550891638034955,5.4838612592080604,6.214040014002239,2228.0587043675737,257553.18625230342,100.61982702900423,20.123965405800845,0.0,23945.120000000003
156334184650786485978347865448030139775_eps2_s0,Nasa,0.2,11.0,,,5.0,11.0,0.6106752642361173,0.3864299501983459,0.1222969626066823,0.3451854757331212,0.6096587820211425,,0.8949858573905658,0.10104520680033602,0.8653957308037207,0.8941815494094044,14088.816292760215,1.5444085953989997,1.1177868148020935,0.8879022950073704,1.543727688799845,13736.635557516076,258087.81425197842,25.71282233702368,5.142564467404736,0.0,161.32
34780355639312979015160389762850482787_eps2_s0,Nasa,0.2,11.0,,,5.0,11.0,0.8611320311691625,0.7984876371078578,0.4742418026984441,0.0021327051614288264,0.6250209380232263,,2.0340781384089497,0.1016650089994073,2.0076405948027967,2.0331677720008883,6076.610241344234,6.207462489791214,1.7971095410059206,5.495400658203289,6.20689867399633,2224.5805687967213,256742.24008752583,102.23900594800944,20.447801189601886,0.0,23945.120000000003
90011785275173713563502736162933793811_eps2_s0,Nasa,0.2,11.0,,,5.0,11.0,0.8516976278054734,0.7346332175390003,0.4383327414381486,0.04362825749513864,0.6128149099822622,,1.02444796540658,0.10258484480436891,0.9991096946061588,1.0235947222041433,12221.68364772269,1.936837054003263,1.4966091401991435,1.2261570199974812,1.936289560602745,9944.295713832904,257848.823080913,22.74297369798296,4.548594739596592,0.0,1195.6399999999999
122154352235324958585344058181015187729_eps3_s0,Nasa,0.2,15.0,,,5.0,11.0,0.888532557605388,0.8087882433155326,0.46811720780971317,0.0021327051614288264,0.642633298994042,,2.1193458602007014,0.10209161739912816,2.093651101802243,2.118481576803606,5830.861154120304,5.044384537404403,1.6914908970007674,4.332522146793781,5.043821401207242,2816.750176269773,257601.40816264678,100.61982702900423,20.123965405800845,0.0,23945.120000000003
156334184650786485978347865448030139775_eps3_s0,Nasa,0.2,15.0,,,5.0,11.0,0.6106752642361173,0.3864299501983459,0.1222969626066823,0.3451854757331212,0.6096587820211425,,0.9055488791957031,0.0973423712013755,0.8795172181969975,0.9047644801961724,13878.904948869784,1.511152461596066,1.1355172104027589,0.8469194508041256,1.5106308939983137,14414.79983229377,258107.4327733318,25.71282233702368,5.142564467404736,0.0,161.32
34780355639312979015160389762850482787_eps3_s0,Nasa,0.2,15.0,,,5.0,11.0,0.888532557605388,0.8087882433155326,0.46811720780971317,0.0021327051614288264,0.6250209380232263,,2.129926748597063,0.1035081178008113,2.103389840410091,2.1289529242028946,5796.770708245413,5.140215847606305,1.8145117091946303,4.42003275139723,5.1396428380045105,2760.7197875046454,256791.38161180838,102.23900594800944,20.447801189601886,0.0,23945.120000000003
90011785275173713563502736162933793811_eps3_s0,Nasa,0.2,15.0,,,5.0,11.0,0.8535025852017611,0.7368943772836668,0.4345989300259646,0.04362825749513864,0.6128149099822622,,1.02481232759892,0.10249199900426902,0.9994391760032159,1.0241338286083193,12197.41281344253,1.895129612600431,1.5032217214000412,1.187627238209825,1.8945440777926705,10266.792275149981,257872.8423113252,22.74297369798296,4.548594739596592,0.0,1195.6399999999999
122154352235324958585344058181015187729_eps4_s0,Nasa,0.2,21.0,,,5.0,11.0,0.8870712795591645,0.8126390628826001,0.47748804195713335,0.0021327051614288264,0.642633298994042,,2.4898448811960407,0.10307088620611467,2.4632746015966402,2.489135748601984,4948.858672720239,4.971270978404209,1.7543412007915322,4.2353776855918115,4.970641449204413,2878.554730977603,257648.5503539326,100.61982702900423,20.123965405800845,0.0,23945.120000000003
156334184650786485978347865448030139775_eps4_s0,Nasa,0.2,21.0,,,5.0,11.0,0.6106752642361173,0.3864299501983459,0.1222969626066823,0.3451854757331212,0.6096587820211425,,0.8968688362045214,0.08898575279745273,0.8713814733957406,0.895907656592317,14041.04550286946,1.493827327596955,1.1174730314058252,0.8291477266000584,1.493233196809888,14710.974759214418,258127.06394467643,25.71282233702368,5.142564467404736,0.0,161.32
34780355639312979015160389762850482787_eps4_s0,Nasa,0.2,21.0,,,5.0,11.0,0.8870712795591645,0.8126390628826001,0.47748804195713335,0.0021327051614288264,0.6250209380232263,,2.552047930395929,0.10155875399941579,2.5260975391836835,2.5513894585950765,4827.62251041864,4.99166605999344,1.758893823408289,4.25679510140908,4.9911385034036355,2863.8414658431548,256839.4504415398,102.23900594800944,20.447801189601886,0.0,23945.120000000003
90011785275173713563502736162933793811_eps4_s0,Nasa,0.2,21.0,,,5.0,11.0,0.8515992527920145,0.7358035259425744,0.43193418859538435,0.04362825749513864,0.6128149099822622,,1.0076666690059937,0.11012810079846531,0.9802392049925401,1.0069384681992233,12442.019629368859,1.8079477926017717,1.4943058005999774,1.0972995541931596,1.8074835752078797,11109.253503842154,257896.40563969378,22.74297369798296,4.548594739596592,0.0,1195.6399999999999
301303615634958901188516497625374252338_eps0_s0,Nasa,0.5,3.0,,,2.0,26.8,0.7963686088214745,0.6583205159392416,0.30694691285863007,0.10112645154481785,0.5923451530106831,,1.0105506508029065,0.09160432600183413,0.9846558916091454,1.0097351744072511,12386.97961693792,2.6617440675909165,1.432437183998991,1.4622419715975412,2.6611727765994146,8346.616507074734,260453.368972343,23.691974405985093,4.738394881197019,0.0,1498.1
313840851390597435954673044863649726085_eps0_s0,Nasa,0.5,3.0,,,2.0,26.8,0.8694171339411735,0.774870095035921,0.4502035413141857,0.0008205131038347337,0.6133490240026731,,1.9370374681951943,0.10113856960088015,1.9107811469992158,1.936274459201377,6388.097377735628,19.2365316469979,1.7583049600129015,18.519327864196384,19.235921190597583,658.1972846639748,258957.9888430492,151.981297463004,30.3962594926008,0.0,56609.1
65432415834605434134577897559624831681_eps0_s0,Nasa,0.5,3.0,,,2.0,26.8,0.5052869099908572,0.25930796058469363,0.07662980824338758,0.46105729624439384,0.5953066820220556,,0.9602096578048076,0.1018342167895753,0.9331736136053224,0.959450134204235,13067.075033300125,1.6290074508055112,1.2174832248012535,0.9761833693948574,1.6283324956020806,12487.576851062608,260698.67778516738,26.13465477398131,5.226930954796262,0.0,134.8
99763397547193254507486301054948581651_eps0_s0,Nasa,0.5,3.0,,,2.0,26.8,0.8694171339411735,0.774870095035921,0.4502035413141857,0.0008205131038347337,4.5320701059827115,,1.9599830644088798,0.09133099779719486,1.9358752383908722,1.9592981196008623,6296.1738192848015,19.015824775001967,1.728984970395686,18.311973054590634,19.015392897999845,665.6436703856068,260048.4934735662,152.239504622994,30.447900924598798,0.0,56609.1
301303615634958901188516497625374252338_eps1_s0,Nasa,0.5,7.0,,,2.0,26.8,0.8072146211421811,0.6755148004009668,0.3046550180232719,0.10112645154481785,0.5923451530106831,,1.0036046402005012,0.09306723059853539,0.9774622984055895,1.0027517378039192,12471.149945194753,1.8302665125986095,1.431794616591651,1.1434217371977866,1.829705031402409,10682.617252213986,260479.2033675958,23.691974405985093,4.738394881197019,0.0,1498.1
313840851390597435954673044863649726085_eps1_s0,Nasa,0.5,7.0,,,2.0,26.8,0.8814270465410882,0.8012713843079361,0.47645308695342614,0.0008205131038347337,0.6133490240026731,,1.9470532423933036,0.1021158781950362,1.921446268807631,1.946487927006092,6356.17936815371,9.072175004403107,1.8385922223969828,8.351639983401402,9.071549685596256,1460.511221724666,259044.46021835817,151.981297463004,30.3962594926008,0.0,56609.1
65432415834605434134577897559624831681_eps1_s0,Nasa,0.5,7.0,,,2.0,26.8,0.5058456881194469,0.2602972792370558,0.07690919730768234,0.46105729624439384,0.5953066820220556,,0.951992801198503,0.10074001700850203,0.9251739565981552,0.9511039749952033,13193.562311722835,1.5819527381914669,1.199866188800661,0.925250446004793,1.5814058867981657,13191.626722841427,260719.19263199662,26.13465477398131,5.226930954796262,0.0,134.8
99763397547193254507486301054948581651_eps1_s0,Nasa,0.5,7.0,,,2.0,26.8,0.8814270465410882,0.8012713843079361,0.47645308695342614,0.0008205131038347337,4.5320701059827115,,1.9005380435904953,0.10197347340872512,1.8746829723997507,1.8996959735988639,6505.079572584822,9.071191379008814,1.7768222427926958,8.348305455001537,9.070704590197419,1460.3460966640469,260134.07533332537,152.239504622994,30.447900924598798,0.0,56609.1
301303615634958901188516497625374252338_eps2_s0,Nasa,0.5,11.0,,,2.0,26.8,0.8094294156792514,0.6782339625721847,0.30099458486786407,0.10112645154481785,0.5923451530106831,,0.9983074208081234,0.08638942820252851,0.9719931149971671,0.9974615191982593,12543.12341938321,1.760216098203091,1.4024731572018936,1.0677095985971392,1.7597449875902385,11428.932057570291,260501.84659234178,23.691974405985093,4.738394881197019,0.0,1498.1
313840851390597435954673044863649726085_eps2_s0,Nasa,0.5,11.0,,,2.0,26.8,0.8609495045055635,0.798098008262215,0.47180183168360523,0.0008205131038347337,0.6133490240026731,,2.0076076025958174,0.10876877339906059,1.9820747331948951,2.0069096833991353,6162.955875581865,6.318403676798335,1.7114969602087513,5.590351313201245,6.317926701006945,2188.010489127292,259102.504566151,151.981297463004,30.3962594926008,0.0,56609.1
65432415834605434134577897559624831681_eps2_s0,Nasa,0.5,11.0,,,2.0,26.8,0.5058456881194469,0.2602972792370558,0.07690919730768234,0.46105729624439384,0.5953066820220556,,0.9435879257915076,0.09333231159835123,0.9166795705910772,0.9428691399923992,13308.037930599483,1.547715027007507,1.1532563271874097,0.8916907732083927,1.5470483804005197,13672.708280647954,260739.5636920346,26.13465477398131,5.226930954796262,0.0,134.8
99763397547193254507486301054948581651_eps2_s0,Nasa,0.5,11.0,,,2.0,26.8,0.8609495045055635,0.798098008262215,0.47180183168360523,0.0008205131038347337,4.5320701059827115,,2.0555783894029447,0.09534702859236859,2.0301849352021235,2.0548916185973214,6013.947669772035,6.3183180235908365,1.7087492057995406,5.603805539006134,6.317737318808213,2184.4609643168983,260191.7189845456,152.239504622994,30.447900924598798,0.0,56609.1
301303615634958901188516497625374252338_eps3_s0,Nasa,0.5,15.0,,,2.0,26.8,0.8094294156792514,0.6782339625721847,0.2961199438684878,0.10112645154481785,0.5923451530106831,,0.9951645486115013,0.09655819839099422,0.9686793929955456,0.9944144470035099,12592.909773589146,1.750973814801546,1.41602127700462,1.060669384605717,1.7504023359913845,11497.732393723265,260524.55448097418,23.691974405985093,4.738394881197019,0.0,1498.1
313840851390597435954673044863649726085_eps3_s0,Nasa,0.5,15.0,,,2.0,26.8,0.8856931395914771,0.8060618181428814,0.4741389734495858,0.0008205131038347337,0.6133490240026731,,2.10350573900505,0.10181973559665494,2.075394194602268,2.102915136195952,5873.566093961481,5.126053680607583,1.753961789002642,4.397403397405287,5.12560136919492,2775.449078338168,259151.122069829,151.981297463004,30.3962594926008,0.0,56609.1
65432415834605434134577897559624831681_eps3_s0,Nasa,0.5,15.0,,,2.0,26.8,0.5058456881194469,0.2602972792370558,0.07690919730768234,0.46105729624439384,0.5953066820220556,,0.9038124303973746,0.1009769098018296,0.877522319194395,0.9029080800013617,13921.38008965873,1.5357187814021018,1.1744690491992515,0.880941345001338,1.5351652038050816,13846.615227550366,260759.520972465,26.13465477398131,5.226930954796262,0.0,134.8
99763397547193254507486301054948581651_eps3_s0,Nasa,0.5,15.0,,,2.0,26.8,0.8856931395914771,0.8060618181428814,0.4741389734495858,0.0008205131038347337,4.5320701059827115,,2.0846948064048774,0.0955389155948069,2.0580767565988936,2.0839280168002006,5929.142800662528,5.0614564786083065,1.6673519233998377,4.34255982079776,5.06093366520945,2811.7456018244757,260240.02481809063,152.239504622994,30.447900924598798,0.0,56609.1
301303615634958901188516497625374252338_eps4_s0,Nasa,0.5,21.0,,,2.0,26.8,0.8094294156792514,0.6782339625721847,0.29481141539785727,0.10112645154481785,0.5923451530106831,,0.9993027746037114,0.10156643580994569,0.9727735685999506,0.9984041153977159,12532.060352884915,1.7188757152005565,1.478152753401082,1.0309507861966267,1.718241103598848,11832.43519044483,260547.26247254098,23.691974405985093,4.738394881197019,0.0,1498.1
313840851390597435954673044863649726085_eps4_s0,Nasa,0.5,21.0,,,2.0,26.8,0.8886619783635537,0.813676860375147,0.481073148854586,0.0008205131038347337,0.6133490240026731,,2.5834792222012766,0.10779194080387242,2.557677363604307,2.5826825880096296,4772.38786692891,4.999910528195324,1.8130231056013144,4.260816616000374,4.999428760202136,2862.267700878577,259199.44304512982,151.981297463004,30.3962594926008,0.0,56609.1
65432415834605434134577897559624831681_eps4_s0,Nasa,0.5,21.0,,,2.0,26.8,0.5058456881194469,0.2602972792370558,0.07690919730768234,0.46105729624439384,0.5953066820220556,,0.9416285782004706,0.0898477360024117,0.9134499025996774,0.9409053103940096,13359.065337166065,1.5661190546059516,1.1501864051970188,0.9076534754014574,1.5655823737964965,13439.233989276992,260779.6509057688,26.13465477398131,5.226930954796262,0.0,134.8
99763397547193254507486301054948581651_eps4_s0,Nasa,0.5,21.0,,,2.0,26.8,0.8886619783635537,0.813676860375147,0.481073148854586,0.0008205131038347337,4.5320701059827115,,2.47916796420468,0.09778376459726132,2.453344157600077,2.478385337203508,4969.237636180992,4.990908180398401,1.6988724422000814,4.2593588549993004,4.990402588999132,2862.98181625067,260287.10426393762,152.239504622994,30.447900924598798,0.0,56609.1
154287530791976545750764743660029033168_eps0_s0,Nasa,1.0,3.0,,,1.0,52.6,0.5001135041167467,0.24023280315872625,0.08122786891178797,0.4583227201211596,0.5961882150149904,,0.9496054136077874,0.09919497518567369,0.9234265265986323,0.9488049105973915,13213.426365904164,1.6452417316148058,1.1804885239806027,0.994194356596563,1.6446233860100619,12284.779041449354,263594.2354643954,27.68495028297184,5.536990056594368,0.0,192.0
225016248606758851465468524267212558832_eps0_s0,Nasa,1.0,3.0,,,1.0,52.6,0.8699098774341527,0.7747011635770876,0.47592489660326454,0.0003775487011138235,0.6157266479858663,,1.965137776400661,0.09647911519859917,1.9398365177970844,1.9644035551988055,6298.317375999244,15.43834614099469,1.5563154976058287,14.746868361195084,15.437585888197646,826.6794018213092,261739.6702082302,177.2933350080275,35.4586670016055,0.0,105908.8
294849114210298322871130218010982039345_eps0_s0,Nasa,1.0,3.0,,,1.0,52.6,0.7867678490757527,0.6468016592355811,0.38326729793417363,0.11594704438941542,0.6121876700199209,,0.9695681611774489,0.09260210782522335,0.944046687381342,0.9688969779876061,12933.858581154616,1.9598147485870867,1.3761939110001549,1.27083124241326,1.9592420979985037,9603.642958684646,263345.9865462434,28.31199146003928,5.662398292007856,0.0,1001.2
335253511763257888361645826025058699918_eps0_s0,Nasa,1.0,3.0,,,1.0,52.6,0.8699098774341527,0.7747011635770876,0.47592489660326454,0.0003775487011138235,0.6023415050003678,,1.9619005981949158,0.093201409408357,1.9330571221886204,1.9612668000045232,6310.549020702269,15.286045717203525,1.5015753595973365,14.595578427391592,15.28557407479966,835.2785489731608,262938.94690398185,178.00322596897604,35.60064519379521,0.0,105908.8
154287530791976545750764743660029033168_eps1_s0,Nasa,1.0,7.0,,,1.0,52.6,0.5001135041167467,0.24023280315872625,0.08122786891178797,0.4583227201211596,0.5961882150149904,,0.9425409068004228,0.10429074141429737,0.9162822328042239,0.9417956021847204,13334.272492289867,1.607176087598782,1.1687859319965355,0.9495140692102723,1.6066513305879198,12852.266803420065,263614.8932588024,27.68495028297184,5.536990056594368,0.0,192.0
225016248606758851465468524267212558832_eps1_s0,Nasa,1.0,7.0,,,1.0,52.6,0.8680705842794179,0.7893973607757834,0.4801123080175773,0.0003775487011138235,0.6157266479858663,,1.9623197320033796,0.09199734079884365,1.939725203200942,1.9616583233990241,6294.784205854476,8.15470607059542,1.6064385373960248,7.4547119104012385,8.154206841404084,1636.1538256306444,261814.5568792816,177.2933350080275,35.4586670016055,0.0,105908.8
294849114210298322871130218010982039345_eps1_s0,Nasa,1.0,7.0,,,1.0,52.6,0.7970738895657747,0.6649450274568535,0.38585651482557803,0.11594704438941542,0.6121876700199209,,0.9273564743925817,0.09562099600443616,0.9019770968006924,0.9267911440110765,13525.712430794778,1.746779135405086,1.4315571967861616,1.0527949439827353,1.746358409791719,11584.068979738795,263368.863764871,28.31199146003928,5.662398292007856,0.0,1001.2
335253511763257888361645826025058699918_eps1_s0,Nasa,1.0,7.0,,,1.0,52.6,0.8680705842794179,0.7893973607757834,0.4801123080175773,0.0003775487011138235,0.6023415050003678,,1.9560240044025705,0.09475477921077982,1.927079197007697,1.9553890274022705,6332.323563441457,8.003400100010913,1.5374145194073208,7.306053329806309,8.002912564401049,1668.473418275184,263012.797916837,178.00322596897604,35.60064519379521,0.0,105908.8
154287530791976545750764743660029033168_eps2_s0,Nasa,1.0,11.0,,,1.0,52.6,0.5001135041167467,0.24023280315872625,0.08122786891178797,0.4583227201211596,0.5961882150149904,,0.9405588540132157,0.09835059739416466,0.9113795373938046,0.9397769791889005,13391.813694619113,1.6110463734017686,1.1467722143861465,0.949031091411598,1.6105704455869272,12848.38142290196,263635.25750483375,27.68495028297184,5.536990056594368,0.0,192.0
225016248606758851465468524267212558832_eps2_s0,Nasa,1.0,11.0,,,1.0,52.6,0.8617545572774438,0.7988728320745115,0.47539095262288517,0.0003775487011138235,0.6157266479858663,,1.9985921859915834,0.09104056720389053,1.9728118440019897,1.9979315946053249,6185.824006503234,6.888976648589596,1.7659864404064138,6.169126440008403,6.888536907790694,1983.6928685306666,261871.5919010376,177.2933350080275,35.4586670016055,0.0,105908.8
294849114210298322871130218010982039345_eps2_s0,Nasa,1.0,11.0,,,1.0,52.6,0.7982221352345987,0.6664899445535823,0.20533089953068046,0.11594704438941542,0.6121876700199209,,0.9705529453931376,0.1050610049860552,0.9455381947802379,0.9699077125755139,12896.752877844518,1.6916546086082236,1.1783551363972946,1.0338195440010167,1.6911404856014998,11812.390969682476,263390.5946088626,28.31199146003928,5.662398292007856,0.0,1001.2
335253511763257888361645826025058699918_eps2_s0,Nasa,1.0,11.0,,,1.0,52.6,0.8617545572774438,0.7988728320745115,0.47539095262288517,0.0003775487011138235,0.6023415050003678,,1.9881822671974079,0.09776448640041054,1.9627630471950397,1.9875887060188688,6220.891397735779,6.8949351702001875,1.7328793120221235,6.181254567403812,6.8944295107969085,1977.7273831210193,263069.5551092232,178.00322596897604,35.60064519379521,0.0,105908.8
154287530791976545750764743660029033168_eps3_s0,Nasa,1.0,15.0,,,1.0,52.6,0.5001135041167467,0.24023280315872625,0.08122786891178797,0.4583227201211596,0.5961882150149904,,0.9452880484052002,0.08958568460075185,0.9188600990106351,0.9445649864268489,13268.173776868207,1.5719423500006087,1.1353875452070497,0.9202625276171602,1.5712860274128615,13249.913990727222,263655.4565398706,27.68495028297184,5.536990056594368,0.0,192.0
225016248606758851465468524267212558832_eps3_s0,Nasa,1.0,15.0,,,1.0,52.6,0.8854467097172062,0.804196116501371,0.4676515190003703,0.0003775487011138235,0.6157266479858663,,2.097269750799751,0.1060260858037509,2.071450843795901,2.096574766602134,5885.968634221017,5.534581675590016,1.7639034702093341,4.803981128201121,5.534097984194522,2541.461932290999,261922.9885509296,177.2933350080275,35.4586670016055,0.0,105908.8
294849114210298322871130218010982039345_eps3_s0,Nasa,1.0,15.0,,,1.0,52.6,0.7993048992192385,0.6680434630299165,0.21013494424425994,0.11594704438941542,0.6121876700199209,,0.940833825408481,0.09403505260124803,0.9147397588007152,0.9401778798084706,13334.625951184233,1.6748932090005837,1.2356270038057118,1.0133889241842553,1.674393658793997,12039.853247986974,263411.6594365722,28.31199146003928,5.662398292007856,0.0,1001.2
335253511763257888361645826025058699918_eps3_s0,Nasa,1.0,15.0,,,1.0,52.6,0.8854467097172062,0.804196116501371,0.4676515190003703,0.0003775487011138235,0.6023415050003678,,2.103447212802712,0.09603778959717602,2.074967048794497,2.102727255586069,5882.032136945248,5.556013232807163,1.657952537597157,4.844744478783104,5.555445446819067,2522.047077874191,263120.66050389904,178.00322596897604,35.60064519379521,0.0,105908.8
154287530791976545750764743660029033168_eps4_s0,Nasa,1.0,21.0,,,1.0,52.6,0.5001135041167467,0.24023280315872625,0.08122786891178797,0.4583227201211596,0.5961882150149904,,0.9469664158066735,0.09794622358167544,0.9202332720160484,0.9460480505949818,13268.821301355569,1.6050115806050598,1.13539675938664,0.9349442597827874,1.6045258612022735,13049.6827633604,263675.6288116368,27.68495028297184,5.536990056594368,0.0,192.0
225016248606758851465468524267212558832_eps4_s0,Nasa,1.0,21.0,,,1.0,52.6,0.8878749610639834,0.8119271310705273,0.4848628429210846,0.0003775487011138235,0.6157266479858663,,2.565981519798515,0.08309842079761438,2.5396664805943145,2.5651213555946013,4803.153484738445,5.289530704595381,1.6866524729994126,4.565985879598884,5.289009798807092,2676.6040967449,261972.140271122,177.2933350080275,35.4586670016055,0.0,105908.8
294849114210298322871130218010982039345_eps4_s0,Nasa,1.0,21.0,,,1.0,52.6,0.7993048992192385,0.6680434630299165,0.20565917840625908,0.11594704438941542,0.6121876700199209,,1.012530971004162,0.10189168420620262,0.9859193437965587,1.0116394279990346,12369.337941669339,1.6325736638042145,1.1784041928010993,0.960090205585584,1.6321232503978536,12697.887308424999,263432.71780957596,28.31199146003928,5.662398292007856,0.0,1001.2
335253511763257888361645826025058699918_eps4_s0,Nasa,1.0,21.0,,,1.0,52.6,0.8878749610639834,0.8119271310705273,0.4848628429210846,0.0003775487011138235,0.6023415050003678,,2.5335680887917986,0.09743664979469031,2.50717074238928,2.5327997160027733,4868.204557474865,5.232561092206742,1.6825835450086744,4.508317117590923,5.232085270399693,2706.7699513197053,263169.385305343,178.00322596897604,35.60064519379521,0.0,105908.8
200934189435493509245876840523779924304_eps0_s0,Sepsis,0.0,3.0,,,114.0,1.0,0.5489429817439466,0.3898711151110191,0.29570380914530514,0.12943194178564452,0.12702533800620586,,0.7585730943945237,0.08362895520403982,0.7469367832061835,0.757781428808812,3392.57057193398,1.1704346962098497,0.8970944853965193,0.9465202381950804,1.1699828878045082,2676.353078504486,246753.87922222182,6.523954133997904,1.304790826799581,0.0,100.34611111111111
252036172554514852379917073716435574953_eps0_s0,Sepsis,0.0,3.0,,,114.0,1.0,0.5911196236008849,0.4147958384314189,0.33451295621615446,0.03913230399512749,0.1372913790110033,,0.972527934802929,0.0698040155984927,0.9616088705952279,0.9717986061994452,2641.576418804286,2.3686542404000646,0.9198202958039474,2.147658755199518,2.3679798643977845,1183.2697198973142,246628.182316458,11.676611025992315,2.3353222051984632,0.0,608.7244444444444
252336560693540533935881068298825202077_eps0_s0,Sepsis,0.0,3.0,,,114.0,1.0,0.5911196236008849,0.4147958384314189,0.33451295621615446,0.03913230399512749,0.12632058199960738,,0.9761352939996868,0.075905368803069,0.9643017356051132,0.9752274837926962,2629.645763883936,2.367881996795768,0.9250019174010958,2.1404333232028874,2.367413745203521,1184.9081729480727,246330.2898324322,11.754433640977368,2.3508867281954737,0.0,608.7244444444444
47482295457342411543800303662309855831_eps0_s0,Sepsis,0.0,3.0,,,114.0,1.0,0.5911196236008849,0.4147958384314189,0.33451295621615446,0.03913230399512749,0.13709015800850466,,0.9679800910060294,0.0705484997946769,0.9563713924027979,0.9671991856128443,2652.310079790871,2.3510252657928503,0.8785309986094945,2.1221691692015154,2.35057485140278,1195.1458806106111,246480.7143347166,11.773674162017414,2.3547348324034827,0.0,608.7244444444444
200934189435493509245876840523779924304_eps1_s0,Sepsis,0.0,7.0,,,114.0,1.0,0.5256233650946457,0.3859895131542281,0.3659006367990505,0.12943194178564452,0.12702533800620586,,0.7639474753872492,0.07726722200168297,0.752757592801936,0.7630218231934123,3367.3103014348007,0.9766427088005003,0.9820219989982434,0.7665568022115622,0.9761924620019272,3305.3092317410674,246768.84591322602,6.523954133997904,1.304790826799581,0.0,100.34611111111111
252036172554514852379917073716435574953_eps1_s0,Sepsis,0.0,7.0,,,114.0,1.0,0.3796754844311715,0.2803539466056704,0.372973905602994,0.03913230399512749,0.1372913790110033,,0.9824431630026084,0.0735688159998972,0.9706142484035809,0.9816269522008951,2611.375887951869,1.2589241087960545,0.7887887170014437,1.0490092308085877,1.2584102686028928,2413.9641899223475,246647.5409184136,11.676611025992315,2.3353222051984632,0.0,608.7244444444444
252336560693540533935881068298825202077_eps1_s0,Sepsis,0.0,7.0,,,114.0,1.0,0.3796754844311715,0.2803539466056704,0.372973905602994,0.03913230399512749,0.12632058199960738,,1.0195964140002616,0.08038271879777312,1.0087531658005902,1.0187060128024314,2512.2236178816565,1.255510085594142,0.8106341824051924,1.030264634807827,1.2550388577918057,2456.084736457539,246349.7911341936,11.754433640977368,2.3508867281954737,0.0,608.7244444444444
47482295457342411543800303662309855831_eps1_s0,Sepsis,0.0,7.0,,,114.0,1.0,0.3796754844311715,0.2803539466056704,0.372973905602994,0.03913230399512749,0.13709015800850466,,0.9962841683998704,0.07437869340064936,0.9847029087948613,0.9953835823922418,2575.5615510025746,1.2309420797973871,0.788318890798837,1.0146475013985765,1.2305321164021734,2495.441127600745,246499.67751917941,11.773674162017414,2.3547348324034827,0.0,608.7244444444444
200934189435493509245876840523779924304_eps2_s0,Sepsis,0.0,11.0,,,114.0,1.0,0.5347453285454451,0.3920803688652604,0.3892580646894298,0.12943194178564452,0.12702533800620586,,0.7917036761995405,0.0736920438008383,0.7794946578040254,0.790784907800844,3246.729837805512,0.9877160421980079,0.7932116483978462,0.7681896328052972,0.9871788838005159,3294.487565310011,246784.06252371302,6.523954133997904,1.304790826799581,0.0,100.34611111111111
252036172554514852379917073716435574953_eps2_s0,Sepsis,0.0,11.0,,,114.0,1.0,0.5426205176000571,0.40812825837703226,0.4015689888733817,0.03913230399512749,0.1372913790110033,,0.9973443639988545,0.06915334139484912,0.9853758288081735,0.9964702405966819,2572.8397829363125,1.249293879402103,0.7806001566059422,1.0361810987931677,1.2488872379937674,2445.6409945167916,246664.22119135322,11.676611025992315,2.3353222051984632,0.0,608.7244444444444
252336560693540533935881068298825202077_eps2_s0,Sepsis,0.0,11.0,,,114.0,1.0,0.5426205176000571,0.40812825837703226,0.4015689888733817,0.03913230399512749,0.12632058199960738,,0.9894760840048548,0.08268959919223562,0.977560274786083,0.9884210253949277,2592.4306129391016,1.2624987719987986,0.8295544841967057,1.045202709606383,1.2619884837942663,2424.4871081743195,246366.855599883,11.754433640977368,2.3508867281954737,0.0,608.7244444444444
47482295457342411543800303662309855831_eps2_s0,Sepsis,0.0,11.0,,,114.0,1.0,0.5426205176000571,0.40812825837703226,0.4015689888733817,0.03913230399512749,0.13709015800850466,,0.9977042861981318,0.07979632440255954,0.9859430264041293,0.996802705200389,2569.8394500730487,1.2275156892021186,0.783801974792732,1.0136978459951933,1.2269679157994688,2498.164389379947,246516.3490599504,11.773674162017414,2.3547348324034827,0.0,608.7244444444444
200934189435493509245876840523779924304_eps3_s0,Sepsis,0.0,15.0,,,114.0,1.0,0.5226963076850406,0.38888446624530437,0.39904317892736996,0.12943194178564452,0.12702533800620586,,0.7551502383954357,0.07165197139838711,0.7436159751960076,0.7542671472008806,3403.792312175721,1.1562407028046437,0.847395875188522,0.7633054493926466,1.155680700193625,3318.2281609732695,246799.418945831,6.523954133997904,1.304790826799581,0.0,100.34611111111111
252036172554514852379917073716435574953_eps3_s0,Sepsis,0.0,15.0,,,114.0,1.0,0.539579186104688,0.41191168348557505,0.393392154863883,0.03913230399512749,0.1372913790110033,,1.0733208173944149,0.08447460440802387,1.0615996929991525,1.0723934498091694,2391.2051413074432,1.2502748884027823,0.8080564938019961,1.0315328994009179,1.2497584158030803,2459.9282093191046,246681.14632961218,11.676611025992315,2.3353222051984632,0.0,608.7244444444444
252336560693540533935881068298825202077_eps3_s0,Sepsis,0.0,15.0,,,114.0,1.0,0.539579186104688,0.41191168348557505,0.393392154863883,0.03913230399512749,0.12632058199960738,,1.0080933669931256,0.08025533060426823,0.9964889419963583,1.0071080603986047,2542.8188211304987,1.2820951820001938,0.7883007367898245,1.0570668499975,1.2815380454005207,2393.9633045823634,246383.9474875726,11.754433640977368,2.3508867281954737,0.0,608.7244444444444
47482295457342411543800303662309855831_eps3_s0,Sepsis,0.0,15.0,,,114.0,1.0,0.539579186104688,0.41191168348557505,0.393392154863883,0.03913230399512749,0.13709015800850466,,1.021024732402293,0.06613813959993423,1.0096687274053693,1.0201803206058684,2509.4283407193097,1.2506146366067696,0.7726041392015759,1.0303394219954498,1.250069126393646,2462.805458487811,246533.2308101858,11.773674162017414,2.3547348324034827,0.0,608.7244444444444
200934189435493509245876840523779924304_eps4_s0,Sepsis,0.0,21.0,,,114.0,1.0,0.5182872100264836,0.3863094763171132,0.38119669797654837,0.12943194178564452,0.12702533800620586,,0.7720612918026746,0.08294263720745221,0.7602459045883734,0.7709603943920229,3333.5264444119102,0.9639264731900766,0.7841514894040301,0.7427644108014647,0.9632670655963012,3406.3923744757935,246813.80116062742,6.523954133997904,1.304790826799581,0.0,100.34611111111111
252036172554514852379917073716435574953_eps4_s0,Sepsis,0.0,21.0,,,114.0,1.0,0.5384229462559326,0.4099855776650415,0.38132102905380894,0.03913230399512749,0.1372913790110033,,1.1363129379984458,0.08158182559418492,1.12464945918764,1.1353348267904948,2260.2124776880346,1.3831868403940462,0.8389216314069927,1.1685757316008676,1.382718715403462,2171.956443616576,246699.2681417162,11.676611025992315,2.3353222051984632,0.0,608.7244444444444
252336560693540533935881068298825202077_eps4_s0,Sepsis,0.0,21.0,,,114.0,1.0,0.5384229462559326,0.4099855776650415,0.38132102905380894,0.03913230399512749,0.12632058199960738,,1.103154032799648,0.08080409920075908,1.0913604969973676,1.102359965397045,2325.352417754436,1.3196237460011617,0.7511877193988766,1.0925829725922085,1.3189896249969024,2318.397033484557,246401.1944464282,11.754433640977368,2.3508867281954737,0.0,608.7244444444444
47482295457342411543800303662309855831_eps4_s0,Sepsis,0.0,21.0,,,114.0,1.0,0.5384229462559326,0.4099855776650415,0.38132102905380894,0.03913230399512749,0.13709015800850466,,1.1430069841968362,0.09027648819610476,1.1316973419976422,1.142203507805243,2239.3794080177267,1.3142766341974492,0.7976635317958426,1.0954113134008368,1.313762965798378,2314.48458782214,246550.6219545398,11.773674162017414,2.3547348324034827,0.0,608.7244444444444
142755197448285586864950898907211027337_eps0_s0,Sepsis,0.025,3.0,,,30.0,3.8,0.5060099233119552,0.33184439134656174,0.11286171292987765,0.18701940240448983,0.1264755300071556,,0.7116563239949756,0.07611827040673233,0.7000481139984913,0.7108093118062243,3617.6623566628414,1.1456102225987705,0.8555549321928992,0.914127147803083,1.1451430855959188,2770.66569925569,247334.3978664508,7.45489175998955,1.49097835199791,0.0,139.64000000000001
204856358341536816138399558242345199755_eps0_s0,Sepsis,0.025,3.0,,,30.0,3.8,0.5914749992381898,0.38734579005834446,0.176513681751416,0.0183691614403437,0.1283081809815485,,0.9566560593957547,0.06949370600050316,0.9455112886033021,0.9557980556041002,2679.856446400045,2.6083937385934406,0.8545175070059485,2.378216973604867,2.607794578402536,1066.33945747047,247092.6444825398,17.14245788299013,3.428491576598026,0.0,2168.153333333333
243648848362029147724904434567477923763_eps0_s0,Sepsis,0.025,3.0,,,30.0,3.8,0.5865095211878857,0.3829094164987777,0.17313126406000096,0.029064306980471223,0.13263324100989848,,0.7638329959998373,0.0820407088031061,0.7519062487990595,0.7628187052032445,3371.52665436036,1.676762209192384,0.8692009336024057,1.4522970649937634,1.6763535776000935,1757.3235836362724,247222.5535512828,8.239132151997183,1.6478264303994365,0.0,692.0600000000001
31882839497307630496007576300860674457_eps0_s0,Sepsis,0.025,3.0,,,30.0,3.8,0.5914749992381898,0.38734579005834446,0.176513681751416,0.0183691614403437,0.1282228440104518,,0.9801639340061229,0.07552101698820479,0.968725183996139,0.9793760978034698,2616.312210974278,2.6265425718040207,0.9637357830069959,2.3993636277969927,2.626080662000459,1057.605334659693,246916.72991745378,17.148652311007027,3.4297304622014053,0.0,2168.153333333333
142755197448285586864950898907211027337_eps1_s0,Sepsis,0.025,7.0,,,30.0,3.8,0.5097097797811849,0.3569167675222331,0.2623985128578462,0.18701940240448983,0.1264755300071556,,0.7247372792044189,0.07449220080161467,0.7129308054049034,0.7238028229970951,3554.010812395135,0.9403055107977707,0.783451590203913,0.7248714328045025,0.9398058177961502,3499.733106328133,247348.96719456022,7.45489175998955,1.49097835199791,0.0,139.64000000000001
204856358341536816138399558242345199755_eps1_s0,Sepsis,0.025,7.0,,,30.0,3.8,0.36537274678666865,0.27877111067643917,0.35801212995993825,0.0183691614403437,0.1283081809815485,,0.9824939106125384,0.0855983603920322,0.9712543917994481,0.9814887506014202,2613.349877293953,1.2625957524112892,0.7741415051918011,1.0426346451917197,1.262008538795635,2431.7609345236465,247112.2301347326,17.14245788299013,3.428491576598026,0.0,2168.153333333333
243648848362029147724904434567477923763_eps1_s0,Sepsis,0.025,7.0,,,30.0,3.8,0.4761175181761422,0.3552750446112993,0.4081601180274208,0.029064306980471223,0.13263324100989848,,0.7852952037996147,0.07059230939485132,0.7736352553998586,0.7842477614060044,3272.6391717931665,0.9877720073913224,0.7943581742059905,0.7726673862081952,0.9873435783956666,3283.019515378187,247238.6069025696,8.239132151997183,1.6478264303994365,0.0,692.0600000000001
31882839497307630496007576300860674457_eps1_s0,Sepsis,0.025,7.0,,,30.0,3.8,0.36537274678666865,0.27877111067643917,0.35801212995993825,0.0183691614403437,0.1282228440104518,,0.9818534581980203,0.07428728680824861,0.9701834591920487,0.9809984986030031,2611.0815687244803,1.2353442876134069,0.8084239563904703,1.019411133788526,1.23479941340629,2482.6471270790676,246936.5463418352,17.148652311007027,3.4297304622014053,0.0,2168.153333333333
142755197448285586864950898907211027337_eps2_s0,Sepsis,0.025,11.0,,,30.0,3.8,0.5107890157555885,0.3583758487583185,0.28504061072697723,0.18701940240448983,0.1264755300071556,,0.7377758887887467,0.07351954340701923,0.72564928738866,0.7367458881984931,3489.640099230809,0.9403540979954415,0.8384412898041773,0.7246095129987224,0.9399294746050145,3496.500107619325,247363.01658528618,7.45489175998955,1.49097835199791,0.0,139.64000000000001
204856358341536816138399558242345199755_eps2_s0,Sepsis,0.025,11.0,,,30.0,3.8,0.55629949131464,0.41493897802348273,0.4055035701786477,0.0183691614403437,0.1283081809815485,,0.9768587374011986,0.0821875111956615,0.9660918182053138,0.9758722922066226,2625.784829427851,1.2345245144038928,0.7798516691836994,1.0217529944027774,1.2339728602033575,2480.7078439368192,247128.88868813397,17.14245788299013,3.428491576598026,0.0,2168.153333333333
243648848362029147724904434567477923763_eps2_s0,Sepsis,0.025,11.0,,,30.0,3.8,0.5689944311232019,0.4208347123607954,0.42536728939957424,0.029064306980471223,0.13263324100989848,,0.7613646136014722,0.08692931339610369,0.7498758754052688,0.7606237484083976,3375.548412927691,0.9963722493965179,0.813498900400009,0.7835365310020279,0.9959749405970797,3235.4967704725505,247253.0232774754,8.239132151997183,1.6478264303994365,0.0,692.0600000000001
31882839497307630496007576300860674457_eps2_s0,Sepsis,0.025,11.0,,,30.0,3.8,0.55629949131464,0.41493897802348273,0.4055035701786477,0.0183691614403437,0.1282228440104518,,0.9969538770092186,0.08296823538839818,0.9853735505836084,0.9960288893897087,2568.191058629075,1.249229079601355,0.7662519828067161,1.033491169597255,1.2487370484101121,2459.3921363548498,246953.3483827312,17.148652311007027,3.4297304622014053,0.0,2168.153333333333
142755197448285586864950898907211027337_eps3_s0,Sepsis,0.025,15.0,,,30.0,3.8,0.5020853464808376,0.3562273355927402,0.294800244070904,0.18701940240448983,0.1264755300071556,,0.7296032345970161,0.07853738380363211,0.7170897294068709,0.7286274078011047,3538.166293050909,0.9361602356017101,0.8020378698012791,0.7151574739953503,0.9355657565931323,3540.1917385030306,247376.95781431222,7.45489175998955,1.49097835199791,0.0,139.64000000000001
204856358341536816138399558242345199755_eps3_s0,Sepsis,0.025,15.0,,,30.0,3.8,0.550052786726037,0.41670654588473466,0.39599119889646206,0.0183691614403437,0.1283081809815485,,1.0099790106061846,0.06997893279767595,0.9987461919954512,1.0089746501937042,2536.567463267801,1.2297111743944698,0.7949627786001656,1.0121176819957327,1.2291924421908333,2504.0836644858464,247145.644078194,17.14245788299013,3.428491576598026,0.0,2168.153333333333
243648848362029147724904434567477923763_eps3_s0,Sepsis,0.025,15.0,,,30.0,3.8,0.5482155585285511,0.41917817472279956,0.41102966830360843,0.029064306980471223,0.13263324100989848,,0.7653055741917342,0.0782431316038128,0.7523637269914616,0.7641981539898552,3368.791410120216,1.0014180310012306,0.7828496953938157,0.7853164010099135,1.000952459994005,3223.0380358567813,247267.4892023988,8.239132151997183,1.6478264303994365,0.0,692.0600000000001
31882839497307630496007576300860674457_eps3_s0,Sepsis,0.025,15.0,,,30.0,3.8,0.550052786726037,0.41670654588473466,0.39599119889646206,0.0183691614403437,0.1282228440104518,,1.0040399467980023,0.08813309079851024,0.9920616613992024,1.0032406989950686,2561.84184101674,1.247146229003556,0.7839634179894347,1.0296307745971718,1.2466691049979999,2462.7783698501507,246970.0034302058,17.148652311007027,3.4297304622014053,0.0,2168.153333333333
142755197448285586864950898907211027337_eps4_s0,Sepsis,0.025,21.0,,,30.0,3.8,0.5020853464808376,0.3562273355927402,0.2850598574775266,0.18701940240448983,0.1264755300071556,,0.7268767556000967,0.07498882379150018,0.7156434801989235,0.7259485917980782,3539.8798516806464,0.9532280795974657,0.8163389655994251,0.7338632296014111,0.9526640805997886,3448.085566807913,247391.01604740802,7.45489175998955,1.49097835199791,0.0,139.64000000000001
204856358341536816138399558242345199755_eps4_s0,Sepsis,0.025,21.0,,,30.0,3.8,0.5512307681717228,0.4187651782363509,0.3849824469681837,0.0183691614403437,0.1283081809815485,,1.12278342199279,0.08405371300177648,1.1106239176006056,1.1216209647944198,2284.439399218479,1.326306243793806,0.7830177790019661,1.10866186619387,1.3256782049953473,2288.782970853507,247163.143168071,17.14245788299013,3.428491576598026,0.0,2168.153333333333
243648848362029147724904434567477923763_eps4_s0,Sepsis,0.025,21.0,,,30.0,3.8,0.5485310152647733,0.4116952288612629,0.3900150976434434,0.029064306980471223,0.13263324100989848,,0.7743418389931321,0.0846786026027985,0.7618195099930745,0.7733162215969059,3326.605928035082,1.005775251192972,0.816329796606442,0.7938555368047673,1.0053145078010857,3191.282503497928,247282.0503272086,8.239132151997183,1.6478264303994365,0.0,692.0600000000001
31882839497307630496007576300860674457_eps4_s0,Sepsis,0.025,21.0,,,30.0,3.8,0.5512307681717228,0.4187651782363509,0.3849824469681837,0.0183691614403437,0.1282228440104518,,1.1281939915963448,0.09229483659146354,1.1159535084094387,1.1272138439991977,2271.2902717520324,1.3360378262063022,0.7760000018053688,1.1192603729956319,1.3355658621992916,2265.5200525236155,246987.58545731558,17.148652311007027,3.4297304622014053,0.0,2168.153333333333
143808228238095277664544419614730890173_eps0_s0,Sepsis,0.1,3.0,,,9.8,12.4,0.5742976397223302,0.37397057665461964,0.14012441941645465,0.028239538007987796,0.14146136998897418,,0.7543039961950854,0.07930588099989108,0.7433414615981746,0.7534966313978657,3418.005595766727,2.0143398447951766,1.0227003756037447,1.7636022093938664,2.0137821705953685,1436.4195722201416,247971.34797777823,8.750028637994546,1.7500057275989094,0.0,816.0688888888889
258208765752992901959170973957564585355_eps0_s0,Sepsis,0.1,3.0,,,9.8,12.4,0.5846205405906179,0.380823863695002,0.14475120715136694,0.007756849853718788,0.1325942830007989,,1.002639830397675,0.07736020259326323,0.9916156582010445,1.0017877661972308,2564.5432999152226,3.3128333214030135,1.049488430994097,3.0659752212057354,3.3123661146033556,825.6813466202777,247833.86164933722,33.13652784397709,6.6273055687954185,0.0,6413.291111111112
73267476325277510937415020325069564022_eps0_s0,Sepsis,0.1,3.0,,,9.8,12.4,0.4599897472878939,0.29515385944686967,0.10437572459576365,0.2270696924537378,0.14504864200716838,,0.6935744025977328,0.0904408932023216,0.6826642109954264,0.6926819113956298,3721.683934711221,1.1606888572045135,0.9667241823975928,0.9263126986043062,1.159846243011998,2745.305624337439,248091.3271539226,9.260480027005542,1.8520960054011084,0.0,185.59555555555556
94663391914329153046920958885615291360_eps0_s0,Sepsis,0.1,3.0,,,9.8,12.4,0.5846205405906179,0.380823863695002,0.14475120715136694,0.007756849853718788,0.1291954760090448,,0.9987924106069841,0.0802282583899796,0.9877273272082675,0.9979779112094548,2564.3996926002424,3.3660146340029313,1.0287622087926138,3.1209642775997053,3.365553675789852,811.309286576409,247573.50202715202,32.09724808300962,6.4194496166019235,0.0,6413.291111111112
143808228238095277664544419614730890173_eps1_s0,Sepsis,0.1,7.0,,,9.8,12.4,0.5247249720690441,0.39104850273458314,0.4210357504593242,0.028239538007987796,0.14146136998897418,,0.7202688965946435,0.09029726960579865,0.7096749387972523,0.7193569611932616,3574.894432861419,0.9754181684053037,0.7986064929864369,0.7552721914020367,0.974873148003826,3353.3753445020675,247988.2585039186,8.750028637994546,1.7500057275989094,0.0,816.0688888888889
258208765752992901959170973957564585355_eps1_s0,Sepsis,0.1,7.0,,,9.8,12.4,0.35166582214932535,0.27359871757394805,0.3578432496767334,0.007756849853718788,0.1325942830007989,,1.0216268102056347,0.07624734398559667,1.0103439508064185,1.020721634797519,2509.0412489614214,1.284124972403515,0.8325316875998396,1.0680279422027525,1.2836148218018935,2372.344306328791,247855.66665487178,33.13652784397709,6.6273055687954185,0.0,6413.291111111112
73267476325277510937415020325069564022_eps1_s0,Sepsis,0.1,7.0,,,9.8,12.4,0.4554477706985859,0.29976146100361023,0.2175716320872823,0.2270696924537378,0.14504864200716838,,0.7215881354059093,0.09900702399900183,0.7090109063952695,0.7204178853949997,3571.9610537742046,0.9738911891996395,0.9172378802031744,0.7444637531938497,0.9733021580090281,3402.6132567381924,248106.5361454864,9.260480027005542,1.8520960054011084,0.0,185.59555555555556
94663391914329153046920958885615291360_eps1_s0,Sepsis,0.1,7.0,,,9.8,12.4,0.35166582214932535,0.27359871757394805,0.3578432496767334,0.007756849853718788,0.1291954760090448,,1.0036991710076109,0.07252345939632505,0.9918674849963282,1.0027706693916116,2555.0931296849967,1.27988243320724,0.834140596195357,1.0694431730138603,1.2794507326034363,2373.0498937109937,247595.3732967574,32.09724808300962,6.4194496166019235,0.0,6413.291111111112
143808228238095277664544419614730890173_eps2_s0,Sepsis,0.1,11.0,,,9.8,12.4,0.5689816678070792,0.41489434367381356,0.4358435379605208,0.028239538007987796,0.14146136998897418,,0.7309023778012488,0.0882554719923064,0.7189847908099182,0.7301128010032698,3519.6468088889537,0.9624711221957114,0.7901914588059299,0.7466898366052191,0.9618111320014577,3399.472070651444,248002.36166676477,8.750028637994546,1.7500057275989094,0.0,816.0688888888889
258208765752992901959170973957564585355_eps2_s0,Sepsis,0.1,11.0,,,9.8,12.4,0.5590005974535852,0.4099237619140183,0.4114603791826081,0.007756849853718788,0.1325942830007989,,0.9983128603955265,0.0805503990035504,0.9872487276094034,0.9974208767933306,2571.504076118694,1.2752667470020242,0.8263338089978788,1.05639599399874,1.2746759766014293,2402.6843419332317,247872.97158551222,33.13652784397709,6.6273055687954185,0.0,6413.291111111112
73267476325277510937415020325069564022_eps2_s0,Sepsis,0.1,11.0,,,9.8,12.4,0.45545332466535343,0.2997907762713253,0.2132512952874467,0.2270696924537378,0.14504864200716838,,0.7101610723999329,0.0968967222084757,0.6976631797908339,0.7091226939985062,3628.945063561276,0.9618146015971434,0.9258185349986888,0.7331466116011143,0.9611988243996166,3452.6514831704235,248121.4400354606,9.260480027005542,1.8520960054011084,0.0,185.59555555555556
94663391914329153046920958885615291360_eps2_s0,Sepsis,0.1,11.0,,,9.8,12.4,0.5590005974535852,0.4099237619140183,0.4114603791826081,0.007756849853718788,0.1291954760090448,,1.0364534222055226,0.09093317119404673,1.0248177603993098,1.0353560132090933,2470.4438098318496,1.6092417370004113,0.8114541417977307,1.0697628925961908,1.6086163940024563,2368.351832969988,247613.988551764,32.09724808300962,6.4194496166019235,0.0,6413.291111111112
143808228238095277664544419614730890173_eps3_s0,Sepsis,0.1,15.0,,,9.8,12.4,0.553766875038795,0.4088215795116966,0.44919272595774506,0.028239538007987796,0.14146136998897418,,0.7304094752005768,0.08388633660506457,0.7189858088036999,0.7294778748007957,3522.5558431020518,0.9613512138021179,0.8002303674002178,0.7453471112065018,0.9607816072006244,3402.835617155551,248016.6538928324,8.750028637994546,1.7500057275989094,0.0,816.0688888888889
258208765752992901959170973957564585355_eps3_s0,Sepsis,0.1,15.0,,,9.8,12.4,0.5561819019279265,0.41619482298426663,0.40305383041202436,0.007756849853718788,0.1325942830007989,,1.0134337080002296,0.08109746680129319,1.0023045143985656,1.0123276324011385,2528.808163082775,1.255615125608165,0.8277964850014541,1.0332580395974218,1.2550841470016167,2454.587269412379,247890.1358647982,33.13652784397709,6.6273055687954185,0.0,6413.291111111112
73267476325277510937415020325069564022_eps3_s0,Sepsis,0.1,15.0,,,9.8,12.4,0.45522047778356695,0.2997224129353439,0.21465553139425872,0.2270696924537378,0.14504864200716838,,0.7116357654042076,0.08044502679258585,0.7002036512072664,0.7106399295968003,3614.956121615807,0.9707169139990584,0.8865723701950629,0.739988272805931,0.9701872132020071,3421.7109703730275,248136.01071938057,9.260480027005542,1.8520960054011084,0.0,185.59555555555556
94663391914329153046920958885615291360_eps3_s0,Sepsis,0.1,15.0,,,9.8,12.4,0.5561819019279265,0.41619482298426663,0.40305383041202436,0.007756849853718788,0.1291954760090448,,1.0336131377960556,0.0822348382032942,1.02215427000192,1.0324189384002238,2484.966637384946,1.2661453672044445,0.7986369305988774,1.041347124002641,1.2656146030058153,2433.4117556271895,247631.5217226862,32.09724808300962,6.4194496166019235,0.0,6413.291111111112
143808228238095277664544419614730890173_eps4_s0,Sepsis,0.1,21.0,,,9.8,12.4,0.5524298662580986,0.4057811955967482,0.41792544378802104,0.028239538007987796,0.14146136998897418,,0.7223641564021819,0.09066061559133232,0.7105818984040525,0.7215066439937801,3562.290787433255,0.9556160253996495,0.8328578646003735,0.7409455971908756,0.9550866814039182,3416.0367533121084,248030.78130645203,8.750028637994546,1.7500057275989094,0.0,816.0688888888889
258208765752992901959170973957564585355_eps4_s0,Sepsis,0.1,21.0,,,9.8,12.4,0.5544925443755053,0.4144137067074539,0.39074909152586257,0.007756849853718788,0.1325942830007989,,1.174083312600851,0.08448020160431043,1.1621950665954501,1.173234563600272,2182.2105677811883,1.3484066399920267,0.8514930010074749,1.1334820925956592,1.347937406791607,2234.958826477142,247908.11277817242,33.13652784397709,6.6273055687954185,0.0,6413.291111111112
73267476325277510937415020325069564022_eps4_s0,Sepsis,0.1,21.0,,,9.8,12.4,0.45522047778356695,0.2997224129353439,0.21564706698568986,0.2270696924537378,0.14504864200716838,,0.7340319825918413,0.09000686140498146,0.7225187988078687,0.7330883660062681,3506.573636627836,0.9636734501924366,0.9030164816009346,0.7344346305995714,0.9631301173998509,3448.8187861981837,248150.6516805686,9.260480027005542,1.8520960054011084,0.0,185.59555555555556
94663391914329153046920958885615291360_eps4_s0,Sepsis,0.1,21.0,,,9.8,12.4,0.5544925443755053,0.4144137067074539,0.39074909152586257,0.007756849853718788,0.1291954760090448,,1.1418529186048545,0.0814726885932032,1.1302897529909388,1.140893802192295,2238.7101180296722,1.356003609992331,0.8000620522070676,1.13662289060303,1.355468620400643,2226.9852312602206,247649.40698002078,32.09724808300962,6.4194496166019235,0.0,6413.291111111112
122154352235324958585344058181015187729_eps0_s0,Sepsis,0.2,3.0,,,5.0,23.8,0.5761621004071373,0.3692202323251479,0.16666852961795156,0.005469864613504027,1.7445728020102251,,0.9603402820008341,0.09881010220269673,0.9481777905952186,0.9593993561982643,2670.6947164578864,3.929195357399294,1.0445235917926765,3.679270623996854,3.92861301600351,693.6244559776342,248750.49244420876,48.886457683023764,9.777291536604753,0.0,12379.2
156334184650786485978347865448030139775_eps0_s0,Sepsis,0.2,3.0,,,5.0,23.8,0.44486397809076655,0.2808078353841196,0.11993541062606128,0.23865131661911826,0.15943068801425397,,0.6664617439964786,0.09125773379346355,0.6551719066046644,0.6657261476037093,3895.996543673196,1.1053192617895546,0.9673283960029948,0.859135967399925,1.104639174003387,2966.6642627118235,249018.74481200677,11.130089960992336,2.226017992198467,0.0,245.48000000000002
34780355639312979015160389762850482787_eps0_s0,Sepsis,0.2,3.0,,,5.0,23.8,0.5761621004071373,0.3692202323251479,0.16666852961795156,0.005469864613504027,0.13397909799823537,,0.9777645546011626,0.07456849060254171,0.9663616022095084,0.9769009892072062,2620.7502232596244,3.9517164666147435,1.0996144025935792,3.697483858204214,3.9511928530118894,691.1666618898468,248411.60311675677,47.26434477500152,9.452868955000303,0.0,12379.2
90011785275173713563502736162933793811_eps0_s0,Sepsis,0.2,3.0,,,5.0,23.8,0.5601479961626026,0.35860343521161636,0.15970206928027422,0.03435648543913392,0.14184630202362314,,0.7075201488041785,0.08158197819720954,0.6960516060004011,0.706483568198746,3645.136233063099,2.305568585410947,1.0290338345977943,2.0510866758064368,2.304942895594286,1237.3195321478847,248891.17511350923,9.569029076985316,1.9138058153970632,0.0,1445.2
122154352235324958585344058181015187729_eps1_s0,Sepsis,0.2,7.0,,,5.0,23.8,0.3449704515489863,0.26909436661757397,0.35083904267584887,0.005469864613504027,1.7445728020102251,,0.9832956719968934,0.08056625979370438,0.9717335523921065,0.98236336580012,2610.2921168760395,1.236343536200002,0.7362592367921025,1.0197853670048063,1.2358724582009017,2491.8369875022217,248773.07903817142,48.886457683023764,9.777291536604753,0.0,12379.2
156334184650786485978347865448030139775_eps1_s0,Sepsis,0.2,7.0,,,5.0,23.8,0.4433357007650014,0.280895349066509,0.1380628268539256,0.23865131661911826,0.15943068801425397,,0.674276416801149,0.08485809980193153,0.6625084720028098,0.6732861011987552,3830.122795992521,0.9824517412052955,1.0154352614015807,0.7440826284058858,0.9818518636049702,3405.068897102603,249034.0100547752,11.130089960992336,2.226017992198467,0.0,245.48000000000002
34780355639312979015160389762850482787_eps1_s0,Sepsis,0.2,7.0,,,5.0,23.8,0.3449704515489863,0.26909436661757397,0.35083904267584887,0.005469864613504027,0.13397909799823537,,1.000958695204463,0.08148689379449933,0.9894614050048404,1.0000911658047698,2566.386896254128,1.2839027846057434,0.7913549641962163,1.0713742806052324,1.2834750926005654,2362.893027409818,248434.8256489432,47.26434477500152,9.452868955000303,0.0,12379.2
90011785275173713563502736162933793811_eps1_s0,Sepsis,0.2,7.0,,,5.0,23.8,0.509804644255955,0.37760876048989295,0.4220565093845644,0.03435648543913392,0.14184630202362314,,0.7407016034005209,0.07918217200203799,0.7284803912101779,0.7396876064012758,3476.578797869879,0.9266133573953994,0.80133791420958,0.714353563595796,0.9262147817935329,3545.467231762723,248908.3770711752,9.569029076985316,1.9138058153970632,0.0,1445.2
122154352235324958585344058181015187729_eps2_s0,Sepsis,0.2,11.0,,,5.0,23.8,0.5506115757044141,0.40832471893695405,0.4085962259497829,0.005469864613504027,1.7445728020102251,,0.9584538255876396,0.08675491759786383,0.946217368595535,0.957500657410128,2677.53493275347,1.229755561001366,0.7525255868036765,1.0135904756025411,1.2292191693908534,2497.4612386668305,248789.65968897878,48.886457683023764,9.777291536604753,0.0,12379.2
156334184650786485978347865448030139775_eps2_s0,Sepsis,0.2,11.0,,,5.0,23.8,0.44372254483784423,0.28130039362689097,0.13617320133334732,0.23865131661911826,0.15943068801425397,,0.6670055881957524,0.08075775300385431,0.6546106787980535,0.6661783181945793,3866.135248369987,0.9693130440020468,0.9427042184048332,0.7308320284006186,0.9687775904021692,3467.489143017427,249048.6757064354,11.130089960992336,2.226017992198467,0.0,245.48000000000002
34780355639312979015160389762850482787_eps2_s0,Sepsis,0.2,11.0,,,5.0,23.8,0.5506115757044141,0.40832471893695405,0.4085962259497829,0.005469864613504027,0.13397909799823537,,0.9863296104012989,0.09418401580187492,0.9750576499965973,0.985491702600848,2599.8146876534106,1.2811381944047753,0.7692867369973101,1.0604383844125551,1.2806139463966246,2390.2250760739516,248451.8827161494,47.26434477500152,9.452868955000303,0.0,12379.2
90011785275173713563502736162933793811_eps2_s0,Sepsis,0.2,11.0,,,5.0,23.8,0.5537574362920661,0.4024687139451846,0.4302267646035093,0.03435648543913392,0.14184630202362314,,0.7122641666035634,0.09283582380157895,0.7003704570059199,0.7113548151974101,3619.931028515496,0.9220795442117378,0.7675797565898392,0.704198409197852,0.9215076943975873,3601.2031100233667,248922.2989288744,9.569029076985316,1.9138058153970632,0.0,1445.2
122154352235324958585344058181015187729_eps3_s0,Sepsis,0.2,15.0,,,5.0,23.8,0.5539255456203531,0.4191176890883993,0.4025678315970077,0.005469864613504027,1.7445728020102251,,1.0101525422069244,0.09327718380372971,0.9977980093972292,1.0091931032016874,2539.670780553003,1.2367402459902224,0.7422577195975464,1.0172036549949552,1.2362699335906655,2490.252628396075,248806.315731193,48.886457683023764,9.777291536604753,0.0,12379.2
156334184650786485978347865448030139775_eps3_s0,Sepsis,0.2,15.0,,,5.0,23.8,0.4436441442106392,0.2812791576956954,0.13323514488879146,0.23865131661911826,0.15943068801425397,,0.7003428417898249,0.08635725760250353,0.6892329052032438,0.6994176602049265,3678.7053359981437,0.9865370988089126,0.9382257227902301,0.7455521463998593,0.9860661905957386,3396.6330685408625,249063.3101570212,11.130089960992336,2.226017992198467,0.0,245.48000000000002
34780355639312979015160389762850482787_eps3_s0,Sepsis,0.2,15.0,,,5.0,23.8,0.5539255456203531,0.4191176890883993,0.4025678315970077,0.005469864613504027,0.13397909799823537,,0.9770463779976126,0.09346235599950888,0.9651340655924286,0.9761560989951249,2625.7563472389406,1.2440239497984293,0.7661058911937288,1.0263755418069196,1.2432267708005384,2465.7319465513806,248468.6661443322,47.26434477500152,9.452868955000303,0.0,12379.2
90011785275173713563502736162933793811_eps3_s0,Sepsis,0.2,15.0,,,5.0,23.8,0.5453049650937111,0.39778414513405397,0.43490901115005015,0.03435648543913392,0.14184630202362314,,0.6830860943999142,0.08585770840873011,0.6710864593973384,0.6819744971988257,3792.4397156855202,0.9420194573991466,0.7450122562062461,0.7183526215958409,0.9414385563926772,3528.014785353892,248935.906707384,9.569029076985316,1.9138058153970632,0.0,1445.2
122154352235324958585344058181015187729_eps4_s0,Sepsis,0.2,21.0,,,5.0,23.8,0.5517290952445354,0.418040646700093,0.39071966240330525,0.005469864613504027,1.7445728020102251,,1.1308628457947634,0.08929751580581069,1.1181194223987405,1.1299278348044026,2265.0268185274513,1.3521899260056671,0.7619538887985982,1.1297607203945517,1.3516368599957787,2243.4750561821716,248823.8401754362,48.886457683023764,9.777291536604753,0.0,12379.2
156334184650786485978347865448030139775_eps4_s0,Sepsis,0.2,21.0,,,5.0,23.8,0.4436441442106392,0.2812791576956954,0.13304690399202485,0.23865131661911826,0.15943068801425397,,0.7085668394051027,0.08734164420166053,0.6971709623932838,0.70763992719003,3631.9878814958597,0.9831852680072188,0.9382425109914039,0.7448132764024195,0.9826609145966358,3398.379537980704,249078.1932922888,11.130089960992336,2.226017992198467,0.0,245.48000000000002
34780355639312979015160389762850482787_eps4_s0,Sepsis,0.2,21.0,,,5.0,23.8,0.5517290952445354,0.418040646700093,0.39071966240330525,0.005469864613504027,0.13397909799823537,,1.1150720484030898,0.08722497479757294,1.1035626344091725,1.1141044086019973,2300.372787188657,1.3393867764098104,0.7895759207953233,1.1233645127969794,1.3389308773970696,2253.263684935156,248486.11027608239,47.26434477500152,9.452868955000303,0.0,12379.2
90011785275173713563502736162933793811_eps4_s0,Sepsis,0.2,21.0,,,5.0,23.8,0.5425147325411824,0.39754672727935997,0.4020881555691977,0.03435648543913392,0.14184630202362314,,0.7152016334002838,0.08750506259966642,0.7035410851996857,0.7142762969946489,3600.1363341873157,0.9109061541967094,0.753122479992453,0.6939654096029699,0.910308830201393,3649.363278372116,248949.6060441922,9.569029076985316,1.9138058153970632,0.0,1445.2
301303615634958901188516497625374252338_eps0_s0,Sepsis,0.5,3.0,,,2.0,58.0,0.5608081086033287,0.35366646134392327,0.12887680943131716,0.03398893843409035,0.1280066019971855,,0.6683863529993687,0.09020215140189976,0.6566031841968651,0.6674275180033874,3861.6367528008996,1.7747887840028853,1.1128722029970959,1.5184113760013134,1.7742283732048236,1771.2008890598831,249906.4628010196,9.706893919006689,1.9413787838013377,0.0,864.5
313840851390597435954673044863649726085_eps0_s0,Sepsis,0.5,3.0,,,2.0,58.0,0.5788596087251977,0.3664704180466316,0.1359028886547037,0.002151942284489808,0.15146219500456937,,0.9351734310039319,0.0814102517964784,0.9239024960086681,0.9343863346090074,2742.983100241225,6.560640357801458,1.1814568603935185,6.3024446694005745,6.5600402740121355,402.14683679463565,249379.7216700556,54.2439681100077,10.84879362200154,0.0,30389.1
65432415834605434134577897559624831681_eps0_s0,Sepsis,0.5,3.0,,,2.0,58.0,0.44282256858840585,0.27780415876542697,0.09124764334641206,0.2553102128235832,0.1336124329827726,,0.666738226392772,0.08488224460743368,0.6546516829985194,0.6659789637895301,3870.0856796617277,1.2433016010036226,1.031595717795426,0.996898954390781,1.242740499606589,2777.020069770161,250036.368207319,11.729696088994388,2.3459392177988776,0.0,430.1
99763397547193254507486301054948581651_eps0_s0,Sepsis,0.5,3.0,,,2.0,58.0,0.5788596087251977,0.3664704180466316,0.1359028886547037,0.002151942284489808,0.13695173201267608,,0.9589237033913378,0.08034464021329768,0.9469018177944235,0.9580072775948792,2682.194128395944,6.4965794119983915,1.1773532176041044,6.225584804592654,6.4960988878039645,406.84329727304197,249760.31477194218,55.28263142801006,11.056526285602013,0.0,30389.1
301303615634958901188516497625374252338_eps1_s0,Sepsis,0.5,7.0,,,2.0,58.0,0.5132769375838444,0.37495185684412446,0.38925556021583396,0.03398893843409035,0.1280066019971855,,0.6748901972081512,0.08528615219984204,0.6635637587925884,0.6741776923881844,3817.0419377571025,0.9152295621985104,0.7857166909961961,0.6928653686132747,0.9148141466081142,3665.449421363805,249921.67339047938,9.706893919006689,1.9413787838013377,0.0,864.5
313840851390597435954673044863649726085_eps1_s0,Sepsis,0.5,7.0,,,2.0,58.0,0.34341328974269636,0.26401977331425786,0.34881982091936276,0.002151942284489808,0.15146219500456937,,0.9258172936039045,0.08669672540854663,0.9143551882007159,0.9248607222049031,2767.923979162869,1.2580034166050609,0.7708473731996491,1.0431529679975937,1.2575295127986466,2428.4984278307684,249407.57823112299,54.2439681100077,10.84879362200154,0.0,30389.1
65432415834605434134577897559624831681_eps1_s0,Sepsis,0.5,7.0,,,2.0,58.0,0.44373747111675155,0.2781995943614719,0.10745371254657007,0.2553102128235832,0.1336124329827726,,0.67638097620802,0.08369534999364987,0.6645320838026236,0.675414993002778,3821.120370994808,1.0365061127988155,0.98340645559947,0.7935701773967594,1.0358756226021797,3192.3975205168304,250051.59228214138,11.729696088994388,2.3459392177988776,0.0,430.1
99763397547193254507486301054948581651_eps1_s0,Sepsis,0.5,7.0,,,2.0,58.0,0.34341328974269636,0.26401977331425786,0.34881982091936276,0.002151942284489808,0.13695173201267608,,0.9421607618103736,0.08409292079159059,0.9302826783969067,0.9411227029922884,2723.67251491478,1.2676347156055272,0.7764387885981705,1.0464230008015876,1.2670659490046092,2423.533262557423,249788.0629550314,55.28263142801006,11.056526285602013,0.0,30389.1
301303615634958901188516497625374252338_eps2_s0,Sepsis,0.5,11.0,,,2.0,58.0,0.550647907527865,0.3986629683745455,0.4307860050734571,0.03398893843409035,0.1280066019971855,,0.6922650001884904,0.08724269960657693,0.6802785667940043,0.6912137799954507,3721.648396358539,0.9117425460077356,0.7421885147981812,0.6934235498018098,0.9111607876024209,3649.8130882024006,249935.3027492636,9.706893919006689,1.9413787838013377,0.0,864.5
313840851390597435954673044863649726085_eps2_s0,Sepsis,0.5,11.0,,,2.0,58.0,0.5529174828730468,0.4062979824470694,0.4076421383293932,0.002151942284489808,0.15146219500456937,,0.9658747375942767,0.09163000020780601,0.9545398523972836,0.965034131606808,2653.4899856760217,1.2590755771961994,0.7186538506066427,1.0330518593953457,1.2585643131984399,2452.180602242234,249424.01233296702,54.2439681100077,10.84879362200154,0.0,30389.1
65432415834605434134577897559624831681_eps2_s0,Sepsis,0.5,11.0,,,2.0,58.0,0.44396796299870933,0.27835986973922866,0.10717237780965135,0.2553102128235832,0.1336124329827726,,0.6836052828002721,0.08290729880100116,0.6717363041942008,0.6825233431998641,3771.3969877548298,1.0155702147982084,0.9429061729984823,0.7602634132024833,1.0150506625999696,3330.7874717748687,250066.3601103598,11.729696088994388,2.3459392177988776,0.0,430.1
99763397547193254507486301054948581651_eps2_s0,Sepsis,0.5,11.0,,,2.0,58.0,0.5529174828730468,0.4062979824470694,0.4076421383293932,0.002151942284489808,0.13695173201267608,,0.9841632701980416,0.07906469299923628,0.9722383925924077,0.983059001195943,2608.2636369242005,1.259807540406473,0.7332900615991094,1.0483193174062762,1.2592992367921396,2413.92735819,249804.61381825162,55.28263142801006,11.056526285602013,0.0,30389.1
301303615634958901188516497625374252338_eps3_s0,Sepsis,0.5,15.0,,,2.0,58.0,0.5427664218872749,0.3947746042926716,0.436836007578907,0.03398893843409035,0.1280066019971855,,0.6935068941907957,0.08611258220626042,0.6821049613994546,0.6926022144034505,3711.0275620768175,0.9195662504062057,0.7672475241997745,0.6992800473992247,0.9190895360021386,3625.0783495539,249948.81696362578,9.706893919006689,1.9413787838013377,0.0,864.5
313840851390597435954673044863649726085_eps3_s0,Sepsis,0.5,15.0,,,2.0,58.0,0.5526241720439966,0.4157650059967629,0.40152515712773446,0.002151942284489808,0.15146219500456937,,0.9918439194036182,0.08483393699862063,0.9803114429989364,0.9907576836005318,2588.1579828111367,1.2207169342029374,0.7211382211942692,1.0073241214035078,1.220190636004554,2519.5524692849203,249440.47567823442,54.2439681100077,10.84879362200154,0.0,30389.1
65432415834605434134577897559624831681_eps3_s0,Sepsis,0.5,15.0,,,2.0,58.0,0.44396796299870933,0.27835986973922866,0.10064588020455582,0.2553102128235832,0.1336124329827726,,0.6542273686034605,0.08691658258903771,0.6419456200033892,0.6533045632066206,3947.2743706387346,1.0201767394028138,0.9956907424028032,0.7679322430049069,1.0197326188033913,3296.8712605290048,250081.48590312022,11.729696088994388,2.3459392177988776,0.0,430.1
99763397547193254507486301054948581651_eps3_s0,Sepsis,0.5,15.0,,,2.0,58.0,0.5526241720439966,0.4157650059967629,0.40152515712773446,0.002151942284489808,0.13695173201267608,,0.9958806962065865,0.08845279979868792,0.9851816307986155,0.9949580692045856,2569.229026032434,1.250921927805757,0.7373173996049445,1.0281412136042491,1.250437266001245,2463.35985430981,249821.2125339432,55.28263142801006,11.056526285602013,0.0,30389.1
301303615634958901188516497625374252338_eps4_s0,Sepsis,0.5,21.0,,,2.0,58.0,0.5376191697896624,0.3939317795333146,0.4011677403381803,0.03398893843409035,0.1280066019971855,,0.6809578740037978,0.09410510559682735,0.6691329790046439,0.6799028560053557,3782.1779759898914,0.8992329239961692,0.7698870274121873,0.6797915562056005,0.8988209223956801,3735.487912682723,249962.43517785938,9.706893919006689,1.9413787838013377,0.0,864.5
313840851390597435954673044863649726085_eps4_s0,Sepsis,0.5,21.0,,,2.0,58.0,0.5546971720885578,0.4162130348941557,0.3902276862527715,0.002151942284489808,0.15146219500456937,,1.119310457998654,0.08803448279504664,1.107952115201624,1.118485115596559,2293.474643801549,1.3494670087995473,0.7737603971967474,1.1314427798090037,1.3489513868000358,2237.888458926927,249457.8032577488,54.2439681100077,10.84879362200154,0.0,30389.1
65432415834605434134577897559624831681_eps4_s0,Sepsis,0.5,21.0,,,2.0,58.0,0.44396796299870933,0.27835986973922866,0.1019244979148601,0.2553102128235832,0.1336124329827726,,0.6524203241977375,0.09122429979615845,0.6408334242005367,0.6514834540023002,3950.928743617192,0.9700098901987075,0.9602001840074081,0.7228701498010196,0.9692690147960092,3503.9022141777423,250096.307385982,11.729696088994388,2.3459392177988776,0.0,430.1
99763397547193254507486301054948581651_eps4_s0,Sepsis,0.5,21.0,,,2.0,58.0,0.5546971720885578,0.4162130348941557,0.3902276862527715,0.002151942284489808,0.13695173201267608,,1.0944550935993902,0.07823076479835436,1.0825526866014115,1.093326691404218,2340.0365049068273,1.3354428585967981,0.7671843680029269,1.1156409680086654,1.3350041648023763,2273.9779261041117,249838.3462569668,55.28263142801006,11.056526285602013,0.0,30389.1
154287530791976545750764743660029033168_eps0_s0,Sepsis,1.0,3.0,,,1.0,115.0,0.44571161679584853,0.2782675288007411,0.08871261384252402,0.2512051202109792,0.12818589099333622,,0.6419841102091596,0.09438991179922596,0.630774311395362,0.6410485386033542,4011.444932632289,1.0541733805963305,1.0500158955983352,0.806678843201371,1.0536300301959272,3154.0150666774384,251093.9536874538,11.03987943197717,2.2079758863954337,0.0,57.6
225016248606758851465468524267212558832_eps0_s0,Sepsis,1.0,3.0,,,1.0,115.0,0.5803213384023296,0.36659810225874956,0.1327611726857021,0.0016838935210882942,0.1386778400046751,,0.9268540459976066,0.10396467540413142,0.9155652637942694,0.9261701131996233,2766.317343522321,9.46840755160083,1.2098694782005623,9.209464239800582,9.467842265602666,291.3229124788725,250412.9369183816,53.55230001200107,10.710460002400215,0.0,60578.6
294849114210298322871130218010982039345_eps0_s0,Sepsis,1.0,3.0,,,1.0,115.0,0.5618976333468773,0.35368050008896507,0.1258480362536626,0.03358891209476643,0.1470784750126768,,0.65617729400401,0.09599811320076697,0.6450891647895333,0.6554021079966332,3937.5976374749443,1.7366298559994902,1.1476848585996777,1.4782574761949945,1.7360223513969686,1756.2188184442598,250962.97902343818,9.585768702992937,1.9171537405985872,0.0,932.0
335253511763257888361645826025058699918_eps0_s0,Sepsis,1.0,3.0,,,1.0,115.0,0.5803213384023296,0.36659810225874956,0.1327611726857021,0.0016838935210882942,0.14774811401730403,,0.9265930112043861,0.08771084879990668,0.9153251465933863,0.9257297770003788,2770.0419770968138,9.444857857003807,1.1416358085989486,9.177688437403413,9.444355805200757,292.33635770603564,250813.12892572582,54.24467292398913,10.848934584797826,0.0,60578.6
154287530791976545750764743660029033168_eps1_s0,Sepsis,1.0,7.0,,,1.0,115.0,0.44571161679584853,0.2782675288007411,0.08871261384252402,0.2512051202109792,0.12818589099333622,,0.6635919073887635,0.09232964220573195,0.6520893439999782,0.6627158508053981,3881.311283969727,1.046665144606959,1.0709726675995626,0.7910601464041974,1.0459579535992816,3204.6142024838705,251109.56313820658,11.03987943197717,2.2079758863954337,0.0,57.6
225016248606758851465468524267212558832_eps1_s0,Sepsis,1.0,7.0,,,1.0,115.0,0.33997148133219574,0.28733356547765976,0.349459325314625,0.0016838935210882942,0.1386778400046751,,0.9217499202000908,0.08595024220412598,0.9112442616082262,0.9209225996048189,2788.2623369043467,1.2483159272058402,0.7213116960017942,1.0286537580017465,1.247756125999149,2460.3651203101626,250443.68021319044,53.55230001200107,10.710460002400215,0.0,60578.6
294849114210298322871130218010982039345_eps1_s0,Sepsis,1.0,7.0,,,1.0,115.0,0.5123167186625966,0.37428395079667653,0.3469462910225228,0.03358891209476643,0.1470784750126768,,0.6986154655984137,0.09385290979407727,0.687295827595517,0.6977884367923253,3683.8137311665328,0.9667519566020928,0.8735120231925976,0.7358491152001079,0.9661676512099803,3487.6853200708124,250979.18834292958,9.585768702992937,1.9171537405985872,0.0,932.0
335253511763257888361645826025058699918_eps1_s0,Sepsis,1.0,7.0,,,1.0,115.0,0.33997148133219574,0.28733356547765976,0.349459325314625,0.0016838935210882942,0.14774811401730403,,0.9675041486043483,0.08817210359848104,0.9542901084001641,0.9664220642007422,2654.250234203549,1.2500420473981648,0.7437449910037686,1.0345002718036995,1.249480670405319,2451.232813142856,250844.052053875,54.24467292398913,10.848934584797826,0.0,60578.6
154287530791976545750764743660029033168_eps2_s0,Sepsis,1.0,11.0,,,1.0,115.0,0.44571161679584853,0.2782675288007411,0.08871261384252402,0.2512051202109792,0.12818589099333622,,0.651965759601444,0.09416150259785354,0.6397017000010237,0.6510855937958695,3959.8829421543765,1.0303214162006042,1.0496801492001395,0.7740259680023882,1.0298211526009253,3286.841978669555,251125.332025021,11.03987943197717,2.2079758863954337,0.0,57.6
225016248606758851465468524267212558832_eps2_s0,Sepsis,1.0,11.0,,,1.0,115.0,0.5546091983772279,0.4075974404061819,0.40935593602992465,0.0016838935210882942,0.1386778400046751,,0.9198430443997495,0.08918501700391061,0.9084673826000653,0.9189993812004105,2787.312443455907,1.2024230843991972,0.6959054271981586,0.9881788379978389,1.202023750805529,2563.6983077331206,250459.7240507232,53.55230001200107,10.710460002400215,0.0,60578.6
294849114210298322871130218010982039345_eps2_s0,Sepsis,1.0,11.0,,,1.0,115.0,0.5496092879794122,0.3983486743797724,0.4149698839119555,0.03358891209476643,0.1470784750126768,,0.6923653456033207,0.09618640978587792,0.682000553398393,0.6915241198032163,3714.6774768561036,0.925695566192735,0.8202189516101498,0.6969128611963242,0.9251296218077186,3641.322800970386,250993.332866303,9.585768702992937,1.9171537405985872,0.0,932.0
335253511763257888361645826025058699918_eps2_s0,Sepsis,1.0,11.0,,,1.0,115.0,0.5546091983772279,0.4075974404061819,0.40935593602992465,0.0016838935210882942,0.14774811401730403,,0.9557100546022411,0.09447392779402435,0.9436588468030095,0.9547026751970407,2689.823373680584,1.2343802639981731,0.7621408716018777,1.0138660924043505,1.2338892587984447,2503.8169910917813,250860.490134863,54.24467292398913,10.848934584797826,0.0,60578.6
154287530791976545750764743660029033168_eps3_s0,Sepsis,1.0,15.0,,,1.0,115.0,0.44571161679584853,0.2782675288007411,0.08871261384252402,0.2512051202109792,0.12818589099333622,,0.6259936158021446,0.07246872059768066,0.613977749395417,0.625105388200609,4138.516785942644,1.226504930196097,1.090282112598652,0.787542061402928,1.2260584227915388,3224.7751727618574,251141.16112424238,11.03987943197717,2.2079758863954337,0.0,57.6
225016248606758851465468524267212558832_eps3_s0,Sepsis,1.0,15.0,,,1.0,115.0,0.5556577669803706,0.41647423371042114,0.4035562331009516,0.0016838935210882942,0.1386778400046751,,0.9864766216138378,0.07905824179761112,0.9746928557986394,0.9856138888048008,2604.3494590266764,1.2297915142029523,0.7563951838004869,1.0153691642044578,1.229317350400379,2495.5090041888025,250475.9892400434,53.55230001200107,10.710460002400215,0.0,60578.6
294849114210298322871130218010982039345_eps3_s0,Sepsis,1.0,15.0,,,1.0,115.0,0.5417278023388221,0.3944603102978985,0.42101983639292867,0.03358891209476643,0.1470784750126768,,0.6803872137912549,0.08993264180026017,0.6686240758048371,0.6793715216044802,3785.7222917674567,0.9216692632064223,0.8003716451930813,0.695494135998888,0.9211965547990986,3645.1373665764127,251007.171092642,9.585768702992937,1.9171537405985872,0.0,932.0
335253511763257888361645826025058699918_eps3_s0,Sepsis,1.0,15.0,,,1.0,115.0,0.5556577669803706,0.41647423371042114,0.4035562331009516,0.0016838935210882942,0.14774811401730403,,0.9958074948110152,0.0988163091999013,0.9841776708024554,0.9948941231996287,2574.436556208047,1.2276569584035315,0.756858719594311,1.0076632120006253,1.2270299906027504,2518.90700150109,250877.1458321744,54.24467292398913,10.848934584797826,0.0,60578.6
154287530791976545750764743660029033168_eps4_s0,Sepsis,1.0,21.0,,,1.0,115.0,0.44571161679584853,0.2782675288007411,0.08871261384252402,0.2512051202109792,0.12818589099333622,,0.6829673054045997,0.08384165399475023,0.6715360426052939,0.681933242001105,3770.3231096114796,1.0132541606028098,1.0616718415985815,0.7592606474063359,1.01270298960153,3347.7154372435994,251157.188441179,11.03987943197717,2.2079758863954337,0.0,57.6
225016248606758851465468524267212558832_eps4_s0,Sepsis,1.0,21.0,,,1.0,115.0,0.5582918280429937,0.41802541405355004,0.3919544737843287,0.0016838935210882942,0.1386778400046751,,1.0616383501910605,0.08722016220563092,1.0503919297945685,1.0605090902012306,2413.2123447123695,1.3163083487947005,0.7125930348061956,1.09996981540462,1.3157996731926687,2307.032057445352,250492.958440828,53.55230001200107,10.710460002400215,0.0,60578.6
294849114210298322871130218010982039345_eps4_s0,Sepsis,1.0,21.0,,,1.0,115.0,0.5365805502412095,0.3936174855385415,0.38538657489326095,0.03358891209476643,0.1470784750126768,,0.6971086942066904,0.08060964499600232,0.6851018505985849,0.6962822471978143,3703.744972589308,0.900860170397209,0.7424718736030627,0.6760870082012843,0.9003585106052924,3753.0485465150837,251020.70590480178,9.585768702992937,1.9171537405985872,0.0,932.0
335253511763257888361645826025058699918_eps4_s0,Sepsis,1.0,21.0,,,1.0,115.0,0.5582918280429937,0.41802541405355004,0.3919544737843287,0.0016838935210882942,0.14774811401730403,,1.097913577395957,0.09135363459936344,1.0861391588055995,1.0969557958014775,2340.236636819284,1.3633432895992883,0.7691432223946322,1.1409522089990787,1.3627662568062078,2220.67923934655,250894.4579100754,54.24467292398913,10.848934584797826,0.0,60578.6
