params.cv_hash,params.dataset,params.process_stage_width_percentage,params.max_pattern_size_eval,params.random_seed,params.ncores,metrics.n_process_stages,metrics.process_stage_width,metrics.nap_accuracy,metrics.nap_balanced_accuracy,metrics.rtp_similarity,metrics.rtp_similarity_h_1,metrics.rtp_similarity_h_2,metrics.rtp_similarity_h_3,metrics.rtp_similarity_h_5,metrics.rtp_similarity_h_10,metrics.rtp_similarity_h_15,metrics.rtp_similarity_h_20,metrics.none_share,metrics.prep_duration,metrics.fit_duration,metrics.nap_duration,metrics.rtp_duration,metrics.nap_eval_duration,metrics.rtp_eval_duration,metrics.total_run_time,metrics.avg_pruned_patterns_per_stage,metrics.avg_unpruned_patterns_per_stage
252336560693540533935881068298825202077_eps0_s0,BPI2012_C,1.0,3.0,42.0,12.0,1.0,97.4,0.45475233143673216,0.4165202134421624,0.33692578349793656,,,,,,,,3.3761921024480055e-05,1.9419319611042734,947.2535028420386,119.57105377689004,115.92671881057322,0.20245091505348678,28.06969047486782,1739.1285686630756,0.0,232645.8
252336560693540533935881068298825202077_eps0_s1,BPI2012_C,1.0,3.0,42.0,12.0,1.0,97.4,0.7624006623067557,0.5843796058071027,0.1889185800740062,,,,,,,,3.3761921024480055e-05,1.9419319611042734,947.2535028420386,119.65837554037572,1100.5569809116423,0.20012720935046668,43.67759937606752,6010.455415522307,0.0,232645.8
252336560693540533935881068298825202077_eps0_s10,BPI2012_C,1.0,3.0,42.0,12.0,1.0,97.4,0.7624006623067557,0.5843796058071027,0.1889185800740062,,,,,,,,3.3761921024480055e-05,1.9419319611042734,947.2535028420386,123.20013330727815,1127.321277732402,0.20206169709563251,41.278020261600616,63157.840561792626,0.0,232645.8
252336560693540533935881068298825202077_eps0_s2,BPI2012_C,1.0,3.0,42.0,12.0,1.0,97.4,0.7624006623067557,0.5843796058071027,0.1889185800740062,,,,,,,,3.3761921024480055e-05,1.9419319611042734,947.2535028420386,120.16883880235255,1101.97463423647,0.2037932183593511,43.81889468953013,12338.265846079215,0.0,232645.8
252336560693540533935881068298825202077_eps0_s3,BPI2012_C,1.0,3.0,42.0,12.0,1.0,97.4,0.7624006623067557,0.5843796058071027,0.1889185800740062,,,,,,,,3.3761921024480055e-05,1.9419319611042734,947.2535028420386,120.07348771765828,1102.108159916103,0.20212164409458633,43.93915673196316,18678.25006379895,0.0,232645.8
252336560693540533935881068298825202077_eps0_s4,BPI2012_C,1.0,3.0,42.0,12.0,1.0,97.4,0.7624006623067557,0.5843796058071027,0.1889185800740062,,,,,,,,3.3761921024480055e-05,1.9419319611042734,947.2535028420386,119.72597544752061,1109.224511603266,0.2009043481200933,42.96978775672615,25038.34524942599,0.0,232645.8
252336560693540533935881068298825202077_eps0_s5,BPI2012_C,1.0,3.0,42.0,12.0,1.0,97.4,0.7624006623067557,0.5843796058071027,0.1889185800740062,,,,,,,,3.3761921024480055e-05,1.9419319611042734,947.2535028420386,118.8643198184669,1108.556227588281,0.20303207077085972,41.02401932142675,31382.351330386475,0.0,232645.8
252336560693540533935881068298825202077_eps0_s6,BPI2012_C,1.0,3.0,42.0,12.0,1.0,97.4,0.7624006623067557,0.5843796058071027,0.1889185800740062,,,,,,,,3.3761921024480055e-05,1.9419319611042734,947.2535028420386,118.41903442591429,1098.7865467563272,0.2135299306362867,40.70158413797617,37697.538865756615,0.0,232645.8
252336560693540533935881068298825202077_eps0_s7,BPI2012_C,1.0,3.0,42.0,12.0,1.0,97.4,0.7624006623067557,0.5843796058071027,0.1889185800740062,,,,,,,,3.3761921024480055e-05,1.9419319611042734,947.2535028420386,118.28336286582052,1102.6634698219598,0.20120890699326988,41.27180605344474,43991.6705254063,0.0,232645.8
252336560693540533935881068298825202077_eps0_s8,BPI2012_C,1.0,3.0,42.0,12.0,1.0,97.4,0.7624006623067557,0.5843796058071027,0.1889185800740062,,,,,,,,3.3761921024480055e-05,1.9419319611042734,947.2535028420386,118.61270732134581,1119.0454986859113,0.2018628392368555,41.45566341429949,50323.31195777804,0.0,232645.8
252336560693540533935881068298825202077_eps0_s9,BPI2012_C,1.0,3.0,42.0,12.0,1.0,97.4,0.7624006623067557,0.5843796058071027,0.1889185800740062,,,,,,,,3.3761921024480055e-05,1.9419319611042734,947.2535028420386,117.725327231735,1107.9944243196398,0.20168174430727953,41.30374956652522,56728.54637245871,0.0,232645.8
252336560693540533935881068298825202077_eps1_s0,BPI2012_C,1.0,5.0,42.0,12.0,1.0,97.4,0.45339162323555204,0.41410671968404317,0.33692578349793656,,,,,,,,3.3761921024480055e-05,1.9419319611042734,947.2535028420386,117.11883317865431,123.68462427705526,0.19721772186458106,29.715793097019194,66600.30072711743,0.0,232645.8
252336560693540533935881068298825202077_eps1_s1,BPI2012_C,1.0,5.0,42.0,12.0,1.0,97.4,0.7025676681326514,0.5330327684299214,0.298109005962238,,,,,,,,3.3761921024480055e-05,1.9419319611042734,947.2535028420386,126.62658763490617,704.6074351787568,0.19525061696767806,36.276265781745316,69697.16892001666,0.0,232645.8
252336560693540533935881068298825202077_eps1_s10,BPI2012_C,1.0,5.0,42.0,12.0,1.0,97.4,0.49540375225046046,0.4441039402773561,0.38328908596184413,,,,,,,,3.3761921024480055e-05,1.9419319611042734,947.2535028420386,116.55791650861502,121.05733201727271,0.1957148097455501,29.48366884328425,83201.92558396496,0.0,232645.8
252336560693540533935881068298825202077_eps1_s2,BPI2012_C,1.0,5.0,42.0,12.0,1.0,97.4,0.5366397031558833,0.4780545755768487,0.4002074981121414,,,,,,,,3.3761921024480055e-05,1.9419319611042734,947.2535028420386,119.64752397648991,142.26681735776364,0.19335435219109054,29.793821987509727,72364.0035432972,0.0,232645.8
252336560693540533935881068298825202077_eps1_s3,BPI2012_C,1.0,5.0,42.0,12.0,1.0,97.4,0.5173840648812648,0.4641850043087798,0.41452055622615047,,,,,,,,3.3761921024480055e-05,1.9419319611042734,947.2535028420386,119.52361499629914,126.2678404983133,0.20035334378480907,29.389513920992613,73747.38257199712,0.0,232645.8
252336560693540533935881068298825202077_eps1_s4,BPI2012_C,1.0,5.0,42.0,12.0,1.0,97.4,0.5169114886193806,0.46358749852462366,0.41423512926002914,,,,,,,,3.3761921024480055e-05,1.9419319611042734,947.2535028420386,119.85911305658519,120.80486745759845,0.19611564837396142,29.516104271262883,75124.15363790802,0.0,232645.8
252336560693540533935881068298825202077_eps1_s5,BPI2012_C,1.0,5.0,42.0,12.0,1.0,97.4,0.5167557877111882,0.4636491045690584,0.41423258954177167,,,,,,,,3.3761921024480055e-05,1.9419319611042734,947.2535028420386,116.0904473748058,124.04661799035966,0.19658374711871143,29.545457581058145,76489.59247158133,0.0,232645.8
252336560693540533935881068298825202077_eps1_s6,BPI2012_C,1.0,5.0,42.0,12.0,1.0,97.4,0.5158871817480868,0.4627470304854449,0.4120466506817245,,,,,,,,3.3761921024480055e-05,1.9419319611042734,947.2535028420386,124.3043039560318,124.57231718152761,0.1944090370088815,29.432025764137506,77864.30188376308,0.0,232645.8
252336560693540533935881068298825202077_eps1_s7,BPI2012_C,1.0,5.0,42.0,12.0,1.0,97.4,0.5148020744605984,0.4619766680264751,0.41001797736660706,,,,,,,,3.3761921024480055e-05,1.9419319611042734,947.2535028420386,117.78018562495708,116.68980688489974,0.1965507138520479,29.699603343382478,79198.58365206308,0.0,232645.8
252336560693540533935881068298825202077_eps1_s8,BPI2012_C,1.0,5.0,42.0,12.0,1.0,97.4,0.5148634870005822,0.4619952360371258,0.4100383626326051,,,,,,,,3.3761921024480055e-05,1.9419319611042734,947.2535028420386,116.05115898549556,120.15600360743701,0.19931903705000875,29.497065825387836,80538.66122374572,0.0,232645.8
252336560693540533935881068298825202077_eps1_s9,BPI2012_C,1.0,5.0,42.0,12.0,1.0,97.4,0.5147117441940713,0.4617234403173377,0.4096269304169102,,,,,,,,3.3761921024480055e-05,1.9419319611042734,947.2535028420386,117.50898849666119,115.71512694470584,0.19769517704844472,29.581584656238554,81872.02230512389,0.0,232645.8
252336560693540533935881068298825202077_eps2_s0,BPI2012_C,1.0,7.0,42.0,12.0,1.0,97.4,0.45343545414937053,0.4132475374181867,0.33692578349793656,,,,,,,,3.3761921024480055e-05,1.9419319611042734,947.2535028420386,124.96519722342491,124.55209435746073,0.19865789823234076,30.345648770406843,84577.62683254629,0.0,232645.8
252336560693540533935881068298825202077_eps2_s1,BPI2012_C,1.0,7.0,42.0,12.0,1.0,97.4,0.7262756128440462,0.5698382874324537,0.3076947456740177,,,,,,,,3.3761921024480055e-05,1.9419319611042734,947.2535028420386,122.7948271740228,787.9439360417425,0.20360328070819372,37.12210341729224,87913.78880818412,0.0,232645.8
252336560693540533935881068298825202077_eps2_s10,BPI2012_C,1.0,7.0,42.0,12.0,1.0,97.4,0.5331058895161866,0.477839638087343,0.36835039591067814,,,,,,,,3.3761921024480055e-05,1.9419319611042734,947.2535028420386,119.75494333207607,121.78743061944843,0.19737414978444573,30.213673875108363,101288.4979214929,0.0,232645.8
252336560693540533935881068298825202077_eps2_s2,BPI2012_C,1.0,7.0,42.0,12.0,1.0,97.4,0.5592134479972991,0.5230837687338048,0.4319655639875865,,,,,,,,3.3761921024480055e-05,1.9419319611042734,947.2535028420386,116.81890611611307,122.00806659124791,0.19521688446402544,30.123814845830204,90691.5160200715,0.0,232645.8
252336560693540533935881068298825202077_eps2_s3,BPI2012_C,1.0,7.0,42.0,12.0,1.0,97.4,0.556202905116856,0.5203735275663226,0.43042349015271153,,,,,,,,3.3761921024480055e-05,1.9419319611042734,947.2535028420386,118.21588636897505,114.21488531939686,0.19691681936383243,30.273468603938817,92017.03297329135,0.0,232645.8
252336560693540533935881068298825202077_eps2_s4,BPI2012_C,1.0,7.0,42.0,12.0,1.0,97.4,0.5561804344113284,0.5203666618132539,0.43045335062331996,,,,,,,,3.3761921024480055e-05,1.9419319611042734,947.2535028420386,117.44345465861261,114.62466205172241,0.19659615792334076,30.12726309709251,93330.63890265748,0.0,232645.8
252336560693540533935881068298825202077_eps2_s5,BPI2012_C,1.0,7.0,42.0,12.0,1.0,97.4,0.5556837822545944,0.5197867967806902,0.4291393217354617,,,,,,,,3.3761921024480055e-05,1.9419319611042734,947.2535028420386,117.52798640169203,113.84612746462226,0.20093830637633797,30.107557960227133,94643.11610967368,0.0,232645.8
252336560693540533935881068298825202077_eps2_s6,BPI2012_C,1.0,7.0,42.0,12.0,1.0,97.4,0.5556893415163244,0.5198049127227191,0.42916370151274236,,,,,,,,3.3761921024480055e-05,1.9419319611042734,947.2535028420386,116.83199504315853,113.47425083704293,0.197274575009942,30.175160091370344,95951.55629684143,0.0,232645.8
252336560693540533935881068298825202077_eps2_s7,BPI2012_C,1.0,7.0,42.0,12.0,1.0,97.4,0.5557005872640262,0.5198405252583317,0.4291707301050559,,,,,,,,3.3761921024480055e-05,1.9419319611042734,947.2535028420386,117.10321974344552,113.16828447952867,0.19718704037368293,30.41234524846077,97258.45808976106,0.0,232645.8
252336560693540533935881068298825202077_eps2_s8,BPI2012_C,1.0,7.0,42.0,12.0,1.0,97.4,0.5556949643901753,0.5198227189905255,0.4291707301050559,,,,,,,,3.3761921024480055e-05,1.9419319611042734,947.2535028420386,116.54606786966323,124.09869960620999,0.19675008431076998,30.092590457201005,98603.74270040057,0.0,232645.8
252336560693540533935881068298825202077_eps2_s9,BPI2012_C,1.0,7.0,42.0,12.0,1.0,97.4,0.5556612271470703,0.5197521971287482,0.429731553031414,,,,,,,,3.3761921024480055e-05,1.9419319611042734,947.2535028420386,117.21955348588526,122.43851606585085,0.20055311284959307,30.210110959410667,99939.6669274602,0.0,232645.8
252336560693540533935881068298825202077_eps3_s0,BPI2012_C,1.0,9.0,42.0,12.0,1.0,97.4,0.45343545414937053,0.4132475374181867,0.33692578349793656,,,,,,,,3.3761921024480055e-05,1.9419319611042734,947.2535028420386,120.27402780763805,119.42667061015963,0.1984316065907478,29.784414024278522,102654.91650669053,0.0,232645.8
252336560693540533935881068298825202077_eps3_s1,BPI2012_C,1.0,9.0,42.0,12.0,1.0,97.4,0.7374343106009729,0.5877546435386669,0.3219427257771583,,,,,,,,3.3761921024480055e-05,1.9419319611042734,947.2535028420386,117.71173755191266,791.1029799580574,0.20320555791258807,36.62056200057268,106007.82972006612,0.0,232645.8
252336560693540533935881068298825202077_eps3_s10,BPI2012_C,1.0,9.0,42.0,12.0,1.0,97.4,0.5918732561601617,0.5205560187432606,0.3923051747245065,,,,,,,,3.3761921024480055e-05,1.9419319611042734,947.2535028420386,120.11468597576022,115.59709902554751,0.19940395951271053,29.712485399469735,119662.27209003308,0.0,232645.8
252336560693540533935881068298825202077_eps3_s2,BPI2012_C,1.0,9.0,42.0,12.0,1.0,97.4,0.5885882403383931,0.5523105993670384,0.4473700503695506,,,,,,,,3.3761921024480055e-05,1.9419319611042734,947.2535028420386,120.46752385832369,126.64642097242177,0.19819390103220935,30.318551805242898,108776.0546882838,0.0,232645.8
252336560693540533935881068298825202077_eps3_s3,BPI2012_C,1.0,9.0,42.0,12.0,1.0,97.4,0.5875990316142332,0.5499466766379852,0.44712730870689327,,,,,,,,3.3761921024480055e-05,1.9419319611042734,947.2535028420386,117.39739098958671,119.62870947010815,0.20337345153093334,30.18508077338338,110117.53357736394,0.0,232645.8
252336560693540533935881068298825202077_eps3_s4,BPI2012_C,1.0,9.0,42.0,12.0,1.0,97.4,0.5878532954608742,0.5500235533305255,0.44726655363088313,,,,,,,,3.3761921024480055e-05,1.9419319611042734,947.2535028420386,115.55814073644578,123.48016530685126,0.19704513773322102,30.206326733902095,111472.7929665491,0.0,232645.8
252336560693540533935881068298825202077_eps3_s5,BPI2012_C,1.0,9.0,42.0,12.0,1.0,97.4,0.5874477335801818,0.5494371562657089,0.4460343259591994,,,,,,,,3.3761921024480055e-05,1.9419319611042734,947.2535028420386,120.13065349161624,121.8070397246629,0.1942947711795568,30.124617997184394,112828.6409966033,0.0,232645.8
252336560693540533935881068298825202077_eps3_s6,BPI2012_C,1.0,9.0,42.0,12.0,1.0,97.4,0.5874477335801818,0.5494371562657089,0.4460357571886254,,,,,,,,3.3761921024480055e-05,1.9419319611042734,947.2535028420386,116.25765944570303,124.31797866895795,0.19653058163821696,30.165471563488246,114198.61022222936,0.0,232645.8
252336560693540533935881068298825202077_eps3_s7,BPI2012_C,1.0,9.0,42.0,12.0,1.0,97.4,0.5874533564540325,0.5494549625335152,0.4460385686255509,,,,,,,,3.3761921024480055e-05,1.9419319611042734,947.2535028420386,124.08910849653185,126.51937809474767,0.19880473576486107,30.143513225018978,115586.02553246022,0.0,232645.8
252336560693540533935881068298825202077_eps3_s8,BPI2012_C,1.0,9.0,42.0,12.0,1.0,97.4,0.5874533564540325,0.5494549625335152,0.4460334416207264,,,,,,,,3.3761921024480055e-05,1.9419319611042734,947.2535028420386,117.76285620965064,119.46760060936212,0.20059474967420102,30.1456614471972,116934.11899569743,0.0,232645.8
252336560693540533935881068298825202077_eps3_s9,BPI2012_C,1.0,9.0,42.0,12.0,1.0,97.4,0.5874533564540325,0.5494549625335152,0.4460334416207264,,,,,,,,3.3761921024480055e-05,1.9419319611042734,947.2535028420386,119.28513037860394,127.48841979429126,0.20039657689630985,30.17930049300194,118298.85753007271,0.0,232645.8
252336560693540533935881068298825202077_eps4_s0,BPI2012_C,1.0,11.0,42.0,12.0,1.0,97.4,0.45343545414937053,0.4132475374181867,0.33692578349793656,,,,,,,,3.3761921024480055e-05,1.9419319611042734,947.2535028420386,116.49262217134238,123.01330495849251,0.195984236523509,29.795853807777167,121016.17796800732,0.0,232645.8
252336560693540533935881068298825202077_eps4_s1,BPI2012_C,1.0,11.0,42.0,12.0,1.0,97.4,0.7404515277405587,0.5930240203525449,0.32626255783288566,,,,,,,,3.3761921024480055e-05,1.9419319611042734,947.2535028420386,127.12989743128419,810.5524209883064,0.20586532913148403,36.409882525354625,124418.954412622,0.0,232645.8
252336560693540533935881068298825202077_eps4_s10,BPI2012_C,1.0,11.0,42.0,12.0,1.0,97.4,0.6396457926781662,0.5579752480057613,0.40658407144627995,,,,,,,,3.3761921024480055e-05,1.9419319611042734,947.2535028420386,125.5073947686702,119.47073728777468,0.20402565412223334,30.338101277127862,137885.2663856171,0.0,232645.8
252336560693540533935881068298825202077_eps4_s2,BPI2012_C,1.0,11.0,42.0,12.0,1.0,97.4,0.6042985758184569,0.566209168664497,0.45863613305317885,,,,,,,,3.3761921024480055e-05,1.9419319611042734,947.2535028420386,120.22615344412625,124.3458850711584,0.19713224954903122,30.045778138563037,127268.0629487425,0.0,232645.8
252336560693540533935881068298825202077_eps4_s3,BPI2012_C,1.0,11.0,42.0,12.0,1.0,97.4,0.6033990461569304,0.5641582799958911,0.4579145618210155,,,,,,,,3.3761921024480055e-05,1.9419319611042734,947.2535028420386,117.53503716923296,112.47667124718427,0.20306448824703688,30.05001115389168,128581.70470672772,0.0,232645.8
252336560693540533935881068298825202077_eps4_s4,BPI2012_C,1.0,11.0,42.0,12.0,1.0,97.4,0.603721396752902,0.5642497903229368,0.45806852024736405,,,,,,,,3.3761921024480055e-05,1.9419319611042734,947.2535028420386,117.7010074980557,112.90441824793815,0.20112990476191045,30.169823759049176,129888.2232597161,0.0,232645.8
252336560693540533935881068298825202077_eps4_s5,BPI2012_C,1.0,11.0,42.0,12.0,1.0,97.4,0.6032477481228787,0.5636487596236147,0.456893683182846,,,,,,,,3.3761921024480055e-05,1.9419319611042734,947.2535028420386,117.7439949259162,114.46379404775799,0.1974489532411098,29.93628257587552,131197.73403029703,0.0,232645.8
252336560693540533935881068298825202077_eps4_s6,BPI2012_C,1.0,11.0,42.0,12.0,1.0,97.4,0.603163778090973,0.5632406033300532,0.45650452103647926,,,,,,,,3.3761921024480055e-05,1.9419319611042734,947.2535028420386,117.25019590295851,113.26936516799033,0.20121886916458603,30.21144149117172,132508.772221851,0.0,232645.8
252336560693540533935881068298825202077_eps4_s7,BPI2012_C,1.0,11.0,42.0,12.0,1.0,97.4,0.6031407763763023,0.563402769377596,0.4559149004722993,,,,,,,,3.3761921024480055e-05,1.9419319611042734,947.2535028420386,116.55429606959224,121.8931242249906,0.20771383568644525,30.19805250763893,133841.35522962213,0.0,232645.8
252336560693540533935881068298825202077_eps4_s8,BPI2012_C,1.0,11.0,42.0,12.0,1.0,97.4,0.6031407763763023,0.563402769377596,0.4559179427998868,,,,,,,,3.3761921024480055e-05,1.9419319611042734,947.2535028420386,115.92760886475443,116.7904582902789,0.19906932078301903,30.07283205576241,135173.22489726954,0.0,232645.8
252336560693540533935881068298825202077_eps4_s9,BPI2012_C,1.0,11.0,42.0,12.0,1.0,97.4,0.6031407763763023,0.563402769377596,0.4559179427998868,,,,,,,,3.3761921024480055e-05,1.9419319611042734,947.2535028420386,117.0275223363191,123.55472751818597,0.19910051897168154,30.296846191212534,136519.592033159,0.0,232645.8
252336560693540533935881068298825202077_eps5_s0,BPI2012_C,1.0,13.0,42.0,12.0,1.0,97.4,0.45343545414937053,0.4132475374181867,0.33692578349793656,,,,,,,,3.3761921024480055e-05,1.9419319611042734,947.2535028420386,117.82844838313758,122.43283875361085,0.20036841370165343,29.788017044961453,139236.68247136884,0.0,232645.8
252336560693540533935881068298825202077_eps5_s1,BPI2012_C,1.0,13.0,42.0,12.0,1.0,97.4,0.7411692433825865,0.5949200675806338,0.32827173330731885,,,,,,,,3.3761921024480055e-05,1.9419319611042734,947.2535028420386,118.41533828638494,848.2253370285034,0.1971817787736654,36.83870040178299,142736.8129863631,0.0,232645.8
252336560693540533935881068298825202077_eps5_s10,BPI2012_C,1.0,13.0,42.0,12.0,1.0,97.4,0.6520494294319867,0.5610800546914877,0.4109952975988177,,,,,,,,3.3761921024480055e-05,1.9419319611042734,947.2535028420386,121.54162325896323,114.68844648562371,0.19913549982011314,30.148559457436203,156516.3614192296,0.0,232645.8
252336560693540533935881068298825202077_eps5_s2,BPI2012_C,1.0,13.0,42.0,12.0,1.0,97.4,0.6205644976541396,0.5749760765739853,0.464664073433232,,,,,,,,3.3761921024480055e-05,1.9419319611042734,947.2535028420386,118.25830500796437,118.31025370433926,0.20421828329563135,30.09199115410447,145620.12139596045,0.0,232645.8
252336560693540533935881068298825202077_eps5_s3,BPI2012_C,1.0,13.0,42.0,12.0,1.0,97.4,0.6197930360994239,0.5731696529001666,0.4638888307518253,,,,,,,,3.3761921024480055e-05,1.9419319611042734,947.2535028420386,117.06028342396021,127.34473423548043,0.2013146240264177,30.159332121536135,146969.9244491186,0.0,232645.8
252336560693540533935881068298825202077_eps5_s4,BPI2012_C,1.0,13.0,42.0,12.0,1.0,97.4,0.6201210095692463,0.5732569370453477,0.4640547329685266,,,,,,,,3.3761921024480055e-05,1.9419319611042734,947.2535028420386,120.47488495782018,126.42392851263284,0.1997483436018228,30.382034442201256,148338.16494041047,0.0,232645.8
252336560693540533935881068298825202077_eps5_s5,BPI2012_C,1.0,13.0,42.0,12.0,1.0,97.4,0.6196417380653723,0.5726601325278903,0.46299456592588395,,,,,,,,3.3761921024480055e-05,1.9419319611042734,947.2535028420386,117.43604276105762,123.294814350456,0.19771322496235366,30.283187222853304,149724.79013164976,0.0,232645.8
252336560693540533935881068298825202077_eps5_s6,BPI2012_C,1.0,13.0,42.0,12.0,1.0,97.4,0.6196426398774812,0.5727813970242371,0.4625943943239249,,,,,,,,3.3761921024480055e-05,1.9419319611042734,947.2535028420386,117.2153660979122,123.4866677146405,0.19928693994879718,30.118800726905466,151082.29647575878,0.0,232645.8
252336560693540533935881068298825202077_eps5_s7,BPI2012_C,1.0,13.0,42.0,12.0,1.0,97.4,0.6195166752886234,0.5726400177189138,0.4628508850079105,,,,,,,,3.3761921024480055e-05,1.9419319611042734,947.2535028420386,118.13352418988943,118.16201746836305,0.19779510535299774,29.842950446903707,152436.39595266432,0.0,232645.8
252336560693540533935881068298825202077_eps5_s8,BPI2012_C,1.0,13.0,42.0,12.0,1.0,97.4,0.6195166752886234,0.5726400177189138,0.4628508850079105,,,,,,,,3.3761921024480055e-05,1.9419319611042734,947.2535028420386,117.77748668156565,126.96451804228127,0.19711108431220054,29.883866746351124,153787.12796365953,0.0,232645.8
252336560693540533935881068298825202077_eps5_s9,BPI2012_C,1.0,13.0,42.0,12.0,1.0,97.4,0.6195166752886234,0.5726400177189138,0.4628508850079105,,,,,,,,3.3761921024480055e-05,1.9419319611042734,947.2535028420386,120.07015223838388,126.12285009436309,0.19921693243086333,29.713542824983598,155150.75641916879,0.0,232645.8
252336560693540533935881068298825202077_eps6_s0,BPI2012_C,1.0,15.0,42.0,12.0,1.0,97.4,0.45343545414937053,0.4132475374181867,0.33692578349793656,,,,,,,,3.3761921024480055e-05,1.9419319611042734,947.2535028420386,117.29648427478969,122.89012035578489,0.20041028335690494,29.76302521638572,157876.67171448618,0.0,232645.8
252336560693540533935881068298825202077_eps6_s1,BPI2012_C,1.0,15.0,42.0,12.0,1.0,97.4,0.7424936836022561,0.5973762372606892,0.3305714432051391,,,,,,,,3.3761921024480055e-05,1.9419319611042734,947.2535028420386,119.68349575586618,919.1194595418871,0.20156109444797035,36.8277327042073,161588.3512323115,0.0,232645.8
252336560693540533935881068298825202077_eps6_s10,BPI2012_C,1.0,15.0,42.0,12.0,1.0,97.4,0.6776333456682402,0.5744152425291389,0.420025173678535,,,,,,,,3.3761921024480055e-05,1.9419319611042734,947.2535028420386,122.39171039499342,120.37082783281804,0.19778065681457516,31.152914298698306,175337.24847459124,0.0,232645.8
252336560693540533935881068298825202077_eps6_s2,BPI2012_C,1.0,15.0,42.0,12.0,1.0,97.4,0.6277781714618945,0.5788366091908188,0.4683202634957818,,,,,,,,3.3761921024480055e-05,1.9419319611042734,947.2535028420386,122.28247986696661,121.8522482495755,0.2011369694024324,27.87353239953518,164625.85447279402,0.0,232645.8
252336560693540533935881068298825202077_eps6_s3,BPI2012_C,1.0,15.0,42.0,12.0,1.0,97.4,0.6271015768335707,0.5772370643669811,0.4676756320804561,,,,,,,,3.3761921024480055e-05,1.9419319611042734,947.2535028420386,118.32505056597293,115.28001021333039,0.2025092095136642,29.662174878269433,165944.2155803088,0.0,232645.8
252336560693540533935881068298825202077_eps6_s4,BPI2012_C,1.0,15.0,42.0,12.0,1.0,97.4,0.6274295503033932,0.5773199007571541,0.4678392392802409,,,,,,,,3.3761921024480055e-05,1.9419319611042734,947.2535028420386,119.2280896242708,115.52176712118089,0.19861021898686881,30.079622541740537,167271.90792947,0.0,232645.8
252336560693540533935881068298825202077_eps6_s5,BPI2012_C,1.0,15.0,42.0,12.0,1.0,97.4,0.6269502787995191,0.5767275439947046,0.46689380386263774,,,,,,,,3.3761921024480055e-05,1.9419319611042734,947.2535028420386,118.76224043257534,114.70972501561046,0.19982184693217275,29.866072417795657,168592.38382074237,0.0,232645.8
252336560693540533935881068298825202077_eps6_s6,BPI2012_C,1.0,15.0,42.0,12.0,1.0,97.4,0.6268106263457615,0.576217515054468,0.46666342107287706,,,,,,,,3.3761921024480055e-05,1.9419319611042734,947.2535028420386,117.49068450331688,120.02287222072482,0.19917298108339307,29.873298020660876,169920.93742621952,0.0,232645.8
252336560693540533935881068298825202077_eps6_s7,BPI2012_C,1.0,15.0,42.0,12.0,1.0,97.4,0.6268209347308638,0.5759721461755108,0.4669937617880916,,,,,,,,3.3761921024480055e-05,1.9419319611042734,947.2535028420386,117.18965874277055,118.50767504908144,0.19938653185963626,29.961347127705814,171265.48454921244,0.0,232645.8
252336560693540533935881068298825202077_eps6_s8,BPI2012_C,1.0,15.0,42.0,12.0,1.0,97.4,0.6268209347308638,0.5759721461755108,0.4669937617880916,,,,,,,,3.3761921024480055e-05,1.9419319611042734,947.2535028420386,117.10662003234029,123.46120154820383,0.19811698645353312,30.003350980207323,172618.4762014676,0.0,232645.8
252336560693540533935881068298825202077_eps6_s9,BPI2012_C,1.0,15.0,42.0,12.0,1.0,97.4,0.6268209347308638,0.5759721461755108,0.4669937617880916,,,,,,,,3.3761921024480055e-05,1.9419319611042734,947.2535028420386,117.44803827703,128.2293286394328,0.20397913679480548,30.069413616135716,173978.47657917588,0.0,232645.8
252336560693540533935881068298825202077_eps7_s0,BPI2012_C,1.0,17.0,42.0,12.0,1.0,97.4,0.45343545414937053,0.4132475374181867,0.33692578349793656,,,,,,,,3.3761921024480055e-05,1.9419319611042734,947.2535028420386,121.53330927044153,121.96172616295516,0.19895629771053785,30.017050977423786,176722.96268256157,0.0,232645.8
252336560693540533935881068298825202077_eps7_s1,BPI2012_C,1.0,17.0,42.0,12.0,1.0,97.4,0.7432651232419207,0.5983051998824542,0.3309765824851968,,,,,,,,3.3761921024480055e-05,1.9419319611042734,947.2535028420386,119.8385296985507,944.2970828197897,0.20383575223386283,36.744053329527375,180546.99585166498,0.0,232645.8
252336560693540533935881068298825202077_eps7_s10,BPI2012_C,1.0,17.0,42.0,12.0,1.0,97.4,0.6866309882589062,0.5803661634039947,0.4237714295164974,,,,,,,,3.3761921024480055e-05,1.9419319611042734,947.2535028420386,127.93952252604068,122.45200934223831,0.20233855806291098,30.646433095633984,194763.01489029563,0.0,232645.8
252336560693540533935881068298825202077_eps7_s2,BPI2012_C,1.0,17.0,42.0,12.0,1.0,97.4,0.628523878795424,0.5792155334453964,0.46902354725198175,,,,,,,,3.3761921024480055e-05,1.9419319611042734,947.2535028420386,126.02947406172753,127.69639591760934,0.20219928696751593,30.24290445037186,183645.68054874876,0.0,232645.8
252336560693540533935881068298825202077_eps7_s3,BPI2012_C,1.0,17.0,42.0,12.0,1.0,97.4,0.6279603085164375,0.5778544474160983,0.46837853949294495,,,,,,,,3.3761921024480055e-05,1.9419319611042734,947.2535028420386,120.55443583577872,128.32774628400801,0.19751151762902733,30.068050120398404,185029.11146806367,0.0,232645.8
252336560693540533935881068298825202077_eps7_s4,BPI2012_C,1.0,17.0,42.0,12.0,1.0,97.4,0.6282826591124092,0.5779326144781203,0.4685397147909307,,,,,,,,3.3761921024480055e-05,1.9419319611042734,947.2535028420386,120.8554443925619,123.2289038605988,0.20061895847320552,30.257849710807204,186426.75980555228,0.0,232645.8
252336560693540533935881068298825202077_eps7_s5,BPI2012_C,1.0,17.0,42.0,12.0,1.0,97.4,0.6278148125147899,0.5773448165251339,0.46766048806678456,,,,,,,,3.3761921024480055e-05,1.9419319611042734,947.2535028420386,117.30912778005003,125.55799095630645,0.1974045947194099,30.131630362942815,187809.25395706628,0.0,232645.8
252336560693540533935881068298825202077_eps7_s6,BPI2012_C,1.0,17.0,42.0,12.0,1.0,97.4,0.6277799160373136,0.5774671680650729,0.46749255974411125,,,,,,,,3.3761921024480055e-05,1.9419319611042734,947.2535028420386,125.61953068114818,127.75849343463778,0.19860088825225825,29.943927180394535,189208.02305096126,0.0,232645.8
252336560693540533935881068298825202077_eps7_s7,BPI2012_C,1.0,17.0,42.0,12.0,1.0,97.4,0.627819166571885,0.577794484471734,0.46777392339695567,,,,,,,,3.3761921024480055e-05,1.9419319611042734,947.2535028420386,121.1578111357987,128.27946231886744,0.20326204895973202,29.964720832556488,190592.80341961904,0.0,232645.8
252336560693540533935881068298825202077_eps7_s8,BPI2012_C,1.0,17.0,42.0,12.0,1.0,97.4,0.627819166571885,0.577794484471734,0.46777392339695567,,,,,,,,3.3761921024480055e-05,1.9419319611042734,947.2535028420386,121.27737882100045,123.52037163227797,0.19842440560460087,29.85396236181259,191992.35916676224,0.0,232645.8
252336560693540533935881068298825202077_eps7_s9,BPI2012_C,1.0,17.0,42.0,12.0,1.0,97.4,0.627819166571885,0.577794484471734,0.46777392339695567,,,,,,,,3.3761921024480055e-05,1.9419319611042734,947.2535028420386,117.26216912604869,125.43998578600585,0.19830132052302357,30.053756944835186,193375.40562835336,0.0,232645.8
252336560693540533935881068298825202077_eps8_s0,BPI2012_C,1.0,19.0,42.0,12.0,1.0,97.4,0.45343545414937053,0.4132475374181867,0.33692578349793656,,,,,,,,3.3761921024480055e-05,1.9419319611042734,947.2535028420386,125.47255676314235,131.05499161705376,0.19675835780799383,29.98370477668941,196165.30865581444,0.0,232645.8
252336560693540533935881068298825202077_eps8_s1,BPI2012_C,1.0,19.0,42.0,12.0,1.0,97.4,0.7435353974602757,0.5991391936695217,0.3302395962577557,,,,,,,,3.3761921024480055e-05,1.9419319611042734,947.2535028420386,124.15332658588886,1000.8128083869815,0.20048927292227742,36.862066921964285,200181.9074080862,0.0,232645.8
252336560693540533935881068298825202077_eps8_s10,BPI2012_C,1.0,19.0,42.0,12.0,1.0,97.4,0.6872280022078601,0.5808939932292271,0.4250749709289905,,,,,,,,3.3761921024480055e-05,1.9419319611042734,947.2535028420386,130.2796047847718,124.9590322803706,0.20369490645825858,31.372376027703286,214283.36466173307,0.0,232645.8
252336560693540533935881068298825202077_eps8_s2,BPI2012_C,1.0,19.0,42.0,12.0,1.0,97.4,0.628855169720931,0.5792808832258604,0.4694003223665658,,,,,,,,3.3761921024480055e-05,1.9419319611042734,947.2535028420386,120.60889032743871,117.2660352051258,0.20607194118201727,30.63848970644176,203376.813254337,0.0,232645.8
252336560693540533935881068298825202077_eps8_s3,BPI2012_C,1.0,19.0,42.0,12.0,1.0,97.4,0.6284278919632864,0.5781933022987957,0.46886936982714805,,,,,,,,3.3761921024480055e-05,1.9419319611042734,947.2535028420386,119.09570373110473,118.83889929316938,0.20858219861984248,30.168891768157483,204720.93156464025,0.0,232645.8
252336560693540533935881068298825202077_eps8_s4,BPI2012_C,1.0,19.0,42.0,12.0,1.0,97.4,0.628750242559258,0.5782714693608177,0.4690300382699169,,,,,,,,3.3761921024480055e-05,1.9419319611042734,947.2535028420386,119.28516529686749,117.57571889087558,0.20438942164182658,30.211380104348063,206064.01357120424,0.0,232645.8
252336560693540533935881068298825202077_eps8_s5,BPI2012_C,1.0,19.0,42.0,12.0,1.0,97.4,0.6282427883651849,0.5776590216425348,0.4682109781794647,,,,,,,,3.3761921024480055e-05,1.9419319611042734,947.2535028420386,119.48272769488395,117.96727591753006,0.20328342691063878,30.29557562507689,207404.13331639432,0.0,232645.8
252336560693540533935881068298825202077_eps8_s6,BPI2012_C,1.0,19.0,42.0,12.0,1.0,97.4,0.6282869903559553,0.577761421650511,0.46821153710237945,,,,,,,,3.3761921024480055e-05,1.9419319611042734,947.2535028420386,119.3308950021863,122.57935021929443,0.20123540163040152,30.321572870761155,208751.49190187006,0.0,232645.8
252336560693540533935881068298825202077_eps8_s7,BPI2012_C,1.0,19.0,42.0,12.0,1.0,97.4,0.6283721686988967,0.5781142971929205,0.4685838337251938,,,,,,,,3.3761921024480055e-05,1.9419319611042734,947.2535028420386,117.5455996669829,125.78983020335436,0.20312889814376828,30.2261860370636,210126.60847649575,0.0,232645.8
252336560693540533935881068298825202077_eps8_s8,BPI2012_C,1.0,19.0,42.0,12.0,1.0,97.4,0.6283721686988967,0.5781142971929205,0.4685838337251938,,,,,,,,3.3761921024480055e-05,1.9419319611042734,947.2535028420386,118.22333832941949,122.0837034124881,0.20240744426846505,30.603559912368656,211496.7090028148,0.0,232645.8
252336560693540533935881068298825202077_eps8_s9,BPI2012_C,1.0,19.0,42.0,12.0,1.0,97.4,0.6283721686988967,0.5781142971929205,0.4685838337251938,,,,,,,,3.3761921024480055e-05,1.9419319611042734,947.2535028420386,118.35572879426181,126.87573513127863,0.1995726097375154,30.477100301533937,212872.4823416792,0.0,232645.8
252336560693540533935881068298825202077_eps9_s0,BPI2012_C,1.0,21.0,42.0,12.0,1.0,97.4,0.45343545414937053,0.4132475374181867,0.33692578349793656,,,,,,,,3.3761921024480055e-05,1.9419319611042734,947.2535028420386,122.99975880421698,129.32258262969555,0.19859104156494137,29.86195566281676,215685.73598884977,0.0,232645.8
252336560693540533935881068298825202077_eps9_s1,BPI2012_C,1.0,21.0,42.0,12.0,1.0,97.4,0.7437832499752532,0.5987778315116028,0.32999295807683116,,,,,,,,3.3761921024480055e-05,1.9419319611042734,947.2535028420386,125.45228243805468,1046.7361912127585,0.20821392238140102,37.163795029371975,219839.16648379527,0.0,232645.8
252336560693540533935881068298825202077_eps9_s10,BPI2012_C,1.0,21.0,42.0,12.0,1.0,97.4,0.6940485537614073,0.5867416312065828,0.4269438610378553,,,,,,,,3.3761921024480055e-05,1.9419319611042734,947.2535028420386,124.02977974489332,124.42300333790482,0.2046262621879577,31.16799640804529,234465.27782798707,0.0,232645.8
252336560693540533935881068298825202077_eps9_s2,BPI2012_C,1.0,21.0,42.0,12.0,1.0,97.4,0.6296825543678959,0.5809047946790854,0.46908446268284826,,,,,,,,3.3761921024480055e-05,1.9419319611042734,947.2535028420386,119.3650577776134,128.19348588325084,0.20361494570970531,30.01463052853942,223164.152463508,0.0,232645.8
252336560693540533935881068298825202077_eps9_s3,BPI2012_C,1.0,21.0,42.0,12.0,1.0,97.4,0.6293630673768005,0.5800394475631441,0.46865825841475556,,,,,,,,3.3761921024480055e-05,1.9419319611042734,947.2535028420386,127.26485178992152,131.06448829211294,0.1998070195317268,30.069014750048517,224584.02443648837,0.0,232645.8
252336560693540533935881068298825202077_eps9_s4,BPI2012_C,1.0,21.0,42.0,12.0,1.0,97.4,0.629685417972772,0.5801176146251661,0.46882121393053805,,,,,,,,3.3761921024480055e-05,1.9419319611042734,947.2535028420386,122.54210111126304,131.4106355663389,0.20609349198639387,30.06911095827818,225992.02269404865,0.0,232645.8
252336560693540533935881068298825202077_eps9_s5,BPI2012_C,1.0,21.0,42.0,12.0,1.0,97.4,0.6292058578313625,0.5795541678759051,0.46809465442206816,,,,,,,,3.3761921024480055e-05,1.9419319611042734,947.2535028420386,122.777144247666,126.40996611118317,0.19799638688564297,30.215082340687513,227414.65760418697,0.0,232645.8
252336560693540533935881068298825202077_eps9_s6,BPI2012_C,1.0,21.0,42.0,12.0,1.0,97.4,0.6291831373861759,0.5796276378857874,0.4680694216016815,,,,,,,,3.3761921024480055e-05,1.9419319611042734,947.2535028420386,119.00611120872199,128.10015798285605,0.20355311334133144,30.030078561231495,228821.4434448395,0.0,232645.8
252336560693540533935881068298825202077_eps9_s7,BPI2012_C,1.0,21.0,42.0,12.0,1.0,97.4,0.629171627086665,0.5800160133575003,0.46846488993125435,,,,,,,,3.3761921024480055e-05,1.9419319611042734,947.2535028420386,123.49398581497371,131.40703888647258,0.2013739679008722,30.094431128725414,230233.92142779118,0.0,232645.8
252336560693540533935881068298825202077_eps9_s8,BPI2012_C,1.0,21.0,42.0,12.0,1.0,97.4,0.629171627086665,0.5800160133575003,0.46846488993125435,,,,,,,,3.3761921024480055e-05,1.9419319611042734,947.2535028420386,122.45456117466092,130.92994375117124,0.2024465978145599,30.076915873214602,231632.9575811051,0.0,232645.8
252336560693540533935881068298825202077_eps9_s9,BPI2012_C,1.0,21.0,42.0,12.0,1.0,97.4,0.629171627086665,0.5800160133575003,0.46846488993125435,,,,,,,,3.3761921024480055e-05,1.9419319611042734,947.2535028420386,122.68124388195574,126.38477572053671,0.19806344434618944,30.07157475501299,233053.78109428845,0.0,232645.8
252336560693540533935881068298825202077_eps0_s0,BPI2012_Full,1.0,3.0,42.0,12.0,1.0,177.0,0.45373687130564655,0.44873248540876987,0.2691554150377061,,,,,,,,0.00010170720861285139,3.0620414316654205,275.9848250709474,140.28330401256682,121.52542384788394,0.23580821715295314,37.532601706683636,1178.481747768447,0.0,112511.8
252336560693540533935881068298825202077_eps0_s1,BPI2012_Full,1.0,3.0,42.0,12.0,1.0,177.0,0.83147053040003,0.6518887753004162,0.14265380744102948,,,,,,,,0.00010170720861285139,3.0620414316654205,275.9848250709474,137.9818862900138,1928.3139991305768,0.24246548376977445,77.13207980617881,8167.759905613214,0.0,112511.8
252336560693540533935881068298825202077_eps0_s10,BPI2012_Full,1.0,3.0,42.0,12.0,1.0,177.0,0.83147053040003,0.6518887753004162,0.14265380744102948,,,,,,,,0.00010170720861285139,3.0620414316654205,275.9848250709474,145.06928940340876,1991.8731218412518,0.24741877131164075,79.57467611320317,106580.4702817507,0.0,112511.8
252336560693540533935881068298825202077_eps0_s2,BPI2012_Full,1.0,3.0,42.0,12.0,1.0,177.0,0.83147053040003,0.6518887753004162,0.14265380744102948,,,,,,,,0.00010170720861285139,3.0620414316654205,275.9848250709474,143.02942320927977,1928.1233827065676,0.23613885790109634,77.7536195460707,18933.194281886892,0.0,112511.8
252336560693540533935881068298825202077_eps0_s3,BPI2012_Full,1.0,3.0,42.0,12.0,1.0,177.0,0.83147053040003,0.6518887753004162,0.14265380744102948,,,,,,,,0.00010170720861285139,3.0620414316654205,275.9848250709474,136.7136343151331,1940.2172886949033,0.23429597988724704,78.05377681925893,29695.645349116996,0.0,112511.8
252336560693540533935881068298825202077_eps0_s4,BPI2012_Full,1.0,3.0,42.0,12.0,1.0,177.0,0.83147053040003,0.6518887753004162,0.14265380744102948,,,,,,,,0.00010170720861285139,3.0620414316654205,275.9848250709474,143.94115687571465,2038.4714000072331,0.2832429587841033,86.13392866030335,40841.52418807223,0.0,112511.8
252336560693540533935881068298825202077_eps0_s5,BPI2012_Full,1.0,3.0,42.0,12.0,1.0,177.0,0.83147053040003,0.6518887753004162,0.14265380744102948,,,,,,,,0.00010170720861285139,3.0620414316654205,275.9848250709474,141.45824860408902,2003.8692366093396,0.26340153887867923,80.9630037471652,52086.005925431105,0.0,112511.8
252336560693540533935881068298825202077_eps0_s6,BPI2012_Full,1.0,3.0,42.0,12.0,1.0,177.0,0.83147053040003,0.6518887753004162,0.14265380744102948,,,,,,,,0.00010170720861285139,3.0620414316654205,275.9848250709474,136.77338941507043,1936.0709853511303,0.23884776830673213,78.65463223382831,62989.061585641655,0.0,112511.8
252336560693540533935881068298825202077_eps0_s7,BPI2012_Full,1.0,3.0,42.0,12.0,1.0,177.0,0.83147053040003,0.6518887753004162,0.14265380744102948,,,,,,,,0.00010170720861285139,3.0620414316654205,275.9848250709474,142.2809484872967,1945.5796940419823,0.2343574438244104,78.88261796273291,73763.94896484315,0.0,112511.8
252336560693540533935881068298825202077_eps0_s8,BPI2012_Full,1.0,3.0,42.0,12.0,1.0,177.0,0.83147053040003,0.6518887753004162,0.14265380744102948,,,,,,,,0.00010170720861285139,3.0620414316654205,275.9848250709474,136.64459150582553,1967.0363302290439,0.24067418873310084,78.60931650735438,84601.44747947156,0.0,112511.8
252336560693540533935881068298825202077_eps0_s9,BPI2012_Full,1.0,3.0,42.0,12.0,1.0,177.0,0.83147053040003,0.6518887753004162,0.14265380744102948,,,,,,,,0.00010170720861285139,3.0620414316654205,275.9848250709474,136.90258292369543,1968.063833886385,0.2355779759585857,78.03211084268987,95514.37452919967,0.0,112511.8
252336560693540533935881068298825202077_eps1_s0,BPI2012_Full,1.0,5.0,42.0,12.0,1.0,177.0,0.4540367570991382,0.4444723952206332,0.2691554150377061,,,,,,,,0.00010170720861285139,3.0620414316654205,275.9848250709474,141.65594679415227,114.37115390338003,0.23908864185214038,42.431544448435304,111920.94480587728,0.0,112511.8
252336560693540533935881068298825202077_eps1_s1,BPI2012_Full,1.0,5.0,42.0,12.0,1.0,177.0,0.7698749390521682,0.6257652758680041,0.1708142057157525,,,,,,,,0.00010170720861285139,3.0620414316654205,275.9848250709474,140.39668539725244,1304.4697163965552,0.2438374020159244,74.06831809058785,117038.25959649422,0.0,112511.8
252336560693540533935881068298825202077_eps1_s10,BPI2012_Full,1.0,5.0,42.0,12.0,1.0,177.0,0.4649308392993291,0.4849345852903923,0.29630988643098066,,,,,,,,0.00010170720861285139,3.0620414316654205,275.9848250709474,136.3260580070317,129.00229265876115,0.23650972358882422,42.540329806506634,142112.83046354912,0.0,112511.8
252336560693540533935881068298825202077_eps1_s2,BPI2012_Full,1.0,5.0,42.0,12.0,1.0,177.0,0.7287835323944929,0.6025190645888724,0.1711220064160251,,,,,,,,0.00010170720861285139,3.0620414316654205,275.9848250709474,139.94987061433494,958.7833930995315,0.24551051519811148,71.70906890854239,123566.71499415711,0.0,112511.8
252336560693540533935881068298825202077_eps1_s3,BPI2012_Full,1.0,5.0,42.0,12.0,1.0,177.0,0.5927927577361186,0.5598567583125684,0.23552598935395008,,,,,,,,0.00010170720861285139,3.0620414316654205,275.9848250709474,138.92052557915449,602.3480112422258,0.23282600753009314,58.47025471813977,128325.36350274346,0.0,112511.8
252336560693540533935881068298825202077_eps1_s4,BPI2012_Full,1.0,5.0,42.0,12.0,1.0,177.0,0.5804672895593695,0.5544682094555542,0.25725913077937024,,,,,,,,0.00010170720861285139,3.0620414316654205,275.9848250709474,136.8690297394991,452.7308735437691,0.23561054840683932,54.337346556037666,131925.4205007322,0.0,112511.8
252336560693540533935881068298825202077_eps1_s5,BPI2012_Full,1.0,5.0,42.0,12.0,1.0,177.0,0.5155629930839782,0.5292780567181308,0.3132674474849046,,,,,,,,0.00010170720861285139,3.0620414316654205,275.9848250709474,140.59170766845347,131.60857536420227,0.23532933369278902,42.326893120259044,134131.96019692457,0.0,112511.8
252336560693540533935881068298825202077_eps1_s6,BPI2012_Full,1.0,5.0,42.0,12.0,1.0,177.0,0.5007075639400176,0.5242377191543799,0.30707014459632476,,,,,,,,0.00010170720861285139,3.0620414316654205,275.9848250709474,139.48532280363142,137.08540573604404,0.23466491438448425,42.79429992921651,135741.00082445442,0.0,112511.8
252336560693540533935881068298825202077_eps1_s7,BPI2012_Full,1.0,5.0,42.0,12.0,1.0,177.0,0.4977795429904569,0.5236644517207854,0.30995886223032715,,,,,,,,0.00010170720861285139,3.0620414316654205,275.9848250709474,135.68471627943217,137.43865710198878,0.23824617788195607,42.35053748674691,137328.69585151674,0.0,112511.8
252336560693540533935881068298825202077_eps1_s8,BPI2012_Full,1.0,5.0,42.0,12.0,1.0,177.0,0.4949830527573848,0.5230032358720054,0.3111203185429265,,,,,,,,0.00010170720861285139,3.0620414316654205,275.9848250709474,140.10048436038196,141.74539859704674,0.23753931336104867,42.54523265734315,138954.76139986253,0.0,112511.8
252336560693540533935881068298825202077_eps1_s9,BPI2012_Full,1.0,5.0,42.0,12.0,1.0,177.0,0.4872997927395919,0.520893576432018,0.31375820789433506,,,,,,,,0.00010170720861285139,3.0620414316654205,275.9848250709474,137.68490783013402,137.0919456578791,0.23240922316908832,42.38276945985854,140553.58368422015,0.0,112511.8
252336560693540533935881068298825202077_eps2_s0,BPI2012_Full,1.0,7.0,42.0,12.0,1.0,177.0,0.45372300380133235,0.447591492491682,0.2691554150377061,,,,,,,,0.00010170720861285139,3.0620414316654205,275.9848250709474,135.83925603814424,126.26985114999115,0.2299601353704929,40.986031940206885,143643.3695199311,0.0,112511.8
252336560693540533935881068298825202077_eps2_s1,BPI2012_Full,1.0,7.0,42.0,12.0,1.0,177.0,0.844789617955103,0.6874095827495041,0.1547342728119861,,,,,,,,0.00010170720861285139,3.0620414316654205,275.9848250709474,136.0163124732673,1459.5394011002033,0.23480168133974072,76.68725382052362,149283.5137500003,0.0,112511.8
252336560693540533935881068298825202077_eps2_s10,BPI2012_Full,1.0,7.0,42.0,12.0,1.0,177.0,0.5808667797954084,0.5477895496585139,0.3214956810468537,,,,,,,,0.00010170720861285139,3.0620414316654205,275.9848250709474,138.1554945167154,123.43640542849899,0.2352614756673574,39.274196811020374,176233.21705837845,0.0,112511.8
252336560693540533935881068298825202077_eps2_s2,BPI2012_Full,1.0,7.0,42.0,12.0,1.0,177.0,0.8204175200142305,0.6805670940406527,0.16178733254708075,,,,,,,,0.00010170720861285139,3.0620414316654205,275.9848250709474,136.34472252205015,1080.9566641565411,0.24308046661317348,76.69481211006641,156496.02589913234,0.0,112511.8
252336560693540533935881068298825202077_eps2_s3,BPI2012_Full,1.0,7.0,42.0,12.0,1.0,177.0,0.7499925180018598,0.660285253096103,0.22627416194458175,,,,,,,,0.00010170720861285139,3.0620414316654205,275.9848250709474,140.18676183633505,774.8336793672294,0.23887001983821388,64.20952123403549,161984.73638022953,0.0,112511.8
252336560693540533935881068298825202077_eps2_s4,BPI2012_Full,1.0,7.0,42.0,12.0,1.0,177.0,0.708809111299217,0.6450932902483222,0.25494447290406025,,,,,,,,0.00010170720861285139,3.0620414316654205,275.9848250709474,140.33756668381392,560.2281403210014,0.2405399844050407,58.42127281650901,166267.99179709292,0.0,112511.8
252336560693540533935881068298825202077_eps2_s5,BPI2012_Full,1.0,7.0,42.0,12.0,1.0,177.0,0.6732194577932236,0.6356207272440604,0.3474661593317821,,,,,,,,0.00010170720861285139,3.0620414316654205,275.9848250709474,138.92830792851746,135.32297664992512,0.23453971035778517,41.24708146005869,168714.09399432206,0.0,112511.8
252336560693540533935881068298825202077_eps2_s6,BPI2012_Full,1.0,7.0,42.0,12.0,1.0,177.0,0.6726129963533934,0.6365875957712522,0.33844226225707164,,,,,,,,0.00010170720861285139,3.0620414316654205,275.9848250709474,134.75441064760088,126.64131180942059,0.24059667512774463,38.955067143961784,170262.93984103575,0.0,112511.8
252336560693540533935881068298825202077_eps2_s7,BPI2012_Full,1.0,7.0,42.0,12.0,1.0,177.0,0.6703700644979267,0.6382438444261027,0.3393299888753778,,,,,,,,0.00010170720861285139,3.0620414316654205,275.9848250709474,137.6093324624002,117.99390782751144,0.2356417872011661,40.879416547715664,171746.3624813687,0.0,112511.8
252336560693540533935881068298825202077_eps2_s8,BPI2012_Full,1.0,7.0,42.0,12.0,1.0,177.0,0.666785691451015,0.6436255856590476,0.34321748257554135,,,,,,,,0.00010170720861285139,3.0620414316654205,275.9848250709474,136.76429608613253,119.55340476408601,0.23733160682022567,41.4316504098475,173236.8655692257,0.0,112511.8
252336560693540533935881068298825202077_eps2_s9,BPI2012_Full,1.0,7.0,42.0,12.0,1.0,177.0,0.6654167147874592,0.6408958400718022,0.3531230905369669,,,,,,,,0.00010170720861285139,3.0620414316654205,275.9848250709474,137.99767959937452,117.81982057578861,0.23542333953082561,41.118380558118226,174726.7516394563,0.0,112511.8
252336560693540533935881068298825202077_eps3_s0,BPI2012_Full,1.0,9.0,42.0,12.0,1.0,177.0,0.45372300380133235,0.447591492491682,0.2691554150377061,,,,,,,,0.00010170720861285139,3.0620414316654205,275.9848250709474,136.84201381318272,126.49769467487931,0.236568546667695,38.72781547755003,177742.47533418835,0.0,112511.8
252336560693540533935881068298825202077_eps3_s1,BPI2012_Full,1.0,9.0,42.0,12.0,1.0,177.0,0.8498410876950905,0.6910163795141068,0.1490806308004518,,,,,,,,0.00010170720861285139,3.0620414316654205,275.9848250709474,136.22520999759436,1541.5876934714615,0.23576248399913308,77.46301517821848,183560.8886910133,0.0,112511.8
252336560693540533935881068298825202077_eps3_s10,BPI2012_Full,1.0,9.0,42.0,12.0,1.0,177.0,0.6595722526429916,0.5927744211319634,0.32741532243474525,,,,,,,,0.00010170720861285139,3.0620414316654205,275.9848250709474,140.1234827362001,125.80434270612895,0.24011278860270974,40.341745431348684,220078.08155838662,0.0,112511.8
252336560693540533935881068298825202077_eps3_s2,BPI2012_Full,1.0,9.0,42.0,12.0,1.0,177.0,0.8311258073453371,0.6860107003306268,0.15406212795311247,,,,,,,,0.00010170720861285139,3.0620414316654205,275.9848250709474,136.7582249574363,1135.7839999571443,0.23937576711177821,77.10607387684286,191122.86624512932,0.0,112511.8
252336560693540533935881068298825202077_eps3_s3,BPI2012_Full,1.0,9.0,42.0,12.0,1.0,177.0,0.8045727945697301,0.6796359222537742,0.17414565661269296,,,,,,,,0.00010170720861285139,3.0620414316654205,275.9848250709474,136.38751063272358,1218.091675649956,0.2409682143479585,74.41686904840171,198154.81134102345,0.0,112511.8
252336560693540533935881068298825202077_eps3_s4,BPI2012_Full,1.0,9.0,42.0,12.0,1.0,177.0,0.7630944080547681,0.663685306015761,0.18348750756238394,,,,,,,,0.00010170720861285139,3.0620414316654205,275.9848250709474,138.26418370865287,857.2640751626343,0.2393479414284229,73.7182965233922,204307.27146784365,0.0,112511.8
252336560693540533935881068298825202077_eps3_s5,BPI2012_Full,1.0,9.0,42.0,12.0,1.0,177.0,0.7190235653172347,0.6598607324238785,0.19950104099191554,,,,,,,,0.00010170720861285139,3.0620414316654205,275.9848250709474,140.76076849848033,419.4446980576962,0.23691602908074852,72.04079921394586,208174.375313263,0.0,112511.8
252336560693540533935881068298825202077_eps3_s6,BPI2012_Full,1.0,9.0,42.0,12.0,1.0,177.0,0.7125434155767059,0.6575830269641187,0.19973118057103154,,,,,,,,0.00010170720861285139,3.0620414316654205,275.9848250709474,140.3683229804039,277.78797238059343,0.23981430046260352,71.55039978474379,211011.12696819083,0.0,112511.8
252336560693540533935881068298825202077_eps3_s7,BPI2012_Full,1.0,9.0,42.0,12.0,1.0,177.0,0.7103004837212391,0.6592392756189692,0.20523199154641958,,,,,,,,0.00010170720861285139,3.0620414316654205,275.9848250709474,136.68079655766488,273.53794239647686,0.23574101403355593,70.51179938875138,213435.46090971044,0.0,112511.8
252336560693540533935881068298825202077_eps3_s8,BPI2012_Full,1.0,9.0,42.0,12.0,1.0,177.0,0.7067161106743274,0.6646210168519142,0.20630225854998258,,,,,,,,0.00010170720861285139,3.0620414316654205,275.9848250709474,139.74486716650426,272.1693874228746,0.23520091734826565,69.89531859718264,215863.3491332337,0.0,112511.8
252336560693540533935881068298825202077_eps3_s9,BPI2012_Full,1.0,9.0,42.0,12.0,1.0,177.0,0.7071182248756502,0.6624703998917307,0.2066899664407059,,,,,,,,0.00010170720861285139,3.0620414316654205,275.9848250709474,134.9182783368975,264.98168571554123,0.2347064603120088,69.00796862617135,218245.1045421466,0.0,112511.8
252336560693540533935881068298825202077_eps4_s0,BPI2012_Full,1.0,11.0,42.0,12.0,1.0,177.0,0.45372300380133235,0.447591492491682,0.2691554150377061,,,,,,,,0.00010170720861285139,3.0620414316654205,275.9848250709474,139.66403004191815,130.65999196469784,0.2373622547835111,40.32519451268017,221628.2855308108,0.0,112511.8
252336560693540533935881068298825202077_eps4_s1,BPI2012_Full,1.0,11.0,42.0,12.0,1.0,177.0,0.8502121579599683,0.6920667758514133,0.14940379746795623,,,,,,,,0.00010170720861285139,3.0620414316654205,275.9848250709474,140.92068535983563,1604.6126276556402,0.2414840310811996,77.63909501284361,227733.9785805315,0.0,112511.8
252336560693540533935881068298825202077_eps4_s10,BPI2012_Full,1.0,11.0,42.0,12.0,1.0,177.0,0.7238715207752975,0.6268021110703685,0.3435115733914426,,,,,,,,0.00010170720861285139,3.0620414316654205,275.9848250709474,135.94009748585523,121.82516706325114,0.23954037204384798,40.72532485984266,266214.3487335164,0.0,112511.8
252336560693540533935881068298825202077_eps4_s2,BPI2012_Full,1.0,11.0,42.0,12.0,1.0,177.0,0.8351074444910779,0.6884830270139045,0.15256128798923524,,,,,,,,0.00010170720861285139,3.0620414316654205,275.9848250709474,138.12411337196826,1171.2881202150136,0.24345701076090337,76.87646259069443,235498.09699894785,0.0,112511.8
252336560693540533935881068298825202077_eps4_s3,BPI2012_Full,1.0,11.0,42.0,12.0,1.0,177.0,0.8171421221704014,0.6849588667629382,0.17026031959684423,,,,,,,,0.00010170720861285139,3.0620414316654205,275.9848250709474,138.45316917560996,1304.8038676269352,0.23949481621384616,76.40318812206388,242871.54381455667,0.0,112511.8
252336560693540533935881068298825202077_eps4_s4,BPI2012_Full,1.0,11.0,42.0,12.0,1.0,177.0,0.8010133063842371,0.6770521136946257,0.17502185892698513,,,,,,,,0.00010170720861285139,3.0620414316654205,275.9848250709474,138.46250581927598,926.7317678272724,0.23582197837531566,75.69055414572358,249456.8509522613,0.0,112511.8
252336560693540533935881068298825202077_eps4_s5,BPI2012_Full,1.0,11.0,42.0,12.0,1.0,177.0,0.7575321576660485,0.6735353830705827,0.1861852604288734,,,,,,,,0.00010170720861285139,3.0620414316654205,275.9848250709474,137.85284678414465,457.33345918543637,0.2427824486047029,75.65638838931918,253536.47884236014,0.0,112511.8
252336560693540533935881068298825202077_eps4_s6,BPI2012_Full,1.0,11.0,42.0,12.0,1.0,177.0,0.7528094998452524,0.672262159052714,0.18497974568809603,,,,,,,,0.00010170720861285139,3.0620414316654205,275.9848250709474,135.6872590776533,305.97759528420863,0.24383533895015713,75.36091363951564,256545.68834008835,0.0,112511.8
252336560693540533935881068298825202077_eps4_s7,BPI2012_Full,1.0,11.0,42.0,12.0,1.0,177.0,0.7505665679897857,0.6739184077075645,0.18526847613459319,,,,,,,,0.00010170720861285139,3.0620414316654205,275.9848250709474,137.04904380738736,304.4755892019719,0.2364341530948877,74.77095408663153,259132.65048345475,0.0,112511.8
252336560693540533935881068298825202077_eps4_s8,BPI2012_Full,1.0,11.0,42.0,12.0,1.0,177.0,0.7469821949428739,0.6793001489405095,0.18416142314343364,,,,,,,,0.00010170720861285139,3.0620414316654205,275.9848250709474,136.3250492412597,304.4462206479162,0.2360026136040687,75.04259152449667,261714.47907474302,0.0,112511.8
252336560693540533935881068298825202077_eps4_s9,BPI2012_Full,1.0,11.0,42.0,12.0,1.0,177.0,0.7473843091441967,0.6771495319803261,0.18300808142201558,,,,,,,,0.00010170720861285139,3.0620414316654205,275.9848250709474,135.83383950553835,302.9704415231943,0.23814284019172188,74.27672560811043,264291.79673723876,0.0,112511.8
252336560693540533935881068298825202077_eps5_s0,BPI2012_Full,1.0,13.0,42.0,12.0,1.0,177.0,0.45372300380133235,0.447591492491682,0.2691554150377061,,,,,,,,0.00010170720861285139,3.0620414316654205,275.9848250709474,136.4826509401202,127.30852279141546,0.23620798103511328,40.32262319102883,267728.64250711986,0.0,112511.8
252336560693540533935881068298825202077_eps5_s1,BPI2012_Full,1.0,13.0,42.0,12.0,1.0,177.0,0.8516558171035463,0.6927906553476728,0.15120077344860486,,,,,,,,0.00010170720861285139,3.0620414316654205,275.9848250709474,137.48242922909557,1636.3462297603487,0.2424892902374267,78.09300898052751,273906.84775888623,0.0,112511.8
252336560693540533935881068298825202077_eps5_s10,BPI2012_Full,1.0,13.0,42.0,12.0,1.0,177.0,0.7365466712158749,0.6421839197157649,0.3509652328110299,,,,,,,,0.00010170720861285139,3.0620414316654205,275.9848250709474,137.52357080876828,108.81192880086601,0.24616470783948893,41.35868586376309,312322.72959807777,0.0,112511.8
252336560693540533935881068298825202077_eps5_s2,BPI2012_Full,1.0,13.0,42.0,12.0,1.0,177.0,0.8367635624961764,0.691283626884139,0.15463269612391115,,,,,,,,0.00010170720861285139,3.0620414316654205,275.9848250709474,138.28112609200178,1241.472117862478,0.24405799694359298,77.70840135477484,281963.5211395476,0.0,112511.8
252336560693540533935881068298825202077_eps5_s3,BPI2012_Full,1.0,13.0,42.0,12.0,1.0,177.0,0.8187911056392524,0.6877296226107228,0.17175297668455825,,,,,,,,0.00010170720861285139,3.0620414316654205,275.9848250709474,137.84359715133905,1380.4717706553638,0.24534925892949105,76.37197204716503,289710.5830584403,0.0,112511.8
252336560693540533935881068298825202077_eps5_s4,BPI2012_Full,1.0,13.0,42.0,12.0,1.0,177.0,0.8029572696654071,0.6805815229326427,0.17733809301378298,,,,,,,,0.00010170720861285139,3.0620414316654205,275.9848250709474,136.262951086089,825.3952559266239,0.2427591189742088,76.78088686130941,295913.2311309118,0.0,112511.8
252336560693540533935881068298825202077_eps5_s5,BPI2012_Full,1.0,13.0,42.0,12.0,1.0,177.0,0.7594761209472186,0.6770647923085996,0.186372250787652,,,,,,,,0.00010170720861285139,3.0620414316654205,275.9848250709474,136.92309562005101,358.42763868793844,0.24036152996122837,75.89602128230035,299743.21455311327,0.0,112511.8
252336560693540533935881068298825202077_eps5_s6,BPI2012_Full,1.0,13.0,42.0,12.0,1.0,177.0,0.7554170762111414,0.6762058802671047,0.1848393178507995,,,,,,,,0.00010170720861285139,3.0620414316654205,275.9848250709474,137.15681458041072,322.19156806916,0.23874054551124574,75.56969190873205,302516.0114460308,0.0,112511.8
252336560693540533935881068298825202077_eps5_s7,BPI2012_Full,1.0,13.0,42.0,12.0,1.0,177.0,0.7531741443556746,0.6778621289219552,0.18470310209466873,,,,,,,,0.00010170720861285139,3.0620414316654205,275.9848250709474,136.71740369722247,320.720478977263,0.24580759219825263,75.66651701256633,305185.7269117542,0.0,112511.8
252336560693540533935881068298825202077_eps5_s8,BPI2012_Full,1.0,13.0,42.0,12.0,1.0,177.0,0.7495897713087629,0.6832438701549001,0.18383050006374163,,,,,,,,0.00010170720861285139,3.0620414316654205,275.9848250709474,136.790053852275,313.15470229424534,0.2366775151342153,77.2038901809603,307861.88873653003,0.0,112511.8
252336560693540533935881068298825202077_eps5_s9,BPI2012_Full,1.0,13.0,42.0,12.0,1.0,177.0,0.7521406759907211,0.6834133927397825,0.1841090072571347,,,,,,,,0.00010170720861285139,3.0620414316654205,275.9848250709474,138.59436913467943,298.0947985921055,0.2470117587596178,74.90374162457883,310433.87707912957,0.0,112511.8
252336560693540533935881068298825202077_eps6_s0,BPI2012_Full,1.0,15.0,42.0,12.0,1.0,177.0,0.45372300380133235,0.447591492491682,0.2691554150377061,,,,,,,,0.00010170720861285139,3.0620414316654205,275.9848250709474,136.9723836105317,113.96368250139058,0.23899338208138937,40.299477607011795,313774.88927678356,0.0,112511.8
252336560693540533935881068298825202077_eps6_s1,BPI2012_Full,1.0,15.0,42.0,12.0,1.0,177.0,0.8515562299686611,0.6918884554418695,0.1521006801068641,,,,,,,,0.00010170720861285139,3.0620414316654205,275.9848250709474,137.9333357270807,1714.445953989029,0.2398552112281322,78.57534660510719,320130.8922292337,0.0,112511.8
252336560693540533935881068298825202077_eps6_s10,BPI2012_Full,1.0,15.0,42.0,12.0,1.0,177.0,0.761436114181884,0.6542189442345474,0.3631072698099686,,,,,,,,0.00010170720861285139,3.0620414316654205,275.9848250709474,137.96180969253183,123.43820737898349,0.23990115150809282,41.783803183585405,361730.3171558183,0.0,112511.8
252336560693540533935881068298825202077_eps6_s2,BPI2012_Full,1.0,15.0,42.0,12.0,1.0,177.0,0.8366676626089451,0.6903949067923143,0.15589971296703897,,,,,,,,0.00010170720861285139,3.0620414316654205,275.9848250709474,137.50131453871728,1317.9814876765013,0.24083127230405804,78.09557491987944,328575.81128603034,0.0,112511.8
252336560693540533935881068298825202077_eps6_s3,BPI2012_Full,1.0,15.0,42.0,12.0,1.0,177.0,0.818680900944473,0.6867333100556864,0.17257718433475505,,,,,,,,0.00010170720861285139,3.0620414316654205,275.9848250709474,137.35020461343228,1462.919070161879,0.24384297020733348,76.82695501409471,336722.8428563539,0.0,112511.8
252336560693540533935881068298825202077_eps6_s4,BPI2012_Full,1.0,15.0,42.0,12.0,1.0,177.0,0.8028470649706276,0.6795852103776063,0.17769032042202187,,,,,,,,0.00010170720861285139,3.0620414316654205,275.9848250709474,138.39545434899628,1028.918175886199,0.25008211657404894,76.22305740378798,343905.1696423281,0.0,112511.8
252336560693540533935881068298825202077_eps6_s5,BPI2012_Full,1.0,15.0,42.0,12.0,1.0,177.0,0.7593659162524392,0.6760684797535632,0.18806018397245505,,,,,,,,0.00010170720861285139,3.0620414316654205,275.9848250709474,141.80925761610268,466.0204831942916,0.2461399715393781,75.38791934736074,348255.18972210924,0.0,112511.8
252336560693540533935881068298825202077_eps6_s6,BPI2012_Full,1.0,15.0,42.0,12.0,1.0,177.0,0.7553068715163619,0.6752095677120684,0.18518760289121128,,,,,,,,0.00010170720861285139,3.0620414316654205,275.9848250709474,141.92173079624772,339.37463142611085,0.2435205783694982,76.00262161940336,351400.8109266445,0.0,112511.8
252336560693540533935881068298825202077_eps6_s7,BPI2012_Full,1.0,15.0,42.0,12.0,1.0,177.0,0.7530639396608951,0.6768658163669188,0.18505409548083906,,,,,,,,0.00010170720861285139,3.0620414316654205,275.9848250709474,137.74116538986564,339.80133999437095,0.23597348816692826,75.65773338079453,354177.47911420616,0.0,112511.8
252336560693540533935881068298825202077_eps6_s8,BPI2012_Full,1.0,15.0,42.0,12.0,1.0,177.0,0.7494795666139835,0.6822475575998637,0.184436586484049,,,,,,,,0.00010170720861285139,3.0620414316654205,275.9848250709474,141.72039302326738,341.10854865796864,0.24553378410637378,74.54779870696366,356978.55355963,0.0,112511.8
252336560693540533935881068298825202077_eps6_s9,BPI2012_Full,1.0,15.0,42.0,12.0,1.0,177.0,0.7528972377931458,0.6833639421542983,0.18425545142603353,,,,,,,,0.00010170720861285139,3.0620414316654205,275.9848250709474,137.65072673484684,333.0176495604217,0.2404367465525865,74.74666904471815,359736.8618210975,0.0,112511.8
252336560693540533935881068298825202077_eps7_s0,BPI2012_Full,1.0,17.0,42.0,12.0,1.0,177.0,0.45372300380133235,0.447591492491682,0.2691554150377061,,,,,,,,0.00010170720861285139,3.0620414316654205,275.9848250709474,137.34224426224827,128.68529170043766,0.23766948021948334,40.61874423883855,363258.3616977513,0.0,112511.8
252336560693540533935881068298825202077_eps7_s1,BPI2012_Full,1.0,17.0,42.0,12.0,1.0,177.0,0.8516434712813481,0.6919562714698057,0.15217369273427944,,,,,,,,0.00010170720861285139,3.0620414316654205,275.9848250709474,145.73836448788643,1805.8639407388866,0.24654750749468798,79.90071787722408,369965.2618530489,0.0,112511.8
252336560693540533935881068298825202077_eps7_s10,BPI2012_Full,1.0,17.0,42.0,12.0,1.0,177.0,0.7684002309926656,0.6581852384268827,0.3689991924348404,,,,,,,,0.00010170720861285139,3.0620414316654205,275.9848250709474,139.22643344923853,124.2815596792847,0.24162857607007027,42.378522757068275,412162.2104212158,0.0,112511.8
252336560693540533935881068298825202077_eps7_s2,BPI2012_Full,1.0,17.0,42.0,12.0,1.0,177.0,0.8374543935530901,0.6908626106040096,0.1564994862988057,,,,,,,,0.00010170720861285139,3.0620414316654205,275.9848250709474,143.58423870913686,1373.5402285881341,0.24261346831917763,77.79741670377553,378799.3285165392,0.0,112511.8
252336560693540533935881068298825202077_eps7_s3,BPI2012_Full,1.0,17.0,42.0,12.0,1.0,177.0,0.8194820307600867,0.6871881989708609,0.17307644087446353,,,,,,,,0.00010170720861285139,3.0620414316654205,275.9848250709474,145.71226336322724,1554.236301548034,0.25762889347970486,77.55264545977116,387359.09304396174,0.0,112511.8
252336560693540533935881068298825202077_eps7_s4,BPI2012_Full,1.0,17.0,42.0,12.0,1.0,177.0,0.8036481947862415,0.6800400992927809,0.17818369304209383,,,,,,,,0.00010170720861285139,3.0620414316654205,275.9848250709474,140.16470165513456,1025.8258246939629,0.23969631195068358,76.37630418352782,394761.73266332824,0.0,112511.8
252336560693540533935881068298825202077_eps7_s5,BPI2012_Full,1.0,17.0,42.0,12.0,1.0,177.0,0.7601670460680531,0.6765233686687379,0.1881825172632375,,,,,,,,0.00010170720861285139,3.0620414316654205,275.9848250709474,138.9797536686063,434.6539515543729,0.24295792356133455,76.20415417328476,398989.3222146221,0.0,112511.8
252336560693540533935881068298825202077_eps7_s6,BPI2012_Full,1.0,17.0,42.0,12.0,1.0,177.0,0.7561080013319758,0.675664456627243,0.18641214037333664,,,,,,,,0.00010170720861285139,3.0620414316654205,275.9848250709474,139.06118114329874,317.6583809942007,0.23951003998517986,76.31369147077203,401960.5538531147,0.0,112511.8
252336560693540533935881068298825202077_eps7_s7,BPI2012_Full,1.0,17.0,42.0,12.0,1.0,177.0,0.753865069476509,0.6773207052820933,0.18628738769512948,,,,,,,,0.00010170720861285139,3.0620414316654205,275.9848250709474,139.0456270363182,318.33637981452046,0.24469510242342946,75.90605795234441,404627.0576974351,0.0,112511.8
252336560693540533935881068298825202077_eps7_s8,BPI2012_Full,1.0,17.0,42.0,12.0,1.0,177.0,0.7502806964295973,0.6827024465150383,0.1852112864620557,,,,,,,,0.00010170720861285139,3.0620414316654205,275.9848250709474,137.8256505522877,339.9449327342212,0.23868611417710778,76.03468469940125,407382.72594425565,0.0,112511.8
252336560693540533935881068298825202077_eps7_s9,BPI2012_Full,1.0,17.0,42.0,12.0,1.0,177.0,0.7536983676087596,0.683818831069473,0.18479230214057912,,,,,,,,0.00010170720861285139,3.0620414316654205,275.9848250709474,138.35580343902112,339.35102962069215,0.24113028645515439,75.57780236639083,410141.34983324073,0.0,112511.8
252336560693540533935881068298825202077_eps8_s0,BPI2012_Full,1.0,19.0,42.0,12.0,1.0,177.0,0.45372300380133235,0.447591492491682,0.2691554150377061,,,,,,,,0.00010170720861285139,3.0620414316654205,275.9848250709474,138.14166407994927,129.85059887506068,0.2420192945748567,40.93903958834708,413703.95107636263,0.0,112511.8
252336560693540533935881068298825202077_eps8_s1,BPI2012_Full,1.0,19.0,42.0,12.0,1.0,177.0,0.8517055926709386,0.6922505681319617,0.15233156643863266,,,,,,,,0.00010170720861285139,3.0620414316654205,275.9848250709474,139.21215767674147,1904.9100143551827,0.2476003102958202,80.37028817236424,420654.8514497552,0.0,112511.8
252336560693540533935881068298825202077_eps8_s10,BPI2012_Full,1.0,19.0,42.0,12.0,1.0,177.0,0.7801063602628122,0.6696385701444085,0.37630506976047245,,,,,,,,0.00010170720861285139,3.0620414316654205,275.9848250709474,142.63232819139958,122.5625756829977,0.23931845948100086,41.966277725622064,464472.73757430725,0.0,112511.8
252336560693540533935881068298825202077_eps8_s2,BPI2012_Full,1.0,19.0,42.0,12.0,1.0,177.0,0.8375201215355323,0.6911694480236272,0.1575142836746582,,,,,,,,0.00010170720861285139,3.0620414316654205,275.9848250709474,138.9548530973494,1441.0565935324878,0.24583531580865378,77.77072269320487,429860.96541619784,0.0,112511.8
252336560693540533935881068298825202077_eps8_s3,BPI2012_Full,1.0,19.0,42.0,12.0,1.0,177.0,0.8195477798208592,0.6875094145511531,0.1741667344372939,,,,,,,,0.00010170720861285139,3.0620414316654205,275.9848250709474,138.517767675966,1605.9499918408692,0.24226750247180462,75.97019392549991,438704.0302713417,0.0,112511.8
252336560693540533935881068298825202077_eps8_s4,BPI2012_Full,1.0,19.0,42.0,12.0,1.0,177.0,0.8037139438470142,0.680361314873073,0.17925883722797928,,,,,,,,0.00010170720861285139,3.0620414316654205,275.9848250709474,138.31939802207052,1100.0047176051885,0.24439583867788311,75.8399241425097,446451.6711433876,0.0,112511.8
252336560693540533935881068298825202077_eps8_s5,BPI2012_Full,1.0,19.0,42.0,12.0,1.0,177.0,0.7602327951288257,0.6768445842490299,0.18912518667349548,,,,,,,,0.00010170720861285139,3.0620414316654205,275.9848250709474,138.41245252862572,465.72556694000957,0.24434241913259025,75.63340748175979,450887.35154070595,0.0,112511.8
252336560693540533935881068298825202077_eps8_s6,BPI2012_Full,1.0,19.0,42.0,12.0,1.0,177.0,0.7561737503927484,0.675985672207535,0.18747804242599037,,,,,,,,0.00010170720861285139,3.0620414316654205,275.9848250709474,138.13919140547515,342.5733054932207,0.24462872520089146,75.21409301199019,453994.47176564374,0.0,112511.8
252336560693540533935881068298825202077_eps8_s7,BPI2012_Full,1.0,19.0,42.0,12.0,1.0,177.0,0.7539308185372817,0.6776419208623855,0.1873655617329432,,,,,,,,0.00010170720861285139,3.0620414316654205,275.9848250709474,142.72340112291278,344.9097669672221,0.23771913498640057,74.69783096164466,456788.2299370434,0.0,112511.8
252336560693540533935881068298825202077_eps8_s8,BPI2012_Full,1.0,19.0,42.0,12.0,1.0,177.0,0.7503464454903699,0.6830236620953304,0.1864964981519878,,,,,,,,0.00010170720861285139,3.0620414316654205,275.9848250709474,143.46448793150483,342.13428205475213,0.2368723046034574,75.09060054123401,459594.7402266886,0.0,112511.8
252336560693540533935881068298825202077_eps8_s9,BPI2012_Full,1.0,19.0,42.0,12.0,1.0,177.0,0.7537641166695321,0.6841400466497651,0.18626711596591955,,,,,,,,0.00010170720861285139,3.0620414316654205,275.9848250709474,148.61302519962192,338.585286777094,0.23862680532038208,74.72789238095284,462408.75961220975,0.0,112511.8
252336560693540533935881068298825202077_eps9_s0,BPI2012_Full,1.0,21.0,42.0,12.0,1.0,177.0,0.45372300380133235,0.447591492491682,0.2691554150377061,,,,,,,,0.00010170720861285139,3.0620414316654205,275.9848250709474,140.63141454309226,115.02839881442488,0.2356204271316528,40.20175881572068,465971.2841742061,0.0,112511.8
252336560693540533935881068298825202077_eps9_s1,BPI2012_Full,1.0,21.0,42.0,12.0,1.0,177.0,0.8516834375908455,0.6922304659346473,0.15263443598694462,,,,,,,,0.00010170720861285139,3.0620414316654205,275.9848250709474,139.8595129236579,1949.5693463183939,0.24143466353416437,78.87993509285153,473028.85816454963,0.0,112511.8
252336560693540533935881068298825202077_eps9_s10,BPI2012_Full,1.0,21.0,42.0,12.0,1.0,177.0,0.78840009828988,0.676340239412711,0.3811141259248621,,,,,,,,0.00010170720861285139,3.0620414316654205,275.9848250709474,139.87341901250184,126.7881530329585,0.24564302340149874,41.42027593255043,518003.4213004984,0.0,112511.8
252336560693540533935881068298825202077_eps9_s2,BPI2012_Full,1.0,21.0,42.0,12.0,1.0,177.0,0.8374943598625878,0.6911368050688511,0.15753693859927725,,,,,,,,0.00010170720861285139,3.0620414316654205,275.9848250709474,140.17400721162556,1478.8910904884337,0.24687186926603313,78.09875991605222,482460.9805027183,0.0,112511.8
252336560693540533935881068298825202077_eps9_s3,BPI2012_Full,1.0,21.0,42.0,12.0,1.0,177.0,0.819529168098627,0.6874267092937645,0.17416680894988262,,,,,,,,0.00010170720861285139,3.0620414316654205,275.9848250709474,140.10493826121092,1696.556271211803,0.24366529434919357,76.80030341967941,491602.5188896373,0.0,112511.8
252336560693540533935881068298825202077_eps9_s4,BPI2012_Full,1.0,21.0,42.0,12.0,1.0,177.0,0.8036953321247818,0.6802786096156844,0.17926996146230198,,,,,,,,0.00010170720861285139,3.0620414316654205,275.9848250709474,139.06487248688936,1170.7403555244207,0.2558032095432281,76.22111346237361,499804.3257409174,0.0,112511.8
252336560693540533935881068298825202077_eps9_s5,BPI2012_Full,1.0,21.0,42.0,12.0,1.0,177.0,0.7602141834065933,0.6767618789916414,0.18915031653568673,,,,,,,,0.00010170720861285139,3.0620414316654205,275.9848250709474,139.43737865798175,479.38916297852995,0.24199808649718757,75.74931198880077,504408.41713602206,0.0,112511.8
252336560693540533935881068298825202077_eps9_s6,BPI2012_Full,1.0,21.0,42.0,12.0,1.0,177.0,0.756155138670516,0.6759029669501464,0.18749930015036081,,,,,,,,0.00010170720861285139,3.0620414316654205,275.9848250709474,138.06605052165688,345.61227739043534,0.2485514171421528,75.64350794069469,507561.3806306351,0.0,112511.8
252336560693540533935881068298825202077_eps9_s7,BPI2012_Full,1.0,21.0,42.0,12.0,1.0,177.0,0.7539122068150492,0.6775592156049969,0.18738681945731359,,,,,,,,0.00010170720861285139,3.0620414316654205,275.9848250709474,138.90795630291103,346.70376107171177,0.2433325376361608,75.59757486842572,510368.1946087495,0.0,112511.8
252336560693540533935881068298825202077_eps9_s8,BPI2012_Full,1.0,21.0,42.0,12.0,1.0,177.0,0.7503278337681375,0.6829409568379419,0.1865177548035662,,,,,,,,0.00010170720861285139,3.0620414316654205,275.9848250709474,138.586223629117,344.6063001412898,0.2363809254020452,75.49624092690647,513169.9919977725,0.0,112511.8
252336560693540533935881068298825202077_eps9_s9,BPI2012_Full,1.0,21.0,42.0,12.0,1.0,177.0,0.7537455049472997,0.6840573413923765,0.18628858367804252,,,,,,,,0.00010170720861285139,3.0620414316654205,275.9848250709474,138.3138104453683,342.9976684641093,0.24529607817530627,75.34115396365523,515962.71369749604,0.0,112511.8
252336560693540533935881068298825202077_eps0_s0,BPI2012_W,1.0,3.0,42.0,12.0,1.0,158.6,0.39974953176114464,0.3989637446191911,0.2597680189798916,,,,,,,,9.454956516358133e-05,1.997788678854704,90.61955454014242,86.94956523030996,80.27841177619993,0.19234112203121181,29.828881170228122,685.5706560183316,0.0,49993.0
252336560693540533935881068298825202077_eps0_s1,BPI2012_W,1.0,3.0,42.0,12.0,1.0,158.6,0.8328627520850647,0.646502478289336,0.0976937268578445,,,,,,,,9.454956516358133e-05,1.997788678854704,90.61955454014242,87.65020439215004,558.3274931844323,0.19409965947270388,58.618318979814646,3213.610801960528,0.0,49993.0
252336560693540533935881068298825202077_eps0_s10,BPI2012_W,1.0,3.0,42.0,12.0,1.0,158.6,0.8328627520850647,0.646502478289336,0.0976937268578445,,,,,,,,9.454956516358133e-05,1.997788678854704,90.61955454014242,89.39406505450606,549.5184653561562,0.20103025063872332,59.05464348345995,34934.50833848491,0.0,49993.0
252336560693540533935881068298825202077_eps0_s2,BPI2012_W,1.0,3.0,42.0,12.0,1.0,158.6,0.8328627520850647,0.646502478289336,0.0976937268578445,,,,,,,,9.454956516358133e-05,1.997788678854704,90.61955454014242,89.21891151629389,571.6110883794724,0.19887598454952235,59.00799059644341,6785.97547515221,0.0,49993.0
252336560693540533935881068298825202077_eps0_s3,BPI2012_W,1.0,3.0,42.0,12.0,1.0,158.6,0.8328627520850647,0.646502478289336,0.0976937268578445,,,,,,,,9.454956516358133e-05,1.997788678854704,90.61955454014242,92.97832271903754,551.4725113764405,0.19436818696558472,58.80045392513275,10342.839147936553,0.0,49993.0
252336560693540533935881068298825202077_eps0_s4,BPI2012_W,1.0,3.0,42.0,12.0,1.0,158.6,0.8328627520850647,0.646502478289336,0.0976937268578445,,,,,,,,9.454956516358133e-05,1.997788678854704,90.61955454014242,92.60600579231978,558.6254480686039,0.1975866790860891,58.84648723825812,13878.117913432046,0.0,49993.0
252336560693540533935881068298825202077_eps0_s5,BPI2012_W,1.0,3.0,42.0,12.0,1.0,158.6,0.8328627520850647,0.646502478289336,0.0976937268578445,,,,,,,,9.454956516358133e-05,1.997788678854704,90.61955454014242,91.37638340257108,555.3235598977656,0.19894822686910624,58.881838539987804,17412.787220174818,0.0,49993.0
252336560693540533935881068298825202077_eps0_s6,BPI2012_W,1.0,3.0,42.0,12.0,1.0,158.6,0.8328627520850647,0.646502478289336,0.0976937268578445,,,,,,,,9.454956516358133e-05,1.997788678854704,90.61955454014242,94.04832637496293,556.9333918038756,0.1898916464298963,58.6241707213223,20971.182521894203,0.0,49993.0
252336560693540533935881068298825202077_eps0_s7,BPI2012_W,1.0,3.0,42.0,12.0,1.0,158.6,0.8328627520850647,0.646502478289336,0.0976937268578445,,,,,,,,9.454956516358133e-05,1.997788678854704,90.61955454014242,89.2645304068923,548.3846265472472,0.19723938144743441,58.745056414231655,24485.019584131987,0.0,49993.0
252336560693540533935881068298825202077_eps0_s8,BPI2012_W,1.0,3.0,42.0,12.0,1.0,158.6,0.8328627520850647,0.646502478289336,0.0976937268578445,,,,,,,,9.454956516358133e-05,1.997788678854704,90.61955454014242,88.75973383262753,544.2290026728064,0.19778622612357136,58.61803146712482,27950.635640168934,0.0,49993.0
252336560693540533935881068298825202077_eps0_s9,BPI2012_W,1.0,3.0,42.0,12.0,1.0,158.6,0.8328627520850647,0.646502478289336,0.0976937268578445,,,,,,,,9.454956516358133e-05,1.997788678854704,90.61955454014242,88.67520757168532,553.1414307087659,0.1930668111890554,58.79807870984077,31435.341710566358,0.0,49993.0
252336560693540533935881068298825202077_eps1_s0,BPI2012_W,1.0,5.0,42.0,12.0,1.0,158.6,0.39974953176114464,0.3989637446191911,0.2597680189798916,,,,,,,,9.454956516358133e-05,1.997788678854704,90.61955454014242,88.2389533303678,82.32229665741325,0.19256222322583194,29.78866638094187,36918.59048289284,0.0,49993.0
252336560693540533935881068298825202077_eps1_s1,BPI2012_W,1.0,5.0,42.0,12.0,1.0,158.6,0.7797553755851627,0.5783793846541585,0.07647304225285838,,,,,,,,9.454956516358133e-05,1.997788678854704,90.61955454014242,87.93397596031427,572.7694652691483,0.19605591781437393,61.63959795720875,39519.679395073654,0.0,49993.0
252336560693540533935881068298825202077_eps1_s10,BPI2012_W,1.0,5.0,42.0,12.0,1.0,158.6,0.2676148389982417,0.3431015727613319,0.24495069413600906,,,,,,,,9.454956516358133e-05,1.997788678854704,90.61955454014242,86.28507795445621,81.90848323255777,0.1910589955747127,28.120676407217978,51295.680087557805,0.0,49993.0
252336560693540533935881068298825202077_eps1_s2,BPI2012_W,1.0,5.0,42.0,12.0,1.0,158.6,0.6798434783644468,0.5354885449328197,0.11792124192408551,,,,,,,,9.454956516358133e-05,1.997788678854704,90.61955454014242,87.48538442589343,349.2543220791966,0.1943683352321386,52.05903496332466,42430.75899217315,0.0,49993.0
252336560693540533935881068298825202077_eps1_s3,BPI2012_W,1.0,5.0,42.0,12.0,1.0,158.6,0.3957826041004413,0.41244624468540164,0.1852644640525171,,,,,,,,9.454956516358133e-05,1.997788678854704,90.61955454014242,87.85280982591212,163.05501559972762,0.19251774139702316,39.76546163037419,44241.62170249447,0.0,49993.0
252336560693540533935881068298825202077_eps1_s4,BPI2012_W,1.0,5.0,42.0,12.0,1.0,158.6,0.30446623341466417,0.38877348446868787,0.25357999816500076,,,,,,,,9.454956516358133e-05,1.997788678854704,90.61955454014242,89.99828507788479,79.36056071221829,0.19187569171190258,29.27312530130148,45434.37943426594,0.0,49993.0
252336560693540533935881068298825202077_eps1_s5,BPI2012_W,1.0,5.0,42.0,12.0,1.0,158.6,0.30446623341466417,0.38877348446868787,0.25357999816500076,,,,,,,,9.454956516358133e-05,1.997788678854704,90.61955454014242,87.39487460777164,79.20092899128795,0.19162376299500467,29.295070441439748,46423.49603059031,0.0,49993.0
252336560693540533935881068298825202077_eps1_s6,BPI2012_W,1.0,5.0,42.0,12.0,1.0,158.6,0.303777071806267,0.3880087785863349,0.25347149183768924,,,,,,,,9.454956516358133e-05,1.997788678854704,90.61955454014242,87.09605127312243,78.79005672596395,0.19521845914423464,29.293467169255017,47405.86738486476,0.0,49993.0
252336560693540533935881068298825202077_eps1_s7,BPI2012_W,1.0,5.0,42.0,12.0,1.0,158.6,0.3033050925603632,0.39460521019387085,0.2545276004651582,,,,,,,,9.454956516358133e-05,1.997788678854704,90.61955454014242,86.7673676814884,79.0659312594682,0.19534247927367682,27.816382544115186,48389.86584605314,0.0,49993.0
252336560693540533935881068298825202077_eps1_s8,BPI2012_W,1.0,5.0,42.0,12.0,1.0,158.6,0.30339187552208197,0.4015931800310498,0.25580401805383496,,,,,,,,9.454956516358133e-05,1.997788678854704,90.61955454014242,87.63954282924533,76.10926654040813,0.19322173073887822,27.416826059296728,49334.424050669375,0.0,49993.0
252336560693540533935881068298825202077_eps1_s9,BPI2012_W,1.0,5.0,42.0,12.0,1.0,158.6,0.30339187552208197,0.4015931800310498,0.25580401805383496,,,,,,,,9.454956516358133e-05,1.997788678854704,90.61955454014242,89.68352167271078,77.93804605007172,0.19599176235496993,27.27875025123358,50312.744514073434,0.0,49993.0
252336560693540533935881068298825202077_eps2_s0,BPI2012_W,1.0,7.0,42.0,12.0,1.0,158.6,0.39974953176114464,0.3989637446191911,0.2597680189798916,,,,,,,,9.454956516358133e-05,1.997788678854704,90.61955454014242,89.41481091082096,82.98855991214513,0.19392382204532618,27.824476628005506,52282.39483875483,0.0,49993.0
252336560693540533935881068298825202077_eps2_s1,BPI2012_W,1.0,7.0,42.0,12.0,1.0,158.6,0.8034010737374538,0.5988184634762049,0.10548123624792653,,,,,,,,9.454956516358133e-05,1.997788678854704,90.61955454014242,87.17310266159475,568.501814744249,0.19457743316888806,52.588731062412265,54851.81314044185,0.0,49993.0
252336560693540533935881068298825202077_eps2_s10,BPI2012_W,1.0,7.0,42.0,12.0,1.0,158.6,0.45271473523759564,0.4149758642356772,0.26129420346487964,,,,,,,,9.454956516358133e-05,1.997788678854704,90.61955454014242,87.5354813028127,77.90132326744497,0.19243175275623797,29.779580843448638,66205.02606427894,0.0,49993.0
252336560693540533935881068298825202077_eps2_s2,BPI2012_W,1.0,7.0,42.0,12.0,1.0,158.6,0.7311073395941333,0.569343647905038,0.16346031111973575,,,,,,,,9.454956516358133e-05,1.997788678854704,90.61955454014242,93.91969078369439,343.8872167252004,0.19768216684460635,45.09176032878459,57746.73253670595,0.0,49993.0
252336560693540533935881068298825202077_eps2_s3,BPI2012_W,1.0,7.0,42.0,12.0,1.0,158.6,0.5937102415893961,0.5208935472222971,0.26577383521916476,,,,,,,,9.454956516358133e-05,1.997788678854704,90.61955454014242,88.51910744532942,112.23010580055416,0.1976281594485044,32.713110611215235,59360.38495992609,0.0,49993.0
252336560693540533935881068298825202077_eps2_s4,BPI2012_W,1.0,7.0,42.0,12.0,1.0,158.6,0.4942912489695902,0.4909593471993084,0.2889483828944576,,,,,,,,9.454956516358133e-05,1.997788678854704,90.61955454014242,88.43420100882649,72.13952803947032,0.19306274279952046,27.93463544845581,60395.04488347508,0.0,49993.0
252336560693540533935881068298825202077_eps2_s5,BPI2012_W,1.0,7.0,42.0,12.0,1.0,158.6,0.4635923380897181,0.4666369541264953,0.2851285842430721,,,,,,,,9.454956516358133e-05,1.997788678854704,90.61955454014242,88.27539057321846,72.20896217785776,0.19459964260458945,28.0973612204194,61341.20109672323,0.0,49993.0
252336560693540533935881068298825202077_eps2_s6,BPI2012_W,1.0,7.0,42.0,12.0,1.0,158.6,0.48520592320312445,0.4756379703551746,0.28027486947775376,,,,,,,,9.454956516358133e-05,1.997788678854704,90.61955454014242,87.65734233260154,76.02222401835024,0.19223990514874453,28.466080720350146,62294.69082129859,0.0,49993.0
252336560693540533935881068298825202077_eps2_s7,BPI2012_W,1.0,7.0,42.0,12.0,1.0,158.6,0.48428760148580585,0.48191811077672597,0.2806945826386562,,,,,,,,9.454956516358133e-05,1.997788678854704,90.61955454014242,86.81151787303388,79.49768299870193,0.1933313868939876,28.442428813502193,63276.626554305105,0.0,49993.0
252336560693540533935881068298825202077_eps2_s8,BPI2012_W,1.0,7.0,42.0,12.0,1.0,158.6,0.48418831171,0.4888786349367985,0.2811729265898847,,,,,,,,9.454956516358133e-05,1.997788678854704,90.61955454014242,88.50938343182206,76.19400192350149,0.19457114823162552,28.495609325170516,64235.20241239257,0.0,49993.0
252336560693540533935881068298825202077_eps2_s9,BPI2012_W,1.0,7.0,42.0,12.0,1.0,158.6,0.48418831171,0.4888786349367985,0.2811729265898847,,,,,,,,9.454956516358133e-05,1.997788678854704,90.61955454014242,90.22163023538887,78.74058214239776,0.19256046190857884,28.477812848240138,65221.945132897425,0.0,49993.0
252336560693540533935881068298825202077_eps3_s0,BPI2012_W,1.0,9.0,42.0,12.0,1.0,158.6,0.39974953176114464,0.3989637446191911,0.2597680189798916,,,,,,,,9.454956516358133e-05,1.997788678854704,90.61955454014242,86.82921259216964,81.162110356614,0.19427557773888107,28.616803691536187,67191.4286616005,0.0,49993.0
252336560693540533935881068298825202077_eps3_s1,BPI2012_W,1.0,9.0,42.0,12.0,1.0,158.6,0.8133090271871934,0.6232594186777938,0.11164071324041061,,,,,,,,9.454956516358133e-05,1.997788678854704,90.61955454014242,88.11755732595921,577.7459319420159,0.19446174018085,52.82274380028248,69780.93102841638,0.0,49993.0
252336560693540533935881068298825202077_eps3_s10,BPI2012_W,1.0,9.0,42.0,12.0,1.0,158.6,0.5605727357829452,0.5016179276177464,0.2794212840856797,,,,,,,,9.454956516358133e-05,1.997788678854704,90.61955454014242,87.89816340431571,71.2248546026647,0.1987333010882139,29.05391548089683,82924.2654512383,0.0,49993.0
252336560693540533935881068298825202077_eps3_s2,BPI2012_W,1.0,9.0,42.0,12.0,1.0,158.6,0.7769988965915582,0.6100081794572234,0.1489095108991277,,,,,,,,9.454956516358133e-05,1.997788678854704,90.61955454014242,88.39840232133865,438.2002290073782,0.20334483832120892,48.164222702383995,72927.18587020338,0.0,49993.0
252336560693540533935881068298825202077_eps3_s3,BPI2012_W,1.0,9.0,42.0,12.0,1.0,158.6,0.6494298544768974,0.5682527899073065,0.21521480269843654,,,,,,,,9.454956516358133e-05,1.997788678854704,90.61955454014242,90.52534835524857,149.35415044985712,0.19629996642470354,41.985277607664464,74909.42337612249,0.0,49993.0
252336560693540533935881068298825202077_eps3_s4,BPI2012_W,1.0,9.0,42.0,12.0,1.0,158.6,0.5407103804070773,0.5352353764454687,0.2510810709280443,,,,,,,,9.454956516358133e-05,1.997788678854704,90.61955454014242,87.7732699830085,107.22878144644201,0.19438843391835686,36.763733382150534,76183.26715798564,0.0,49993.0
252336560693540533935881068298825202077_eps3_s5,BPI2012_W,1.0,9.0,42.0,12.0,1.0,158.6,0.5131805339667557,0.5135411184314591,0.2535125797667511,,,,,,,,9.454956516358133e-05,1.997788678854704,90.61955454014242,86.85041099861265,102.21805588193237,0.19152556844055652,34.96103658899665,77311.01126180738,0.0,49993.0
252336560693540533935881068298825202077_eps3_s6,BPI2012_W,1.0,9.0,42.0,12.0,1.0,158.6,0.5425319231226118,0.5254048056618991,0.2531187391694086,,,,,,,,9.454956516358133e-05,1.997788678854704,90.61955454014242,86.84531230255962,103.46688507683575,0.1920542802661657,35.345090673491356,78446.32768468447,0.0,49993.0
252336560693540533935881068298825202077_eps3_s7,BPI2012_W,1.0,9.0,42.0,12.0,1.0,158.6,0.5420599438767081,0.532001237269435,0.2511064852209072,,,,,,,,9.454956516358133e-05,1.997788678854704,90.61955454014242,93.13352258391679,105.69070749022066,0.18981178179383273,35.69424808286131,79605.34385176488,0.0,49993.0
252336560693540533935881068298825202077_eps3_s8,BPI2012_W,1.0,9.0,42.0,12.0,1.0,158.6,0.5421467268384268,0.5389892071066139,0.2556658166409011,,,,,,,,9.454956516358133e-05,1.997788678854704,90.61955454014242,89.70188871771097,102.034298626706,0.1938120950013399,35.07558237314224,80752.98342970348,0.0,49993.0
252336560693540533935881068298825202077_eps3_s9,BPI2012_W,1.0,9.0,42.0,12.0,1.0,158.6,0.5421467268384268,0.5389892071066139,0.2556658166409011,,,,,,,,9.454956516358133e-05,1.997788678854704,90.61955454014242,90.56838795244694,104.60058314837515,0.19484548121690748,35.11981833577156,81908.84794767573,0.0,49993.0
252336560693540533935881068298825202077_eps4_s0,BPI2012_W,1.0,11.0,42.0,12.0,1.0,158.6,0.39974953176114464,0.3989637446191911,0.2597680189798916,,,,,,,,9.454956516358133e-05,1.997788678854704,90.61955454014242,88.86771261505783,74.9646235216409,0.19385227337479588,28.04991645216942,83880.45699358844,0.0,49993.0
252336560693540533935881068298825202077_eps4_s1,BPI2012_W,1.0,11.0,42.0,12.0,1.0,158.6,0.8133260757557441,0.6233621909855411,0.11184178897021065,,,,,,,,9.454956516358133e-05,1.997788678854704,90.61955454014242,88.38854456692934,559.1919875051826,0.19846629612147806,52.59564834162593,86383.36735369153,0.0,49993.0
252336560693540533935881068298825202077_eps4_s10,BPI2012_W,1.0,11.0,42.0,12.0,1.0,158.6,0.5965501212367672,0.5302135520246269,0.29778343755415665,,,,,,,,9.454956516358133e-05,1.997788678854704,90.61955454014242,87.35782589688897,77.92916019447148,0.19521027766168114,28.988841435685753,98693.71240332648,0.0,49993.0
252336560693540533935881068298825202077_eps4_s2,BPI2012_W,1.0,11.0,42.0,12.0,1.0,158.6,0.7789173723463139,0.6114595704247847,0.18719009705420225,,,,,,,,9.454956516358133e-05,1.997788678854704,90.61955454014242,88.67487408965826,366.51580748334527,0.2003993634134531,45.37148031927645,89329.6619153902,0.0,49993.0
252336560693540533935881068298825202077_eps4_s3,BPI2012_W,1.0,11.0,42.0,12.0,1.0,158.6,0.6524766248620717,0.5694402057386899,0.25594823345730905,,,,,,,,9.454956516358133e-05,1.997788678854704,90.61955454014242,87.7275389969349,144.7475956737995,0.1928056556731462,38.304355279728775,91102.31292581632,0.0,49993.0
252336560693540533935881068298825202077_eps4_s4,BPI2012_W,1.0,11.0,42.0,12.0,1.0,158.6,0.5621181671874622,0.5467601043197501,0.2963786791935834,,,,,,,,9.454956516358133e-05,1.997788678854704,90.61955454014242,87.0227774463594,97.0423569612205,0.20008949711918828,33.51994151324034,92307.52157878615,0.0,49993.0
252336560693540533935881068298825202077_eps4_s5,BPI2012_W,1.0,11.0,42.0,12.0,1.0,158.6,0.5412961866964935,0.5303255645346254,0.30065943019248487,,,,,,,,9.454956516358133e-05,1.997788678854704,90.61955454014242,86.6957532338798,93.20714673250913,0.19815534576773638,32.25881934650242,93379.29875184596,0.0,49993.0
252336560693540533935881068298825202077_eps4_s6,BPI2012_W,1.0,11.0,42.0,12.0,1.0,158.6,0.574034367988993,0.5434822708925562,0.3018534468262592,,,,,,,,9.454956516358133e-05,1.997788678854704,90.61955454014242,91.08344712890684,93.48024850934743,0.19556811600923535,32.2631155077368,94454.62034453712,0.0,49993.0
252336560693540533935881068298825202077_eps4_s7,BPI2012_W,1.0,11.0,42.0,12.0,1.0,158.6,0.5735623887430893,0.550078702500092,0.3028679772724131,,,,,,,,9.454956516358133e-05,1.997788678854704,90.61955454014242,89.93083669915795,92.56992853097617,0.19428867474198336,32.3682571105659,95529.1126555115,0.0,49993.0
252336560693540533935881068298825202077_eps4_s8,BPI2012_W,1.0,11.0,42.0,12.0,1.0,158.6,0.573649171704808,0.5570666723372709,0.3022669184291217,,,,,,,,9.454956516358133e-05,1.997788678854704,90.61955454014242,87.3349333550781,94.17751855179668,0.19413172155618663,32.690137043595314,96605.57587959207,0.0,49993.0
252336560693540533935881068298825202077_eps4_s9,BPI2012_W,1.0,11.0,42.0,12.0,1.0,158.6,0.573649171704808,0.5570666723372709,0.3022669184291217,,,,,,,,9.454956516358133e-05,1.997788678854704,90.61955454014242,87.3221087679267,93.97540094479919,0.19504582844674584,32.61456502005458,97680.72890628055,0.0,49993.0
252336560693540533935881068298825202077_eps5_s0,BPI2012_W,1.0,13.0,42.0,12.0,1.0,158.6,0.39974953176114464,0.3989637446191911,0.2597680189798916,,,,,,,,9.454956516358133e-05,1.997788678854704,90.61955454014242,88.07057018615305,78.75728507600725,0.19535434581339356,28.39055342897773,99656.40957455002,0.0,49993.0
252336560693540533935881068298825202077_eps5_s1,BPI2012_W,1.0,13.0,42.0,12.0,1.0,158.6,0.8133260757557441,0.6233621909855411,0.11285430648034864,,,,,,,,9.454956516358133e-05,1.997788678854704,90.61955454014242,91.88186192549765,583.9406814407557,0.20266613811254497,52.626104877516624,102266.10418411903,0.0,49993.0
252336560693540533935881068298825202077_eps5_s10,BPI2012_W,1.0,13.0,42.0,12.0,1.0,158.6,0.6417802503892895,0.5682793382337967,0.2951960795567506,,,,,,,,9.454956516358133e-05,1.997788678854704,90.61955454014242,88.8656946938485,79.34090604223312,0.19671857766807074,30.399391512945293,114670.87191704176,0.0,49993.0
252336560693540533935881068298825202077_eps5_s2,BPI2012_W,1.0,13.0,42.0,12.0,1.0,158.6,0.7840083621033539,0.6165164762981176,0.19715274365749944,,,,,,,,9.454956516358133e-05,1.997788678854704,90.61955454014242,91.9460731152445,381.63067639246583,0.1965860970318317,45.40929342955351,105319.71255787164,0.0,49993.0
252336560693540533935881068298825202077_eps5_s3,BPI2012_W,1.0,13.0,42.0,12.0,1.0,158.6,0.6669052722705479,0.5801544178712249,0.26776300889148646,,,,,,,,9.454956516358133e-05,1.997788678854704,90.61955454014242,88.2611448019743,142.89057880304753,0.19686728231608863,38.65748776718974,107118.64641063884,0.0,49993.0
252336560693540533935881068298825202077_eps5_s4,BPI2012_W,1.0,13.0,42.0,12.0,1.0,158.6,0.579400789023732,0.5598497923923087,0.3060376732044704,,,,,,,,9.454956516358133e-05,1.997788678854704,90.61955454014242,90.96074449568987,100.90993084609508,0.19303462170064445,33.50966596007347,108360.6726293657,0.0,49993.0
252336560693540533935881068298825202077_eps5_s5,BPI2012_W,1.0,13.0,42.0,12.0,1.0,158.6,0.5567226595967919,0.5419104278989185,0.31027266779642854,,,,,,,,9.454956516358133e-05,1.997788678854704,90.61955454014242,91.0991198208183,91.97215137928724,0.19143816679716105,31.50757213905454,109451.34027532041,0.0,49993.0
252336560693540533935881068298825202077_eps5_s6,BPI2012_W,1.0,13.0,42.0,12.0,1.0,158.6,0.5874833687860752,0.5543196544508986,0.31127016965460835,,,,,,,,9.454956516358133e-05,1.997788678854704,90.61955454014242,88.59118135385215,86.95172930173575,0.19447831027209755,32.33412948437035,110492.15083749146,0.0,49993.0
252336560693540533935881068298825202077_eps5_s7,BPI2012_W,1.0,13.0,42.0,12.0,1.0,158.6,0.5870113895401715,0.5609160860584346,0.31225698832021853,,,,,,,,9.454956516358133e-05,1.997788678854704,90.61955454014242,88.12641850970685,87.37780059501529,0.1992041084915399,32.606352378427985,111535.94169038945,0.0,49993.0
252336560693540533935881068298825202077_eps5_s8,BPI2012_W,1.0,13.0,42.0,12.0,1.0,158.6,0.5870981725018902,0.5679040558956135,0.31184541025581225,,,,,,,,9.454956516358133e-05,1.997788678854704,90.61955454014242,89.16003968827427,87.32217479497194,0.1985584747046232,32.90674729533494,112582.23991351276,0.0,49993.0
252336560693540533935881068298825202077_eps5_s9,BPI2012_W,1.0,13.0,42.0,12.0,1.0,158.6,0.5870981725018902,0.5679040558956135,0.31184541025581225,,,,,,,,9.454956516358133e-05,1.997788678854704,90.61955454014242,88.11522053554654,94.23568600565196,0.19595416411757466,32.741911086812614,113652.42495718486,0.0,49993.0
252336560693540533935881068298825202077_eps6_s0,BPI2012_W,1.0,15.0,42.0,12.0,1.0,158.6,0.39974953176114464,0.3989637446191911,0.2597680189798916,,,,,,,,9.454956516358133e-05,1.997788678854704,90.61955454014242,87.2873347491026,81.4222991079092,0.19560080803930757,28.369025433063506,115663.38851020225,0.0,49993.0
252336560693540533935881068298825202077_eps6_s1,BPI2012_W,1.0,15.0,42.0,12.0,1.0,158.6,0.8133260757557441,0.6233621909855411,0.11381243877941097,,,,,,,,9.454956516358133e-05,1.997788678854704,90.61955454014242,88.32850696071982,611.5806478895247,0.19602989107370372,52.711586410179734,118348.77783937976,0.0,49993.0
252336560693540533935881068298825202077_eps6_s10,BPI2012_W,1.0,15.0,42.0,12.0,1.0,158.6,0.6672084610497369,0.5835803878156475,0.3136787160287223,,,,,,,,9.454956516358133e-05,1.997788678854704,90.61955454014242,88.10461165159941,78.0720480196178,0.1968678522855043,29.165857259184122,130946.5098461967,0.0,49993.0
252336560693540533935881068298825202077_eps6_s2,BPI2012_W,1.0,15.0,42.0,12.0,1.0,158.6,0.7862394788741145,0.617997836131899,0.1987733873244534,,,,,,,,9.454956516358133e-05,1.997788678854704,90.61955454014242,88.2787795342505,392.1532860886306,0.1984877612441778,45.022182784229514,121448.4736216262,0.0,49993.0
252336560693540533935881068298825202077_eps6_s3,BPI2012_W,1.0,15.0,42.0,12.0,1.0,158.6,0.6744370710204092,0.5821813467821869,0.2728964368996566,,,,,,,,9.454956516358133e-05,1.997788678854704,90.61955454014242,90.68007957823575,145.67204279452562,0.20004900656640526,38.329881083965304,123292.08188322447,0.0,49993.0
252336560693540533935881068298825202077_eps6_s4,BPI2012_W,1.0,15.0,42.0,12.0,1.0,158.6,0.5872271218999032,0.5610952685698043,0.3125776948281592,,,,,,,,9.454956516358133e-05,1.997788678854704,90.61955454014242,86.94782848544419,98.98633773587645,0.19612214416265486,33.67319055013358,124513.09297814555,0.0,49993.0
252336560693540533935881068298825202077_eps6_s5,BPI2012_W,1.0,15.0,42.0,12.0,1.0,158.6,0.574766972603357,0.5508734377992768,0.31915252227410706,,,,,,,,9.454956516358133e-05,1.997788678854704,90.61955454014242,88.15796616189182,94.13995789140463,0.1975693173706531,32.53505900166929,125589.57997045628,0.0,49993.0
252336560693540533935881068298825202077_eps6_s6,BPI2012_W,1.0,15.0,42.0,12.0,1.0,158.6,0.6007765378376856,0.5614387798900237,0.3186442663901344,,,,,,,,9.454956516358133e-05,1.997788678854704,90.61955454014242,87.58894140571356,94.68698812350631,0.19580382034182545,32.558763816580175,126673.87530402877,0.0,49993.0
252336560693540533935881068298825202077_eps6_s7,BPI2012_W,1.0,15.0,42.0,12.0,1.0,158.6,0.6003045585917819,0.5680352114975595,0.3196310850557445,,,,,,,,9.454956516358133e-05,1.997788678854704,90.61955454014242,88.39474668167531,90.97924413606525,0.19554174579679962,32.62291041500866,127728.74919261076,0.0,49993.0
252336560693540533935881068298825202077_eps6_s8,BPI2012_W,1.0,15.0,42.0,12.0,1.0,158.6,0.6003913415535006,0.5750231813347385,0.3192278392564194,,,,,,,,9.454956516358133e-05,1.997788678854704,90.61955454014242,91.02234000861645,94.20626517906786,0.1951778247952461,32.79308786764741,128816.01443086602,0.0,49993.0
252336560693540533935881068298825202077_eps6_s9,BPI2012_W,1.0,15.0,42.0,12.0,1.0,158.6,0.6003913415535006,0.5750231813347385,0.3192278392564194,,,,,,,,9.454956516358133e-05,1.997788678854704,90.61955454014242,91.21253270581364,97.61528173573315,0.19416006989777085,32.88269418366254,129922.40488097556,0.0,49993.0
252336560693540533935881068298825202077_eps7_s0,BPI2012_W,1.0,17.0,42.0,12.0,1.0,158.6,0.39974953176114464,0.3989637446191911,0.2597680189798916,,,,,,,,9.454956516358133e-05,1.997788678854704,90.61955454014242,93.64127702265978,90.01088494993746,0.19873742498457428,27.896030842885374,131978.3991445072,0.0,49993.0
252336560693540533935881068298825202077_eps7_s1,BPI2012_W,1.0,17.0,42.0,12.0,1.0,158.6,0.8133204116379303,0.6233554478972068,0.1141962639293616,,,,,,,,9.454956516358133e-05,1.997788678854704,90.61955454014242,89.29003456234932,626.5049987051636,0.1992698840796947,52.60866635069251,134725.9925383147,0.0,49993.0
252336560693540533935881068298825202077_eps7_s10,BPI2012_W,1.0,17.0,42.0,12.0,1.0,158.6,0.6765324864955844,0.5910828335108578,0.3170998027929647,,,,,,,,9.454956516358133e-05,1.997788678854704,90.61955454014242,87.83477452099324,79.97911117076873,0.2016116846352815,30.10656209848821,147382.37367301696,0.0,49993.0
252336560693540533935881068298825202077_eps7_s2,BPI2012_W,1.0,17.0,42.0,12.0,1.0,158.6,0.7897602304056587,0.6213053719958037,0.20009681294868426,,,,,,,,9.454956516358133e-05,1.997788678854704,90.61955454014242,89.03194774948061,397.5466716557741,0.2020944364368915,45.25962347760797,137901.85908127725,0.0,49993.0
252336560693540533935881068298825202077_eps7_s3,BPI2012_W,1.0,17.0,42.0,12.0,1.0,158.6,0.6829955810445327,0.5864958261185235,0.27573738356116684,,,,,,,,9.454956516358133e-05,1.997788678854704,90.61955454014242,89.12604108713568,141.19515031687916,0.19893654920160764,38.649180450290444,139727.46509306395,0.0,49993.0
252336560693540533935881068298825202077_eps7_s4,BPI2012_W,1.0,17.0,42.0,12.0,1.0,158.6,0.5967768525414157,0.5652528817115388,0.3155657299802631,,,,,,,,9.454956516358133e-05,1.997788678854704,90.61955454014242,88.37479476183653,92.59879454933107,0.19772523231804368,33.824464454874395,140922.48817327284,0.0,49993.0
252336560693540533935881068298825202077_eps7_s5,BPI2012_W,1.0,17.0,42.0,12.0,1.0,158.6,0.5848454698400499,0.555449861428288,0.32242226287251585,,,,,,,,9.454956516358133e-05,1.997788678854704,90.61955454014242,87.90237167738378,95.38488897681236,0.20063726641237736,32.59007980786264,142000.41847561783,0.0,49993.0
252336560693540533935881068298825202077_eps7_s6,BPI2012_W,1.0,17.0,42.0,12.0,1.0,158.6,0.6090873160899077,0.565370943237747,0.3219633663670384,,,,,,,,9.454956516358133e-05,1.997788678854704,90.61955454014242,91.43847058527172,95.1484597042203,0.19959509000182146,32.53183903135359,143089.57096990867,0.0,49993.0
252336560693540533935881068298825202077_eps7_s7,BPI2012_W,1.0,17.0,42.0,12.0,1.0,158.6,0.608615336844004,0.5719673748452829,0.3229501850326484,,,,,,,,9.454956516358133e-05,1.997788678854704,90.61955454014242,90.99094604402781,94.37738231681287,0.19481196403503415,32.66167300157249,144177.84919038863,0.0,49993.0
252336560693540533935881068298825202077_eps7_s8,BPI2012_W,1.0,17.0,42.0,12.0,1.0,158.6,0.6087021198057228,0.5789553446824619,0.3225262968166399,,,,,,,,9.454956516358133e-05,1.997788678854704,90.61955454014242,87.82026516608894,95.70348109789192,0.19501897394657133,32.630222792178394,145267.7368697591,0.0,49993.0
252336560693540533935881068298825202077_eps7_s9,BPI2012_W,1.0,17.0,42.0,12.0,1.0,158.6,0.6087021198057228,0.5789553446824619,0.3225262968166399,,,,,,,,9.454956516358133e-05,1.997788678854704,90.61955454014242,87.9937042567879,95.93236009851098,0.19985538609325884,32.69384461827576,146354.01027384883,0.0,49993.0
252336560693540533935881068298825202077_eps8_s0,BPI2012_W,1.0,19.0,42.0,12.0,1.0,158.6,0.39974953176114464,0.3989637446191911,0.2597680189798916,,,,,,,,9.454956516358133e-05,1.997788678854704,90.61955454014242,91.45707659125328,82.68113694600761,0.19391033127903934,28.479457049444317,148387.04723606855,0.0,49993.0
252336560693540533935881068298825202077_eps8_s1,BPI2012_W,1.0,19.0,42.0,12.0,1.0,158.6,0.8133204116379303,0.6233554478972068,0.11517739033859135,,,,,,,,9.454956516358133e-05,1.997788678854704,90.61955454014242,89.16181080676616,672.103403474018,0.2047541327774524,52.467263515666126,151252.9784758739,0.0,49993.0
252336560693540533935881068298825202077_eps8_s10,BPI2012_W,1.0,19.0,42.0,12.0,1.0,158.6,0.6945129532384117,0.5992727035575748,0.3155120596025021,,,,,,,,9.454956516358133e-05,1.997788678854704,90.61955454014242,89.92146473638714,73.79826610945165,0.1965930260717868,30.394020760804416,164263.6554016877,0.0,49993.0
252336560693540533935881068298825202077_eps8_s2,BPI2012_W,1.0,19.0,42.0,12.0,1.0,158.6,0.7905625342161097,0.62217717082533,0.20123093332351288,,,,,,,,9.454956516358133e-05,1.997788678854704,90.61955454014242,88.3858585216105,425.41157288327815,0.19872927330434317,45.067872346937655,154610.12062675544,0.0,49993.0
252336560693540533935881068298825202077_eps8_s3,BPI2012_W,1.0,19.0,42.0,12.0,1.0,158.6,0.6852381649432508,0.5878180341289838,0.27674745855662086,,,,,,,,9.454956516358133e-05,1.997788678854704,90.61955454014242,91.61100910007954,152.59060805477202,0.1961918663233518,38.39152951687574,156524.17609558962,0.0,49993.0
252336560693540533935881068298825202077_eps8_s4,BPI2012_W,1.0,19.0,42.0,12.0,1.0,158.6,0.5998407335231131,0.5673300777911566,0.315216659600368,,,,,,,,9.454956516358133e-05,1.997788678854704,90.61955454014242,91.00756822265684,100.11667847931385,0.19927319325506682,33.74316123053431,157771.82862157637,0.0,49993.0
252336560693540533935881068298825202077_eps8_s5,BPI2012_W,1.0,19.0,42.0,12.0,1.0,158.6,0.6002271072400147,0.5677692744275028,0.32365195543164516,,,,,,,,9.454956516358133e-05,1.997788678854704,90.61955454014242,91.04125525578857,99.013642263785,0.19551145732402797,32.545657032728194,158882.56286440342,0.0,49993.0
252336560693540533935881068298825202077_eps8_s6,BPI2012_W,1.0,19.0,42.0,12.0,1.0,158.6,0.6200249783614891,0.5761768415283681,0.32420865142710314,,,,,,,,9.454956516358133e-05,1.997788678854704,90.61955454014242,88.35226072184741,95.91060896851123,0.1989428762346506,32.56231214888394,159980.98271415493,0.0,49993.0
252336560693540533935881068298825202077_eps8_s7,BPI2012_W,1.0,19.0,42.0,12.0,1.0,158.6,0.6195529991155853,0.582773273135904,0.3251954700927132,,,,,,,,9.454956516358133e-05,1.997788678854704,90.61955454014242,93.64727484397591,103.70912121795118,0.19273142218589778,32.20087926201522,161111.3536142256,0.0,49993.0
252336560693540533935881068298825202077_eps8_s8,BPI2012_W,1.0,19.0,42.0,12.0,1.0,158.6,0.619639782077304,0.589761242973083,0.32465785134834907,,,,,,,,9.454956516358133e-05,1.997788678854704,90.61955454014242,89.17455276288092,89.90451043359936,0.19704217985272404,32.259003567695615,162203.38830668703,0.0,49993.0
252336560693540533935881068298825202077_eps8_s9,BPI2012_W,1.0,19.0,42.0,12.0,1.0,158.6,0.619639782077304,0.589761242973083,0.32465785134834907,,,,,,,,9.454956516358133e-05,1.997788678854704,90.61955454014242,88.85573505982757,90.0683618158102,0.19927832856774327,32.34107317402959,163263.26290363297,0.0,49993.0
252336560693540533935881068298825202077_eps9_s0,BPI2012_W,1.0,21.0,42.0,12.0,1.0,158.6,0.39974953176114464,0.3989637446191911,0.2597680189798916,,,,,,,,9.454956516358133e-05,1.997788678854704,90.61955454014242,89.65609592944384,79.97948421947657,0.19822628274559972,28.19697906151414,165240.55664041266,0.0,49993.0
252336560693540533935881068298825202077_eps9_s1,BPI2012_W,1.0,21.0,42.0,12.0,1.0,158.6,0.8133204116379303,0.6233554478972068,0.11534638933951666,,,,,,,,9.454956516358133e-05,1.997788678854704,90.61955454014242,90.0414607744664,705.9987634561955,0.1912322901189327,52.549339696019885,168213.54651377088,0.0,49993.0
252336560693540533935881068298825202077_eps9_s10,BPI2012_W,1.0,21.0,42.0,12.0,1.0,158.6,0.7047604945462522,0.6098141138857153,0.3177029215450412,,,,,,,,9.454956516358133e-05,1.997788678854704,90.61955454014242,89.83715741857887,80.60755248591303,0.2095530349761247,30.822001165151597,181500.6362351641,0.0,49993.0
252336560693540533935881068298825202077_eps9_s2,BPI2012_W,1.0,21.0,42.0,12.0,1.0,158.6,0.7921942774725381,0.6240488077622384,0.20162722173407457,,,,,,,,9.454956516358133e-05,1.997788678854704,90.61955454014242,89.01277615539729,458.0154056552798,0.201915143430233,45.42589777857065,171739.68282663226,0.0,49993.0
252336560693540533935881068298825202077_eps9_s3,BPI2012_W,1.0,21.0,42.0,12.0,1.0,158.6,0.6937912784651931,0.5920402386957946,0.2766353115211316,,,,,,,,9.454956516358133e-05,1.997788678854704,90.61955454014242,92.12348931096494,155.3534360218793,0.19554112963378426,38.61767151765525,173714.6486589823,0.0,49993.0
252336560693540533935881068298825202077_eps9_s4,BPI2012_W,1.0,21.0,42.0,12.0,1.0,158.6,0.609322762366494,0.571862824919307,0.315724862586569,,,,,,,,9.454956516358133e-05,1.997788678854704,90.61955454014242,91.68451666645706,100.75353538282215,0.19802981540560718,33.65385260693729,174990.9414551772,0.0,49993.0
252336560693540533935881068298825202077_eps9_s5,BPI2012_W,1.0,21.0,42.0,12.0,1.0,158.6,0.6099510057616098,0.5725047752447068,0.32422766853773227,,,,,,,,9.454956516358133e-05,1.997788678854704,90.61955454014242,88.68446938693523,96.97059204690159,0.1966807950288057,32.57838469818235,176089.45920180902,0.0,49993.0
252336560693540533935881068298825202077_eps9_s6,BPI2012_W,1.0,21.0,42.0,12.0,1.0,158.6,0.6278860962107513,0.5802499669328205,0.3219379405683075,,,,,,,,9.454956516358133e-05,1.997788678854704,90.61955454014242,88.56419701687992,96.67997789271176,0.1959083937108516,32.65265493765473,177182.07180172802,0.0,49993.0
252336560693540533935881068298825202077_eps9_s7,BPI2012_W,1.0,21.0,42.0,12.0,1.0,158.6,0.6274141169648477,0.5868463985403565,0.3229247592339175,,,,,,,,9.454956516358133e-05,1.997788678854704,90.61955454014242,87.99422106705606,97.48426593132316,0.19622410126030443,32.69440210871399,178284.6017628625,0.0,49993.0
252336560693540533935881068298825202077_eps9_s8,BPI2012_W,1.0,21.0,42.0,12.0,1.0,158.6,0.6275008999265663,0.5938343683775354,0.3225086214558239,,,,,,,,9.454956516358133e-05,1.997788678854704,90.61955454014242,89.1260795749724,94.27855122536421,0.19574321731925007,32.53584164828062,179357.35561644062,0.0,49993.0
252336560693540533935881068298825202077_eps9_s9,BPI2012_W,1.0,21.0,42.0,12.0,1.0,158.6,0.6275008999265663,0.5938343683775354,0.3225086214558239,,,,,,,,9.454956516358133e-05,1.997788678854704,90.61955454014242,91.42723584398627,96.77537368834018,0.20334202386438843,32.64466037116945,180461.45642792917,0.0,49993.0
252336560693540533935881068298825202077_eps0_s0,BPI2012_WC,1.0,3.0,42.0,12.0,1.0,76.6,0.3081340443772179,0.30736795788299925,0.3027187306345927,,,,,,,,1.210214207914801e-05,0.927440695464611,174.49873278662562,58.552118150889875,55.32305240482092,0.1487114422023296,18.548359832912684,576.2606713850051,0.0,87289.8
252336560693540533935881068298825202077_eps0_s1,BPI2012_WC,1.0,3.0,42.0,12.0,1.0,76.6,0.6635277922957792,0.4955769837344107,0.056936111856348934,,,,,,,,1.210214207914801e-05,0.927440695464611,174.49873278662562,59.462011545524,275.0697892718017,0.15426758155226702,25.096759455278516,1931.4102915130557,0.0,87289.8
252336560693540533935881068298825202077_eps0_s10,BPI2012_WC,1.0,3.0,42.0,12.0,1.0,76.6,0.6635277922957792,0.4955769837344107,0.056936111856348934,,,,,,,,1.210214207914801e-05,0.927440695464611,174.49873278662562,60.15418160967529,274.4190027695149,0.1519784715026617,23.07747218869627,18184.34249264747,0.0,87289.8
252336560693540533935881068298825202077_eps0_s2,BPI2012_WC,1.0,3.0,42.0,12.0,1.0,76.6,0.6635277922957792,0.4955769837344107,0.056936111856348934,,,,,,,,1.210214207914801e-05,0.927440695464611,174.49873278662562,59.08846636898816,274.168010571599,0.15403651930391785,25.037713715806603,3728.083476435393,0.0,87289.8
252336560693540533935881068298825202077_eps0_s3,BPI2012_WC,1.0,3.0,42.0,12.0,1.0,76.6,0.6635277922957792,0.4955769837344107,0.056936111856348934,,,,,,,,1.210214207914801e-05,0.927440695464611,174.49873278662562,59.86633817255497,275.4746802523732,0.15467954427003858,24.942725563421845,5524.215397860855,0.0,87289.8
252336560693540533935881068298825202077_eps0_s4,BPI2012_WC,1.0,3.0,42.0,12.0,1.0,76.6,0.6635277922957792,0.4955769837344107,0.056936111856348934,,,,,,,,1.210214207914801e-05,0.927440695464611,174.49873278662562,59.081565372645855,273.3272924084216,0.15878858342766758,25.192883141338825,7324.43773589842,0.0,87289.8
252336560693540533935881068298825202077_eps0_s5,BPI2012_WC,1.0,3.0,42.0,12.0,1.0,76.6,0.6635277922957792,0.4955769837344107,0.056936111856348934,,,,,,,,1.210214207914801e-05,0.927440695464611,174.49873278662562,59.19378148503601,276.59925620853903,0.15655920356512065,24.894937561824918,9128.7851703763,0.0,87289.8
252336560693540533935881068298825202077_eps0_s6,BPI2012_WC,1.0,3.0,42.0,12.0,1.0,76.6,0.6635277922957792,0.4955769837344107,0.056936111856348934,,,,,,,,1.210214207914801e-05,0.927440695464611,174.49873278662562,59.43656857945025,275.77016291953623,0.15403525084257122,24.93764143064618,10931.527227826044,0.0,87289.8
252336560693540533935881068298825202077_eps0_s7,BPI2012_WC,1.0,3.0,42.0,12.0,1.0,76.6,0.6635277922957792,0.4955769837344107,0.056936111856348934,,,,,,,,1.210214207914801e-05,0.927440695464611,174.49873278662562,59.29363219290972,276.26579869054257,0.15317061953246588,24.97217896170914,12734.901915913075,0.0,87289.8
252336560693540533935881068298825202077_eps0_s8,BPI2012_WC,1.0,3.0,42.0,12.0,1.0,76.6,0.6635277922957792,0.4955769837344107,0.056936111856348934,,,,,,,,1.210214207914801e-05,0.927440695464611,174.49873278662562,61.07899119332433,280.2244625736028,0.15548349805176256,24.998746257275343,14548.916511818394,0.0,87289.8
252336560693540533935881068298825202077_eps0_s9,BPI2012_WC,1.0,3.0,42.0,12.0,1.0,76.6,0.6635277922957792,0.4955769837344107,0.056936111856348934,,,,,,,,1.210214207914801e-05,0.927440695464611,174.49873278662562,59.75371976867318,276.41220947764816,0.15356576964259147,24.935501028969885,16373.495880441367,0.0,87289.8
252336560693540533935881068298825202077_eps1_s0,BPI2012_WC,1.0,5.0,42.0,12.0,1.0,76.6,0.3081340443772179,0.30736795788299925,0.3027187306345927,,,,,,,,1.210214207914801e-05,0.927440695464611,174.49873278662562,59.47390338741243,59.02652706503868,0.1522625103592872,17.727563727274536,19306.656005598605,0.0,87289.8
252336560693540533935881068298825202077_eps1_s1,BPI2012_WC,1.0,5.0,42.0,12.0,1.0,76.6,0.6503306919360053,0.4491558699654826,0.09043178897190234,,,,,,,,1.210214207914801e-05,0.927440695464611,174.49873278662562,58.455422113463285,264.11290616504846,0.15710311681032177,22.737274701893334,20619.46284899041,0.0,87289.8
252336560693540533935881068298825202077_eps1_s10,BPI2012_WC,1.0,5.0,42.0,12.0,1.0,76.6,0.1796021326402837,0.22044158491396054,0.23512896788429827,,,,,,,,1.210214207914801e-05,0.927440695464611,174.49873278662562,59.303927063569425,56.49555426314473,0.15252748951315875,18.810931586101653,29159.88774376437,0.0,87289.8
252336560693540533935881068298825202077_eps1_s2,BPI2012_WC,1.0,5.0,42.0,12.0,1.0,76.6,0.5854110201143974,0.44873110622196516,0.12033142542210311,,,,,,,,1.210214207914801e-05,0.927440695464611,174.49873278662562,58.41856666170061,229.41932389810682,0.1543374247848987,21.833057514205574,22242.606733812394,0.0,87289.8
252336560693540533935881068298825202077_eps1_s3,BPI2012_WC,1.0,5.0,42.0,12.0,1.0,76.6,0.533987947544466,0.42701247656513663,0.14613390580226193,,,,,,,,1.210214207914801e-05,0.927440695464611,174.49873278662562,60.571927042678,208.05971672981977,0.1544385991990566,21.317520792782307,23722.235745515674,0.0,87289.8
252336560693540533935881068298825202077_eps1_s4,BPI2012_WC,1.0,5.0,42.0,12.0,1.0,76.6,0.34066774138619327,0.30131974399276945,0.1673841639176204,,,,,,,,1.210214207914801e-05,0.927440695464611,174.49873278662562,58.094614865258336,125.33091530092061,0.15474310666322705,20.49923489131033,24915.173849264163,0.0,87289.8
252336560693540533935881068298825202077_eps1_s5,BPI2012_WC,1.0,5.0,42.0,12.0,1.0,76.6,0.21339482822619055,0.2454779000751109,0.2485195964227364,,,,,,,,1.210214207914801e-05,0.927440695464611,174.49873278662562,59.22335163541138,55.06399919912219,0.1510126464068889,18.678207765892147,25738.806505361943,0.0,87289.8
252336560693540533935881068298825202077_eps1_s6,BPI2012_WC,1.0,5.0,42.0,12.0,1.0,76.6,0.21237030160078985,0.24390548169287998,0.24865660204797999,,,,,,,,1.210214207914801e-05,0.927440695464611,174.49873278662562,59.397770427539946,57.85018799416721,0.1575302224606275,18.878441601991653,26415.811961265652,0.0,87289.8
252336560693540533935881068298825202077_eps1_s7,BPI2012_WC,1.0,5.0,42.0,12.0,1.0,76.6,0.19385851295982356,0.234011669973543,0.24412628667186068,,,,,,,,1.210214207914801e-05,0.927440695464611,174.49873278662562,59.65979849472642,57.39470977187157,0.1513132896274328,18.923489560186862,27092.276102809607,0.0,87289.8
252336560693540533935881068298825202077_eps1_s8,BPI2012_WC,1.0,5.0,42.0,12.0,1.0,76.6,0.19106652952010744,0.23271058395435468,0.24493399232800933,,,,,,,,1.210214207914801e-05,0.927440695464611,174.49873278662562,61.08864316046238,59.158536246046424,0.15493687242269513,19.091039195284246,27772.77840887308,0.0,87289.8
252336560693540533935881068298825202077_eps1_s9,BPI2012_WC,1.0,5.0,42.0,12.0,1.0,76.6,0.19053654862406993,0.23252733302346673,0.24520306675759737,,,,,,,,1.210214207914801e-05,0.927440695464611,174.49873278662562,59.786029782891276,57.77253895625472,0.15051414333283897,18.845010555163025,28464.788161181285,0.0,87289.8
252336560693540533935881068298825202077_eps2_s0,BPI2012_WC,1.0,7.0,42.0,12.0,1.0,76.6,0.3081340443772179,0.30736795788299925,0.3027187306345927,,,,,,,,1.210214207914801e-05,0.927440695464611,174.49873278662562,57.82956011258066,54.24068876504898,0.15353065803647037,17.86398483812809,29816.611860179157,0.0,87289.8
252336560693540533935881068298825202077_eps2_s1,BPI2012_WC,1.0,7.0,42.0,12.0,1.0,76.6,0.647754955250796,0.4780114741781764,0.1026105583917607,,,,,,,,1.210214207914801e-05,0.927440695464611,174.49873278662562,58.44028656668961,260.76164013147354,0.1559741377830505,22.49995874091983,31113.686213936657,0.0,87289.8
252336560693540533935881068298825202077_eps2_s10,BPI2012_WC,1.0,7.0,42.0,12.0,1.0,76.6,0.31367422042728743,0.3356669797906308,0.26061369957659763,,,,,,,,1.210214207914801e-05,0.927440695464611,174.49873278662562,57.469493275508285,52.25561485514045,0.15424199439585207,18.24679233543575,39028.98140809797,0.0,87289.8
252336560693540533935881068298825202077_eps2_s2,BPI2012_WC,1.0,7.0,42.0,12.0,1.0,76.6,0.6364367982057451,0.554997234010272,0.14889715761281686,,,,,,,,1.210214207914801e-05,0.927440695464611,174.49873278662562,59.07871552631259,224.00589084737004,0.1551341146230697,21.670470025017856,32715.036396617816,0.0,87289.8
252336560693540533935881068298825202077_eps2_s3,BPI2012_WC,1.0,7.0,42.0,12.0,1.0,76.6,0.5543642089495382,0.5234720738876614,0.18253760175248174,,,,,,,,1.210214207914801e-05,0.927440695464611,174.49873278662562,59.00419917628169,187.9491399053484,0.15553815253078934,20.95434907786548,34130.54229727723,0.0,87289.8
252336560693540533935881068298825202077_eps2_s4,BPI2012_WC,1.0,7.0,42.0,12.0,1.0,76.6,0.2851415220034762,0.3705684009748772,0.23291207606743014,,,,,,,,1.210214207914801e-05,0.927440695464611,174.49873278662562,57.959985461086035,62.22561780512333,0.15266670361161228,19.359336172416807,35062.11043798104,0.0,87289.8
252336560693540533935881068298825202077_eps2_s5,BPI2012_WC,1.0,7.0,42.0,12.0,1.0,76.6,0.23779697081107326,0.34976663095221766,0.2651869345813151,,,,,,,,1.210214207914801e-05,0.927440695464611,174.49873278662562,57.93114389851689,54.4472625464201,0.1500699862837791,18.451849842071532,35750.93347857408,0.0,87289.8
252336560693540533935881068298825202077_eps2_s6,BPI2012_WC,1.0,7.0,42.0,12.0,1.0,76.6,0.23187296952134115,0.3486339163416925,0.26458950241777723,,,,,,,,1.210214207914801e-05,0.927440695464611,174.49873278662562,57.615822803974154,51.783935628458856,0.15228769630193711,18.572683833166955,36405.57539790533,0.0,87289.8
252336560693540533935881068298825202077_eps2_s7,BPI2012_WC,1.0,7.0,42.0,12.0,1.0,76.6,0.2314724558553153,0.3484214670595175,0.26447904575962394,,,,,,,,1.210214207914801e-05,0.927440695464611,174.49873278662562,57.1026200208813,54.28502023406327,0.1528163261711597,18.38266189619899,37058.068023755775,0.0,87289.8
252336560693540533935881068298825202077_eps2_s8,BPI2012_WC,1.0,7.0,42.0,12.0,1.0,76.6,0.23111721286260484,0.3482680490336366,0.26441694513376424,,,,,,,,1.210214207914801e-05,0.927440695464611,174.49873278662562,59.653514842689034,55.62080209515989,0.15225078649818896,18.427145485952497,37712.89194206819,0.0,87289.8
252336560693540533935881068298825202077_eps2_s9,BPI2012_WC,1.0,7.0,42.0,12.0,1.0,76.6,0.2309808125898043,0.34821645725067835,0.26440239630124773,,,,,,,,1.210214207914801e-05,0.927440695464611,174.49873278662562,57.81930009350181,54.63035791516304,0.15115066878497602,18.39549546353519,38374.99940014258,0.0,87289.8
252336560693540533935881068298825202077_eps3_s0,BPI2012_WC,1.0,9.0,42.0,12.0,1.0,76.6,0.3081340443772179,0.30736795788299925,0.3027187306345927,,,,,,,,1.210214207914801e-05,0.927440695464611,174.49873278662562,57.929394209012386,57.062925670295954,0.15106335058808326,17.593554602190853,39690.26887582056,0.0,87289.8
252336560693540533935881068298825202077_eps3_s1,BPI2012_WC,1.0,9.0,42.0,12.0,1.0,76.6,0.6446737986315637,0.4784964688721554,0.10416836371389052,,,,,,,,1.210214207914801e-05,0.927440695464611,174.49873278662562,58.575712183490396,269.80811423920096,0.15625926218926903,22.364164860919118,41011.71170863286,0.0,87289.8
252336560693540533935881068298825202077_eps3_s10,BPI2012_WC,1.0,9.0,42.0,12.0,1.0,76.6,0.324756038525105,0.3353536051116168,0.27913272697294167,,,,,,,,1.210214207914801e-05,0.927440695464611,174.49873278662562,57.55295712389052,54.28393143415451,0.15733173750340937,17.92123056203127,48915.44521793611,0.0,87289.8
252336560693540533935881068298825202077_eps3_s2,BPI2012_WC,1.0,9.0,42.0,12.0,1.0,76.6,0.6279512692457934,0.5474571396708752,0.15310524465259318,,,,,,,,1.210214207914801e-05,0.927440695464611,174.49873278662562,60.844383424520494,225.26749261841178,0.15722202137112612,21.498386819660663,42637.10222971961,0.0,87289.8
252336560693540533935881068298825202077_eps3_s3,BPI2012_WC,1.0,9.0,42.0,12.0,1.0,76.6,0.5476653150109172,0.5083634905046546,0.19661004565135917,,,,,,,,1.210214207914801e-05,0.927440695464611,174.49873278662562,60.714117142558095,181.20229825265704,0.15561572834849352,20.428426273539664,44035.28275660947,0.0,87289.8
252336560693540533935881068298825202077_eps3_s4,BPI2012_WC,1.0,9.0,42.0,12.0,1.0,76.6,0.2856262377292965,0.3729426900681302,0.2963880104649107,,,,,,,,1.210214207914801e-05,0.927440695464611,174.49873278662562,57.67328827567398,54.45115901604295,0.15269687511026858,17.937109725922348,44950.36885314062,0.0,87289.8
252336560693540533935881068298825202077_eps3_s5,BPI2012_WC,1.0,9.0,42.0,12.0,1.0,76.6,0.26045801287219505,0.3614936290936476,0.2951972128368739,,,,,,,,1.210214207914801e-05,0.927440695464611,174.49873278662562,57.248802880570295,51.713859216496346,0.15253739841282363,17.856880470365287,45601.72213028185,0.0,87289.8
252336560693540533935881068298825202077_eps3_s6,BPI2012_WC,1.0,9.0,42.0,12.0,1.0,76.6,0.26045801287219505,0.3614936290936476,0.2951991495827534,,,,,,,,1.210214207914801e-05,0.927440695464611,174.49873278662562,57.99744089357555,54.27272175401449,0.15609855651855467,17.991732028126716,46253.77686514259,0.0,87289.8
252336560693540533935881068298825202077_eps3_s7,BPI2012_WC,1.0,9.0,42.0,12.0,1.0,76.6,0.26045801287219505,0.3614936290936476,0.2951991495827534,,,,,,,,1.210214207914801e-05,0.927440695464611,174.49873278662562,57.155801095813516,54.08205457217991,0.1495915442705154,18.173728534951806,46904.0057044901,0.0,87289.8
252336560693540533935881068298825202077_eps3_s8,BPI2012_WC,1.0,9.0,42.0,12.0,1.0,76.6,0.2550205460165506,0.35999226045242055,0.29489338730594905,,,,,,,,1.210214207914801e-05,0.927440695464611,174.49873278662562,61.61034429445863,55.612203016504644,0.15149112865328784,17.889716793224217,47565.94146795794,0.0,87289.8
252336560693540533935881068298825202077_eps3_s9,BPI2012_WC,1.0,9.0,42.0,12.0,1.0,76.6,0.2550205460165506,0.35999226045242055,0.29555396164928904,,,,,,,,1.210214207914801e-05,0.927440695464611,174.49873278662562,61.88151939548552,57.639144691079856,0.15841675326228138,17.959141932800414,48242.60097012855,0.0,87289.8
252336560693540533935881068298825202077_eps4_s0,BPI2012_WC,1.0,11.0,42.0,12.0,1.0,76.6,0.3081340443772179,0.30736795788299925,0.3027187306345927,,,,,,,,1.210214207914801e-05,0.927440695464611,174.49873278662562,59.347291618213056,56.91073350906372,0.15668536312878129,17.889242038875818,49594.52066751495,0.0,87289.8
252336560693540533935881068298825202077_eps4_s1,BPI2012_WC,1.0,11.0,42.0,12.0,1.0,76.6,0.6475402411878904,0.4794985213194048,0.10703156626183599,,,,,,,,1.210214207914801e-05,0.927440695464611,174.49873278662562,60.759928081184626,279.01774903088807,0.15449642241001124,35.382079382240775,50998.81821531467,0.0,87289.8
252336560693540533935881068298825202077_eps4_s10,BPI2012_WC,1.0,11.0,42.0,12.0,1.0,76.6,0.37901323820378496,0.3761578473377741,0.30563715721470314,,,,,,,,1.210214207914801e-05,0.927440695464611,174.49873278662562,60.06325601004064,56.67286463901401,0.157695085927844,17.898498288169503,58778.69805991948,0.0,87289.8
252336560693540533935881068298825202077_eps4_s2,BPI2012_WC,1.0,11.0,42.0,12.0,1.0,76.6,0.6371929326197392,0.5569847367409555,0.15551878099338196,,,,,,,,1.210214207914801e-05,0.927440695464611,174.49873278662562,59.16113441735506,231.07573594897985,0.1579675860702991,21.941546312347054,52679.329819120096,0.0,87289.8
252336560693540533935881068298825202077_eps4_s3,BPI2012_WC,1.0,11.0,42.0,12.0,1.0,76.6,0.526425921384593,0.4870184103476287,0.23359402246223254,,,,,,,,1.210214207914801e-05,0.927440695464611,174.49873278662562,58.83826264999807,161.45776640102267,0.16369354128837582,20.532176027074456,54024.403860958664,0.0,87289.8
252336560693540533935881068298825202077_eps4_s4,BPI2012_WC,1.0,11.0,42.0,12.0,1.0,76.6,0.318970087297107,0.4055919279217733,0.3223920868314788,,,,,,,,1.210214207914801e-05,0.927440695464611,174.49873278662562,58.21153687313199,51.739936689659956,0.15670399963855738,17.67849588729441,54892.576166456565,0.0,87289.8
252336560693540533935881068298825202077_eps4_s5,BPI2012_WC,1.0,11.0,42.0,12.0,1.0,76.6,0.3158299150693684,0.4038946583040322,0.32183646607175004,,,,,,,,1.210214207914801e-05,0.927440695464611,174.49873278662562,57.63809527382254,51.662535798549655,0.15549987480044364,17.750956585258244,55529.77324476205,0.0,87289.8
252336560693540533935881068298825202077_eps4_s6,BPI2012_WC,1.0,11.0,42.0,12.0,1.0,76.6,0.3158299150693684,0.4038946583040322,0.32183646607175004,,,,,,,,1.210214207914801e-05,0.927440695464611,174.49873278662562,57.903155197575686,51.092346663028,0.15133593827486036,17.765760192275046,56170.227121745425,0.0,87289.8
252336560693540533935881068298825202077_eps4_s7,BPI2012_WC,1.0,11.0,42.0,12.0,1.0,76.6,0.3158299150693684,0.4038946583040322,0.32183646607175004,,,,,,,,1.210214207914801e-05,0.927440695464611,174.49873278662562,57.85124777778983,54.32593976072967,0.16020835414528842,17.780387719348074,56821.75805439129,0.0,87289.8
252336560693540533935881068298825202077_eps4_s8,BPI2012_WC,1.0,11.0,42.0,12.0,1.0,76.6,0.3154540357131077,0.40376972032993236,0.321816384081388,,,,,,,,1.210214207914801e-05,0.927440695464611,174.49873278662562,58.00559714771807,53.84757577627897,0.15586827993392938,17.797740740329026,57470.373965740204,0.0,87289.8
252336560693540533935881068298825202077_eps4_s9,BPI2012_WC,1.0,11.0,42.0,12.0,1.0,76.6,0.3154540357131077,0.40376972032993236,0.3218199986309325,,,,,,,,1.210214207914801e-05,0.927440695464611,174.49873278662562,57.916867409646514,54.47513822428882,0.15607067421078677,17.749732154607774,58121.281183825806,0.0,87289.8
252336560693540533935881068298825202077_eps5_s0,BPI2012_WC,1.0,13.0,42.0,12.0,1.0,76.6,0.3081340443772179,0.30736795788299925,0.3027187306345927,,,,,,,,1.210214207914801e-05,0.927440695464611,174.49873278662562,58.75641129948199,58.10116004794836,0.15419197008013721,17.807707630470397,59459.7499322094,0.0,87289.8
252336560693540533935881068298825202077_eps5_s1,BPI2012_WC,1.0,13.0,42.0,12.0,1.0,76.6,0.6519865312890447,0.48219055397822286,0.1120583725506216,,,,,,,,1.210214207914801e-05,0.927440695464611,174.49873278662562,60.95774363465607,281.39461710006,0.1579427290707826,22.496101447194814,60844.78115264252,0.0,87289.8
252336560693540533935881068298825202077_eps5_s10,BPI2012_WC,1.0,13.0,42.0,12.0,1.0,76.6,0.43276279082723634,0.4188501589386247,0.31659447793032713,,,,,,,,1.210214207914801e-05,0.927440695464611,174.49873278662562,61.45810576416552,57.993053587898615,0.16804139763116832,18.827256782725453,68838.43941654898,0.0,87289.8
252336560693540533935881068298825202077_eps5_s2,BPI2012_WC,1.0,13.0,42.0,12.0,1.0,76.6,0.6436874596393981,0.5599262388702095,0.15967161718961992,,,,,,,,1.210214207914801e-05,0.927440695464611,174.49873278662562,61.50804072804749,241.8890641052276,0.15532679148018355,21.744277135655288,62555.86990408115,0.0,87289.8
252336560693540533935881068298825202077_eps5_s3,BPI2012_WC,1.0,13.0,42.0,12.0,1.0,76.6,0.5477195257465628,0.5029221855465322,0.23745083248160487,,,,,,,,1.210214207914801e-05,0.927440695464611,174.49873278662562,59.39570194482803,169.00634677410125,0.15995138883590695,20.434855794906618,63945.49156713225,0.0,87289.8
252336560693540533935881068298825202077_eps5_s4,BPI2012_WC,1.0,13.0,42.0,12.0,1.0,76.6,0.37904853008945766,0.4402761054444985,0.3470760356071918,,,,,,,,1.210214207914801e-05,0.927440695464611,174.49873278662562,60.095158596336844,56.52221152409911,0.15117558836936945,17.747635396942496,64835.860816659406,0.0,87289.8
252336560693540533935881068298825202077_eps5_s5,BPI2012_WC,1.0,13.0,42.0,12.0,1.0,76.6,0.37891566519835074,0.4401610704739246,0.3469886928022226,,,,,,,,1.210214207914801e-05,0.927440695464611,174.49873278662562,58.49979670271277,54.43081700243056,0.15439474321901792,17.781058366969226,65503.988315110655,0.0,87289.8
252336560693540533935881068298825202077_eps5_s6,BPI2012_WC,1.0,13.0,42.0,12.0,1.0,76.6,0.37891566519835074,0.4401610704739246,0.3469886928022226,,,,,,,,1.210214207914801e-05,0.927440695464611,174.49873278662562,59.9242067322135,53.74638905748725,0.1549418285489082,17.865198788419367,66176.18402131386,0.0,87289.8
252336560693540533935881068298825202077_eps5_s7,BPI2012_WC,1.0,13.0,42.0,12.0,1.0,76.6,0.37891566519835074,0.4401610704739246,0.3469886928022226,,,,,,,,1.210214207914801e-05,0.927440695464611,174.49873278662562,60.05451533421874,56.721894612908365,0.15417886376380915,17.66534309126437,66847.92388563491,0.0,87289.8
252336560693540533935881068298825202077_eps5_s8,BPI2012_WC,1.0,13.0,42.0,12.0,1.0,76.6,0.37889074796238537,0.44014927138730026,0.3469929048920099,,,,,,,,1.210214207914801e-05,0.927440695464611,174.49873278662562,58.46586834266782,54.1182027220726,0.16345279812812802,17.932517676055433,67504.58490049615,0.0,87289.8
252336560693540533935881068298825202077_eps5_s9,BPI2012_WC,1.0,13.0,42.0,12.0,1.0,76.6,0.37889074796238537,0.44014927138730026,0.34699207485806155,,,,,,,,1.210214207914801e-05,0.927440695464611,174.49873278662562,59.21412778235972,55.38707406930625,0.1606826860457658,18.108459202200173,68163.33980596997,0.0,87289.8
252336560693540533935881068298825202077_eps6_s0,BPI2012_WC,1.0,15.0,42.0,12.0,1.0,76.6,0.3081340443772179,0.30736795788299925,0.3027187306345927,,,,,,,,1.210214207914801e-05,0.927440695464611,174.49873278662562,60.63760365881026,60.02432613633573,0.15633748769760125,18.11818272471428,69546.52921720482,0.0,87289.8
252336560693540533935881068298825202077_eps6_s1,BPI2012_WC,1.0,15.0,42.0,12.0,1.0,76.6,0.6530136504868486,0.48284466931949305,0.1152821128637133,,,,,,,,1.210214207914801e-05,0.927440695464611,174.49873278662562,62.53718399740755,291.47795371077956,0.15781342387199399,22.519186096638443,70974.91546365581,0.0,87289.8
252336560693540533935881068298825202077_eps6_s10,BPI2012_WC,1.0,15.0,42.0,12.0,1.0,76.6,0.46510521277079137,0.4304560484562055,0.3193829135198212,,,,,,,,1.210214207914801e-05,0.927440695464611,174.49873278662562,59.59108587838709,56.104434948787095,0.1662631083279848,18.353887774795293,78962.80099620223,0.0,87289.8
252336560693540533935881068298825202077_eps6_s2,BPI2012_WC,1.0,15.0,42.0,12.0,1.0,76.6,0.6448268969353999,0.5606212371378378,0.16281534359848485,,,,,,,,1.210214207914801e-05,0.927440695464611,174.49873278662562,61.19721442423761,247.72242418564855,0.16036722026765343,21.672751084715127,72717.42804128192,0.0,87289.8
252336560693540533935881068298825202077_eps6_s3,BPI2012_WC,1.0,15.0,42.0,12.0,1.0,76.6,0.5532255099776676,0.5053131912512739,0.23973261914145652,,,,,,,,1.210214207914801e-05,0.927440695464611,174.49873278662562,62.89476475082338,177.3377865366638,0.15882291607558724,20.3642823908478,74148.79036778436,0.0,87289.8
252336560693540533935881068298825202077_eps6_s4,BPI2012_WC,1.0,15.0,42.0,12.0,1.0,76.6,0.3472257479918891,0.42889866934441534,0.343382351068636,,,,,,,,1.210214207914801e-05,0.927440695464611,174.49873278662562,59.14139240011573,52.04438593909144,0.15847339928150173,17.824859093129636,75061.61673851944,0.0,87289.8
252336560693540533935881068298825202077_eps6_s5,BPI2012_WC,1.0,15.0,42.0,12.0,1.0,76.6,0.3471654959532571,0.4288612038631756,0.3432795253207839,,,,,,,,1.210214207914801e-05,0.927440695464611,174.49873278662562,58.72891104258597,52.46523183248937,0.15859745815396303,17.773797530680895,75707.85596598983,0.0,87289.8
252336560693540533935881068298825202077_eps6_s6,BPI2012_WC,1.0,15.0,42.0,12.0,1.0,76.6,0.3471654959532571,0.4288612038631756,0.3432795253207839,,,,,,,,1.210214207914801e-05,0.927440695464611,174.49873278662562,58.21637997031212,51.78727296628058,0.1630818400532007,17.729017851501702,76353.87710083574,0.0,87289.8
252336560693540533935881068298825202077_eps6_s7,BPI2012_WC,1.0,15.0,42.0,12.0,1.0,76.6,0.3471654959532571,0.4288612038631756,0.3432795253207839,,,,,,,,1.210214207914801e-05,0.927440695464611,174.49873278662562,58.72938316203654,52.26959414519369,0.15691585317254061,17.70023167356849,77000.35930190011,0.0,87289.8
252336560693540533935881068298825202077_eps6_s8,BPI2012_WC,1.0,15.0,42.0,12.0,1.0,76.6,0.3471405787172917,0.4288494047765511,0.34328373741057117,,,,,,,,1.210214207914801e-05,0.927440695464611,174.49873278662562,58.67112301215529,52.45392363630235,0.15679391212761398,17.722016731277108,77646.95819492676,0.0,87289.8
252336560693540533935881068298825202077_eps6_s9,BPI2012_WC,1.0,15.0,42.0,12.0,1.0,76.6,0.3471405787172917,0.4288494047765511,0.34328290737662276,,,,,,,,1.210214207914801e-05,0.927440695464611,174.49873278662562,59.23865272365511,54.1725932225585,0.16039829589426513,17.73180938065052,78301.51453109123,0.0,87289.8
252336560693540533935881068298825202077_eps7_s0,BPI2012_WC,1.0,17.0,42.0,12.0,1.0,76.6,0.3081340443772179,0.30736795788299925,0.3027187306345927,,,,,,,,1.210214207914801e-05,0.927440695464611,174.49873278662562,59.067735542729494,56.420236493647096,0.16236065328121183,18.029678857699036,79641.10456195063,0.0,87289.8
252336560693540533935881068298825202077_eps7_s1,BPI2012_WC,1.0,17.0,42.0,12.0,1.0,76.6,0.6542205540542178,0.4839720496041505,0.11702739607828201,,,,,,,,1.210214207914801e-05,0.927440695464611,174.49873278662562,62.043858643248676,311.36800952032206,0.16079967655241484,22.92222823575139,81114.41525593176,0.0,87289.8
252336560693540533935881068298825202077_eps7_s10,BPI2012_WC,1.0,17.0,42.0,12.0,1.0,76.6,0.4931047303310536,0.4469037322263646,0.32030919686524045,,,,,,,,1.210214207914801e-05,0.927440695464611,174.49873278662562,60.49636249803007,56.888057054206726,0.15994973666965956,18.388278161361814,89383.11033973508,0.0,87289.8
252336560693540533935881068298825202077_eps7_s2,BPI2012_WC,1.0,17.0,42.0,12.0,1.0,76.6,0.6472256874769842,0.5627423334999186,0.1644631069459633,,,,,,,,1.210214207914801e-05,0.927440695464611,174.49873278662562,60.63628777042031,261.30829889960586,0.1650284811854362,21.988443534821275,82936.31082296111,0.0,87289.8
252336560693540533935881068298825202077_eps7_s3,BPI2012_WC,1.0,17.0,42.0,12.0,1.0,76.6,0.571176944713735,0.521955736293789,0.2417635895527721,,,,,,,,1.210214207914801e-05,0.927440695464611,174.49873278662562,60.09283127039671,183.1355965744704,0.16747244000434872,20.639055059105157,84413.59959808327,0.0,87289.8
252336560693540533935881068298825202077_eps7_s4,BPI2012_WC,1.0,17.0,42.0,12.0,1.0,76.6,0.3741679054638818,0.4464487059123986,0.34779333706709864,,,,,,,,1.210214207914801e-05,0.927440695464611,174.49873278662562,61.52198086082935,57.17276109941304,0.15873621888458725,18.3021085139364,85345.62090259753,0.0,87289.8
252336560693540533935881068298825202077_eps7_s5,BPI2012_WC,1.0,17.0,42.0,12.0,1.0,76.6,0.37410765342524976,0.4464112404311589,0.34777266395071693,,,,,,,,1.210214207914801e-05,0.927440695464611,174.49873278662562,58.635487742722034,54.66161917597056,0.15554210059344764,18.059135814011096,86020.3231746681,0.0,87289.8
252336560693540533935881068298825202077_eps7_s6,BPI2012_WC,1.0,17.0,42.0,12.0,1.0,76.6,0.37410765342524976,0.4464112404311589,0.34777266395071693,,,,,,,,1.210214207914801e-05,0.927440695464611,174.49873278662562,60.320524625107645,54.073793354257944,0.1581383045762777,17.83911368250847,86696.58837940023,0.0,87289.8
252336560693540533935881068298825202077_eps7_s7,BPI2012_WC,1.0,17.0,42.0,12.0,1.0,76.6,0.37410765342524976,0.4464112404311589,0.34777266395071693,,,,,,,,1.210214207914801e-05,0.927440695464611,174.49873278662562,60.37572490759194,56.47765995785594,0.15632561221718785,17.77706229351461,87368.97125100493,0.0,87289.8
252336560693540533935881068298825202077_eps7_s8,BPI2012_WC,1.0,17.0,42.0,12.0,1.0,76.6,0.37408273618928434,0.4463994413445344,0.3477768760405042,,,,,,,,1.210214207914801e-05,0.927440695464611,174.49873278662562,60.06301090009511,56.55690057650209,0.15742916651070113,17.723332437500357,88037.09575126693,0.0,87289.8
252336560693540533935881068298825202077_eps7_s9,BPI2012_WC,1.0,17.0,42.0,12.0,1.0,76.6,0.37408273618928434,0.4463994413445344,0.3477760460065558,,,,,,,,1.210214207914801e-05,0.927440695464611,174.49873278662562,60.74805174693465,55.56503754481673,0.16707298494875428,17.72368206717074,88705.70705032573,0.0,87289.8
252336560693540533935881068298825202077_eps8_s0,BPI2012_WC,1.0,19.0,42.0,12.0,1.0,76.6,0.3081340443772179,0.30736795788299925,0.3027187306345927,,,,,,,,1.210214207914801e-05,0.927440695464611,174.49873278662562,59.200324434787035,57.036633365601304,0.15875829011201856,17.891031556203963,90066.51917184964,0.0,87289.8
252336560693540533935881068298825202077_eps8_s1,BPI2012_WC,1.0,19.0,42.0,12.0,1.0,76.6,0.6545200107879439,0.4838811253016509,0.1179611064450035,,,,,,,,1.210214207914801e-05,0.927440695464611,174.49873278662562,62.032988582924006,322.0238659281284,0.15960483811795706,22.82047641389072,91573.8437742196,0.0,87289.8
252336560693540533935881068298825202077_eps8_s10,BPI2012_WC,1.0,19.0,42.0,12.0,1.0,76.6,0.5125627747843742,0.45271985740116116,0.32049516745295864,,,,,,,,1.210214207914801e-05,0.927440695464611,174.49873278662562,62.97340629175305,57.05645749717951,0.15908590629696845,18.51126055419445,99935.79145094864,0.0,87289.8
252336560693540533935881068298825202077_eps8_s2,BPI2012_WC,1.0,19.0,42.0,12.0,1.0,76.6,0.6474714667141674,0.5634627154274267,0.16515514882821952,,,,,,,,1.210214207914801e-05,0.927440695464611,174.49873278662562,62.19330512993038,271.19763592258096,0.1696405809372663,21.77834343612194,93450.46681872717,0.0,87289.8
252336560693540533935881068298825202077_eps8_s3,BPI2012_WC,1.0,19.0,42.0,12.0,1.0,76.6,0.5731387290417427,0.5246556409008567,0.24212694170838306,,,,,,,,1.210214207914801e-05,0.927440695464611,174.49873278662562,63.83135486729443,188.56029342897236,0.16230845041573044,20.241866566613318,94971.44952047356,0.0,87289.8
252336560693540533935881068298825202077_eps8_s4,BPI2012_WC,1.0,19.0,42.0,12.0,1.0,76.6,0.37133935507543253,0.4451362232750714,0.34727304094515726,,,,,,,,1.210214207914801e-05,0.927440695464611,174.49873278662562,63.20570075251162,58.181622948125,0.15977769270539283,17.622624726966023,95926.96289996206,0.0,87289.8
252336560693540533935881068298825202077_eps8_s5,BPI2012_WC,1.0,19.0,42.0,12.0,1.0,76.6,0.37127910303680045,0.4450987577938316,0.3472555984543052,,,,,,,,1.210214207914801e-05,0.927440695464611,174.49873278662562,60.89800765886903,56.258697636052965,0.15795696526765818,17.795185747742654,96629.25067075194,0.0,87289.8
252336560693540533935881068298825202077_eps8_s6,BPI2012_WC,1.0,19.0,42.0,12.0,1.0,76.6,0.37127910303680045,0.4450987577938316,0.3472555984543052,,,,,,,,1.210214207914801e-05,0.927440695464611,174.49873278662562,59.119305641949175,53.21495892107487,0.15727605521678922,17.807879580929875,97287.10969621912,0.0,87289.8
252336560693540533935881068298825202077_eps8_s7,BPI2012_WC,1.0,19.0,42.0,12.0,1.0,76.6,0.37127910303680045,0.4450987577938316,0.3472555984543052,,,,,,,,1.210214207914801e-05,0.927440695464611,174.49873278662562,59.531519246846436,52.92988417483866,0.15843155980110163,17.859880444034935,97942.58633256592,0.0,87289.8
252336560693540533935881068298825202077_eps8_s8,BPI2012_WC,1.0,19.0,42.0,12.0,1.0,76.6,0.371254185800835,0.44508695870720716,0.3472598105440925,,,,,,,,1.210214207914801e-05,0.927440695464611,174.49873278662562,59.77077806442976,53.18740506060421,0.16353101842105383,17.8736234549433,98599.49861192479,0.0,87289.8
252336560693540533935881068298825202077_eps8_s9,BPI2012_WC,1.0,19.0,42.0,12.0,1.0,76.6,0.371254185800835,0.44508695870720716,0.34725898051014414,,,,,,,,1.210214207914801e-05,0.927440695464611,174.49873278662562,59.503979177027944,53.20726673938334,0.1561712626367807,17.778632099926472,99255.86222180352,0.0,87289.8
252336560693540533935881068298825202077_eps9_s0,BPI2012_WC,1.0,21.0,42.0,12.0,1.0,76.6,0.3081340443772179,0.30736795788299925,0.3027187306345927,,,,,,,,1.210214207914801e-05,0.927440695464611,174.49873278662562,60.61853222437203,60.7564045958221,0.1594941046088934,18.162371675297617,100628.8172403954,0.0,87289.8
252336560693540533935881068298825202077_eps9_s1,BPI2012_WC,1.0,21.0,42.0,12.0,1.0,76.6,0.6545069173546338,0.4832821052633526,0.118162299878885,,,,,,,,1.210214207914801e-05,0.927440695464611,174.49873278662562,61.375517424568535,335.3338015951216,0.1654719598591327,23.140714464709163,102180.70720529965,0.0,87289.8
252336560693540533935881068298825202077_eps9_s10,BPI2012_WC,1.0,21.0,42.0,12.0,1.0,76.6,0.5267635912979707,0.4592229153196549,0.3240836482962879,,,,,,,,1.210214207914801e-05,0.927440695464611,174.49873278662562,66.9594507612288,63.04928640685976,0.16128016412258145,18.534869604557752,110750.51831416339,0.0,87289.8
252336560693540533935881068298825202077_eps9_s2,BPI2012_WC,1.0,21.0,42.0,12.0,1.0,76.6,0.6476421180580074,0.5643426564453538,0.16547479592603476,,,,,,,,1.210214207914801e-05,0.927440695464611,174.49873278662562,61.22045987918973,283.0889504387975,0.16305242963135239,22.1286253079772,104133.3291772049,0.0,87289.8
252336560693540533935881068298825202077_eps9_s3,BPI2012_WC,1.0,21.0,42.0,12.0,1.0,76.6,0.571463944571169,0.5227434133367371,0.2432039538181899,,,,,,,,1.210214207914801e-05,0.927440695464611,174.49873278662562,60.7624563112855,194.46553392484785,0.16154146157205104,20.374526821821927,105686.73221020587,0.0,87289.8
252336560693540533935881068298825202077_eps9_s4,BPI2012_WC,1.0,21.0,42.0,12.0,1.0,76.6,0.38017973255602505,0.44924184689406327,0.351435157567363,,,,,,,,1.210214207914801e-05,0.927440695464611,174.49873278662562,60.11266208030283,56.39087788052857,0.1598288744688034,17.789329430833458,106639.89546865001,0.0,87289.8
252336560693540533935881068298825202077_eps9_s5,BPI2012_WC,1.0,21.0,42.0,12.0,1.0,76.6,0.38011948051739297,0.4492043814128236,0.3514200640690715,,,,,,,,1.210214207914801e-05,0.927440695464611,174.49873278662562,61.971356158703564,57.91972536332905,0.15935531258583066,17.821458812057973,107313.84703168421,0.0,87289.8
252336560693540533935881068298825202077_eps9_s6,BPI2012_WC,1.0,21.0,42.0,12.0,1.0,76.6,0.38011948051739297,0.4492043814128236,0.3514200640690715,,,,,,,,1.210214207914801e-05,0.927440695464611,174.49873278662562,59.86699193865061,55.88330055400729,0.16542347148060793,17.76914508640766,107999.3094320804,0.0,87289.8
252336560693540533935881068298825202077_eps9_s7,BPI2012_WC,1.0,21.0,42.0,12.0,1.0,76.6,0.38011948051739297,0.4492043814128236,0.3514200640690715,,,,,,,,1.210214207914801e-05,0.927440695464611,174.49873278662562,61.35567990429699,55.372119184583426,0.15845945999026295,17.532597299292682,108685.70503255054,0.0,87289.8
252336560693540533935881068298825202077_eps9_s8,BPI2012_WC,1.0,21.0,42.0,12.0,1.0,76.6,0.3800945632814276,0.449192582326199,0.3514242761588588,,,,,,,,1.210214207914801e-05,0.927440695464611,174.49873278662562,59.671768547594546,56.22008681409061,0.15682456754148005,17.728390872851016,109352.98196037226,0.0,87289.8
252336560693540533935881068298825202077_eps9_s9,BPI2012_WC,1.0,21.0,42.0,12.0,1.0,76.6,0.3800945632814276,0.449192582326199,0.35142344612491044,,,,,,,,1.210214207914801e-05,0.927440695464611,174.49873278662562,61.53762981705368,57.96587264426053,0.15900618396699423,17.691560070589183,110021.39778562114,0.0,87289.8
252336560693540533935881068298825202077_eps0_s0,BPI2013_Closed,1.0,3.0,42.0,12.0,1.0,36.8,0.26065791889752726,0.1964467396836816,0.40690326492620804,,,,,,,,0.00049187769586428,0.1288687381893396,11.9674832560122,8.350642945244909,7.837731638178229,0.10163427814841267,3.800402212142944,73.2166880596429,0.0,20142.6
252336560693540533935881068298825202077_eps0_s1,BPI2013_Closed,1.0,3.0,42.0,12.0,1.0,36.8,0.6866660492067547,0.4207151031584385,0.7352165447950179,,,,,,,,0.00049187769586428,0.1288687381893396,11.9674832560122,8.298043809831142,7.882488006725907,0.09330801256000994,3.761957346275449,174.93594977147876,0.0,20142.6
252336560693540533935881068298825202077_eps0_s10,BPI2013_Closed,1.0,3.0,42.0,12.0,1.0,36.8,0.6866660492067547,0.4207151031584385,0.7352165447950179,,,,,,,,0.00049187769586428,0.1288687381893396,11.9674832560122,7.735184422880411,7.377233992889524,0.09946939200162883,3.142808010429144,1041.834824020043,0.0,20142.6
252336560693540533935881068298825202077_eps0_s2,BPI2013_Closed,1.0,3.0,42.0,12.0,1.0,36.8,0.6866660492067547,0.4207151031584385,0.7352165447950179,,,,,,,,0.00049187769586428,0.1288687381893396,11.9674832560122,8.31450995504856,7.912281860411167,0.09540482833981512,3.6122896157205107,276.8324571073055,0.0,20142.6
252336560693540533935881068298825202077_eps0_s3,BPI2013_Closed,1.0,3.0,42.0,12.0,1.0,36.8,0.6866660492067547,0.4207151031584385,0.7352165447950179,,,,,,,,0.00049187769586428,0.1288687381893396,11.9674832560122,8.245569113641977,7.933295152336359,0.0950288280844688,3.477098062634468,377.33132198527454,0.0,20142.6
252336560693540533935881068298825202077_eps0_s4,BPI2013_Closed,1.0,3.0,42.0,12.0,1.0,36.8,0.6866660492067547,0.4207151031584385,0.7352165447950179,,,,,,,,0.00049187769586428,0.1288687381893396,11.9674832560122,8.280596289411188,7.874376011639834,0.09456615559756751,3.5606249533593655,477.9026592448354,0.0,20142.6
252336560693540533935881068298825202077_eps0_s5,BPI2013_Closed,1.0,3.0,42.0,12.0,1.0,36.8,0.6866660492067547,0.4207151031584385,0.7352165447950179,,,,,,,,0.00049187769586428,0.1288687381893396,11.9674832560122,7.92699937671423,7.4859448406845335,0.09574233964085574,3.350172272324562,576.7325128138066,0.0,20142.6
252336560693540533935881068298825202077_eps0_s6,BPI2013_Closed,1.0,3.0,42.0,12.0,1.0,36.8,0.6866660492067547,0.4207151031584385,0.7352165447950179,,,,,,,,0.00049187769586428,0.1288687381893396,11.9674832560122,7.759807645902038,7.3088829785585405,0.09687101319432254,3.0897432625293733,669.9372997611761,0.0,20142.6
252336560693540533935881068298825202077_eps0_s7,BPI2013_Closed,1.0,3.0,42.0,12.0,1.0,36.8,0.6866660492067547,0.4207151031584385,0.7352165447950179,,,,,,,,0.00049187769586428,0.1288687381893396,11.9674832560122,7.722660183161497,7.249819757044316,0.095158889144659,3.0653285041451452,762.4746824778616,0.0,20142.6
252336560693540533935881068298825202077_eps0_s8,BPI2013_Closed,1.0,3.0,42.0,12.0,1.0,36.8,0.6866660492067547,0.4207151031584385,0.7352165447950179,,,,,,,,0.00049187769586428,0.1288687381893396,11.9674832560122,7.73977824896574,7.363850009441376,0.09450078643858428,3.161050443351269,855.4527184218168,0.0,20142.6
252336560693540533935881068298825202077_eps0_s9,BPI2013_Closed,1.0,3.0,42.0,12.0,1.0,36.8,0.6866660492067547,0.4207151031584385,0.7352165447950179,,,,,,,,0.00049187769586428,0.1288687381893396,11.9674832560122,7.737756181880831,7.270493835955858,0.09561666399240491,3.170067959651351,948.4753584302962,0.0,20142.6
252336560693540533935881068298825202077_eps1_s0,BPI2013_Closed,1.0,5.0,42.0,12.0,1.0,36.8,0.26065791889752726,0.1964467396836816,0.41210230257405955,,,,,,,,0.00049187769586428,0.1288687381893396,11.9674832560122,7.78183917440474,7.384129970148206,0.09638965167105192,3.371630185842514,1136.1560058850796,0.0,20142.6
252336560693540533935881068298825202077_eps1_s1,BPI2013_Closed,1.0,5.0,42.0,12.0,1.0,36.8,0.6792717128862985,0.41682029041557456,0.7327687662997141,,,,,,,,0.00049187769586428,0.1288687381893396,11.9674832560122,7.822469399869442,7.354058162495494,0.09436618871986861,3.295553604513407,1230.852790865302,0.0,20142.6
252336560693540533935881068298825202077_eps1_s10,BPI2013_Closed,1.0,5.0,42.0,12.0,1.0,36.8,0.3964575276745456,0.2654194200634065,0.57960579701952,,,,,,,,0.00049187769586428,0.1288687381893396,11.9674832560122,7.7716765739023685,7.206731280684471,0.09552230015397065,3.180697295069695,2075.311870741099,0.0,20142.6
252336560693540533935881068298825202077_eps1_s2,BPI2013_Closed,1.0,5.0,42.0,12.0,1.0,36.8,0.6639910491780572,0.412670574142489,0.7298701484654118,,,,,,,,0.00049187769586428,0.1288687381893396,11.9674832560122,7.821219895780087,7.295597568154335,0.0956274881958961,3.2256966076791285,1324.9787114586682,0.0,20142.6
252336560693540533935881068298825202077_eps1_s3,BPI2013_Closed,1.0,5.0,42.0,12.0,1.0,36.8,0.6440024968330028,0.390011034576723,0.7160755606073549,,,,,,,,0.00049187769586428,0.1288687381893396,11.9674832560122,7.754240065068006,7.207994232699275,0.09522192627191539,3.2004723053425552,1418.358044873178,0.0,20142.6
252336560693540533935881068298825202077_eps1_s4,BPI2013_Closed,1.0,5.0,42.0,12.0,1.0,36.8,0.6361846691352888,0.37749450684133046,0.6804985181336384,,,,,,,,0.00049187769586428,0.1288687381893396,11.9674832560122,7.770430707931519,7.227902663871646,0.09516495354473589,3.0427001610398294,1510.891910599917,0.0,20142.6
252336560693540533935881068298825202077_eps1_s5,BPI2013_Closed,1.0,5.0,42.0,12.0,1.0,36.8,0.6195633015408232,0.3657453822596849,0.6667173578209817,,,,,,,,0.00049187769586428,0.1288687381893396,11.9674832560122,7.753800964355468,7.2271125938743355,0.09587833508849139,3.0534626007080083,1603.3909816220403,0.0,20142.6
252336560693540533935881068298825202077_eps1_s6,BPI2013_Closed,1.0,5.0,42.0,12.0,1.0,36.8,0.5793166570956495,0.3313397256878031,0.5930324431231566,,,,,,,,0.00049187769586428,0.1288687381893396,11.9674832560122,8.172422114387155,7.673379000276327,0.09455630332231516,3.18151411190629,1697.6364503256978,0.0,20142.6
252336560693540533935881068298825202077_eps1_s7,BPI2013_Closed,1.0,5.0,42.0,12.0,1.0,36.8,0.5417474803894355,0.31753904989570203,0.5921460188259359,,,,,,,,0.00049187769586428,0.1288687381893396,11.9674832560122,7.730201905220747,7.317445426434278,0.09415914975106712,3.208662812784314,1793.35637402758,0.0,20142.6
252336560693540533935881068298825202077_eps1_s8,BPI2013_Closed,1.0,5.0,42.0,12.0,1.0,36.8,0.3997174224445238,0.2673772898221724,0.582841028671998,,,,,,,,0.00049187769586428,0.1288687381893396,11.9674832560122,7.7732872072607275,7.114064585417509,0.09692869856953616,3.2059994105249645,1886.4454623091965,0.0,20142.6
252336560693540533935881068298825202077_eps1_s9,BPI2013_Closed,1.0,5.0,42.0,12.0,1.0,36.8,0.39754323774376055,0.2662031665406682,0.5807070950471792,,,,,,,,0.00049187769586428,0.1288687381893396,11.9674832560122,8.069127778708935,7.50442914403975,0.09838760755956169,3.186297760903835,1982.538115948811,0.0,20142.6
252336560693540533935881068298825202077_eps2_s0,BPI2013_Closed,1.0,7.0,42.0,12.0,1.0,36.8,0.26065791889752726,0.1964467396836816,0.4119244211774705,,,,,,,,0.00049187769586428,0.1288687381893396,11.9674832560122,8.163890953361989,7.748761258274317,0.09693457931280132,3.246697725355625,2170.9011011023076,0.0,20142.6
252336560693540533935881068298825202077_eps2_s1,BPI2013_Closed,1.0,7.0,42.0,12.0,1.0,36.8,0.6667371264158295,0.41450318164009203,0.7276547624219805,,,,,,,,0.00049187769586428,0.1288687381893396,11.9674832560122,8.032238733395934,7.578360442817211,0.09537368267774579,3.1652103908360005,2266.4874474309386,0.0,20142.6
252336560693540533935881068298825202077_eps2_s10,BPI2013_Closed,1.0,7.0,42.0,12.0,1.0,36.8,0.22786896052108005,0.18216737360460794,0.49705964259172764,,,,,,,,0.00049187769586428,0.1288687381893396,11.9674832560122,7.829526770487428,7.204294728860259,0.09660663828253742,3.0862610593438147,3127.367124481499,0.0,20142.6
252336560693540533935881068298825202077_eps2_s2,BPI2013_Closed,1.0,7.0,42.0,12.0,1.0,36.8,0.604730041508861,0.3955178263836442,0.6952555467031076,,,,,,,,0.00049187769586428,0.1288687381893396,11.9674832560122,7.986970948800445,7.518879605457187,0.09366865381598466,3.12936884239316,2362.272851998359,0.0,20142.6
252336560693540533935881068298825202077_eps2_s3,BPI2013_Closed,1.0,7.0,42.0,12.0,1.0,36.8,0.5434151873346666,0.3380051919662428,0.6631328226632842,,,,,,,,0.00049187769586428,0.1288687381893396,11.9674832560122,7.7319813195616005,7.233250897750258,0.09597739204764362,3.1410853836685417,2456.9619903672487,0.0,20142.6
252336560693540533935881068298825202077_eps2_s4,BPI2013_Closed,1.0,7.0,42.0,12.0,1.0,36.8,0.5420895868627607,0.33701544692646135,0.6617567749066406,,,,,,,,0.00049187769586428,0.1288687381893396,11.9674832560122,7.713142627105117,7.25520748719573,0.09605554342269894,3.0877227686345576,2549.7805600762367,0.0,20142.6
252336560693540533935881068298825202077_eps2_s5,BPI2013_Closed,1.0,7.0,42.0,12.0,1.0,36.8,0.4936110237818986,0.30086613633614245,0.6151235742288987,,,,,,,,0.00049187769586428,0.1288687381893396,11.9674832560122,8.436212185397745,7.788501534610987,0.09435392320156094,3.087494796141982,2647.0447042588144,0.0,20142.6
252336560693540533935881068298825202077_eps2_s6,BPI2013_Closed,1.0,7.0,42.0,12.0,1.0,36.8,0.49362536422901704,0.30085287505589087,0.6144045079908377,,,,,,,,0.00049187769586428,0.1288687381893396,11.9674832560122,8.370124939456582,7.949766044318676,0.0955734852701425,3.081994001567364,2745.519262823835,0.0,20142.6
252336560693540533935881068298825202077_eps2_s7,BPI2013_Closed,1.0,7.0,42.0,12.0,1.0,36.8,0.4583775920413218,0.2880939946638527,0.6096155539264569,,,,,,,,0.00049187769586428,0.1288687381893396,11.9674832560122,7.793070581182837,7.150066012516618,0.09603330790996546,3.1402444172650577,2840.37288457565,0.0,20142.6
252336560693540533935881068298825202077_eps2_s8,BPI2013_Closed,1.0,7.0,42.0,12.0,1.0,36.8,0.32388790036448434,0.24341941614367335,0.5848026245823756,,,,,,,,0.00049187769586428,0.1288687381893396,11.9674832560122,8.742092475295067,7.734197026863694,0.09368074201047413,3.6848854538053275,2937.689080499485,0.0,20142.6
252336560693540533935881068298825202077_eps2_s9,BPI2013_Closed,1.0,7.0,42.0,12.0,1.0,36.8,0.32325349944436493,0.24309608897467747,0.584386890944218,,,,,,,,0.00049187769586428,0.1288687381893396,11.9674832560122,7.75172480866313,7.078742979094386,0.09539970159530636,3.0597637452185156,3034.8761203020813,0.0,20142.6
252336560693540533935881068298825202077_eps3_s0,BPI2013_Closed,1.0,9.0,42.0,12.0,1.0,36.8,0.26065791889752726,0.1964467396836816,0.4119244211774705,,,,,,,,0.00049187769586428,0.1288687381893396,11.9674832560122,7.748421378433704,7.387044470012188,0.09718798324465747,3.1137828297913073,3220.4373061481865,0.0,20142.6
252336560693540533935881068298825202077_eps3_s1,BPI2013_Closed,1.0,9.0,42.0,12.0,1.0,36.8,0.6756234171259022,0.4169493113675686,0.730280087052264,,,,,,,,0.00049187769586428,0.1288687381893396,11.9674832560122,7.7854845214635136,7.247826113551855,0.09492846094071859,3.064346593618393,3313.5279887378215,0.0,20142.6
252336560693540533935881068298825202077_eps3_s10,BPI2013_Closed,1.0,9.0,42.0,12.0,1.0,36.8,0.28415968741966485,0.2045160863987344,0.4681480673480764,,,,,,,,0.00049187769586428,0.1288687381893396,11.9674832560122,7.782523944601417,7.099039999768138,0.09562318101525304,3.110990137979388,4141.500801800564,0.0,20142.6
252336560693540533935881068298825202077_eps3_s2,BPI2013_Closed,1.0,9.0,42.0,12.0,1.0,36.8,0.6437755453742666,0.40706455073069303,0.703043316075278,,,,,,,,0.00049187769586428,0.1288687381893396,11.9674832560122,7.666519479453564,7.2453520454466345,0.09294806085526938,2.966989776492119,3405.604933868349,0.0,20142.6
252336560693540533935881068298825202077_eps3_s3,BPI2013_Closed,1.0,9.0,42.0,12.0,1.0,36.8,0.605171058826923,0.36885779374372013,0.681897335959414,,,,,,,,0.00049187769586428,0.1288687381893396,11.9674832560122,7.679093601182103,7.248567512631416,0.0948650367558002,3.175616350769997,3497.6410569202153,0.0,20142.6
252336560693540533935881068298825202077_eps3_s4,BPI2013_Closed,1.0,9.0,42.0,12.0,1.0,36.8,0.6031425394907656,0.3622256784601645,0.6810310842219863,,,,,,,,0.00049187769586428,0.1288687381893396,11.9674832560122,7.733212752640247,7.2425766628235575,0.09664256833493703,2.995087218657136,3590.069987751916,0.0,20142.6
252336560693540533935881068298825202077_eps3_s5,BPI2013_Closed,1.0,9.0,42.0,12.0,1.0,36.8,0.549475282476134,0.3211245863610715,0.6340899398775173,,,,,,,,0.00049187769586428,0.1288687381893396,11.9674832560122,7.805734835937619,7.180853145942092,0.09632651470601557,3.0050897490233184,3682.1158687993884,0.0,20142.6
252336560693540533935881068298825202077_eps3_s6,BPI2013_Closed,1.0,9.0,42.0,12.0,1.0,36.8,0.5497285715492978,0.321687693157188,0.634351085611819,,,,,,,,0.00049187769586428,0.1288687381893396,11.9674832560122,7.742142812907696,7.224844133853912,0.09459312409162515,2.971329091116786,3774.0428749177604,0.0,20142.6
252336560693540533935881068298825202077_eps3_s7,BPI2013_Closed,1.0,9.0,42.0,12.0,1.0,36.8,0.5496062473902763,0.3216075649520598,0.6342067192747921,,,,,,,,0.00049187769586428,0.1288687381893396,11.9674832560122,7.829394276440143,7.117229517549276,0.09360782206058496,3.0939216546714308,3866.0848953459413,0.0,20142.6
252336560693540533935881068298825202077_eps3_s8,BPI2013_Closed,1.0,9.0,42.0,12.0,1.0,36.8,0.548892763134808,0.32152272703741575,0.633863064140812,,,,,,,,0.00049187769586428,0.1288687381893396,11.9674832560122,7.756877305358648,7.128724892809987,0.09730782769620416,2.986542138457298,3957.844001214579,0.0,20142.6
252336560693540533935881068298825202077_eps3_s9,BPI2013_Closed,1.0,9.0,42.0,12.0,1.0,36.8,0.5486510323717567,0.32139615226856205,0.6339631535451188,,,,,,,,0.00049187769586428,0.1288687381893396,11.9674832560122,7.765975343808532,7.0951073538511995,0.0951535530388355,3.0056211523711682,4049.654840444028,0.0,20142.6
252336560693540533935881068298825202077_eps4_s0,BPI2013_Closed,1.0,11.0,42.0,12.0,1.0,36.8,0.26065791889752726,0.1964467396836816,0.4119244211774705,,,,,,,,0.00049187769586428,0.1288687381893396,11.9674832560122,7.661693860590458,7.2297572560608385,0.09341287277638906,3.117001144960523,4233.507837172225,0.0,20142.6
252336560693540533935881068298825202077_eps4_s1,BPI2013_Closed,1.0,11.0,42.0,12.0,1.0,36.8,0.6775918418404829,0.4172780624523815,0.7309566959039099,,,,,,,,0.00049187769586428,0.1288687381893396,11.9674832560122,7.794240148738027,7.19800569973886,0.09675950631499286,2.9740111328661443,4325.84617622979,0.0,20142.6
252336560693540533935881068298825202077_eps4_s10,BPI2013_Closed,1.0,11.0,42.0,12.0,1.0,36.8,0.32938340015003054,0.2318003048892785,0.47998652039895706,,,,,,,,0.00049187769586428,0.1288687381893396,11.9674832560122,8.118853241950273,7.436645310372114,0.09593663401901717,3.144262705370784,5167.388094586879,0.0,20142.6
252336560693540533935881068298825202077_eps4_s2,BPI2013_Closed,1.0,11.0,42.0,12.0,1.0,36.8,0.6682246417458695,0.41579064583209585,0.7231099188270651,,,,,,,,0.00049187769586428,0.1288687381893396,11.9674832560122,8.10026456080377,7.514564258977771,0.09489816203713414,2.92024421133101,4419.093184944987,0.0,20142.6
252336560693540533935881068298825202077_eps4_s3,BPI2013_Closed,1.0,11.0,42.0,12.0,1.0,36.8,0.6456756578448201,0.4014067948776917,0.7000621633750826,,,,,,,,0.00049187769586428,0.1288687381893396,11.9674832560122,8.049150199443101,7.484845794737339,0.09512515142559999,2.943839193508029,4512.55657075867,0.0,20142.6
252336560693540533935881068298825202077_eps4_s4,BPI2013_Closed,1.0,11.0,42.0,12.0,1.0,36.8,0.6453200262453027,0.4012115277263616,0.6991111080689342,,,,,,,,0.00049187769586428,0.1288687381893396,11.9674832560122,7.556973772123456,7.142629242688417,0.09806940108537669,2.982038327679038,4606.256799142435,0.0,20142.6
252336560693540533935881068298825202077_eps4_s5,BPI2013_Closed,1.0,11.0,42.0,12.0,1.0,36.8,0.6082832523298768,0.37267420443284355,0.666893597669817,,,,,,,,0.00049187769586428,0.1288687381893396,11.9674832560122,8.042417775839567,7.57152893729508,0.09491702541708943,3.00217425711453,4700.179827166348,0.0,20142.6
252336560693540533935881068298825202077_eps4_s6,BPI2013_Closed,1.0,11.0,42.0,12.0,1.0,36.8,0.6085365414030406,0.3732373112289601,0.6675426036107558,,,,,,,,0.00049187769586428,0.1288687381893396,11.9674832560122,7.657969676703215,7.149027761444449,0.09498635977506634,2.9937681652605534,4792.270987118781,0.0,20142.6
252336560693540533935881068298825202077_eps4_s7,BPI2013_Closed,1.0,11.0,42.0,12.0,1.0,36.8,0.6084142172440192,0.3731571830238319,0.6674406593436738,,,,,,,,0.00049187769586428,0.1288687381893396,11.9674832560122,7.98607782907784,7.4365026615560055,0.09496119692921631,2.9878681991249323,4884.47483218126,0.0,20142.6
252336560693540533935881068298825202077_eps4_s8,BPI2013_Closed,1.0,11.0,42.0,12.0,1.0,36.8,0.6077007329885509,0.37307234510918785,0.6671762985770435,,,,,,,,0.00049187769586428,0.1288687381893396,11.9674832560122,7.9158835776150225,7.438264656811953,0.09320688918232913,3.0550463534891605,4978.534066680074,0.0,20142.6
252336560693540533935881068298825202077_eps4_s9,BPI2013_Closed,1.0,11.0,42.0,12.0,1.0,36.8,0.6074590022254995,0.37294577034033416,0.6671961335467921,,,,,,,,0.00049187769586428,0.1288687381893396,11.9674832560122,7.636463578417898,7.150803159549833,0.09470969922840591,3.0607917077839373,5071.866714768857,0.0,20142.6
252336560693540533935881068298825202077_eps5_s0,BPI2013_Closed,1.0,13.0,42.0,12.0,1.0,36.8,0.26065791889752726,0.1964467396836816,0.4119244211774705,,,,,,,,0.00049187769586428,0.1288687381893396,11.9674832560122,8.132473434507848,7.707155123725533,0.09608759023249144,3.1162098575383426,5263.8307195566595,0.0,20142.6
252336560693540533935881068298825202077_eps5_s1,BPI2013_Closed,1.0,13.0,42.0,12.0,1.0,36.8,0.6775804261011495,0.4172633231527663,0.7312295454562674,,,,,,,,0.00049187769586428,0.1288687381893396,11.9674832560122,8.83155735321343,8.291126058623195,0.09431376270949839,3.011275894194841,5362.7573657728735,0.0,20142.6
252336560693540533935881068298825202077_eps5_s10,BPI2013_Closed,1.0,13.0,42.0,12.0,1.0,36.8,0.38204947291800584,0.2650076098815321,0.4783630645145145,,,,,,,,0.00049187769586428,0.1288687381893396,11.9674832560122,7.8888607516884806,7.203416874632239,0.0955372687429189,3.057060919329524,6199.756281564757,0.0,20142.6
252336560693540533935881068298825202077_eps5_s2,BPI2013_Closed,1.0,13.0,42.0,12.0,1.0,36.8,0.668366797813986,0.4155807024226113,0.7232645233951371,,,,,,,,0.00049187769586428,0.1288687381893396,11.9674832560122,7.966363067924976,7.474133532866835,0.09561598040163516,2.946775707229972,5459.032894565165,0.0,20142.6
252336560693540533935881068298825202077_eps5_s3,BPI2013_Closed,1.0,13.0,42.0,12.0,1.0,36.8,0.6623764573088129,0.4117514413974698,0.7143208439185076,,,,,,,,0.00049187769586428,0.1288687381893396,11.9674832560122,8.014028268679976,7.495603071898222,0.09537250287830826,2.9739122513681653,5553.606867687777,0.0,20142.6
252336560693540533935881068298825202077_eps5_s4,BPI2013_Closed,1.0,13.0,42.0,12.0,1.0,36.8,0.6617790949462444,0.4113279871327066,0.7140195307677636,,,,,,,,0.00049187769586428,0.1288687381893396,11.9674832560122,7.954201889038086,7.833005306869746,0.09381824694573873,3.0086478017270566,5651.046202717722,0.0,20142.6
252336560693540533935881068298825202077_eps5_s5,BPI2013_Closed,1.0,13.0,42.0,12.0,1.0,36.8,0.6312244033337053,0.38900092739904896,0.688593382676901,,,,,,,,0.00049187769586428,0.1288687381893396,11.9674832560122,7.561698170751333,7.074360706657171,0.09421316757798193,2.979462971165776,5743.00707356967,0.0,20142.6
252336560693540533935881068298825202077_eps5_s6,BPI2013_Closed,1.0,13.0,42.0,12.0,1.0,36.8,0.6314776924068692,0.38956403419516544,0.6888744714230933,,,,,,,,0.00049187769586428,0.1288687381893396,11.9674832560122,7.735635204985738,7.217124535888433,0.0947336960583925,3.026490666344762,5834.4697883576155,0.0,20142.6
252336560693540533935881068298825202077_eps5_s7,BPI2013_Closed,1.0,13.0,42.0,12.0,1.0,36.8,0.6313553682478478,0.3894839059900372,0.6887749616905561,,,,,,,,0.00049187769586428,0.1288687381893396,11.9674832560122,7.711134617030621,7.082379771396518,0.09677185714244836,2.9603968910872935,5925.6504223153,0.0,20142.6
252336560693540533935881068298825202077_eps5_s8,BPI2013_Closed,1.0,13.0,42.0,12.0,1.0,36.8,0.6306418839923793,0.3893990680753932,0.6885735484279706,,,,,,,,0.00049187769586428,0.1288687381893396,11.9674832560122,7.698933202773333,6.953014960885048,0.09557051137089725,3.0391841623932123,6016.498509638756,0.0,20142.6
252336560693540533935881068298825202077_eps5_s9,BPI2013_Closed,1.0,13.0,42.0,12.0,1.0,36.8,0.6304001532293281,0.3892724933065395,0.6887173696295601,,,,,,,,0.00049187769586428,0.1288687381893396,11.9674832560122,7.744956874102354,7.081819336488843,0.09616679623723023,2.9994275886565447,6107.6474897418175,0.0,20142.6
252336560693540533935881068298825202077_eps6_s0,BPI2013_Closed,1.0,15.0,42.0,12.0,1.0,36.8,0.26065791889752726,0.1964467396836816,0.4119244211774705,,,,,,,,0.00049187769586428,0.1288687381893396,11.9674832560122,7.770099169388414,7.3669876351952555,0.09644837453961368,3.1443045631051065,6293.100977776945,0.0,20142.6
252336560693540533935881068298825202077_eps6_s1,BPI2013_Closed,1.0,15.0,42.0,12.0,1.0,36.8,0.6775804261011495,0.4172633231527663,0.7312072001696666,,,,,,,,0.00049187769586428,0.1288687381893396,11.9674832560122,7.629465034604072,7.173522858694196,0.09477380327880376,2.9873203586786987,6385.162036130205,0.0,20142.6
252336560693540533935881068298825202077_eps6_s10,BPI2013_Closed,1.0,15.0,42.0,12.0,1.0,36.8,0.4212972062697199,0.2680244265447894,0.48790469032171674,,,,,,,,0.00049187769586428,0.1288687381893396,11.9674832560122,7.921455674991011,7.314101004227996,0.10027690678834911,3.078086653724313,7210.887932838499,0.0,20142.6
252336560693540533935881068298825202077_eps6_s2,BPI2013_Closed,1.0,15.0,42.0,12.0,1.0,36.8,0.6686200868871499,0.41567811331736443,0.7232849581534403,,,,,,,,0.00049187769586428,0.1288687381893396,11.9674832560122,7.630254544317722,7.112720085680484,0.092720053717494,3.124179868772626,6476.796191511676,0.0,20142.6
252336560693540533935881068298825202077_eps6_s3,BPI2013_Closed,1.0,15.0,42.0,12.0,1.0,36.8,0.6631221851584133,0.41265839346484484,0.7157360742189262,,,,,,,,0.00049187769586428,0.1288687381893396,11.9674832560122,7.665019055828452,7.16209951415658,0.09681847281754012,3.0637385927140715,6567.951736728474,0.0,20142.6
252336560693540533935881068298825202077_eps6_s4,BPI2013_Closed,1.0,15.0,42.0,12.0,1.0,36.8,0.6625248227958447,0.41223493920008164,0.7152957131219417,,,,,,,,0.00049187769586428,0.1288687381893396,11.9674832560122,7.674902434274554,7.252810511365533,0.09942342601716511,2.972329454496503,6659.7404804237185,0.0,20142.6
252336560693540533935881068298825202077_eps6_s5,BPI2013_Closed,1.0,15.0,42.0,12.0,1.0,36.8,0.6499275535177098,0.40204726329552687,0.7042687582434599,,,,,,,,0.00049187769586428,0.1288687381893396,11.9674832560122,7.629290421679616,7.11405850276351,0.09756096862256522,3.0730176750570535,6751.253876956925,0.0,20142.6
252336560693540533935881068298825202077_eps6_s6,BPI2013_Closed,1.0,15.0,42.0,12.0,1.0,36.8,0.6501808425908736,0.40261037009164335,0.7045537326728526,,,,,,,,0.00049187769586428,0.1288687381893396,11.9674832560122,7.620317610353231,7.177260488271713,0.09534295760095116,2.9207013390958307,6842.2989874850955,0.0,20142.6
252336560693540533935881068298825202077_eps6_s7,BPI2013_Closed,1.0,15.0,42.0,12.0,1.0,36.8,0.6500585184318523,0.40253024188651504,0.7044161179939534,,,,,,,,0.00049187769586428,0.1288687381893396,11.9674832560122,8.201665852963924,7.342720209807157,0.09500386677682399,3.045003527775407,6933.745382934064,0.0,20142.6
252336560693540533935881068298825202077_eps6_s8,BPI2013_Closed,1.0,15.0,42.0,12.0,1.0,36.8,0.6493450341763839,0.40244540397187106,0.7042147047313679,,,,,,,,0.00049187769586428,0.1288687381893396,11.9674832560122,7.619993808865547,6.947244800254703,0.09590360261499878,2.96912668608129,7027.648585001007,0.0,20142.6
252336560693540533935881068298825202077_eps6_s9,BPI2013_Closed,1.0,15.0,42.0,12.0,1.0,36.8,0.6491033034133327,0.4023188292030174,0.7041409655498244,,,,,,,,0.00049187769586428,0.1288687381893396,11.9674832560122,7.666356894001365,7.067996797338128,0.09565041922032828,3.06440664306283,7118.408617469296,0.0,20142.6
252336560693540533935881068298825202077_eps7_s0,BPI2013_Closed,1.0,17.0,42.0,12.0,1.0,36.8,0.26065791889752726,0.1964467396836816,0.4119244211774705,,,,,,,,0.00049187769586428,0.1288687381893396,11.9674832560122,7.76627209559083,7.369430159404874,0.09477009363472458,3.148952374979854,7304.699261535332,0.0,20142.6
252336560693540533935881068298825202077_eps7_s1,BPI2013_Closed,1.0,17.0,42.0,12.0,1.0,36.8,0.6775804261011495,0.4172633231527663,0.7312040549919493,,,,,,,,0.00049187769586428,0.1288687381893396,11.9674832560122,8.230293694138528,7.580966297909617,0.0953635718673467,3.186770093813539,7401.12890000157,0.0,20142.6
252336560693540533935881068298825202077_eps7_s10,BPI2013_Closed,1.0,17.0,42.0,12.0,1.0,36.8,0.4214496968910112,0.27008742968613614,0.49311545540340235,,,,,,,,0.00049187769586428,0.1288687381893396,11.9674832560122,8.337294637411834,7.71621858254075,0.09933157600462432,3.118679950758815,8254.791836312414,0.0,20142.6
252336560693540533935881068298825202077_eps7_s2,BPI2013_Closed,1.0,17.0,42.0,12.0,1.0,36.8,0.6686200868871499,0.41567811331736443,0.7233603439134608,,,,,,,,0.00049187769586428,0.1288687381893396,11.9674832560122,7.787940806150436,7.233842983096838,0.09748221561312673,3.060894598066807,7495.132095549256,0.0,20142.6
252336560693540533935881068298825202077_eps7_s3,BPI2013_Closed,1.0,17.0,42.0,12.0,1.0,36.8,0.6633839652631253,0.41285379951943746,0.715896792720079,,,,,,,,0.00049187769586428,0.1288687381893396,11.9674832560122,7.727485013008118,7.209507085755467,0.09722564630210394,3.037688638269901,7587.220382053405,0.0,20142.6
252336560693540533935881068298825202077_eps7_s4,BPI2013_Closed,1.0,17.0,42.0,12.0,1.0,36.8,0.6627866029005568,0.41243034525467426,0.7154564316230946,,,,,,,,0.00049187769586428,0.1288687381893396,11.9674832560122,8.115855272486806,7.557321145385504,0.09631666392087931,2.966875395551324,7682.136557544023,0.0,20142.6
252336560693540533935881068298825202077_eps7_s5,BPI2013_Closed,1.0,17.0,42.0,12.0,1.0,36.8,0.6513044067788443,0.40302116244018704,0.7053006059966714,,,,,,,,0.00049187769586428,0.1288687381893396,11.9674832560122,8.074787676334381,7.560617327317596,0.09587281532585616,3.055673084035516,7777.604782825709,0.0,20142.6
252336560693540533935881068298825202077_eps7_s6,BPI2013_Closed,1.0,17.0,42.0,12.0,1.0,36.8,0.6515576958520082,0.40358426923630353,0.705585580426064,,,,,,,,0.00049187769586428,0.1288687381893396,11.9674832560122,7.704639597982168,7.14250159189105,0.09812623187899586,2.984499783441424,7869.69133486338,0.0,20142.6
252336560693540533935881068298825202077_eps7_s7,BPI2013_Closed,1.0,17.0,42.0,12.0,1.0,36.8,0.6514353716929867,0.4035041410311753,0.705447965747165,,,,,,,,0.00049187769586428,0.1288687381893396,11.9674832560122,8.36166677698493,7.738410849869251,0.09646593593060966,2.963399776816368,7964.775015432388,0.0,20142.6
252336560693540533935881068298825202077_eps7_s8,BPI2013_Closed,1.0,17.0,42.0,12.0,1.0,36.8,0.6507218874375184,0.40341930311653124,0.7052465524845795,,,,,,,,0.00049187769586428,0.1288687381893396,11.9674832560122,7.925592355430126,7.303183780610562,0.09365897662937636,3.0315907564014197,8059.463730476424,0.0,20142.6
252336560693540533935881068298825202077_eps7_s9,BPI2013_Closed,1.0,17.0,42.0,12.0,1.0,36.8,0.6504801566744671,0.40329272834767754,0.7052299930961942,,,,,,,,0.00049187769586428,0.1288687381893396,11.9674832560122,8.295336761698128,7.768106372281909,0.09542186222970482,2.930602944642305,8156.179159355908,0.0,20142.6
252336560693540533935881068298825202077_eps8_s0,BPI2013_Closed,1.0,19.0,42.0,12.0,1.0,36.8,0.26065791889752726,0.1964467396836816,0.4119244211774705,,,,,,,,0.00049187769586428,0.1288687381893396,11.9674832560122,8.549144446477294,8.46703905314207,0.0954482782632112,3.128990687057376,8354.998086971416,0.0,20142.6
252336560693540533935881068298825202077_eps8_s1,BPI2013_Closed,1.0,19.0,42.0,12.0,1.0,36.8,0.6775804261011495,0.4172633231527663,0.7312027845998996,,,,,,,,0.00049187769586428,0.1288687381893396,11.9674832560122,7.711574013903737,7.268090738728643,0.09656206779181951,2.9711113762110473,8450.572996192053,0.0,20142.6
252336560693540533935881068298825202077_eps8_s10,BPI2013_Closed,1.0,19.0,42.0,12.0,1.0,36.8,0.4312638287040375,0.2754978736311939,0.4935991587203253,,,,,,,,0.00049187769586428,0.1288687381893396,11.9674832560122,8.190679594129325,7.462337507680059,0.09587743580341336,3.099458725377917,9279.975187550113,0.0,20142.6
252336560693540533935881068298825202077_eps8_s2,BPI2013_Closed,1.0,19.0,42.0,12.0,1.0,36.8,0.6686200868871499,0.41567811331736443,0.7232964755881873,,,,,,,,0.00049187769586428,0.1288687381893396,11.9674832560122,7.699232748895883,7.221308268606663,0.09498668722808357,2.9144827287644146,8542.302493376284,0.0,20142.6
252336560693540533935881068298825202077_eps8_s3,BPI2013_Closed,1.0,19.0,42.0,12.0,1.0,36.8,0.6633839652631253,0.41285379951943746,0.7158853063237525,,,,,,,,0.00049187769586428,0.1288687381893396,11.9674832560122,7.729637041687965,7.25684290714562,0.09619416370987885,3.1332815408706667,8634.567927525193,0.0,20142.6
252336560693540533935881068298825202077_eps8_s4,BPI2013_Closed,1.0,19.0,42.0,12.0,1.0,36.8,0.6627866029005568,0.41243034525467426,0.7154449452267679,,,,,,,,0.00049187769586428,0.1288687381893396,11.9674832560122,7.633692613989115,7.211911980807781,0.09585118442773813,2.9182204812765122,8726.117020571604,0.0,20142.6
252336560693540533935881068298825202077_eps8_s5,BPI2013_Closed,1.0,19.0,42.0,12.0,1.0,36.8,0.6516739603156871,0.40328787651030185,0.7056370330643873,,,,,,,,0.00049187769586428,0.1288687381893396,11.9674832560122,7.746827708184719,7.163250327855349,0.09790681153535838,2.986261731758714,8817.71912706755,0.0,20142.6
252336560693540533935881068298825202077_eps8_s6,BPI2013_Closed,1.0,19.0,42.0,12.0,1.0,36.8,0.6519272493888509,0.40385098330641844,0.7059220074937799,,,,,,,,0.00049187769586428,0.1288687381893396,11.9674832560122,7.753178874030709,7.223203455656767,0.09989731721580024,3.1332600388675926,8910.012718854845,0.0,20142.6
252336560693540533935881068298825202077_eps8_s7,BPI2013_Closed,1.0,19.0,42.0,12.0,1.0,36.8,0.6518049252298296,0.40377085510129024,0.7057843928148808,,,,,,,,0.00049187769586428,0.1288687381893396,11.9674832560122,7.728940300643444,7.082510641217231,0.09687663242220874,2.971962859481573,9001.657233269885,0.0,20142.6
252336560693540533935881068298825202077_eps8_s8,BPI2013_Closed,1.0,19.0,42.0,12.0,1.0,36.8,0.6510914409743613,0.40368601718664615,0.7055829795522953,,,,,,,,0.00049187769586428,0.1288687381893396,11.9674832560122,7.789784454926848,7.062523771822453,0.10209419280290596,3.0407139282673596,9093.156332869456,0.0,20142.6
252336560693540533935881068298825202077_eps8_s9,BPI2013_Closed,1.0,19.0,42.0,12.0,1.0,36.8,0.65084971021131,0.40355944241779246,0.70556642016391,,,,,,,,0.00049187769586428,0.1288687381893396,11.9674832560122,7.791925604641437,7.1037567660212515,0.0987997535616159,3.124052992463112,9185.216780924424,0.0,20142.6
252336560693540533935881068298825202077_eps9_s0,BPI2013_Closed,1.0,21.0,42.0,12.0,1.0,36.8,0.26065791889752726,0.1964467396836816,0.4119244211774705,,,,,,,,0.00049187769586428,0.1288687381893396,11.9674832560122,7.817395462468267,7.412367572262883,0.09596542008221146,3.165066970139742,9374.437964226678,0.0,20142.6
252336560693540533935881068298825202077_eps9_s1,BPI2013_Closed,1.0,21.0,42.0,12.0,1.0,36.8,0.6775804261011495,0.4172633231527663,0.7312032654854883,,,,,,,,0.00049187769586428,0.1288687381893396,11.9674832560122,7.775332135334611,7.26002466455102,0.09619775898754593,3.096677516773343,9468.044461901114,0.0,20142.6
252336560693540533935881068298825202077_eps9_s10,BPI2013_Closed,1.0,21.0,42.0,12.0,1.0,36.8,0.4329154751791283,0.2789129709002661,0.49155953822891485,,,,,,,,0.00049187769586428,0.1288687381893396,11.9674832560122,8.712757449224592,7.872805824130774,0.09545446336269374,3.071474679931998,10304.084733378888,0.0,20142.6
252336560693540533935881068298825202077_eps9_s2,BPI2013_Closed,1.0,21.0,42.0,12.0,1.0,36.8,0.6686200868871499,0.41567811331736443,0.7232814572072819,,,,,,,,0.00049187769586428,0.1288687381893396,11.9674832560122,7.708327301964164,7.228322669491172,0.09613389186561107,3.0977436412125825,9560.635447612778,0.0,20142.6
252336560693540533935881068298825202077_eps9_s3,BPI2013_Closed,1.0,21.0,42.0,12.0,1.0,36.8,0.6633839652631253,0.41285379951943746,0.7158597861712446,,,,,,,,0.00049187769586428,0.1288687381893396,11.9674832560122,7.644685313850641,7.282998847216367,0.10206016376614564,2.9488947287201883,9652.437297909706,0.0,20142.6
252336560693540533935881068298825202077_eps9_s4,BPI2013_Closed,1.0,21.0,42.0,12.0,1.0,36.8,0.6627866029005568,0.41243034525467426,0.7154194250742602,,,,,,,,0.00049187769586428,0.1288687381893396,11.9674832560122,7.6809409011155365,7.233879245445133,0.09859284497797485,2.9499519899487496,9744.297797945886,0.0,20142.6
252336560693540533935881068298825202077_eps9_s5,BPI2013_Closed,1.0,21.0,42.0,12.0,1.0,36.8,0.6516739603156871,0.40328787651030185,0.7057090844671798,,,,,,,,0.00049187769586428,0.1288687381893396,11.9674832560122,8.289600760489702,7.654287356883287,0.0964772921055555,3.0644192595034836,9840.0284534771,0.0,20142.6
252336560693540533935881068298825202077_eps9_s6,BPI2013_Closed,1.0,21.0,42.0,12.0,1.0,36.8,0.6519272493888509,0.40385098330641844,0.7059940588965725,,,,,,,,0.00049187769586428,0.1288687381893396,11.9674832560122,7.727763103693723,7.237634024769068,0.09778854623436924,2.959292688593268,9933.000059484319,0.0,20142.6
252336560693540533935881068298825202077_eps9_s7,BPI2013_Closed,1.0,21.0,42.0,12.0,1.0,36.8,0.6518049252298296,0.40377085510129024,0.7058564442176734,,,,,,,,0.00049187769586428,0.1288687381893396,11.9674832560122,7.718003774434328,7.1269658204168085,0.0960848908871412,3.0097889464348553,10024.756967052444,0.0,20142.6
252336560693540533935881068298825202077_eps9_s8,BPI2013_Closed,1.0,21.0,42.0,12.0,1.0,36.8,0.6510914409743613,0.40368601718664615,0.705655030955088,,,,,,,,0.00049187769586428,0.1288687381893396,11.9674832560122,7.702274928987026,7.042729577794671,0.0970649108290672,3.0805447667837145,10115.987507300824,0.0,20142.6
252336560693540533935881068298825202077_eps9_s9,BPI2013_Closed,1.0,21.0,42.0,12.0,1.0,36.8,0.65084971021131,0.40355944241779246,0.7056384715667027,,,,,,,,0.00049187769586428,0.1288687381893396,11.9674832560122,7.6492036141455175,7.032313925400376,0.09583532065153118,2.9750086326152085,10207.094571644067,0.0,20142.6
252336560693540533935881068298825202077_eps0_s0,BPI2013_Incidents,1.0,3.0,42.0,12.0,1.0,124.6,0.1392419820160094,0.12911517199118894,0.27908398055897665,,,,,,,,0.00017675058614579682,2.233052955940366,463.56043948605657,70.33766284510493,67.68207623548805,0.133447914943099,17.207880014926197,929.1507428240031,0.0,173374.6
252336560693540533935881068298825202077_eps0_s1,BPI2013_Incidents,1.0,3.0,42.0,12.0,1.0,124.6,0.702790723222742,0.3091174671574227,0.32850040608213177,,,,,,,,0.00017675058614579682,2.233052955940366,463.56043948605657,70.65344716310501,534.3924096211791,0.1350159306079149,22.057115342468023,3079.011494375393,0.0,173374.6
252336560693540533935881068298825202077_eps0_s10,BPI2013_Incidents,1.0,3.0,42.0,12.0,1.0,124.6,0.702790723222742,0.3091174671574227,0.32850040608213177,,,,,,,,0.00017675058614579682,2.233052955940366,463.56043948605657,70.68893605284393,526.9657538868487,0.14132689759135245,22.13297894895077,36060.466965894404,0.0,173374.6
252336560693540533935881068298825202077_eps0_s2,BPI2013_Incidents,1.0,3.0,42.0,12.0,1.0,124.6,0.702790723222742,0.3091174671574227,0.32850040608213177,,,,,,,,0.00017675058614579682,2.233052955940366,463.56043948605657,70.82237462066114,530.2493696924299,0.13849325813353058,21.92703371345997,6207.654771893844,0.0,173374.6
252336560693540533935881068298825202077_eps0_s3,BPI2013_Incidents,1.0,3.0,42.0,12.0,1.0,124.6,0.702790723222742,0.3091174671574227,0.32850040608213177,,,,,,,,0.00017675058614579682,2.233052955940366,463.56043948605657,70.71235492415727,529.5008809302002,0.13406703211367127,22.000105088576674,9317.623308432847,0.0,173374.6
252336560693540533935881068298825202077_eps0_s4,BPI2013_Incidents,1.0,3.0,42.0,12.0,1.0,124.6,0.702790723222742,0.3091174671574227,0.32850040608213177,,,,,,,,0.00017675058614579682,2.233052955940366,463.56043948605657,70.59323997870088,527.9052758660167,0.1343012053519487,22.088615596666934,12428.077863666042,0.0,173374.6
252336560693540533935881068298825202077_eps0_s5,BPI2013_Incidents,1.0,3.0,42.0,12.0,1.0,124.6,0.702790723222742,0.3091174671574227,0.32850040608213177,,,,,,,,0.00017675058614579682,2.233052955940366,463.56043948605657,75.57304743528366,539.706191534549,0.1361217632889747,23.573250360041857,15591.14879549928,0.0,173374.6
252336560693540533935881068298825202077_eps0_s6,BPI2013_Incidents,1.0,3.0,42.0,12.0,1.0,124.6,0.702790723222742,0.3091174671574227,0.32850040608213177,,,,,,,,0.00017675058614579682,2.233052955940366,463.56043948605657,76.34380122311413,597.3907904174179,65.50764162614942,194.0361422047019,19892.3307327915,0.0,173374.6
252336560693540533935881068298825202077_eps0_s7,BPI2013_Incidents,1.0,3.0,42.0,12.0,1.0,124.6,0.702790723222742,0.3091174671574227,0.32850040608213177,,,,,,,,0.00017675058614579682,2.233052955940366,463.56043948605657,76.73154198415577,591.5729672234505,75.68944027796388,206.86856243647634,25410.0640693564,0.0,173374.6
252336560693540533935881068298825202077_eps0_s8,BPI2013_Incidents,1.0,3.0,42.0,12.0,1.0,124.6,0.702790723222742,0.3091174671574227,0.32850040608213177,,,,,,,,0.00017675058614579682,2.233052955940366,463.56043948605657,72.40305929966271,536.8960930097849,2.246661600470543,22.352061008661984,29788.135827882586,0.0,173374.6
252336560693540533935881068298825202077_eps0_s9,BPI2013_Incidents,1.0,3.0,42.0,12.0,1.0,124.6,0.702790723222742,0.3091174671574227,0.32850040608213177,,,,,,,,0.00017675058614579682,2.233052955940366,463.56043948605657,75.69549956470728,534.7694474797696,0.13348880559206006,22.3319583106786,32942.86829113476,0.0,173374.6
252336560693540533935881068298825202077_eps1_s0,BPI2013_Incidents,1.0,5.0,42.0,12.0,1.0,124.6,0.1392142476853317,0.12910803444815921,0.27889883714468156,,,,,,,,0.00017675058614579682,2.233052955940366,463.56043948605657,70.2458722382784,67.50558125115931,0.13686957582831377,18.035136669129134,37809.726278121394,0.0,173374.6
252336560693540533935881068298825202077_eps1_s1,BPI2013_Incidents,1.0,5.0,42.0,12.0,1.0,124.6,0.6659464805501931,0.28629452399639665,0.3032827825791752,,,,,,,,0.00017675058614579682,2.233052955940366,463.56043948605657,70.59796490520239,534.3314773019404,0.13485497198998925,21.755549128353596,39958.054839436336,0.0,173374.6
252336560693540533935881068298825202077_eps1_s10,BPI2013_Incidents,1.0,5.0,42.0,12.0,1.0,124.6,0.31517618092834243,0.26844383324732257,0.3928418009069744,,,,,,,,0.00017675058614579682,2.233052955940366,463.56043948605657,71.74153654426337,71.57977859154343,0.13877914845943448,18.379575691744684,52896.674960884455,0.0,173374.6
252336560693540533935881068298825202077_eps1_s2,BPI2013_Incidents,1.0,5.0,42.0,12.0,1.0,124.6,0.6272117694127592,0.2808379957276047,0.3077624535684948,,,,,,,,0.00017675058614579682,2.233052955940366,463.56043948605657,75.38388369716704,527.9768551640212,0.13490164242684838,21.71235868446529,43099.3152374249,0.0,173374.6
252336560693540533935881068298825202077_eps1_s3,BPI2013_Incidents,1.0,5.0,42.0,12.0,1.0,124.6,0.6115038217980111,0.27307314418373896,0.28635980869675304,,,,,,,,0.00017675058614579682,2.233052955940366,463.56043948605657,70.44504644423724,521.1220595423132,0.14242660291492934,21.659053517878057,46174.83483602889,0.0,173374.6
252336560693540533935881068298825202077_eps1_s4,BPI2013_Incidents,1.0,5.0,42.0,12.0,1.0,124.6,0.4147596370235074,0.2729948195976811,0.4337920617657063,,,,,,,,0.00017675058614579682,2.233052955940366,463.56043948605657,70.2283483531326,70.51530603803694,0.13238529264926907,17.647255378216506,47929.63078419007,0.0,173374.6
252336560693540533935881068298825202077_eps1_s5,BPI2013_Incidents,1.0,5.0,42.0,12.0,1.0,124.6,0.41378995377617445,0.2736670962732203,0.4276329719956434,,,,,,,,0.00017675058614579682,2.233052955940366,463.56043948605657,76.23494300246239,77.29204954132437,0.13236301802098746,17.929903945326807,48750.3927932702,0.0,173374.6
252336560693540533935881068298825202077_eps1_s6,BPI2013_Incidents,1.0,5.0,42.0,12.0,1.0,124.6,0.4116750568977706,0.2721830326255043,0.4219175116193011,,,,,,,,0.00017675058614579682,2.233052955940366,463.56043948605657,73.86837909892202,80.48597295098007,0.12932202666997905,17.80655409321189,49635.04243135974,0.0,173374.6
252336560693540533935881068298825202077_eps1_s7,BPI2013_Incidents,1.0,5.0,42.0,12.0,1.0,124.6,0.4082362719769003,0.2695740929910576,0.4166661380562364,,,,,,,,0.00017675058614579682,2.233052955940366,463.56043948605657,70.99997595101595,72.58968304879963,0.1383375003933906,18.327296130359176,50455.41226724535,0.0,173374.6
252336560693540533935881068298825202077_eps1_s8,BPI2013_Incidents,1.0,5.0,42.0,12.0,1.0,124.6,0.4060805024129991,0.26854030802894746,0.41727205014601526,,,,,,,,0.00017675058614579682,2.233052955940366,463.56043948605657,70.97144430093468,72.56254714913666,0.1380671791732311,18.39712963886559,51267.7619176928,0.0,173374.6
252336560693540533935881068298825202077_eps1_s9,BPI2013_Incidents,1.0,5.0,42.0,12.0,1.0,124.6,0.40331147038421095,0.2683422906138119,0.41854320725024435,,,,,,,,0.00017675058614579682,2.233052955940366,463.56043948605657,71.40620838440955,72.87583663538098,0.150712214037776,18.418503685295583,52083.229990430176,0.0,173374.6
252336560693540533935881068298825202077_eps2_s0,BPI2013_Incidents,1.0,7.0,42.0,12.0,1.0,124.6,0.1392142476853317,0.12910803444815921,0.27889883714468156,,,,,,,,0.00017675058614579682,2.233052955940366,463.56043948605657,71.71971271708608,69.7352745268494,0.14002622887492172,18.56882182843983,53704.81139572933,0.0,173374.6
252336560693540533935881068298825202077_eps2_s1,BPI2013_Incidents,1.0,7.0,42.0,12.0,1.0,124.6,0.6641447684488299,0.2890830989195495,0.2786579895590196,,,,,,,,0.00017675058614579682,2.233052955940366,463.56043948605657,71.79811568558216,596.9594947241246,0.14445653520524498,22.71773529611528,56056.50140682608,0.0,173374.6
252336560693540533935881068298825202077_eps2_s10,BPI2013_Incidents,1.0,7.0,42.0,12.0,1.0,124.6,0.20150790625902787,0.15903905396670778,0.3518730354511817,,,,,,,,0.00017675058614579682,2.233052955940366,463.56043948605657,71.4444169856608,67.05635349415243,0.14181025028228753,18.032589856535196,68624.97098707446,0.0,173374.6
252336560693540533935881068298825202077_eps2_s2,BPI2013_Incidents,1.0,7.0,42.0,12.0,1.0,124.6,0.58537794698936,0.24893398844457781,0.23115386456215664,,,,,,,,0.00017675058614579682,2.233052955940366,463.56043948605657,72.43491985462606,605.5079069305211,0.1694254837930202,22.73700098954141,59550.62600549683,0.0,173374.6
252336560693540533935881068298825202077_eps2_s3,BPI2013_Incidents,1.0,7.0,42.0,12.0,1.0,124.6,0.551400037116044,0.2908919467611668,0.34485005623472026,,,,,,,,0.00017675058614579682,2.233052955940366,463.56043948605657,72.00391055010259,378.2495185930282,0.14079756662249565,21.071008036658167,62404.681274402516,0.0,173374.6
252336560693540533935881068298825202077_eps2_s4,BPI2013_Incidents,1.0,7.0,42.0,12.0,1.0,124.6,0.3369359887284989,0.2707157524519078,0.4490391965239178,,,,,,,,0.00017675058614579682,2.233052955940366,463.56043948605657,71.99853104501963,69.12072362117469,0.1431662775576114,18.04057215563953,63831.260607004166,0.0,173374.6
252336560693540533935881068298825202077_eps2_s5,BPI2013_Incidents,1.0,7.0,42.0,12.0,1.0,124.6,0.3349460711078855,0.2686351963642707,0.4479878242470156,,,,,,,,0.00017675058614579682,2.233052955940366,463.56043948605657,71.5815833941102,68.35863742418587,0.14389840364456175,18.068284830451013,64625.49333254546,0.0,173374.6
252336560693540533935881068298825202077_eps2_s6,BPI2013_Incidents,1.0,7.0,42.0,12.0,1.0,124.6,0.31691453104011413,0.2541729595082334,0.4327223955283099,,,,,,,,0.00017675058614579682,2.233052955940366,463.56043948605657,72.20453725196421,69.36196007058024,0.14171493612229819,18.337458538636564,65424.588526976484,0.0,173374.6
252336560693540533935881068298825202077_eps2_s7,BPI2013_Incidents,1.0,7.0,42.0,12.0,1.0,124.6,0.3111889431896785,0.250264872201696,0.4310493729512137,,,,,,,,0.00017675058614579682,2.233052955940366,463.56043948605657,71.47448639981448,72.67431588061154,0.14131636694073674,17.969792745262385,66233.02553443052,0.0,173374.6
252336560693540533935881068298825202077_eps2_s8,BPI2013_Incidents,1.0,7.0,42.0,12.0,1.0,124.6,0.28328576519424054,0.21423914843040476,0.39195426324251537,,,,,,,,0.00017675058614579682,2.233052955940366,463.56043948605657,71.26679797023534,69.5965072195977,0.14427034109830852,18.12926750481129,67037.20276546032,0.0,173374.6
252336560693540533935881068298825202077_eps2_s9,BPI2013_Incidents,1.0,7.0,42.0,12.0,1.0,124.6,0.28330148665316923,0.2142891638393453,0.39187740456819986,,,,,,,,0.00017675058614579682,2.233052955940366,463.56043948605657,71.67553446218372,69.05958346910775,0.1494098979979753,18.113979668170213,67834.28963406532,0.0,173374.6
252336560693540533935881068298825202077_eps3_s0,BPI2013_Incidents,1.0,9.0,42.0,12.0,1.0,124.6,0.1392142476853317,0.12910803444815921,0.27889883714468156,,,,,,,,0.00017675058614579682,2.233052955940366,463.56043948605657,76.78385973870755,77.23816364780069,0.14198847375810142,18.483848367631435,69471.40940595604,0.0,173374.6
252336560693540533935881068298825202077_eps3_s1,BPI2013_Incidents,1.0,9.0,42.0,12.0,1.0,124.6,0.670107845723761,0.29414821836182103,0.2676003374037986,,,,,,,,0.00017675058614579682,2.233052955940366,463.56043948605657,72.3902082465589,632.9787945263088,0.14691340364515776,22.992603766918183,71930.78700230941,0.0,173374.6
252336560693540533935881068298825202077_eps3_s10,BPI2013_Incidents,1.0,9.0,42.0,12.0,1.0,124.6,0.32207862299487855,0.16708866368204403,0.32943689056530356,,,,,,,,0.00017675058614579682,2.233052955940366,463.56043948605657,72.25282968617975,67.44048213250935,0.13824013695120807,18.53858127295971,84784.42180813775,0.0,173374.6
252336560693540533935881068298825202077_eps3_s2,BPI2013_Incidents,1.0,9.0,42.0,12.0,1.0,124.6,0.6307499207002283,0.26335087705107013,0.23942799985025093,,,,,,,,0.00017675058614579682,2.233052955940366,463.56043948605657,72.35898377411067,626.9443952519447,0.14482057914137839,23.037532896175982,75563.75349478424,0.0,173374.6
252336560693540533935881068298825202077_eps3_s3,BPI2013_Incidents,1.0,9.0,42.0,12.0,1.0,124.6,0.6022421137390038,0.3099128898221418,0.3764494309543418,,,,,,,,0.00017675058614579682,2.233052955940366,463.56043948605657,72.75314370058477,369.0488273385912,0.1467384111136198,20.98454432711005,78431.93205303252,0.0,173374.6
252336560693540533935881068298825202077_eps3_s4,BPI2013_Incidents,1.0,9.0,42.0,12.0,1.0,124.6,0.5443324377940489,0.31032045208863934,0.5118095304985888,,,,,,,,0.00017675058614579682,2.233052955940366,463.56043948605657,76.66283398233354,76.37151423729956,0.1427893210202455,18.18148510195315,79907.33827898279,0.0,173374.6
252336560693540533935881068298825202077_eps3_s5,BPI2013_Incidents,1.0,9.0,42.0,12.0,1.0,124.6,0.5443058130190745,0.3103594194072494,0.510461595087764,,,,,,,,0.00017675058614579682,2.233052955940366,463.56043948605657,71.66121709272265,69.47733968608081,0.1429331228137016,18.023090265318753,80716.40971096605,0.0,173374.6
252336560693540533935881068298825202077_eps3_s6,BPI2013_Incidents,1.0,9.0,42.0,12.0,1.0,124.6,0.5441542879832578,0.31024750528955974,0.5105276867002744,,,,,,,,0.00017675058614579682,2.233052955940366,463.56043948605657,72.38895935527981,69.88590022101998,0.1464727811515331,18.42158321514726,81519.17888482474,0.0,173374.6
252336560693540533935881068298825202077_eps3_s7,BPI2013_Incidents,1.0,9.0,42.0,12.0,1.0,124.6,0.5441678261948601,0.3102662944527397,0.5105502055079908,,,,,,,,0.00017675058614579682,2.233052955940366,463.56043948605657,71.93481416739523,69.21308551244438,0.13685882873833174,17.969808340072632,82322.60604190156,0.0,173374.6
252336560693540533935881068298825202077_eps3_s8,BPI2013_Incidents,1.0,9.0,42.0,12.0,1.0,124.6,0.47712317463007875,0.2622999991266698,0.4226755848876579,,,,,,,,0.00017675058614579682,2.233052955940366,463.56043948605657,76.2436017639935,77.62952416911722,0.13959836363792416,18.201316473260523,83172.21689216122,0.0,173374.6
252336560693540533935881068298825202077_eps3_s9,BPI2013_Incidents,1.0,9.0,42.0,12.0,1.0,124.6,0.47709638449771585,0.2622661890707881,0.42264924588602426,,,,,,,,0.00017675058614579682,2.233052955940366,463.56043948605657,71.66284903995692,70.40847569592297,0.1391982097178697,18.220646934211253,83985.8602853842,0.0,173374.6
252336560693540533935881068298825202077_eps4_s0,BPI2013_Incidents,1.0,11.0,42.0,12.0,1.0,124.6,0.1392142476853317,0.12910803444815921,0.27889883714468156,,,,,,,,0.00017675058614579682,2.233052955940366,463.56043948605657,78.67440105229616,76.38311484567821,0.13874346502125257,18.545163822546602,85611.16975614689,0.0,173374.6
252336560693540533935881068298825202077_eps4_s1,BPI2013_Incidents,1.0,11.0,42.0,12.0,1.0,124.6,0.6739529576352995,0.2966593603495785,0.2932378057090299,,,,,,,,0.00017675058614579682,2.233052955940366,463.56043948605657,77.27056031860411,647.1510811820626,0.14653822556138035,22.642109578847887,88178.99003397339,0.0,173374.6
252336560693540533935881068298825202077_eps4_s10,BPI2013_Incidents,1.0,11.0,42.0,12.0,1.0,124.6,0.39936395111409034,0.1925700198800204,0.35399763973164566,,,,,,,,0.00017675058614579682,2.233052955940366,463.56043948605657,72.48207371160387,68.62869264967739,0.13829430826008315,18.12716092057526,102920.14981184043,0.0,173374.6
252336560693540533935881068298825202077_eps4_s2,BPI2013_Incidents,1.0,11.0,42.0,12.0,1.0,124.6,0.6412187126264006,0.26681533651112943,0.2666936084301265,,,,,,,,0.00017675058614579682,2.233052955940366,463.56043948605657,77.073919916898,693.2580189198255,76.04833169467747,173.16934750452637,93188.87992212363,0.0,173374.6
252336560693540533935881068298825202077_eps4_s3,BPI2013_Incidents,1.0,11.0,42.0,12.0,1.0,124.6,0.6100590437718768,0.31441987156234535,0.4322190071649836,,,,,,,,0.00017675058614579682,2.233052955940366,463.56043948605657,72.85609885789454,311.75701494812967,0.145072653517127,20.02507972382009,96847.18505240158,0.0,173374.6
252336560693540533935881068298825202077_eps4_s4,BPI2013_Incidents,1.0,11.0,42.0,12.0,1.0,124.6,0.5822003701044961,0.3177098162634977,0.5366467787579314,,,,,,,,0.00017675058614579682,2.233052955940366,463.56043948605657,73.35932274349034,69.96892681866885,0.14467225261032576,18.533166458457707,98159.87116053476,0.0,173374.6
252336560693540533935881068298825202077_eps4_s5,BPI2013_Incidents,1.0,11.0,42.0,12.0,1.0,124.6,0.5822008251308265,0.31775758729062503,0.5366770112215437,,,,,,,,0.00017675058614579682,2.233052955940366,463.56043948605657,71.53694216459989,68.84782404527068,0.14080561883747572,17.67358853444457,98962.02182831653,0.0,173374.6
252336560693540533935881068298825202077_eps4_s6,BPI2013_Incidents,1.0,11.0,42.0,12.0,1.0,124.6,0.5821323738229435,0.3176979107391051,0.5366447132613084,,,,,,,,0.00017675058614579682,2.233052955940366,463.56043948605657,70.9627673946321,67.78977747038007,0.12838077321648594,17.32844659537077,99745.7484200567,0.0,173374.6
252336560693540533935881068298825202077_eps4_s7,BPI2013_Incidents,1.0,11.0,42.0,12.0,1.0,124.6,0.5821459120345457,0.3177229733957467,0.5366576941287124,,,,,,,,0.00017675058614579682,2.233052955940366,463.56043948605657,70.77782230637968,67.82506320439279,0.1342777635902166,17.537685529515148,100529.35344775021,0.0,173374.6
252336560693540533935881068298825202077_eps4_s8,BPI2013_Incidents,1.0,11.0,42.0,12.0,1.0,124.6,0.52517849780804,0.27494253307156014,0.470105792901674,,,,,,,,0.00017675058614579682,2.233052955940366,463.56043948605657,72.59945001415909,69.9883302140981,0.15308311581611628,17.99680275581777,101326.83783496432,0.0,173374.6
252336560693540533935881068298825202077_eps4_s9,BPI2013_Incidents,1.0,11.0,42.0,12.0,1.0,124.6,0.5251517076756771,0.2749182503912817,0.47008271071297614,,,,,,,,0.00017675058614579682,2.233052955940366,463.56043948605657,71.39701282978058,68.6876438818872,0.13452690243721005,17.72372068874538,102124.63352112137,0.0,173374.6
252336560693540533935881068298825202077_eps5_s0,BPI2013_Incidents,1.0,13.0,42.0,12.0,1.0,124.6,0.1392142476853317,0.12910803444815921,0.27889883714468156,,,,,,,,0.00017675058614579682,2.233052955940366,463.56043948605657,71.66497407704591,69.18664878197015,0.1303629267960786,17.875192583352327,103715.31482913047,0.0,173374.6
252336560693540533935881068298825202077_eps5_s1,BPI2013_Incidents,1.0,13.0,42.0,12.0,1.0,124.6,0.6787173569091813,0.3022323982626929,0.30231606453873583,,,,,,,,0.00017675058614579682,2.233052955940366,463.56043948605657,72.4080172624439,638.7771717399359,0.13775368072092528,59.37966457121074,106197.04407906272,0.0,173374.6
252336560693540533935881068298825202077_eps5_s10,BPI2013_Incidents,1.0,13.0,42.0,12.0,1.0,124.6,0.4457853086347573,0.19128685558444483,0.37651826558730683,,,,,,,,0.00017675058614579682,2.233052955940366,463.56043948605657,79.93073450885713,78.01412758752704,0.13499578088521952,18.192467523738742,124002.65099491552,0.0,173374.6
252336560693540533935881068298825202077_eps5_s2,BPI2013_Incidents,1.0,13.0,42.0,12.0,1.0,124.6,0.6549988976533307,0.28081341800967147,0.28426916941354763,,,,,,,,0.00017675058614579682,2.233052955940366,463.56043948605657,80.61546397209167,704.1951481495053,90.33320332691073,212.2412740226835,111758.83003151901,0.0,173374.6
252336560693540533935881068298825202077_eps5_s3,BPI2013_Incidents,1.0,13.0,42.0,12.0,1.0,124.6,0.626829011606034,0.3299285751156501,0.44783608493186433,,,,,,,,0.00017675058614579682,2.233052955940366,463.56043948605657,76.42462036572397,326.37036143951116,66.77143851816655,173.48420213721693,117110.81630255468,0.0,173374.6
252336560693540533935881068298825202077_eps5_s4,BPI2013_Incidents,1.0,13.0,42.0,12.0,1.0,124.6,0.6009563609359158,0.33285962065917846,0.5490222050707004,,,,,,,,0.00017675058614579682,2.233052955940366,463.56043948605657,71.37229070551693,68.21513372436166,0.13511011563241476,17.35418199263513,119154.97276529558,0.0,173374.6
252336560693540533935881068298825202077_eps5_s5,BPI2013_Incidents,1.0,13.0,42.0,12.0,1.0,124.6,0.6009291534449571,0.3329026369137028,0.5490185293235081,,,,,,,,0.00017675058614579682,2.233052955940366,463.56043948605657,71.50827704146505,68.5706057138741,0.13148707039654253,17.36983621753752,119943.91968182326,0.0,173374.6
252336560693540533935881068298825202077_eps5_s6,BPI2013_Incidents,1.0,13.0,42.0,12.0,1.0,124.6,0.6008468565157518,0.3327963520141936,0.5489757964562612,,,,,,,,0.00017675058614579682,2.233052955940366,463.56043948605657,75.93160521574319,75.50441062524915,0.13715644665062424,17.4247733425349,120781.03253954164,0.0,173374.6
252336560693540533935881068298825202077_eps5_s7,BPI2013_Incidents,1.0,13.0,42.0,12.0,1.0,124.6,0.6008603947273541,0.33282141467083526,0.5489473812052065,,,,,,,,0.00017675058614579682,2.233052955940366,463.56043948605657,71.16326778531075,68.82311139665543,0.1340423725545406,17.448264965415,121579.55738212727,0.0,173374.6
252336560693540533935881068298825202077_eps5_s8,BPI2013_Incidents,1.0,13.0,42.0,12.0,1.0,124.6,0.550514686664174,0.2950782160669775,0.49546749587061517,,,,,,,,0.00017675058614579682,2.233052955940366,463.56043948605657,71.42947830967606,68.7457579523325,0.13349408172070978,17.494770205393433,122370.52775412984,0.0,173374.6
252336560693540533935881068298825202077_eps5_s9,BPI2013_Incidents,1.0,13.0,42.0,12.0,1.0,124.6,0.5504878965318112,0.29505393338669894,0.49547372624030483,,,,,,,,0.00017675058614579682,2.233052955940366,463.56043948605657,71.17411631196737,65.27879109941424,0.13279795683920378,17.527390276268125,123151.0912173666,0.0,173374.6
252336560693540533935881068298825202077_eps6_s0,BPI2013_Incidents,1.0,15.0,42.0,12.0,1.0,124.6,0.1392142476853317,0.12910803444815921,0.27889883714468156,,,,,,,,0.00017675058614579682,2.233052955940366,463.56043948605657,72.30942742340267,70.40920899920165,0.14048109464347358,17.872442722320557,124825.22036940008,0.0,173374.6
252336560693540533935881068298825202077_eps6_s1,BPI2013_Incidents,1.0,15.0,42.0,12.0,1.0,124.6,0.6838681683412815,0.30705945304233895,0.30782958521237824,,,,,,,,0.00017675058614579682,2.233052955940366,463.56043948605657,72.99297541454435,660.2209197476507,0.1397567138075828,21.7484149415046,127354.70502272136,0.0,173374.6
252336560693540533935881068298825202077_eps6_s10,BPI2013_Incidents,1.0,15.0,42.0,12.0,1.0,124.6,0.4786758207107247,0.20734806437077533,0.3992210928122852,,,,,,,,0.00017675058614579682,2.233052955940366,463.56043948605657,81.8810232616961,76.53357953988015,0.137262362614274,18.067419567331672,142198.4287477169,0.0,173374.6
252336560693540533935881068298825202077_eps6_s2,BPI2013_Incidents,1.0,15.0,42.0,12.0,1.0,124.6,0.6624834018879282,0.2879271709571623,0.29355966336744493,,,,,,,,0.00017675058614579682,2.233052955940366,463.56043948605657,77.25363789834083,647.1034768931568,0.13664384111762043,21.698186852782964,131102.65332835316,0.0,173374.6
252336560693540533935881068298825202077_eps6_s3,BPI2013_Incidents,1.0,15.0,42.0,12.0,1.0,124.6,0.635921144337653,0.3376074301290021,0.45701087790259454,,,,,,,,0.00017675058614579682,2.233052955940366,463.56043948605657,77.40651246495545,323.5189841698855,0.13927340283989903,19.39804391860962,133922.33813789822,0.0,173374.6
252336560693540533935881068298825202077_eps6_s4,BPI2013_Incidents,1.0,15.0,42.0,12.0,1.0,124.6,0.6109751622038517,0.33922177154239613,0.556958248715264,,,,,,,,0.00017675058614579682,2.233052955940366,463.56043948605657,72.29492595158517,69.82201939970255,0.13572780266404144,17.33395086079836,135242.07185977587,0.0,173374.6
252336560693540533935881068298825202077_eps6_s5,BPI2013_Incidents,1.0,15.0,42.0,12.0,1.0,124.6,0.6109617859715377,0.33926716518322203,0.5569243977256348,,,,,,,,0.00017675058614579682,2.233052955940366,463.56043948605657,72.0325172368437,69.21502484865486,0.13419641517102715,17.415938029065728,136039.96104410104,0.0,173374.6
252336560693540533935881068298825202077_eps6_s6,BPI2013_Incidents,1.0,15.0,42.0,12.0,1.0,124.6,0.6109071802849769,0.3392001178738462,0.5568636588731183,,,,,,,,0.00017675058614579682,2.233052955940366,463.56043948605657,81.35765470564365,80.14450571537017,45.43761150836944,152.42128460630775,137252.58574589007,0.0,173374.6
252336560693540533935881068298825202077_eps6_s7,BPI2013_Incidents,1.0,15.0,42.0,12.0,1.0,124.6,0.6109207184965791,0.3392251805304878,0.5568433958521192,,,,,,,,0.00017675058614579682,2.233052955940366,463.56043948605657,74.54747194461524,70.71690729446709,22.28854476362467,65.29248868338763,139722.25064925215,0.0,173374.6
252336560693540533935881068298825202077_eps6_s8,BPI2013_Incidents,1.0,15.0,42.0,12.0,1.0,124.6,0.5706253766142574,0.30819589923623764,0.5130183374588765,,,,,,,,0.00017675058614579682,2.233052955940366,463.56043948605657,72.59905689321458,70.20363007970154,0.13603258989751338,17.406360116228463,140565.49749374838,0.0,173374.6
252336560693540533935881068298825202077_eps6_s9,BPI2013_Incidents,1.0,15.0,42.0,12.0,1.0,124.6,0.5705847552232499,0.30816531774013656,0.5129857367996993,,,,,,,,0.00017675058614579682,2.233052955940366,463.56043948605657,72.37006122395397,65.82714494690299,0.1364707805216312,17.51702389009297,141355.85559893027,0.0,173374.6
252336560693540533935881068298825202077_eps7_s0,BPI2013_Incidents,1.0,17.0,42.0,12.0,1.0,124.6,0.1392142476853317,0.12910803444815921,0.27889883714468156,,,,,,,,0.00017675058614579682,2.233052955940366,463.56043948605657,74.76418716199696,72.432458762452,0.13700821436941618,17.86694914922118,143048.1744705111,0.0,173374.6
252336560693540533935881068298825202077_eps7_s1,BPI2013_Incidents,1.0,17.0,42.0,12.0,1.0,124.6,0.6863756257397325,0.30954797678907464,0.309916319666412,,,,,,,,0.00017675058614579682,2.233052955940366,463.56043948605657,74.0725791875273,688.1641457270831,0.14128131493926044,21.614042478054763,145672.68940401636,0.0,173374.6
252336560693540533935881068298825202077_eps7_s10,BPI2013_Incidents,1.0,17.0,42.0,12.0,1.0,124.6,0.49228928403300765,0.21460767866294272,0.4180603204233986,,,,,,,,0.00017675058614579682,2.233052955940366,463.56043948605657,93.372917310521,87.04633748531342,0.14003036245703693,18.046186780557036,158730.9277145762,0.0,173374.6
252336560693540533935881068298825202077_eps7_s2,BPI2013_Incidents,1.0,17.0,42.0,12.0,1.0,124.6,0.6695963723485057,0.29482504818689015,0.30148472409309657,,,,,,,,0.00017675058614579682,2.233052955940366,463.56043948605657,74.20992353819311,667.0812769863754,0.14138696566224093,21.615492191910743,149538.41491486208,0.0,173374.6
252336560693540533935881068298825202077_eps7_s3,BPI2013_Incidents,1.0,17.0,42.0,12.0,1.0,124.6,0.6431437199011192,0.34384559275169346,0.4643458166905572,,,,,,,,0.00017675058614579682,2.233052955940366,463.56043948605657,74.04218688420951,322.97130017206075,0.14101332910358902,19.476668871939182,152361.15849018618,0.0,173374.6
252336560693540533935881068298825202077_eps7_s4,BPI2013_Incidents,1.0,17.0,42.0,12.0,1.0,124.6,0.6194832911922054,0.346149203593077,0.5624394881472199,,,,,,,,0.00017675058614579682,2.233052955940366,463.56043948605657,73.85398332104087,76.27903565317392,0.13395116552710531,17.30943473353982,153699.69490175025,0.0,173374.6
252336560693540533935881068298825202077_eps7_s5,BPI2013_Incidents,1.0,17.0,42.0,12.0,1.0,124.6,0.6194699149598912,0.3461945972339029,0.5623881720268463,,,,,,,,0.00017675058614579682,2.233052955940366,463.56043948605657,73.52609395682812,71.37192731872202,0.13476545624434944,17.463945538923145,154532.239002382,0.0,173374.6
252336560693540533935881068298825202077_eps7_s6,BPI2013_Incidents,1.0,17.0,42.0,12.0,1.0,124.6,0.6193737724093638,0.3461089326379794,0.5623607445452369,,,,,,,,0.00017675058614579682,2.233052955940366,463.56043948605657,73.71816242225468,71.00164871290326,0.13484228700399395,17.442993696033955,155346.03251722865,0.0,173374.6
252336560693540533935881068298825202077_eps7_s7,BPI2013_Incidents,1.0,17.0,42.0,12.0,1.0,124.6,0.6193873106209659,0.34613399529462097,0.5623925085027743,,,,,,,,0.00017675058614579682,2.233052955940366,463.56043948605657,73.78550001531839,70.83517829962075,0.13470794819295404,17.441464933007957,156159.50326396228,0.0,173374.6
252336560693540533935881068298825202077_eps7_s8,BPI2013_Incidents,1.0,17.0,42.0,12.0,1.0,124.6,0.5860940624255155,0.3218052043080834,0.5297917856066329,,,,,,,,0.00017675058614579682,2.233052955940366,463.56043948605657,76.14979690872133,77.99303236864507,0.1362682711333036,17.398437191545963,156993.3367453955,0.0,173374.6
252336560693540533935881068298825202077_eps7_s9,BPI2013_Incidents,1.0,17.0,42.0,12.0,1.0,124.6,0.586025778517219,0.32175405274640057,0.5297515817803153,,,,,,,,0.00017675058614579682,2.233052955940366,463.56043948605657,73.43128238990903,67.01708047986031,0.1330805696547031,17.394572468847038,157820.3153241411,0.0,173374.6
252336560693540533935881068298825202077_eps8_s0,BPI2013_Incidents,1.0,19.0,42.0,12.0,1.0,124.6,0.1392142476853317,0.12910803444815921,0.27889883714468156,,,,,,,,0.00017675058614579682,2.233052955940366,463.56043948605657,75.77360701337457,73.36886960975826,0.15705343149602408,17.970584137365222,159633.9247366626,0.0,173374.6
252336560693540533935881068298825202077_eps8_s1,BPI2013_Incidents,1.0,19.0,42.0,12.0,1.0,124.6,0.6885009038372969,0.31159964119391,0.3119126264670471,,,,,,,,0.00017675058614579682,2.233052955940366,463.56043948605657,78.57388242892921,725.8587532013655,0.13821625858545297,21.63844525255263,162368.84733800814,0.0,173374.6
252336560693540533935881068298825202077_eps8_s10,BPI2013_Incidents,1.0,19.0,42.0,12.0,1.0,124.6,0.5097013121108845,0.2232157134613184,0.4331962843086565,,,,,,,,0.00017675058614579682,2.233052955940366,463.56043948605657,109.78112604431809,103.71463463045657,0.13953375183045863,17.717440746352075,186126.46433730982,0.0,173374.6
252336560693540533935881068298825202077_eps8_s2,BPI2013_Incidents,1.0,19.0,42.0,12.0,1.0,124.6,0.6726790430546103,0.29799279701344866,0.3053301611854157,,,,,,,,0.00017675058614579682,2.233052955940366,463.56043948605657,75.50538430809975,692.7720895253121,0.1403995543718338,21.57957558594644,166415.30590416567,0.0,173374.6
252336560693540533935881068298825202077_eps8_s3,BPI2013_Incidents,1.0,19.0,42.0,12.0,1.0,124.6,0.6459939637645772,0.34614528071777,0.4678904327734184,,,,,,,,0.00017675058614579682,2.233052955940366,463.56043948605657,75.45949077606201,330.16784343272445,0.1401310350745916,19.50590755082667,169320.82717494108,0.0,173374.6
252336560693540533935881068298825202077_eps8_s4,BPI2013_Incidents,1.0,19.0,42.0,12.0,1.0,124.6,0.6227999417403504,0.3498555886948015,0.5652136173079901,,,,,,,,0.00017675058614579682,2.233052955940366,463.56043948605657,75.00770396627486,72.70557395666837,0.13778975717723366,17.07540940195322,170679.00941167027,0.0,173374.6
252336560693540533935881068298825202077_eps8_s5,BPI2013_Incidents,1.0,19.0,42.0,12.0,1.0,124.6,0.6227865655080362,0.3499009823356274,0.5651562279282449,,,,,,,,0.00017675058614579682,2.233052955940366,463.56043948605657,77.59881341531873,80.42532292194664,0.1350123535841703,58.17082446999848,171568.65420334524,0.0,173374.6
252336560693540533935881068298825202077_eps8_s6,BPI2013_Incidents,1.0,19.0,42.0,12.0,1.0,124.6,0.6226904229575088,0.3498153177397039,0.565120954300155,,,,,,,,0.00017675058614579682,2.233052955940366,463.56043948605657,82.03803715780377,78.51511131227016,85.52217871174216,204.33893589563667,174127.3213770531,0.0,173374.6
252336560693540533935881068298825202077_eps8_s7,BPI2013_Incidents,1.0,19.0,42.0,12.0,1.0,124.6,0.6227039611691109,0.3498403803963455,0.5651354514077201,,,,,,,,0.00017675058614579682,2.233052955940366,463.56043948605657,84.20614477358758,79.10741664767265,84.7422040682286,209.50160128436983,177534.05584743991,0.0,173374.6
252336560693540533935881068298825202077_eps8_s8,BPI2013_Incidents,1.0,19.0,42.0,12.0,1.0,124.6,0.5961083807249759,0.32880192561427435,0.5385644738347483,,,,,,,,0.00017675058614579682,2.233052955940366,463.56043948605657,89.90869551710784,84.36930657327176,90.04057263955474,224.72021015398204,181023.4914541319,0.0,173374.6
252336560693540533935881068298825202077_eps8_s9,BPI2013_Incidents,1.0,19.0,42.0,12.0,1.0,124.6,0.5960815905926129,0.3287776429339959,0.5385432665214774,,,,,,,,0.00017675058614579682,2.233052955940366,463.56043948605657,90.0216323144734,84.40550826750696,73.65795555002987,167.03300379440188,184456.1256429307,0.0,173374.6
252336560693540533935881068298825202077_eps9_s0,BPI2013_Incidents,1.0,21.0,42.0,12.0,1.0,124.6,0.1392142476853317,0.12910803444815921,0.27889883714468156,,,,,,,,0.00017675058614579682,2.233052955940366,463.56043948605657,77.35590406432748,74.45666616037488,0.1392021521925926,17.763053415343165,187101.9033047043,0.0,173374.6
252336560693540533935881068298825202077_eps9_s1,BPI2013_Incidents,1.0,21.0,42.0,12.0,1.0,124.6,0.6885834507255113,0.31169707378457023,0.3119717615157887,,,,,,,,0.00017675058614579682,2.233052955940366,463.56043948605657,85.20381133817136,851.0833442706614,38.441817726567386,145.68307506777347,190637.94708783552,0.0,173374.6
252336560693540533935881068298825202077_eps9_s10,BPI2013_Incidents,1.0,21.0,42.0,12.0,1.0,124.6,0.5189121636987967,0.23043901885154122,0.4402698354774602,,,,,,,,0.00017675058614579682,2.233052955940366,463.56043948605657,143.89927749559283,140.28487989604474,52.51785582751036,165.6664107836783,206907.61888277196,0.0,173374.6
252336560693540533935881068298825202077_eps9_s2,BPI2013_Incidents,1.0,21.0,42.0,12.0,1.0,124.6,0.6741048575250923,0.2991960833685009,0.30716515856391685,,,,,,,,0.00017675058614579682,2.233052955940366,463.56043948605657,82.69434330277144,758.837607999891,16.511200865358113,21.920901335775852,196391.20846583025,0.0,173374.6
252336560693540533935881068298825202077_eps9_s3,BPI2013_Incidents,1.0,21.0,42.0,12.0,1.0,124.6,0.6475573427481318,0.3476708443593704,0.4690778949596489,,,,,,,,0.00017675058614579682,2.233052955940366,463.56043948605657,77.56164504438638,347.9931820485741,0.13868814222514628,19.414206669479608,199455.8060304649,0.0,173374.6
252336560693540533935881068298825202077_eps9_s4,BPI2013_Incidents,1.0,21.0,42.0,12.0,1.0,124.6,0.6242958424836726,0.3511506223956679,0.5664333528848084,,,,,,,,0.00017675058614579682,2.233052955940366,463.56043948605657,76.70907919295132,74.10116187520325,0.1388221532106399,17.249699106439948,200859.78718815296,0.0,173374.6
252336560693540533935881068298825202077_eps9_s5,BPI2013_Incidents,1.0,21.0,42.0,12.0,1.0,124.6,0.6242824662513586,0.3511960160364938,0.5663714451968069,,,,,,,,0.00017675058614579682,2.233052955940366,463.56043948605657,76.93862762562931,74.64290386624634,0.13477896414697169,17.323561735823752,201705.8571459938,0.0,173374.6
252336560693540533935881068298825202077_eps9_s6,BPI2013_Incidents,1.0,21.0,42.0,12.0,1.0,124.6,0.624186323700831,0.35111035144057035,0.5663226694061843,,,,,,,,0.00017675058614579682,2.233052955940366,463.56043948605657,77.58030557148159,75.35643775612115,0.13913921937346455,17.61645313091576,202557.55161331818,0.0,173374.6
252336560693540533935881068298825202077_eps9_s7,BPI2013_Incidents,1.0,21.0,42.0,12.0,1.0,124.6,0.6241998619124332,0.35113541409721194,0.5663458336109921,,,,,,,,0.00017675058614579682,2.233052955940366,463.56043948605657,76.96327355280519,75.44380687735975,0.1430145155638456,17.44986851774156,203411.37291717753,0.0,173374.6
252336560693540533935881068298825202077_eps9_s8,BPI2013_Incidents,1.0,21.0,42.0,12.0,1.0,124.6,0.6015135133423118,0.3335408105921902,0.5439875657591353,,,,,,,,0.00017675058614579682,2.233052955940366,463.56043948605657,76.70398127362132,74.72110982872546,0.13863403312861916,17.37175215035677,204259.41535425297,0.0,173374.6
252336560693540533935881068298825202077_eps9_s9,BPI2013_Incidents,1.0,21.0,42.0,12.0,1.0,124.6,0.601486723209949,0.3335165279119118,0.543953869884243,,,,,,,,0.00017675058614579682,2.233052955940366,463.56043948605657,76.8939572121948,69.8134556632489,0.13997252248227593,17.32758537605405,205092.36078311986,0.0,173374.6
252336560693540533935881068298825202077_eps0_s0,EnvPermit,1.0,3.0,42.0,12.0,1.0,26.6,0.3512936821565723,0.3731355869263229,0.33048979539802914,,,,,,,,0.00328685374563436,0.2856010720133781,5.896497044712305,9.5773616168648,8.461231468990444,29.499630130454896,58.886117504909635,822.6430781878531,0.0,8545.0
252336560693540533935881068298825202077_eps0_s1,EnvPermit,1.0,3.0,42.0,12.0,1.0,26.6,0.8096182036670866,0.538496135346791,0.7502078057213935,,,,,,,,0.00328685374563436,0.2856010720133781,5.896497044712305,8.73775427043438,8.755081687495112,0.10413668826222415,5.406813266500831,951.9864626493305,0.0,8545.0
252336560693540533935881068298825202077_eps0_s10,EnvPermit,1.0,3.0,42.0,12.0,1.0,26.6,0.8096182036670866,0.538496135346791,0.7502078057213935,,,,,,,,0.00328685374563436,0.2856010720133781,5.896497044712305,7.817416128516197,7.588390297815204,0.10215572081506248,4.818018792569637,1915.387374574691,0.0,8545.0
252336560693540533935881068298825202077_eps0_s2,EnvPermit,1.0,3.0,42.0,12.0,1.0,26.6,0.8096182036670866,0.538496135346791,0.7502078057213935,,,,,,,,0.00328685374563436,0.2856010720133781,5.896497044712305,8.496343503519892,8.190138852968811,0.10185201242566104,4.879114674776792,1062.5813069052995,0.0,8545.0
252336560693540533935881068298825202077_eps0_s3,EnvPermit,1.0,3.0,42.0,12.0,1.0,26.6,0.8096182036670866,0.538496135346791,0.7502078057213935,,,,,,,,0.00328685374563436,0.2856010720133781,5.896497044712305,8.1884406670928,7.932627296075225,0.10009950064122672,4.859054534882307,1172.7569052621723,0.0,8545.0
252336560693540533935881068298825202077_eps0_s4,EnvPermit,1.0,3.0,42.0,12.0,1.0,26.6,0.8096182036670866,0.538496135346791,0.7502078057213935,,,,,,,,0.00328685374563436,0.2856010720133781,5.896497044712305,8.521009634062647,8.176207014918328,0.10068140476942058,4.943866916745901,1280.866351212561,0.0,8545.0
252336560693540533935881068298825202077_eps0_s5,EnvPermit,1.0,3.0,42.0,12.0,1.0,26.6,0.8096182036670866,0.538496135346791,0.7502078057213935,,,,,,,,0.00328685374563436,0.2856010720133781,5.896497044712305,8.270321929827332,8.28348986953497,0.10515198446810241,4.891054723784327,1392.7236091017724,0.0,8545.0
252336560693540533935881068298825202077_eps0_s6,EnvPermit,1.0,3.0,42.0,12.0,1.0,26.6,0.8096182036670866,0.538496135346791,0.7502078057213935,,,,,,,,0.00328685374563436,0.2856010720133781,5.896497044712305,8.002569391205906,7.6799130033701655,0.1032727357000112,4.816996459290385,1498.0866165563464,0.0,8545.0
252336560693540533935881068298825202077_eps0_s7,EnvPermit,1.0,3.0,42.0,12.0,1.0,26.6,0.8096182036670866,0.538496135346791,0.7502078057213935,,,,,,,,0.00328685374563436,0.2856010720133781,5.896497044712305,7.989444013312459,7.540737735852599,0.10234263427555557,4.86022033803165,1602.6014630556106,0.0,8545.0
252336560693540533935881068298825202077_eps0_s8,EnvPermit,1.0,3.0,42.0,12.0,1.0,26.6,0.8096182036670866,0.538496135346791,0.7502078057213935,,,,,,,,0.00328685374563436,0.2856010720133781,5.896497044712305,7.9212309189140795,7.631298395246267,0.10219984836876386,4.918129235506058,1707.2721835307777,0.0,8545.0
252336560693540533935881068298825202077_eps0_s9,EnvPermit,1.0,3.0,42.0,12.0,1.0,26.6,0.8096182036670866,0.538496135346791,0.7502078057213935,,,,,,,,0.00328685374563436,0.2856010720133781,5.896497044712305,7.90904627814889,7.575301863998175,0.10348736904561515,4.874965137988329,1811.693987142667,0.0,8545.0
252336560693540533935881068298825202077_eps1_s0,EnvPermit,1.0,5.0,42.0,12.0,1.0,26.6,0.34372793948033886,0.3682736786230477,0.32640931252217753,,,,,,,,0.00328685374563436,0.2856010720133781,5.896497044712305,7.900220509618521,7.546294702216983,0.099349882826209,4.860205724090338,2018.8411122296006,0.0,8545.0
252336560693540533935881068298825202077_eps1_s1,EnvPermit,1.0,5.0,42.0,12.0,1.0,26.6,0.7996619540067693,0.44142902369434955,0.7439911825785088,,,,,,,,0.00328685374563436,0.2856010720133781,5.896497044712305,7.842988180741668,7.691387569904327,0.10225397199392314,4.72522340901196,2122.7941942468287,0.0,8545.0
252336560693540533935881068298825202077_eps1_s10,EnvPermit,1.0,5.0,42.0,12.0,1.0,26.6,0.3444023880115269,0.333175161221834,0.376877171465042,,,,,,,,0.00328685374563436,0.2856010720133781,5.896497044712305,6.937175187096,6.4917585585266355,0.0998537570238113,3.58421693071723,2997.86346725747,0.0,8545.0
252336560693540533935881068298825202077_eps1_s2,EnvPermit,1.0,5.0,42.0,12.0,1.0,26.6,0.7664665615656616,0.444617124193845,0.7318725917813484,,,,,,,,0.00328685374563436,0.2856010720133781,5.896497044712305,7.961774975061417,7.584831831231713,0.1101484008133411,4.945130149647594,2226.7232976250352,0.0,8545.0
252336560693540533935881068298825202077_eps1_s3,EnvPermit,1.0,5.0,42.0,12.0,1.0,26.6,0.7750290254936851,0.44988129033084173,0.7324207446864625,,,,,,,,0.00328685374563436,0.2856010720133781,5.896497044712305,8.256031150743365,7.653669046610593,0.10470830984413619,4.854845460876822,2333.0699265990406,0.0,8545.0
252336560693540533935881068298825202077_eps1_s4,EnvPermit,1.0,5.0,42.0,12.0,1.0,26.6,0.5924124801974097,0.40051255402732344,0.5503997319007347,,,,,,,,0.00328685374563436,0.2856010720133781,5.896497044712305,7.9516200721263885,7.94320859760046,0.10569538772106168,4.821453028917313,2439.6860504075885,0.0,8545.0
252336560693540533935881068298825202077_eps1_s5,EnvPermit,1.0,5.0,42.0,12.0,1.0,26.6,0.5565128308852975,0.3899777928135199,0.5335160906308649,,,,,,,,0.00328685374563436,0.2856010720133781,5.896497044712305,7.5899474043399096,7.074740341678262,0.10268217250704761,3.9907106831669807,2539.025761588663,0.0,8545.0
252336560693540533935881068298825202077_eps1_s6,EnvPermit,1.0,5.0,42.0,12.0,1.0,26.6,0.469329011132874,0.37205626280338266,0.48311810590101434,,,,,,,,0.00328685374563436,0.2856010720133781,5.896497044712305,7.20294386819005,6.534611888602376,0.1224095348268747,3.8221523888409137,2631.7072567015884,0.0,8545.0
252336560693540533935881068298825202077_eps1_s7,EnvPermit,1.0,5.0,42.0,12.0,1.0,26.6,0.39100635526102046,0.3589914276270398,0.39194599823114645,,,,,,,,0.00328685374563436,0.2856010720133781,5.896497044712305,7.473476754128933,6.820127357169985,0.10109808668494222,3.6998875167220833,2724.6508145228026,0.0,8545.0
252336560693540533935881068298825202077_eps1_s8,EnvPermit,1.0,5.0,42.0,12.0,1.0,26.6,0.36297536595172214,0.34990545533354356,0.39462268357066566,,,,,,,,0.00328685374563436,0.2856010720133781,5.896497044712305,7.333894431591034,7.069069574028253,0.10263620987534519,3.766911568120122,2816.46827480793,0.0,8545.0
252336560693540533935881068298825202077_eps1_s9,EnvPermit,1.0,5.0,42.0,12.0,1.0,26.6,0.36297536595172214,0.34990545533354356,0.3949415569162452,,,,,,,,0.00328685374563436,0.2856010720133781,5.896497044712305,7.398674384504557,6.816664514690638,0.10162767283618446,3.7290551025420426,2907.460369299725,0.0,8545.0
252336560693540533935881068298825202077_eps2_s0,EnvPermit,1.0,7.0,42.0,12.0,1.0,26.6,0.34372793948033886,0.3682736786230477,0.3264085374145119,,,,,,,,0.00328685374563436,0.2856010720133781,5.896497044712305,7.521404455974698,6.924578844755888,0.10189540572464462,3.6529898080974816,3089.187953432277,0.0,8545.0
252336560693540533935881068298825202077_eps2_s1,EnvPermit,1.0,7.0,42.0,12.0,1.0,26.6,0.8008459607330073,0.44328685850347754,0.7442653840626443,,,,,,,,0.00328685374563436,0.2856010720133781,5.896497044712305,7.471599937230349,7.3772815395146605,0.10293297395110126,3.619905200973153,3182.229464333877,0.0,8545.0
252336560693540533935881068298825202077_eps2_s10,EnvPermit,1.0,7.0,42.0,12.0,1.0,26.6,0.4643389303466573,0.394698174656164,0.3895678612852123,,,,,,,,0.00328685374563436,0.2856010720133781,5.896497044712305,7.028497491031885,6.427914757281542,0.10048411451280115,3.700912468880415,4010.773437187448,0.0,8545.0
252336560693540533935881068298825202077_eps2_s2,EnvPermit,1.0,7.0,42.0,12.0,1.0,26.6,0.7888403960844841,0.4522225129944647,0.7448870633356451,,,,,,,,0.00328685374563436,0.2856010720133781,5.896497044712305,7.073692124336958,6.566160489618778,0.10189976058900352,3.663443722203374,3273.6879163473845,0.0,8545.0
252336560693540533935881068298825202077_eps2_s3,EnvPermit,1.0,7.0,42.0,12.0,1.0,26.6,0.796447662417159,0.4580495793781864,0.7465030203783252,,,,,,,,0.00328685374563436,0.2856010720133781,5.896497044712305,7.617503359541297,7.0197505164891485,0.10195235833525654,3.6426601853221654,3367.0521147634836,0.0,8545.0
252336560693540533935881068298825202077_eps2_s4,EnvPermit,1.0,7.0,42.0,12.0,1.0,26.6,0.692634771047387,0.4265806672060754,0.620543246766735,,,,,,,,0.00328685374563436,0.2856010720133781,5.896497044712305,7.3444505732506515,6.789675599336624,0.10154227130115026,3.601551704481244,3457.5743911672384,0.0,8545.0
252336560693540533935881068298825202077_eps2_s5,EnvPermit,1.0,7.0,42.0,12.0,1.0,26.6,0.6883536798597116,0.425072807299006,0.6213433368852195,,,,,,,,0.00328685374563436,0.2856010720133781,5.896497044712305,7.580459832772613,6.92722970508039,0.10360813513398166,3.5483977794647217,3548.3691155172883,0.0,8545.0
252336560693540533935881068298825202077_eps2_s6,EnvPermit,1.0,7.0,42.0,12.0,1.0,26.6,0.6763850035676933,0.4294274360358383,0.6153390651922068,,,,,,,,0.00328685374563436,0.2856010720133781,5.896497044712305,7.4213167693465945,6.798202484846115,0.10363417901098723,3.678627432137728,3640.8379002705215,0.0,8545.0
252336560693540533935881068298825202077_eps2_s7,EnvPermit,1.0,7.0,42.0,12.0,1.0,26.6,0.6662753569948343,0.43990324705312017,0.5507077819999091,,,,,,,,0.00328685374563436,0.2856010720133781,5.896497044712305,7.718911641836167,7.0970059532672165,0.10189952626824375,3.649957141652704,3735.0855890773237,0.0,8545.0
252336560693540533935881068298825202077_eps2_s8,EnvPermit,1.0,7.0,42.0,12.0,1.0,26.6,0.6662753569948343,0.43990324705312017,0.5506785422338273,,,,,,,,0.00328685374563436,0.2856010720133781,5.896497044712305,7.388159235194325,6.962377123162151,0.10202261470258234,3.561426670476794,3827.953261025995,0.0,8545.0
252336560693540533935881068298825202077_eps2_s9,EnvPermit,1.0,7.0,42.0,12.0,1.0,26.6,0.5963022320403646,0.42299568132288723,0.5004632607591808,,,,,,,,0.00328685374563436,0.2856010720133781,5.896497044712305,7.703222281858325,6.790612886101007,0.09960960187017913,3.586913140118122,3922.240030584857,0.0,8545.0
252336560693540533935881068298825202077_eps3_s0,EnvPermit,1.0,9.0,42.0,12.0,1.0,26.6,0.34372793948033886,0.3682736786230477,0.3273439641952143,,,,,,,,0.00328685374563436,0.2856010720133781,5.896497044712305,7.196936037391424,6.524941008910536,0.30103815011680124,3.74491935223341,4101.166522271558,0.0,8545.0
252336560693540533935881068298825202077_eps3_s1,EnvPermit,1.0,9.0,42.0,12.0,1.0,26.6,0.8039366206641005,0.47180742272413656,0.7475702210835904,,,,,,,,0.00328685374563436,0.2856010720133781,5.896497044712305,6.997841085121036,6.630777522176504,0.09967804513871664,3.602931139245629,4189.940764449537,0.0,8545.0
252336560693540533935881068298825202077_eps3_s10,EnvPermit,1.0,9.0,42.0,12.0,1.0,26.6,0.47956808840502185,0.4314791971907038,0.42329384356114497,,,,,,,,0.00328685374563436,0.2856010720133781,5.896497044712305,7.539288749173283,6.892894103005529,0.10098914392292495,3.670737525820732,4990.083823511377,0.0,8545.0
252336560693540533935881068298825202077_eps3_s2,EnvPermit,1.0,9.0,42.0,12.0,1.0,26.6,0.8216692430310009,0.4965606132710384,0.7802125955337287,,,,,,,,0.00328685374563436,0.2856010720133781,5.896497044712305,6.909793468564748,6.38253395371139,0.09782236255705352,3.587031461670995,4277.523302148655,0.0,8545.0
252336560693540533935881068298825202077_eps3_s3,EnvPermit,1.0,9.0,42.0,12.0,1.0,26.6,0.8321659062997494,0.5005056959649957,0.7841411739363544,,,,,,,,0.00328685374563436,0.2856010720133781,5.896497044712305,7.169322172924876,6.494342504069209,0.10186034999787803,3.712925885617733,4365.418777292221,0.0,8545.0
252336560693540533935881068298825202077_eps3_s4,EnvPermit,1.0,9.0,42.0,12.0,1.0,26.6,0.8298383474849468,0.49859346249722425,0.7905402908328332,,,,,,,,0.00328685374563436,0.2856010720133781,5.896497044712305,7.14299303330481,6.537783025950193,0.1034306719899177,3.533400598168373,4454.6451387673615,0.0,8545.0
252336560693540533935881068298825202077_eps3_s5,EnvPermit,1.0,9.0,42.0,12.0,1.0,26.6,0.8232180750107216,0.49637221068902343,0.7930641650727626,,,,,,,,0.00328685374563436,0.2856010720133781,5.896497044712305,7.069302786886692,6.51798190176487,0.10275261253118513,3.6341685477644203,4542.775111403316,0.0,8545.0
252336560693540533935881068298825202077_eps3_s6,EnvPermit,1.0,9.0,42.0,12.0,1.0,26.6,0.8229256974385379,0.4954236959713813,0.7998906548524415,,,,,,,,0.00328685374563436,0.2856010720133781,5.896497044712305,7.091247193142772,6.475054623186589,0.10080579034984108,3.6046425238251687,4631.181650253386,0.0,8545.0
252336560693540533935881068298825202077_eps3_s7,EnvPermit,1.0,9.0,42.0,12.0,1.0,26.6,0.8219722932877648,0.500482584225978,0.7859951559607207,,,,,,,,0.00328685374563436,0.2856010720133781,5.896497044712305,7.0619396980851885,6.492708103358746,0.32968866042792794,3.553801206126809,4719.571262370795,0.0,8545.0
252336560693540533935881068298825202077_eps3_s8,EnvPermit,1.0,9.0,42.0,12.0,1.0,26.6,0.8219722932877648,0.500482584225978,0.7859683528418122,,,,,,,,0.00328685374563436,0.2856010720133781,5.896497044712305,7.112569708377123,6.493107691407204,0.10121510066092013,3.641537656262517,4808.734982607886,0.0,8545.0
252336560693540533935881068298825202077_eps3_s9,EnvPermit,1.0,9.0,42.0,12.0,1.0,26.6,0.6804704456765829,0.45909181898069207,0.6561557387789925,,,,,,,,0.00328685374563436,0.2856010720133781,5.896497044712305,7.093401317670941,6.422388391196728,0.10216626785695546,3.6677833437919616,4897.158021441474,0.0,8545.0
252336560693540533935881068298825202077_eps4_s0,EnvPermit,1.0,11.0,42.0,12.0,1.0,26.6,0.34372793948033886,0.3682736786230477,0.32734148282133096,,,,,,,,0.00328685374563436,0.2856010720133781,5.896497044712305,7.513442992419004,6.996420482546091,0.10078048370778556,3.640742503479123,5081.078478208185,0.0,8545.0
252336560693540533935881068298825202077_eps4_s1,EnvPermit,1.0,11.0,42.0,12.0,1.0,26.6,0.8065327830682139,0.5070342568383537,0.7498596265224393,,,,,,,,0.00328685374563436,0.2856010720133781,5.896497044712305,7.15302254371345,6.749136313796043,0.10216938517987721,3.5978423703461884,5172.497273712977,0.0,8545.0
252336560693540533935881068298825202077_eps4_s10,EnvPermit,1.0,11.0,42.0,12.0,1.0,26.6,0.5337749295502248,0.4802655644349372,0.44071312430968435,,,,,,,,0.00328685374563436,0.2856010720133781,5.896497044712305,7.80136590898037,6.929032348468899,0.10307894796133037,3.6094136547297238,5991.884375261516,0.0,8545.0
252336560693540533935881068298825202077_eps4_s2,EnvPermit,1.0,11.0,42.0,12.0,1.0,26.6,0.8305707754650253,0.5317583416868447,0.79293333293741,,,,,,,,0.00328685374563436,0.2856010720133781,5.896497044712305,7.495334772020579,6.835203301534056,0.10355457887053485,3.59248918145895,5261.977501111105,0.0,8545.0
252336560693540533935881068298825202077_eps4_s3,EnvPermit,1.0,11.0,42.0,12.0,1.0,26.6,0.8539712554069409,0.5371120159763451,0.8079073891242894,,,,,,,,0.00328685374563436,0.2856010720133781,5.896497044712305,7.081837083771825,6.528536678850651,0.10077951624989505,3.5976297095417977,5353.4793624799695,0.0,8545.0
252336560693540533935881068298825202077_eps4_s4,EnvPermit,1.0,11.0,42.0,12.0,1.0,26.6,0.8537690783116592,0.5358995355131453,0.8143606693349851,,,,,,,,0.00328685374563436,0.2856010720133781,5.896497044712305,7.504210840165615,6.881170029938221,0.10176369026303286,3.5916558507829905,5444.731215506419,0.0,8545.0
252336560693540533935881068298825202077_eps4_s5,EnvPermit,1.0,11.0,42.0,12.0,1.0,26.6,0.8514298970251094,0.535186143612014,0.8146549537813161,,,,,,,,0.00328685374563436,0.2856010720133781,5.896497044712305,7.370091817155481,6.855372409522533,0.09957382120192046,3.616239307448268,5535.153919002041,0.0,8545.0
252336560693540533935881068298825202077_eps4_s6,EnvPermit,1.0,11.0,42.0,12.0,1.0,26.6,0.8520051473382739,0.5366035614280493,0.8217708834220632,,,,,,,,0.00328685374563436,0.2856010720133781,5.896497044712305,7.092945963516831,6.461589803174138,0.0976819116622209,3.623536039888859,5625.71417856589,0.0,8545.0
252336560693540533935881068298825202077_eps4_s7,EnvPermit,1.0,11.0,42.0,12.0,1.0,26.6,0.865264941157044,0.5462640506226475,0.8290986542610016,,,,,,,,0.00328685374563436,0.2856010720133781,5.896497044712305,7.027866727858782,6.530616526678204,0.10007366687059398,3.625725681707263,5713.91660023965,0.0,8545.0
252336560693540533935881068298825202077_eps4_s8,EnvPermit,1.0,11.0,42.0,12.0,1.0,26.6,0.865264941157044,0.5462640506226475,0.8290718511420933,,,,,,,,0.00328685374563436,0.2856010720133781,5.896497044712305,7.44699221290648,6.817503285780549,0.10262529402971263,3.667635079845786,5803.924503303691,0.0,8545.0
252336560693540533935881068298825202077_eps4_s9,EnvPermit,1.0,11.0,42.0,12.0,1.0,26.6,0.7403670002793955,0.5097281994923563,0.7220416629594678,,,,,,,,0.00328685374563436,0.2856010720133781,5.896497044712305,7.780699085071683,7.173489495739341,0.10337855927646156,3.620610021427274,5899.585806925223,0.0,8545.0
252336560693540533935881068298825202077_eps5_s0,EnvPermit,1.0,13.0,42.0,12.0,1.0,26.6,0.34372793948033886,0.3682736786230477,0.3271719097663478,,,,,,,,0.00328685374563436,0.2856010720133781,5.896497044712305,7.391122640669346,6.833099073171615,0.1025343637913465,3.620864524319768,6085.994061167538,0.0,8545.0
252336560693540533935881068298825202077_eps5_s1,EnvPermit,1.0,13.0,42.0,12.0,1.0,26.6,0.8065327830682139,0.5070342568383537,0.7498336945322899,,,,,,,,0.00328685374563436,0.2856010720133781,5.896497044712305,7.72774342186749,7.290024277195334,0.10061392411589618,3.5886770326644184,6179.273814590275,0.0,8545.0
252336560693540533935881068298825202077_eps5_s10,EnvPermit,1.0,13.0,42.0,12.0,1.0,26.6,0.573027739631413,0.480538348684309,0.46214324755268493,,,,,,,,0.00328685374563436,0.2856010720133781,5.896497044712305,7.191725688427686,6.4852823335677385,0.10271408483386035,3.7179757576435803,6986.7607777636495,0.0,8545.0
252336560693540533935881068298825202077_eps5_s2,EnvPermit,1.0,13.0,42.0,12.0,1.0,26.6,0.8307680270146097,0.5313333956169026,0.796385146506754,,,,,,,,0.00328685374563436,0.2856010720133781,5.896497044712305,7.666950405389071,7.113530880585313,0.10156066827476021,3.5530284591019154,6275.600515638665,0.0,8545.0
252336560693540533935881068298825202077_eps5_s3,EnvPermit,1.0,13.0,42.0,12.0,1.0,26.6,0.8541685069565252,0.5366870699064031,0.8114575257224812,,,,,,,,0.00328685374563436,0.2856010720133781,5.896497044712305,7.047778718173504,6.5079777158796785,0.10209537297487255,3.6468823973089455,6364.746628415957,0.0,8545.0
252336560693540533935881068298825202077_eps5_s4,EnvPermit,1.0,13.0,42.0,12.0,1.0,26.6,0.8537641527659616,0.535407942313337,0.8179960918054787,,,,,,,,0.00328685374563436,0.2856010720133781,5.896497044712305,7.039826479926705,6.480710685253143,0.10142787471413608,3.620889883860946,6452.898045343905,0.0,8545.0
252336560693540533935881068298825202077_eps5_s5,EnvPermit,1.0,13.0,42.0,12.0,1.0,26.6,0.8537641527659616,0.535407942313337,0.8179960918054787,,,,,,,,0.00328685374563436,0.2856010720133781,5.896497044712305,7.089147197827697,6.608403670787811,0.10498396232724186,3.7775355223566294,6542.04425187707,0.0,8545.0
252336560693540533935881068298825202077_eps5_s6,EnvPermit,1.0,13.0,42.0,12.0,1.0,26.6,0.8575720708056999,0.5379711173885109,0.8240670016014547,,,,,,,,0.00328685374563436,0.2856010720133781,5.896497044712305,7.120758362859488,6.481697141379118,0.10379780679941171,3.662675265595317,6631.348994717375,0.0,8545.0
252336560693540533935881068298825202077_eps5_s7,EnvPermit,1.0,13.0,42.0,12.0,1.0,26.6,0.8712365746634012,0.5477480546454745,0.8318718150133402,,,,,,,,0.00328685374563436,0.2856010720133781,5.896497044712305,7.155576310679317,6.483913948386908,0.10191890187561506,3.665335213765502,6719.926321808249,0.0,8545.0
252336560693540533935881068298825202077_eps5_s8,EnvPermit,1.0,13.0,42.0,12.0,1.0,26.6,0.8712365746634012,0.5477480546454745,0.8318450118944316,,,,,,,,0.00328685374563436,0.2856010720133781,5.896497044712305,7.1327174544334415,6.528689284995198,0.10127766542136665,3.7508536402136086,6809.406858150661,0.0,8545.0
252336560693540533935881068298825202077_eps5_s9,EnvPermit,1.0,13.0,42.0,12.0,1.0,26.6,0.7962178370673536,0.5247277854489381,0.7405254949496101,,,,,,,,0.00328685374563436,0.2856010720133781,5.896497044712305,7.07273553982377,6.514510085806251,0.10327734239399429,3.6125513639301063,6898.050699328631,0.0,8545.0
252336560693540533935881068298825202077_eps6_s0,EnvPermit,1.0,15.0,42.0,12.0,1.0,26.6,0.34372793948033886,0.3682736786230477,0.32716744187079716,,,,,,,,0.00328685374563436,0.2856010720133781,5.896497044712305,7.143735968694091,6.617088300362229,0.10237148515880104,3.8155665151774882,7077.0292062468825,0.0,8545.0
252336560693540533935881068298825202077_eps6_s1,EnvPermit,1.0,15.0,42.0,12.0,1.0,26.6,0.8065327830682139,0.5070342568383537,0.7499111193594441,,,,,,,,0.00328685374563436,0.2856010720133781,5.896497044712305,7.064411305263638,6.71306553222239,0.25324869081377976,3.6284293446689846,7167.345640461892,0.0,8545.0
252336560693540533935881068298825202077_eps6_s10,EnvPermit,1.0,15.0,42.0,12.0,1.0,26.6,0.5780771143590071,0.4600683570645372,0.47127819973036605,,,,,,,,0.00328685374563436,0.2856010720133781,5.896497044712305,7.449200882390142,6.879197357222438,0.10104092918336385,3.756006674095988,7983.802157519012,0.0,8545.0
252336560693540533935881068298825202077_eps6_s2,EnvPermit,1.0,15.0,42.0,12.0,1.0,26.6,0.8307680270146097,0.5313333956169026,0.7963679492283451,,,,,,,,0.00328685374563436,0.2856010720133781,5.896497044712305,7.0924765471369025,6.476787795498967,0.1026881735771894,3.7057074427604677,7256.352270947769,0.0,8545.0
252336560693540533935881068298825202077_eps6_s3,EnvPermit,1.0,15.0,42.0,12.0,1.0,26.6,0.8542659728434648,0.5367128796883105,0.8114031624738389,,,,,,,,0.00328685374563436,0.2856010720133781,5.896497044712305,7.160161697119475,6.546425947919488,0.1034744709730148,3.7029088262468575,7345.699345793948,0.0,8545.0
252336560693540533935881068298825202077_eps6_s4,EnvPermit,1.0,15.0,42.0,12.0,1.0,26.6,0.8540637957481831,0.5355003992251107,0.818082055147161,,,,,,,,0.00328685374563436,0.2856010720133781,5.896497044712305,7.644948472082615,6.969399249181151,0.10351990014314646,3.6798028841614725,7439.720629961788,0.0,8545.0
252336560693540533935881068298825202077_eps6_s5,EnvPermit,1.0,15.0,42.0,12.0,1.0,26.6,0.8540637957481831,0.5355003992251107,0.818082055147161,,,,,,,,0.00328685374563436,0.2856010720133781,5.896497044712305,7.535525029152632,6.895955668017268,0.10188521593809119,3.592292733490467,7530.796067467704,0.0,8545.0
252336560693540533935881068298825202077_eps6_s6,EnvPermit,1.0,15.0,42.0,12.0,1.0,26.6,0.8578717137879212,0.5380635743002847,0.8241847222121625,,,,,,,,0.00328685374563436,0.2856010720133781,5.896497044712305,7.561578421667218,6.898918493464589,0.10208915211260314,3.717276530712842,7622.498943695426,0.0,8545.0
252336560693540533935881068298825202077_eps6_s7,EnvPermit,1.0,15.0,42.0,12.0,1.0,26.6,0.8715362176456226,0.5478405115572482,0.8319934602547248,,,,,,,,0.00328685374563436,0.2856010720133781,5.896497044712305,7.05869849100709,6.445891619846225,0.10378665328025816,3.63307834751904,7714.325318524987,0.0,8545.0
252336560693540533935881068298825202077_eps6_s8,EnvPermit,1.0,15.0,42.0,12.0,1.0,26.6,0.8715362176456226,0.5478405115572482,0.8319666571358164,,,,,,,,0.00328685374563436,0.2856010720133781,5.896497044712305,7.405999814718962,6.831037954986096,0.1007255762815475,3.640351239964366,7805.019845334068,0.0,8545.0
252336560693540533935881068298825202077_eps6_s9,EnvPermit,1.0,15.0,42.0,12.0,1.0,26.6,0.8715362176456226,0.5478405115572482,0.8319666571358164,,,,,,,,0.00328685374563436,0.2856010720133781,5.896497044712305,7.0951266407966616,6.40864214412868,0.10108699835836883,3.628112379834056,7894.028377996758,0.0,8545.0
252336560693540533935881068298825202077_eps7_s0,EnvPermit,1.0,17.0,42.0,12.0,1.0,26.6,0.34372793948033886,0.3682736786230477,0.32713615909394494,,,,,,,,0.00328685374563436,0.2856010720133781,5.896497044712305,7.2549436710774895,6.743419809266925,0.1059024795889854,3.6051396172493697,8076.117435004562,0.0,8545.0
252336560693540533935881068298825202077_eps7_s1,EnvPermit,1.0,17.0,42.0,12.0,1.0,26.6,0.8065327830682139,0.5070342568383537,0.7499817609211019,,,,,,,,0.00328685374563436,0.2856010720133781,5.896497044712305,7.351017436757684,6.744647344201804,0.10359897203743454,3.6673297353088854,8167.388826198131,0.0,8545.0
252336560693540533935881068298825202077_eps7_s10,EnvPermit,1.0,17.0,42.0,12.0,1.0,26.6,0.5706378792740641,0.4920920348402308,0.47121211479104846,,,,,,,,0.00328685374563436,0.2856010720133781,5.896497044712305,7.509435345232487,6.4864951021969315,0.10435619316995134,3.6943297296762467,8996.901568710431,0.0,8545.0
252336560693540533935881068298825202077_eps7_s2,EnvPermit,1.0,17.0,42.0,12.0,1.0,26.6,0.8307680270146097,0.5313333956169026,0.7964290109868952,,,,,,,,0.00328685374563436,0.2856010720133781,5.896497044712305,7.887959494814277,7.177671065181494,0.19278245232999322,3.628346458822489,8261.606441139802,0.0,8545.0
252336560693540533935881068298825202077_eps7_s3,EnvPermit,1.0,17.0,42.0,12.0,1.0,26.6,0.8542659728434648,0.5367128796883105,0.8114371035032046,,,,,,,,0.00328685374563436,0.2856010720133781,5.896497044712305,7.637575668469071,6.903601007163525,0.10431571863591671,3.7433706797659396,8358.038342425227,0.0,8545.0
252336560693540533935881068298825202077_eps7_s4,EnvPermit,1.0,17.0,42.0,12.0,1.0,26.6,0.8539622729055434,0.5354677194865486,0.8180767500685748,,,,,,,,0.00328685374563436,0.2856010720133781,5.896497044712305,8.113727277889847,7.432486154139042,0.10247639119625085,3.663400660082698,8452.674897115678,0.0,8545.0
252336560693540533935881068298825202077_eps7_s5,EnvPermit,1.0,17.0,42.0,12.0,1.0,26.6,0.8539622729055434,0.5354677194865486,0.8180767500685748,,,,,,,,0.00328685374563436,0.2856010720133781,5.896497044712305,7.415446446835995,6.802377093955874,0.1030228786170482,3.6292672071605923,8546.226841176674,0.0,8545.0
252336560693540533935881068298825202077_eps7_s6,EnvPermit,1.0,17.0,42.0,12.0,1.0,26.6,0.8577701909452816,0.5380308945617227,0.8241662288711302,,,,,,,,0.00328685374563436,0.2856010720133781,5.896497044712305,7.431867964938283,6.92615163885057,0.10311769582331176,3.65895701572299,8640.10728304498,0.0,8545.0
252336560693540533935881068298825202077_eps7_s7,EnvPermit,1.0,17.0,42.0,12.0,1.0,26.6,0.871434694802983,0.5478078318186861,0.831964996808083,,,,,,,,0.00328685374563436,0.2856010720133781,5.896497044712305,7.120770802721381,6.494023513048887,0.10203022547066205,3.6395725551992655,8729.5309218511,0.0,8545.0
252336560693540533935881068298825202077_eps7_s8,EnvPermit,1.0,17.0,42.0,12.0,1.0,26.6,0.871434694802983,0.5478078318186861,0.8319381936891747,,,,,,,,0.00328685374563436,0.2856010720133781,5.896497044712305,7.135723463073373,6.505872252956033,0.10226714722812172,3.613280587270856,8818.220070559904,0.0,8545.0
252336560693540533935881068298825202077_eps7_s9,EnvPermit,1.0,17.0,42.0,12.0,1.0,26.6,0.871434694802983,0.5478078318186861,0.8319381936891747,,,,,,,,0.00328685374563436,0.2856010720133781,5.896497044712305,7.140091459825635,6.5119298253208395,0.10354257412254804,3.5549839686602356,8906.764348406345,0.0,8545.0
252336560693540533935881068298825202077_eps8_s0,EnvPermit,1.0,19.0,42.0,12.0,1.0,26.6,0.34372793948033886,0.3682736786230477,0.32713615909394494,,,,,,,,0.00328685374563436,0.2856010720133781,5.896497044712305,7.30147693194449,6.628931192681193,0.10338385887444015,3.6414054982364177,9087.204130834341,0.0,8545.0
252336560693540533935881068298825202077_eps8_s1,EnvPermit,1.0,19.0,42.0,12.0,1.0,26.6,0.8065327830682139,0.5070342568383537,0.7499779399518653,,,,,,,,0.00328685374563436,0.2856010720133781,5.896497044712305,7.120654666423798,6.786962621286511,0.10214804038405412,3.5635864846408367,9177.039839336649,0.0,8545.0
252336560693540533935881068298825202077_eps8_s10,EnvPermit,1.0,19.0,42.0,12.0,1.0,26.6,0.5759518336284728,0.494162748757601,0.47127820680328425,,,,,,,,0.00328685374563436,0.2856010720133781,5.896497044712305,7.529296918585897,6.823362115770578,0.102027653157711,3.5699059944599867,9989.968311581388,0.0,8545.0
252336560693540533935881068298825202077_eps8_s2,EnvPermit,1.0,19.0,42.0,12.0,1.0,26.6,0.8307680270146097,0.5313333956169026,0.7965279858918899,,,,,,,,0.00328685374563436,0.2856010720133781,5.896497044712305,7.141213255375623,6.529452301934361,0.10243668369948859,3.577891160920262,9266.11179482676,0.0,8545.0
252336560693540533935881068298825202077_eps8_s3,EnvPermit,1.0,19.0,42.0,12.0,1.0,26.6,0.8542659728434648,0.5367128796883105,0.8115293574667604,,,,,,,,0.00328685374563436,0.2856010720133781,5.896497044712305,7.025636623427272,6.686437725275755,0.10133773833513256,3.600607779994607,9354.600591441616,0.0,8545.0
252336560693540533935881068298825202077_eps8_s4,EnvPermit,1.0,19.0,42.0,12.0,1.0,26.6,0.8539622729055434,0.5354677194865486,0.8181404285926396,,,,,,,,0.00328685374563436,0.2856010720133781,5.896497044712305,7.082802341505885,6.467857503518462,0.10260977968573566,3.5360887099057434,9443.139363811166,0.0,8545.0
252336560693540533935881068298825202077_eps8_s5,EnvPermit,1.0,19.0,42.0,12.0,1.0,26.6,0.8539622729055434,0.5354677194865486,0.8181404285926396,,,,,,,,0.00328685374563436,0.2856010720133781,5.896497044712305,7.120437151566148,6.463293204084039,0.10183318965137,3.6559829749166965,9531.701565103605,0.0,8545.0
252336560693540533935881068298825202077_eps8_s6,EnvPermit,1.0,19.0,42.0,12.0,1.0,26.6,0.8577701909452816,0.5380308945617227,0.824228258862389,,,,,,,,0.00328685374563436,0.2856010720133781,5.896497044712305,7.626266399025917,6.895286131277681,0.10472977608442302,3.4954466365277765,9623.720237418263,0.0,8545.0
252336560693540533935881068298825202077_eps8_s7,EnvPermit,1.0,19.0,42.0,12.0,1.0,26.6,0.871434694802983,0.5478078318186861,0.8320416213911692,,,,,,,,0.00328685374563436,0.2856010720133781,5.896497044712305,7.864652780070901,6.917182809114456,0.10356421917676921,3.5831817027181385,9716.046620369703,0.0,8545.0
252336560693540533935881068298825202077_eps8_s8,EnvPermit,1.0,19.0,42.0,12.0,1.0,26.6,0.871434694802983,0.5478078318186861,0.8320148182722609,,,,,,,,0.00328685374563436,0.2856010720133781,5.896497044712305,7.0972155567258595,6.517635982111097,0.10114158391952513,3.6183894492685793,9807.032355673984,0.0,8545.0
252336560693540533935881068298825202077_eps8_s9,EnvPermit,1.0,19.0,42.0,12.0,1.0,26.6,0.871434694802983,0.5478078318186861,0.8320148182722609,,,,,,,,0.00328685374563436,0.2856010720133781,5.896497044712305,7.466439159587026,6.904721047356725,0.10327068679034704,3.59340328425169,9899.414003812522,0.0,8545.0
252336560693540533935881068298825202077_eps9_s0,EnvPermit,1.0,21.0,42.0,12.0,1.0,26.6,0.34372793948033886,0.3682736786230477,0.32713615909394494,,,,,,,,0.00328685374563436,0.2856010720133781,5.896497044712305,7.433664436265826,6.903076573833824,0.10067427456378934,3.6342792466282843,10080.819073646144,0.0,8545.0
252336560693540533935881068298825202077_eps9_s1,EnvPermit,1.0,21.0,42.0,12.0,1.0,26.6,0.8065327830682139,0.5070342568383537,0.749981146473347,,,,,,,,0.00328685374563436,0.2856010720133781,5.896497044712305,7.152767158299684,6.80280699916184,0.10191620700061317,3.549142546951771,10173.018538293987,0.0,8545.0
252336560693540533935881068298825202077_eps9_s10,EnvPermit,1.0,21.0,42.0,12.0,1.0,26.6,0.5773069311431287,0.48500712511905497,0.4663630068088792,,,,,,,,0.00328685374563436,0.2856010720133781,5.896497044712305,7.570783177763223,7.1534408304840325,0.10427679494023319,3.6889082293957474,11012.87599026896,0.0,8545.0
252336560693540533935881068298825202077_eps9_s2,EnvPermit,1.0,21.0,42.0,12.0,1.0,26.6,0.8307680270146097,0.5313333956169026,0.7965360383406368,,,,,,,,0.00328685374563436,0.2856010720133781,5.896497044712305,7.453534075990319,6.909123385325074,0.10414193607866759,3.5832923296839,10264.976339907571,0.0,8545.0
252336560693540533935881068298825202077_eps9_s3,EnvPermit,1.0,21.0,42.0,12.0,1.0,26.6,0.8542659728434648,0.5367128796883105,0.8115441308569464,,,,,,,,0.00328685374563436,0.2856010720133781,5.896497044712305,7.5017120342701675,6.906532848626375,0.10230604708194728,3.6862979877740143,10355.999032209442,0.0,8545.0
252336560693540533935881068298825202077_eps9_s4,EnvPermit,1.0,21.0,42.0,12.0,1.0,26.6,0.8539622729055434,0.5354677194865486,0.8181466825834433,,,,,,,,0.00328685374563436,0.2856010720133781,5.896497044712305,7.205903949588537,6.5397755790501835,0.10613445639610289,3.623803410679102,10447.67953651622,0.0,8545.0
252336560693540533935881068298825202077_eps9_s5,EnvPermit,1.0,21.0,42.0,12.0,1.0,26.6,0.8539622729055434,0.5354677194865486,0.8181466825834433,,,,,,,,0.00328685374563436,0.2856010720133781,5.896497044712305,7.53561945669353,6.897353555634618,0.10201629698276515,3.662051061540842,10540.673784431816,0.0,8545.0
252336560693540533935881068298825202077_eps9_s6,EnvPermit,1.0,21.0,42.0,12.0,1.0,26.6,0.8577701909452816,0.5380308945617227,0.8242361613859985,,,,,,,,0.00328685374563436,0.2856010720133781,5.896497044712305,7.809808805212379,7.229546213522553,0.10182248912751672,3.707529666274786,10635.125079489871,0.0,8545.0
252336560693540533935881068298825202077_eps9_s7,EnvPermit,1.0,21.0,42.0,12.0,1.0,26.6,0.871434694802983,0.5478078318186861,0.8320497220109614,,,,,,,,0.00328685374563436,0.2856010720133781,5.896497044712305,7.8715027462691065,7.100373260676861,0.10249482579529282,3.6246910262852907,10728.445935512707,0.0,8545.0
252336560693540533935881068298825202077_eps9_s8,EnvPermit,1.0,21.0,42.0,12.0,1.0,26.6,0.871434694802983,0.5478078318186861,0.8320229188920528,,,,,,,,0.00328685374563436,0.2856010720133781,5.896497044712305,7.391184806078672,6.810271532461047,0.10164962783455847,3.62870007827878,10823.471235409006,0.0,8545.0
252336560693540533935881068298825202077_eps9_s9,EnvPermit,1.0,21.0,42.0,12.0,1.0,26.6,0.871434694802983,0.5478078318186861,0.8320229188920528,,,,,,,,0.00328685374563436,0.2856010720133781,5.896497044712305,7.704703464731574,7.116482575237751,0.10336457453668113,3.7501083545386793,10916.430059610308,0.0,8545.0
206503505805925416411570256798916015644_eps0_s0,Helpdesk,1.0,3.0,42.0,12.0,1.0,17.8,0.18743562995772217,0.22126174506495025,0.4150303055358302,,,,,,,,0.0005393227749075399,0.45398132503032673,20.128134170547128,15.616644696891308,13.60266054943204,0.11644672751426695,5.73342725597322,125.9096969116479,0.0,12817.0
206503505805925416411570256798916015644_eps0_s1,Helpdesk,1.0,3.0,42.0,12.0,1.0,17.8,0.8585940951867747,0.5026506409380903,0.9109899995044486,,,,,,,,0.0005393227749075399,0.45398132503032673,20.128134170547128,15.403485462814569,14.068030233308672,0.10635885559022422,5.6774857372045515,304.1272000405937,0.0,12817.0
206503505805925416411570256798916015644_eps0_s10,Helpdesk,1.0,3.0,42.0,12.0,1.0,17.8,0.8585940951867747,0.5026506409380903,0.9109899995044486,,,,,,,,0.0005393227749075399,0.45398132503032673,20.128134170547128,15.036010779067874,13.811163826286792,0.10409177653491494,5.508326368406415,1890.6814645037055,0.0,12817.0
206503505805925416411570256798916015644_eps0_s2,Helpdesk,1.0,3.0,42.0,12.0,1.0,17.8,0.8585940951867747,0.5026506409380903,0.9109899995044486,,,,,,,,0.0005393227749075399,0.45398132503032673,20.128134170547128,15.315495944768191,13.896903638169169,0.11265623718500133,5.776979231461882,481.7010737221688,0.0,12817.0
206503505805925416411570256798916015644_eps0_s3,Helpdesk,1.0,3.0,42.0,12.0,1.0,17.8,0.8585940951867747,0.5026506409380903,0.9109899995044486,,,,,,,,0.0005393227749075399,0.45398132503032673,20.128134170547128,15.479338707402349,14.123690336197615,0.1114820651710033,5.834226432070136,659.6735187016427,0.0,12817.0
206503505805925416411570256798916015644_eps0_s4,Helpdesk,1.0,3.0,42.0,12.0,1.0,17.8,0.8585940951867747,0.5026506409380903,0.9109899995044486,,,,,,,,0.0005393227749075399,0.45398132503032673,20.128134170547128,15.61410493440926,14.171609247475862,0.10804290100932117,5.730308762937784,839.1655764102936,0.0,12817.0
206503505805925416411570256798916015644_eps0_s5,Helpdesk,1.0,3.0,42.0,12.0,1.0,17.8,0.8585940951867747,0.5026506409380903,0.9109899995044486,,,,,,,,0.0005393227749075399,0.45398132503032673,20.128134170547128,15.520098240673542,14.082038494572043,0.11807550527155394,5.763454140350222,1019.0505140334368,0.0,12817.0
206503505805925416411570256798916015644_eps0_s6,Helpdesk,1.0,3.0,42.0,12.0,1.0,17.8,0.8585940951867747,0.5026506409380903,0.9109899995044486,,,,,,,,0.0005393227749075399,0.45398132503032673,20.128134170547128,15.474613316729664,14.042949862405658,0.1058795545250177,5.602537712082267,1198.3882133927195,0.0,12817.0
206503505805925416411570256798916015644_eps0_s7,Helpdesk,1.0,3.0,42.0,12.0,1.0,17.8,0.8585940951867747,0.5026506409380903,0.9109899995044486,,,,,,,,0.0005393227749075399,0.45398132503032673,20.128134170547128,15.075944740697741,13.692767240479588,0.10366283357143398,5.377715540677309,1372.3621172655373,0.0,12817.0
206503505805925416411570256798916015644_eps0_s8,Helpdesk,1.0,3.0,42.0,12.0,1.0,17.8,0.8585940951867747,0.5026506409380903,0.9109899995044486,,,,,,,,0.0005393227749075399,0.45398132503032673,20.128134170547128,14.98274807818234,13.679788944125175,0.10057920254766936,5.413244609907269,1544.9118563774973,0.0,12817.0
206503505805925416411570256798916015644_eps0_s9,Helpdesk,1.0,3.0,42.0,12.0,1.0,17.8,0.8585940951867747,0.5026506409380903,0.9109899995044486,,,,,,,,0.0005393227749075399,0.45398132503032673,20.128134170547128,14.877707692980767,13.719947938621043,0.10291711017489431,5.486696496978402,1717.4615240305661,0.0,12817.0
206503505805925416411570256798916015644_eps1_s0,Helpdesk,1.0,5.0,42.0,12.0,1.0,17.8,0.18743562995772217,0.22126174506495025,0.41499422642049744,,,,,,,,0.0005393227749075399,0.45398132503032673,20.128134170547128,14.999950041994452,13.115498751401901,0.10306821130216118,5.497116327658295,2062.324434556067,0.0,12817.0
206503505805925416411570256798916015644_eps1_s1,Helpdesk,1.0,5.0,42.0,12.0,1.0,17.8,0.8487068325535692,0.4876372782987314,0.907567412707583,,,,,,,,0.0005393227749075399,0.45398132503032673,20.128134170547128,14.78187770396471,13.594733079522848,0.10169917456805704,5.418411336839199,2232.9820497006176,0.0,12817.0
206503505805925416411570256798916015644_eps1_s10,Helpdesk,1.0,5.0,42.0,12.0,1.0,17.8,0.21209760109971976,0.20415788674427943,0.619006651069925,,,,,,,,0.0005393227749075399,0.45398132503032673,20.128134170547128,16.61650355383754,14.910298845544457,0.09955400675535198,5.652824029326439,3894.4936146151276,0.0,12817.0
206503505805925416411570256798916015644_eps1_s2,Helpdesk,1.0,5.0,42.0,12.0,1.0,17.8,0.78511047861376,0.46644443712090045,0.8807484089500607,,,,,,,,0.0005393227749075399,0.45398132503032673,20.128134170547128,15.788913365453482,14.256811363622546,0.10060782283544537,5.514759853109718,2405.900458934531,0.0,12817.0
206503505805925416411570256798916015644_eps1_s3,Helpdesk,1.0,5.0,42.0,12.0,1.0,17.8,0.7661923843957689,0.4574997863082576,0.8698525204299854,,,,,,,,0.0005393227749075399,0.45398132503032673,20.128134170547128,16.336852375045417,14.939992529898882,0.10259180702269073,5.549328978359699,2590.385764606297,0.0,12817.0
206503505805925416411570256798916015644_eps1_s4,Helpdesk,1.0,5.0,42.0,12.0,1.0,17.8,0.5533276561381835,0.3659053473267703,0.7335682599405694,,,,,,,,0.0005393227749075399,0.45398132503032673,20.128134170547128,16.36450543962419,14.962929086387158,0.10286325179040427,5.503040826693177,2779.271042110026,0.0,12817.0
206503505805925416411570256798916015644_eps1_s5,Helpdesk,1.0,5.0,42.0,12.0,1.0,17.8,0.5524399941230698,0.3655007676461411,0.7283023114360555,,,,,,,,0.0005393227749075399,0.45398132503032673,20.128134170547128,16.356733735278247,14.891241233050824,0.10269431695342057,5.5919796146452425,2968.2623733650894,0.0,12817.0
206503505805925416411570256798916015644_eps1_s6,Helpdesk,1.0,5.0,42.0,12.0,1.0,17.8,0.4927824971349869,0.33712808739316813,0.699296308985736,,,,,,,,0.0005393227749075399,0.45398132503032673,20.128134170547128,16.831782418116926,15.45006465278566,0.1002347387373447,5.532712709903717,3154.8165358778087,0.0,12817.0
206503505805925416411570256798916015644_eps1_s7,Helpdesk,1.0,5.0,42.0,12.0,1.0,17.8,0.4337855348562078,0.3142703833865639,0.6805712172893237,,,,,,,,0.0005393227749075399,0.45398132503032673,20.128134170547128,15.856312393397094,14.258266776800156,0.10348838381469247,5.566314745694399,3341.1188894338907,0.0,12817.0
206503505805925416411570256798916015644_eps1_s8,Helpdesk,1.0,5.0,42.0,12.0,1.0,17.8,0.26388701429055805,0.2285764210054146,0.667347045530419,,,,,,,,0.0005393227749075399,0.45398132503032673,20.128134170547128,16.837320655584335,14.915411049127579,0.10406496189534661,5.5092995800077915,3525.116133728996,0.0,12817.0
206503505805925416411570256798916015644_eps1_s9,Helpdesk,1.0,5.0,42.0,12.0,1.0,17.8,0.2632697581514354,0.2284222836733814,0.6665516181544435,,,,,,,,0.0005393227749075399,0.45398132503032673,20.128134170547128,16.14991451203823,14.197806692123413,0.101169391721487,5.522970508411527,3709.1547037202863,0.0,12817.0
206503505805925416411570256798916015644_eps2_s0,Helpdesk,1.0,7.0,42.0,12.0,1.0,17.8,0.18743562995772217,0.22126174506495025,0.41424489641580975,,,,,,,,0.0005393227749075399,0.45398132503032673,20.128134170547128,16.871975191682576,15.215967661142349,0.10330650024116035,5.65243100002408,4081.5297303527595,0.0,12817.0
206503505805925416411570256798916015644_eps2_s1,Helpdesk,1.0,7.0,42.0,12.0,1.0,17.8,0.8522238036518732,0.5014023903531012,0.9064032209577,,,,,,,,0.0005393227749075399,0.45398132503032673,20.128134170547128,15.854269224032759,14.835000712051988,0.10356578677892683,5.430261370167136,4272.200305312499,0.0,12817.0
206503505805925416411570256798916015644_eps2_s10,Helpdesk,1.0,7.0,42.0,12.0,1.0,17.8,0.18237230848830538,0.23597601024067788,0.5306845420797153,,,,,,,,0.0005393227749075399,0.45398132503032673,20.128134170547128,16.428821209445594,14.54038708806038,0.09956900663673873,5.495721254125238,5917.842842217162,0.0,12817.0
206503505805925416411570256798916015644_eps2_s2,Helpdesk,1.0,7.0,42.0,12.0,1.0,17.8,0.8061103217368327,0.4852687579731172,0.8846109379813603,,,,,,,,0.0005393227749075399,0.45398132503032673,20.128134170547128,15.766188522055746,14.601411534845829,0.10104484036564823,5.406504958495498,4453.8007200166585,0.0,12817.0
206503505805925416411570256798916015644_eps2_s3,Helpdesk,1.0,7.0,42.0,12.0,1.0,17.8,0.776196654419308,0.4677015811449885,0.866992755021759,,,,,,,,0.0005393227749075399,0.45398132503032673,20.128134170547128,15.828822907060385,14.45728246048093,0.10109078884124749,5.448475836217403,4632.433683234453,0.0,12817.0
206503505805925416411570256798916015644_eps2_s4,Helpdesk,1.0,7.0,42.0,12.0,1.0,17.8,0.7630608324567345,0.4679830151974526,0.8497492178872686,,,,,,,,0.0005393227749075399,0.45398132503032673,20.128134170547128,16.535552337020636,14.804980370774866,0.10357181318104262,5.437530529871583,4815.08553379178,0.0,12817.0
206503505805925416411570256798916015644_eps2_s5,Helpdesk,1.0,7.0,42.0,12.0,1.0,17.8,0.6731453166267194,0.4181054671093524,0.798264281709394,,,,,,,,0.0005393227749075399,0.45398132503032673,20.128134170547128,15.81934880502522,14.248748239874839,0.1005800478160381,5.467032432183624,4998.5313965465875,0.0,12817.0
206503505805925416411570256798916015644_eps2_s6,Helpdesk,1.0,7.0,42.0,12.0,1.0,17.8,0.5432779082530538,0.3597156970625222,0.7385328686369583,,,,,,,,0.0005393227749075399,0.45398132503032673,20.128134170547128,16.31781091429293,14.75008132867515,0.09957101531326769,5.473057663440704,5181.498431346193,0.0,12817.0
206503505805925416411570256798916015644_eps2_s7,Helpdesk,1.0,7.0,42.0,12.0,1.0,17.8,0.5431617276177858,0.3596538269896752,0.7384637734116618,,,,,,,,0.0005393227749075399,0.45398132503032673,20.128134170547128,15.66515634804964,14.244142610952258,0.09964691810309882,5.456762054562569,5362.7125189285725,0.0,12817.0
206503505805925416411570256798916015644_eps2_s8,Helpdesk,1.0,7.0,42.0,12.0,1.0,17.8,0.4114064160901728,0.3677341625013715,0.6678071670057419,,,,,,,,0.0005393227749075399,0.45398132503032673,20.128134170547128,16.57621207050979,14.4725534401834,0.10136070773005482,5.404952447488904,5545.036192072928,0.0,12817.0
206503505805925416411570256798916015644_eps2_s9,Helpdesk,1.0,7.0,42.0,12.0,1.0,17.8,0.4114064160901728,0.3677341625013715,0.6677974864636316,,,,,,,,0.0005393227749075399,0.45398132503032673,20.128134170547128,16.987967352196574,15.107289408892393,0.10314548052847383,5.444710126519203,5733.846663916111,0.0,12817.0
206503505805925416411570256798916015644_eps3_s0,Helpdesk,1.0,9.0,42.0,12.0,1.0,17.8,0.18743562995772217,0.22126174506495025,0.41425843237557813,,,,,,,,0.0005393227749075399,0.45398132503032673,20.128134170547128,15.433963285014034,14.382107524946331,0.09989297464489932,5.987807391583919,6105.351335540041,0.0,12817.0
206503505805925416411570256798916015644_eps3_s1,Helpdesk,1.0,9.0,42.0,12.0,1.0,17.8,0.8543974298174056,0.49633346937057665,0.9077107069730392,,,,,,,,0.0005393227749075399,0.45398132503032673,20.128134170547128,15.012403108552098,13.721792328730226,0.10571641735732551,5.334494674578309,6277.493171728403,0.0,12817.0
206503505805925416411570256798916015644_eps3_s10,Helpdesk,1.0,9.0,42.0,12.0,1.0,17.8,0.30300494552592855,0.28251801229489487,0.5637926380593636,,,,,,,,0.0005393227749075399,0.45398132503032673,20.128134170547128,16.685607904940845,14.405422972887754,0.10411853715777393,5.418368567153811,7801.721316616982,0.0,12817.0
206503505805925416411570256798916015644_eps3_s2,Helpdesk,1.0,9.0,42.0,12.0,1.0,17.8,0.8363809703720417,0.4933650847819722,0.8964793277393357,,,,,,,,0.0005393227749075399,0.45398132503032673,20.128134170547128,14.87830578573048,13.521092821657657,0.10255946144461629,5.275961884856224,6448.837166859955,0.0,12817.0
206503505805925416411570256798916015644_eps3_s3,Helpdesk,1.0,9.0,42.0,12.0,1.0,17.8,0.81266241348618,0.48075981030297055,0.8883734187467457,,,,,,,,0.0005393227749075399,0.45398132503032673,20.128134170547128,14.846954928338528,13.009447848424315,0.1029797069728374,5.393768365681171,6617.9031153485175,0.0,12817.0
206503505805925416411570256798916015644_eps3_s4,Helpdesk,1.0,9.0,42.0,12.0,1.0,17.8,0.7848437068338461,0.4686032580241415,0.8717588227939117,,,,,,,,0.0005393227749075399,0.45398132503032673,20.128134170547128,14.728391576558352,12.95605558976531,0.10081310980021947,5.333447005599737,6785.706255795807,0.0,12817.0
206503505805925416411570256798916015644_eps3_s5,Helpdesk,1.0,9.0,42.0,12.0,1.0,17.8,0.7847281232195404,0.46854785885838035,0.8717529005440616,,,,,,,,0.0005393227749075399,0.45398132503032673,20.128134170547128,14.935481131449341,13.213035525009037,0.10073768310248847,5.3879748523235325,6954.200691799075,0.0,12817.0
206503505805925416411570256798916015644_eps3_s6,Helpdesk,1.0,9.0,42.0,12.0,1.0,17.8,0.7846895801476577,0.46853233090806984,0.8717400528534339,,,,,,,,0.0005393227749075399,0.45398132503032673,20.128134170547128,14.79427741020918,12.93514896966517,0.10138353295624251,5.379199777916074,7122.7771802067755,0.0,12817.0
206503505805925416411570256798916015644_eps3_s7,Helpdesk,1.0,9.0,42.0,12.0,1.0,17.8,0.784612332741901,0.46849041892323795,0.8716998721376429,,,,,,,,0.0005393227749075399,0.45398132503032673,20.128134170547128,14.86087140776217,13.089394426718354,0.10138624161481853,5.421625636518002,7291.099690982699,0.0,12817.0
206503505805925416411570256798916015644_eps3_s8,Helpdesk,1.0,9.0,42.0,12.0,1.0,17.8,0.6514491682864673,0.4090545318151335,0.8423203178387894,,,,,,,,0.0005393227749075399,0.45398132503032673,20.128134170547128,14.844126768037677,12.69975842870772,0.10286955535411832,5.361093216389418,7459.038578291982,0.0,12817.0
206503505805925416411570256798916015644_eps3_s9,Helpdesk,1.0,9.0,42.0,12.0,1.0,17.8,0.6514491682864673,0.4090545318151335,0.8423078714275046,,,,,,,,0.0005393227749075399,0.45398132503032673,20.128134170547128,14.586065270751714,12.690952924266458,0.09803710654377931,5.381820147484541,7624.532046682015,0.0,12817.0
206503505805925416411570256798916015644_eps4_s0,Helpdesk,1.0,11.0,42.0,12.0,1.0,17.8,0.18743562995772217,0.22126174506495025,0.41425843237557813,,,,,,,,0.0005393227749075399,0.45398132503032673,20.128134170547128,16.527807003632187,14.846604907140136,0.10220605470240111,5.418001635372638,7988.41540395692,0.0,12817.0
206503505805925416411570256798916015644_eps4_s1,Helpdesk,1.0,11.0,42.0,12.0,1.0,17.8,0.8582070564640114,0.4980028012334811,0.9101198526206625,,,,,,,,0.0005393227749075399,0.45398132503032673,20.128134170547128,15.705477467551827,14.440588422864675,0.10060520507395262,5.302425226941705,8172.068367240578,0.0,12817.0
206503505805925416411570256798916015644_eps4_s10,Helpdesk,1.0,11.0,42.0,12.0,1.0,17.8,0.40439089750792834,0.3378207187774468,0.5983817194007599,,,,,,,,0.0005393227749075399,0.45398132503032673,20.128134170547128,16.57062681503594,14.503649704158306,0.10190918147563928,5.400256304815412,9815.947396560014,0.0,12817.0
206503505805925416411570256798916015644_eps4_s2,Helpdesk,1.0,11.0,42.0,12.0,1.0,17.8,0.8513086376304726,0.5018111298328976,0.9068128807871083,,,,,,,,0.0005393227749075399,0.45398132503032673,20.128134170547128,15.086714904010297,13.542202661931515,0.0986898504197597,5.313597225025296,8343.906196393818,0.0,12817.0
206503505805925416411570256798916015644_eps4_s3,Helpdesk,1.0,11.0,42.0,12.0,1.0,17.8,0.8490689060358658,0.5007395732720159,0.905791705615076,,,,,,,,0.0005393227749075399,0.45398132503032673,20.128134170547128,15.754686825722455,13.896945188194513,0.10278727784752842,5.334019937366247,8520.297498856113,0.0,12817.0
206503505805925416411570256798916015644_eps4_s4,Helpdesk,1.0,11.0,42.0,12.0,1.0,17.8,0.8341044483226897,0.4920483142242624,0.8968608611155247,,,,,,,,0.0005393227749075399,0.45398132503032673,20.128134170547128,16.505733868852257,14.663722734898329,0.1014656819403171,5.3050587978214025,8703.412730948627,0.0,12817.0
206503505805925416411570256798916015644_eps4_s5,Helpdesk,1.0,11.0,42.0,12.0,1.0,17.8,0.8339888647083843,0.4919929150585013,0.8968549388656746,,,,,,,,0.0005393227749075399,0.45398132503032673,20.128134170547128,16.602517339214682,14.651860800385474,0.10226991102099417,5.46432861238718,8888.552176342904,0.0,12817.0
206503505805925416411570256798916015644_eps4_s6,Helpdesk,1.0,11.0,42.0,12.0,1.0,17.8,0.8339888647083843,0.4919929150585013,0.8968549388656746,,,,,,,,0.0005393227749075399,0.45398132503032673,20.128134170547128,16.190511467680334,14.675884296000003,0.09948824308812612,5.409030834212899,9071.328797176107,0.0,12817.0
206503505805925416411570256798916015644_eps4_s7,Helpdesk,1.0,11.0,42.0,12.0,1.0,17.8,0.8339116173026276,0.4919510030736694,0.8968147581498835,,,,,,,,0.0005393227749075399,0.45398132503032673,20.128134170547128,17.12313971333206,15.220221075415612,0.10237749405205246,5.227810319885611,9257.22157930173,0.0,12817.0
206503505805925416411570256798916015644_eps4_s8,Helpdesk,1.0,11.0,42.0,12.0,1.0,17.8,0.8339116173026276,0.4919510030736694,0.8968012053909289,,,,,,,,0.0005393227749075399,0.45398132503032673,20.128134170547128,16.39782789759338,14.378808014839887,0.10342696867883201,5.331141233444214,9442.707299047708,0.0,12817.0
206503505805925416411570256798916015644_eps4_s9,Helpdesk,1.0,11.0,42.0,12.0,1.0,17.8,0.8339116173026276,0.4919510030736694,0.8967887589796442,,,,,,,,0.0005393227749075399,0.45398132503032673,20.128134170547128,17.03660319559276,15.115786368772387,0.10075155384838577,5.33537289313972,9629.612761871143,0.0,12817.0
206503505805925416411570256798916015644_eps5_s0,Helpdesk,1.0,13.0,42.0,12.0,1.0,17.8,0.18743562995772217,0.22126174506495025,0.41425843237557813,,,,,,,,0.0005393227749075399,0.45398132503032673,20.128134170547128,17.24378086179495,15.69559685252607,0.10140606053173536,5.452318781986833,10006.146567400172,0.0,12817.0
206503505805925416411570256798916015644_eps5_s1,Helpdesk,1.0,13.0,42.0,12.0,1.0,17.8,0.8590166210946173,0.4983578741256328,0.9108624471813277,,,,,,,,0.0005393227749075399,0.45398132503032673,20.128134170547128,15.072209163382649,13.751966018602252,0.10161819569766517,5.302368332073092,10187.440131823718,0.0,12817.0
206503505805925416411570256798916015644_eps5_s10,Helpdesk,1.0,13.0,42.0,12.0,1.0,17.8,0.4453940644425325,0.35513055172577135,0.6063045373619307,,,,,,,,0.0005393227749075399,0.45398132503032673,20.128134170547128,16.31293035298586,14.453482642397285,0.10302553325891492,5.402708145603538,11827.661258872226,0.0,12817.0
206503505805925416411570256798916015644_eps5_s2,Helpdesk,1.0,13.0,42.0,12.0,1.0,17.8,0.8558923884132416,0.5026002609539398,0.9093987343987463,,,,,,,,0.0005393227749075399,0.45398132503032673,20.128134170547128,15.861057243868709,14.235474998131394,0.09980698898434634,5.343844872713089,10361.307501325384,0.0,12817.0
206503505805925416411570256798916015644_eps5_s3,Helpdesk,1.0,13.0,42.0,12.0,1.0,17.8,0.8542697721913349,0.5018280135111806,0.9086913730366037,,,,,,,,0.0005393227749075399,0.45398132503032673,20.128134170547128,16.05582349076867,14.522472853958607,0.10806775614619253,5.378136748075486,10544.951989018917,0.0,12817.0
206503505805925416411570256798916015644_eps5_s4,Helpdesk,1.0,13.0,42.0,12.0,1.0,17.8,0.8503379327424472,0.5011453279980121,0.9055626139353455,,,,,,,,0.0005393227749075399,0.45398132503032673,20.128134170547128,16.939041993021966,15.205286491662264,0.10140649750828738,5.340563189983368,10731.656003820524,0.0,12817.0
206503505805925416411570256798916015644_eps5_s5,Helpdesk,1.0,13.0,42.0,12.0,1.0,17.8,0.8502223491281417,0.501089928832251,0.9055566916854956,,,,,,,,0.0005393227749075399,0.45398132503032673,20.128134170547128,16.13601889796555,14.493569245189429,0.10263371840119358,5.274193939194083,10913.543154653162,0.0,12817.0
206503505805925416411570256798916015644_eps5_s6,Helpdesk,1.0,13.0,42.0,12.0,1.0,17.8,0.8502223491281417,0.501089928832251,0.9055566916854956,,,,,,,,0.0005393227749075399,0.45398132503032673,20.128134170547128,15.290776118636131,13.874370154365897,0.10032474547624584,5.347135973721743,11092.597342979536,0.0,12817.0
206503505805925416411570256798916015644_eps5_s7,Helpdesk,1.0,13.0,42.0,12.0,1.0,17.8,0.850145101722385,0.5010480168474192,0.9055165109697043,,,,,,,,0.0005393227749075399,0.45398132503032673,20.128134170547128,16.660935432836414,14.77240775860846,0.09777530767023558,5.372384418174624,11275.438327357173,0.0,12817.0
206503505805925416411570256798916015644_eps5_s8,Helpdesk,1.0,13.0,42.0,12.0,1.0,17.8,0.850145101722385,0.5010480168474192,0.9055029582107499,,,,,,,,0.0005393227749075399,0.45398132503032673,20.128134170547128,16.084403262287378,14.25562916919589,0.10233940780162806,5.305220244824886,11458.223736292124,0.0,12817.0
206503505805925416411570256798916015644_eps5_s9,Helpdesk,1.0,13.0,42.0,12.0,1.0,17.8,0.850145101722385,0.5010480168474192,0.9054905117994652,,,,,,,,0.0005393227749075399,0.45398132503032673,20.128134170547128,16.87148724645376,14.863387579470873,0.10467494055628772,5.37324962131679,11642.875202415138,0.0,12817.0
206503505805925416411570256798916015644_eps6_s0,Helpdesk,1.0,15.0,42.0,12.0,1.0,17.8,0.18743562995772217,0.22126174506495025,0.41425843237557813,,,,,,,,0.0005393227749075399,0.45398132503032673,20.128134170547128,16.829572275280952,15.408650815859437,0.09966604411602017,5.532657208293676,12015.204407729208,0.0,12817.0
206503505805925416411570256798916015644_eps6_s1,Helpdesk,1.0,15.0,42.0,12.0,1.0,17.8,0.858977692062842,0.49833800992991567,0.9108862176801823,,,,,,,,0.0005393227749075399,0.45398132503032673,20.128134170547128,14.676914940029382,13.849615773931145,0.10479273460805413,5.346863584965467,12194.844571562111,0.0,12817.0
206503505805925416411570256798916015644_eps6_s10,Helpdesk,1.0,15.0,42.0,12.0,1.0,17.8,0.45376881158709637,0.3604843958078147,0.610190020859893,,,,,,,,0.0005393227749075399,0.45398132503032673,20.128134170547128,15.391775114834308,13.213736779242755,0.10280626602470869,5.417165472358465,13726.033473970369,0.0,12817.0
206503505805925416411570256798916015644_eps6_s2,Helpdesk,1.0,15.0,42.0,12.0,1.0,17.8,0.8573569999641407,0.504535619374914,0.9099664710241699,,,,,,,,0.0005393227749075399,0.45398132503032673,20.128134170547128,16.203285912424327,14.2104498103261,0.10239983014762397,5.264937548711896,12374.122364004701,0.0,12817.0
206503505805925416411570256798916015644_eps6_s3,Helpdesk,1.0,15.0,42.0,12.0,1.0,17.8,0.8566617667113643,0.504216502250585,0.9095746910131443,,,,,,,,0.0005393227749075399,0.45398132503032673,20.128134170547128,14.876648209244014,13.155183560028672,0.10226062946021552,5.258384673297405,12544.791217064485,0.0,12817.0
206503505805925416411570256798916015644_eps6_s4,Helpdesk,1.0,15.0,42.0,12.0,1.0,17.8,0.8545036748982098,0.5019695030138953,0.9077488588769652,,,,,,,,0.0005393227749075399,0.45398132503032673,20.128134170547128,14.88240951001644,13.105851982161402,0.09927108548581595,5.362078933790326,12714.059987358749,0.0,12817.0
206503505805925416411570256798916015644_eps6_s5,Helpdesk,1.0,15.0,42.0,12.0,1.0,17.8,0.8543880912839041,0.5019141038481342,0.907742936627115,,,,,,,,0.0005393227749075399,0.45398132503032673,20.128134170547128,14.872409743443132,13.154246071353555,0.10503579601645463,5.289804466068745,12882.864471798763,0.0,12817.0
206503505805925416411570256798916015644_eps6_s6,Helpdesk,1.0,15.0,42.0,12.0,1.0,17.8,0.8543880912839041,0.5019141038481342,0.907742936627115,,,,,,,,0.0005393227749075399,0.45398132503032673,20.128134170547128,15.123239143565296,13.250516730546952,0.10328337438404558,5.318696426972747,13052.191606379673,0.0,12817.0
206503505805925416411570256798916015644_eps6_s7,Helpdesk,1.0,15.0,42.0,12.0,1.0,17.8,0.8543108438781475,0.5018721918633023,0.907702755911324,,,,,,,,0.0005393227749075399,0.45398132503032673,20.128134170547128,14.886773140355945,12.868874518200755,0.1048694502562284,5.286605058610439,13221.393836309016,0.0,12817.0
206503505805925416411570256798916015644_eps6_s8,Helpdesk,1.0,15.0,42.0,12.0,1.0,17.8,0.8543108438781475,0.5018721918633023,0.9076892031523695,,,,,,,,0.0005393227749075399,0.45398132503032673,20.128134170547128,14.934734534099698,12.741079611331225,0.10004435628652568,5.286797388643026,13388.296731379256,0.0,12817.0
206503505805925416411570256798916015644_eps6_s9,Helpdesk,1.0,15.0,42.0,12.0,1.0,17.8,0.8543108438781475,0.5018721918633023,0.9076767567410847,,,,,,,,0.0005393227749075399,0.45398132503032673,20.128134170547128,14.944871669262648,12.934878658875823,0.10116474330425258,5.2500558465719225,13555.249827202782,0.0,12817.0
206503505805925416411570256798916015644_eps7_s0,Helpdesk,1.0,17.0,42.0,12.0,1.0,17.8,0.18743562995772217,0.22126174506495025,0.41425843237557813,,,,,,,,0.0005393227749075399,0.45398132503032673,20.128134170547128,15.09209446683526,13.481256545335054,0.10286002419888969,5.574256827682257,13898.76426389143,0.0,12817.0
206503505805925416411570256798916015644_eps7_s1,Helpdesk,1.0,17.0,42.0,12.0,1.0,17.8,0.858977692062842,0.49833800992991567,0.9108814284081517,,,,,,,,0.0005393227749075399,0.45398132503032673,20.128134170547128,15.12917558811605,13.861071291565896,0.10013305284082885,5.452381759136915,14072.456075534225,0.0,12817.0
206503505805925416411570256798916015644_eps7_s10,Helpdesk,1.0,17.0,42.0,12.0,1.0,17.8,0.46613116577215125,0.3625303293106855,0.6085567840777835,,,,,,,,0.0005393227749075399,0.45398132503032673,20.128134170547128,17.167163904756308,14.9925522711128,0.10205025188624857,5.434184106439352,15722.2565738488,0.0,12817.0
206503505805925416411570256798916015644_eps7_s2,Helpdesk,1.0,17.0,42.0,12.0,1.0,17.8,0.8573569999641407,0.504535619374914,0.9099616817521392,,,,,,,,0.0005393227749075399,0.45398132503032673,20.128134170547128,15.025498662516474,13.727333220094442,0.10229398310184475,5.323951932415366,14245.522575460747,0.0,12817.0
206503505805925416411570256798916015644_eps7_s3,Helpdesk,1.0,17.0,42.0,12.0,1.0,17.8,0.8566617667113643,0.504216502250585,0.9095699017411137,,,,,,,,0.0005393227749075399,0.45398132503032673,20.128134170547128,15.037464708834886,13.198577006533743,0.10270797312259672,5.385719690844416,14416.953388508782,0.0,12817.0
206503505805925416411570256798916015644_eps7_s4,Helpdesk,1.0,17.0,42.0,12.0,1.0,17.8,0.8551589751496754,0.5022701246979212,0.9083226970129805,,,,,,,,0.0005393227749075399,0.45398132503032673,20.128134170547128,16.2725797239691,14.06870017759502,0.10296043828129764,5.357705062255263,14594.78059022911,0.0,12817.0
206503505805925416411570256798916015644_eps7_s5,Helpdesk,1.0,17.0,42.0,12.0,1.0,17.8,0.8550433915353699,0.5022147255321601,0.9083167747631304,,,,,,,,0.0005393227749075399,0.45398132503032673,20.128134170547128,16.689657912030817,14.893124550580978,0.10457126647233961,5.425291917473078,14775.100792664289,0.0,12817.0
206503505805925416411570256798916015644_eps7_s6,Helpdesk,1.0,17.0,42.0,12.0,1.0,17.8,0.8550433915353699,0.5022147255321601,0.9083167747631304,,,,,,,,0.0005393227749075399,0.45398132503032673,20.128134170547128,16.69152127765119,14.921006027981639,0.09998620934784408,5.498729635030031,14965.220518855005,0.0,12817.0
206503505805925416411570256798916015644_eps7_s7,Helpdesk,1.0,17.0,42.0,12.0,1.0,17.8,0.8549661441296132,0.5021728135473282,0.9082765940473392,,,,,,,,0.0005393227749075399,0.45398132503032673,20.128134170547128,17.340795283019542,15.39398496374488,0.10404777415096755,5.4534489247947935,15156.294755041972,0.0,12817.0
206503505805925416411570256798916015644_eps7_s8,Helpdesk,1.0,17.0,42.0,12.0,1.0,17.8,0.8549661441296132,0.5021728135473282,0.9082630412883846,,,,,,,,0.0005393227749075399,0.45398132503032673,20.128134170547128,16.690921254456043,14.552045584842563,0.09963216148316856,5.435774179920554,15344.86990909502,0.0,12817.0
206503505805925416411570256798916015644_eps7_s9,Helpdesk,1.0,17.0,42.0,12.0,1.0,17.8,0.8549661441296132,0.5021728135473282,0.9082505948770999,,,,,,,,0.0005393227749075399,0.45398132503032673,20.128134170547128,17.309561317786574,15.344190638884902,0.1022592712193727,5.354883418604731,15534.572428247706,0.0,12817.0
206503505805925416411570256798916015644_eps8_s0,Helpdesk,1.0,19.0,42.0,12.0,1.0,17.8,0.18743562995772217,0.22126174506495025,0.41425843237557813,,,,,,,,0.0005393227749075399,0.45398132503032673,20.128134170547128,15.483544336259365,13.509307757392525,0.10249115116894245,5.438670594990254,15905.793562552706,0.0,12817.0
206503505805925416411570256798916015644_eps8_s1,Helpdesk,1.0,19.0,42.0,12.0,1.0,17.8,0.858977692062842,0.49833800992991567,0.9108814284081517,,,,,,,,0.0005393227749075399,0.45398132503032673,20.128134170547128,15.443143990263343,14.044407942146062,0.10373429358005518,5.4252854131162165,16081.777884588018,0.0,12817.0
206503505805925416411570256798916015644_eps8_s10,Helpdesk,1.0,19.0,42.0,12.0,1.0,17.8,0.46922916589125085,0.35869947398399404,0.6098902092707664,,,,,,,,0.0005393227749075399,0.45398132503032673,20.128134170547128,16.25739761851728,14.33766164816916,0.10186697877943511,5.380022866278887,17749.93284681551,0.0,12817.0
206503505805925416411570256798916015644_eps8_s2,Helpdesk,1.0,19.0,42.0,12.0,1.0,17.8,0.8573569999641407,0.504535619374914,0.9099616817521392,,,,,,,,0.0005393227749075399,0.45398132503032673,20.128134170547128,15.437328281998635,13.839150885492563,0.10126820616424079,5.461582123115659,16257.950262621045,0.0,12817.0
206503505805925416411570256798916015644_eps8_s3,Helpdesk,1.0,19.0,42.0,12.0,1.0,17.8,0.8566617667113643,0.504216502250585,0.9095699017411137,,,,,,,,0.0005393227749075399,0.45398132503032673,20.128134170547128,16.92960556074977,15.065310164541007,0.10161778293550013,5.292809056863189,16441.62739148699,0.0,12817.0
206503505805925416411570256798916015644_eps8_s4,Helpdesk,1.0,19.0,42.0,12.0,1.0,17.8,0.8551589751496754,0.5022701246979212,0.9083350177029391,,,,,,,,0.0005393227749075399,0.45398132503032673,20.128134170547128,16.125467164441943,14.193378059193492,0.10405052900314327,5.346710333228112,16624.824441865832,0.0,12817.0
206503505805925416411570256798916015644_eps8_s5,Helpdesk,1.0,19.0,42.0,12.0,1.0,17.8,0.8550433915353699,0.5022147255321601,0.9083290954530889,,,,,,,,0.0005393227749075399,0.45398132503032673,20.128134170547128,17.365019661188125,15.756897212937474,0.10377243645489209,5.3884614881128075,16815.8300815247,0.0,12817.0
206503505805925416411570256798916015644_eps8_s6,Helpdesk,1.0,19.0,42.0,12.0,1.0,17.8,0.8550433915353699,0.5022147255321601,0.9083290954530889,,,,,,,,0.0005393227749075399,0.45398132503032673,20.128134170547128,16.239441472291947,14.785942264646291,0.10045614615082739,5.345520154014229,17002.362849549205,0.0,12817.0
206503505805925416411570256798916015644_eps8_s7,Helpdesk,1.0,19.0,42.0,12.0,1.0,17.8,0.8549661441296132,0.5021728135473282,0.9082889147372978,,,,,,,,0.0005393227749075399,0.45398132503032673,20.128134170547128,17.130340292677282,15.155235435068608,0.1037574011832475,5.429086421430111,17190.60706254281,0.0,12817.0
206503505805925416411570256798916015644_eps8_s8,Helpdesk,1.0,19.0,42.0,12.0,1.0,17.8,0.8549661441296132,0.5021728135473282,0.9082753619783432,,,,,,,,0.0005393227749075399,0.45398132503032673,20.128134170547128,16.433661085739732,14.51014396212995,0.10208163633942599,5.359561640769243,17377.14674202576,0.0,12817.0
206503505805925416411570256798916015644_eps8_s9,Helpdesk,1.0,19.0,42.0,12.0,1.0,17.8,0.8549661441296132,0.5021728135473282,0.9082629155670586,,,,,,,,0.0005393227749075399,0.45398132503032673,20.128134170547128,17.133971196040513,15.171933391317726,0.10225515812635418,5.352357821911573,17564.76119386628,0.0,12817.0
206503505805925416411570256798916015644_eps9_s0,Helpdesk,1.0,21.0,42.0,12.0,1.0,17.8,0.18743562995772217,0.22126174506495025,0.41425843237557813,,,,,,,,0.0005393227749075399,0.45398132503032673,20.128134170547128,16.612228409573436,14.89813472367823,0.1027086533606052,5.509857296198606,17936.438532468677,0.0,12817.0
206503505805925416411570256798916015644_eps9_s1,Helpdesk,1.0,21.0,42.0,12.0,1.0,17.8,0.858977692062842,0.49833800992991567,0.9108814284081517,,,,,,,,0.0005393227749075399,0.45398132503032673,20.128134170547128,15.062638089060783,14.226922461763024,0.10292366929352278,5.4054329883307215,18115.3663284678,0.0,12817.0
206503505805925416411570256798916015644_eps9_s10,Helpdesk,1.0,21.0,42.0,12.0,1.0,17.8,0.47141725365441917,0.36234499314793256,0.609605176603851,,,,,,,,0.0005393227749075399,0.45398132503032673,20.128134170547128,16.185873691365124,13.78721975237131,0.10291096828877924,5.551972883567214,19718.37693949975,0.0,12817.0
206503505805925416411570256798916015644_eps9_s2,Helpdesk,1.0,21.0,42.0,12.0,1.0,17.8,0.8573569999641407,0.504535619374914,0.9099616817521392,,,,,,,,0.0005393227749075399,0.45398132503032673,20.128134170547128,14.99490153156221,13.995914078131317,0.1007372986525297,5.394525408372283,18290.021989151464,0.0,12817.0
206503505805925416411570256798916015644_eps9_s3,Helpdesk,1.0,21.0,42.0,12.0,1.0,17.8,0.8566617667113643,0.504216502250585,0.9095699017411137,,,,,,,,0.0005393227749075399,0.45398132503032673,20.128134170547128,16.559470281004906,14.816772870346904,0.10160096250474446,5.351455816626549,18471.182950351016,0.0,12817.0
206503505805925416411570256798916015644_eps9_s4,Helpdesk,1.0,21.0,42.0,12.0,1.0,17.8,0.8551589751496754,0.5022701246979212,0.9083350177029391,,,,,,,,0.0005393227749075399,0.45398132503032673,20.128134170547128,16.498046826571226,15.66630423143506,0.10329976901412008,5.426569537073374,18659.680758897215,0.0,12817.0
206503505805925416411570256798916015644_eps9_s5,Helpdesk,1.0,21.0,42.0,12.0,1.0,17.8,0.8550433915353699,0.5022147255321601,0.9083290954530889,,,,,,,,0.0005393227749075399,0.45398132503032673,20.128134170547128,15.840751956775785,14.69661321491003,0.10344647429883473,5.3626225426793095,18846.24005896822,0.0,12817.0
206503505805925416411570256798916015644_eps9_s6,Helpdesk,1.0,21.0,42.0,12.0,1.0,17.8,0.8550433915353699,0.5022147255321601,0.9083290954530889,,,,,,,,0.0005393227749075399,0.45398132503032673,20.128134170547128,15.433365672454238,13.511466102674603,0.1018395289778709,5.557853046432138,19021.89636499584,0.0,12817.0
206503505805925416411570256798916015644_eps9_s7,Helpdesk,1.0,21.0,42.0,12.0,1.0,17.8,0.8549661441296132,0.5021728135473282,0.9082889147372978,,,,,,,,0.0005393227749075399,0.45398132503032673,20.128134170547128,15.477031309902667,13.428790563717484,0.10453013740479944,5.698062273487449,19197.2812256217,0.0,12817.0
206503505805925416411570256798916015644_eps9_s8,Helpdesk,1.0,21.0,42.0,12.0,1.0,17.8,0.8549661441296132,0.5021728135473282,0.9082753619783432,,,,,,,,0.0005393227749075399,0.45398132503032673,20.128134170547128,15.349458771571516,13.16236276179552,0.10684914253652092,5.561188307031989,19371.065202913807,0.0,12817.0
206503505805925416411570256798916015644_eps9_s9,Helpdesk,1.0,21.0,42.0,12.0,1.0,17.8,0.8549661441296132,0.5021728135473282,0.9082629155670586,,,,,,,,0.0005393227749075399,0.45398132503032673,20.128134170547128,15.141652182489633,13.086648518592119,0.1036759719252586,5.490406603738665,19542.543029180542,0.0,12817.0
252336560693540533935881068298825202077_eps0_s0,Nasa,1.0,3.0,42.0,12.0,1.0,52.6,0.7837052026804839,0.7267929901979567,0.3133238787087574,,,,,,,,0.00023675338665765086,4.01700722053647,241.3157489150762,49.76424175649881,57.642518882453444,0.13931498788297172,17.46375440582633,617.5390925277025,0.0,122210.2
252336560693540533935881068298825202077_eps0_s1,Nasa,1.0,3.0,42.0,12.0,1.0,52.6,0.8689723056461187,0.7770968378519691,0.47378166594079063,,,,,,,,0.00023675338665765086,4.01700722053647,241.3157489150762,50.238083901256324,64.98123303167522,0.13681875281035896,16.837272761017083,1266.3412146199494,0.0,122210.2
252336560693540533935881068298825202077_eps0_s10,Nasa,1.0,3.0,42.0,12.0,1.0,52.6,0.8689723056461187,0.7770968378519691,0.47378166594079063,,,,,,,,0.00023675338665765086,4.01700722053647,241.3157489150762,53.251323483139274,67.86603902541101,0.14634577520191666,16.19509077630937,7309.99713063389,0.0,122210.2
252336560693540533935881068298825202077_eps0_s2,Nasa,1.0,3.0,42.0,12.0,1.0,52.6,0.8689723056461187,0.7770968378519691,0.47378166594079063,,,,,,,,0.00023675338665765086,4.01700722053647,241.3157489150762,50.19350534416735,64.50161811299623,0.13614889010787007,16.863732697442174,1929.1016886148602,0.0,122210.2
252336560693540533935881068298825202077_eps0_s3,Nasa,1.0,3.0,42.0,12.0,1.0,52.6,0.8689723056461187,0.7770968378519691,0.47378166594079063,,,,,,,,0.00023675338665765086,4.01700722053647,241.3157489150762,50.089587818458675,64.60452530309558,0.1386512283235788,16.881866565719246,2588.657723558694,0.0,122210.2
252336560693540533935881068298825202077_eps0_s4,Nasa,1.0,3.0,42.0,12.0,1.0,52.6,0.8689723056461187,0.7770968378519691,0.47378166594079063,,,,,,,,0.00023675338665765086,4.01700722053647,241.3157489150762,50.318460231274365,64.26515818051993,0.1365943487733602,16.823408111184836,3248.7915751274677,0.0,122210.2
252336560693540533935881068298825202077_eps0_s5,Nasa,1.0,3.0,42.0,12.0,1.0,52.6,0.8689723056461187,0.7770968378519691,0.47378166594079063,,,,,,,,0.00023675338665765086,4.01700722053647,241.3157489150762,50.25463774651289,64.2109154343605,0.13737948611378664,16.7800603069365,3908.8434386193753,0.0,122210.2
252336560693540533935881068298825202077_eps0_s6,Nasa,1.0,3.0,42.0,12.0,1.0,52.6,0.8689723056461187,0.7770968378519691,0.47378166594079063,,,,,,,,0.00023675338665765086,4.01700722053647,241.3157489150762,49.98242520391941,64.79483186416329,0.14058798886835572,16.855134556815027,4567.956604845077,0.0,122210.2
252336560693540533935881068298825202077_eps0_s7,Nasa,1.0,3.0,42.0,12.0,1.0,52.6,0.8689723056461187,0.7770968378519691,0.47378166594079063,,,,,,,,0.00023675338665765086,4.01700722053647,241.3157489150762,50.388727175444366,64.85702742934227,0.13695953264832492,16.532764834165572,5229.82321950756,0.0,122210.2
252336560693540533935881068298825202077_eps0_s8,Nasa,1.0,3.0,42.0,12.0,1.0,52.6,0.8689723056461187,0.7770968378519691,0.47378166594079063,,,,,,,,0.00023675338665765086,4.01700722053647,241.3157489150762,50.07543614283204,70.15567000843585,0.1384902376681566,16.22041686475277,5900.882425766811,0.0,122210.2
252336560693540533935881068298825202077_eps0_s9,Nasa,1.0,3.0,42.0,12.0,1.0,52.6,0.8689723056461187,0.7770968378519691,0.47378166594079063,,,,,,,,0.00023675338665765086,4.01700722053647,241.3157489150762,52.787309198454025,72.00183111205698,0.13742399923503396,16.167979489266873,6599.848874376342,0.0,122210.2
252336560693540533935881068298825202077_eps1_s0,Nasa,1.0,5.0,42.0,12.0,1.0,52.6,0.7837052026804839,0.7267929901979567,0.3133238787087574,,,,,,,,0.00023675338665765086,4.01700722053647,241.3157489150762,49.94592998959124,57.44738173820078,0.1405804645270109,17.15805013552308,7952.09460102059,0.0,122210.2
252336560693540533935881068298825202077_eps1_s1,Nasa,1.0,5.0,42.0,12.0,1.0,52.6,0.8821415698612076,0.7935683869240737,0.48423724878008095,,,,,,,,0.00023675338665765086,4.01700722053647,241.3157489150762,49.54840378575027,57.815740428492425,0.1397200714796781,16.164133541658522,8574.302907902374,0.0,122210.2
252336560693540533935881068298825202077_eps1_s10,Nasa,1.0,5.0,42.0,12.0,1.0,52.6,0.834543880661192,0.767447409059411,0.40236047976077816,,,,,,,,0.00023675338665765086,4.01700722053647,241.3157489150762,54.42162693031132,63.514687173441054,0.1371824726462364,16.5605252686888,24379.991475741193,0.0,122210.2
252336560693540533935881068298825202077_eps1_s2,Nasa,1.0,5.0,42.0,12.0,1.0,52.6,0.8817579714301914,0.7927760174209952,0.48488833980787016,,,,,,,,0.00023675338665765086,4.01700722053647,241.3157489150762,49.71427369564772,56.76881007738412,0.13664103932678698,16.174202773347496,9191.120680777356,0.0,122210.2
252336560693540533935881068298825202077_eps1_s3,Nasa,1.0,5.0,42.0,12.0,1.0,52.6,0.881652437749608,0.7926599365021643,0.4849089537333967,,,,,,,,0.00023675338665765086,4.01700722053647,241.3157489150762,52.66251857317984,59.190610172599555,79.6451071858406,199.50378264933823,10788.831426635383,0.0,122210.2
252336560693540533935881068298825202077_eps1_s4,Nasa,1.0,5.0,42.0,12.0,1.0,52.6,0.8816656687631035,0.7926885406211575,0.4848832791663714,,,,,,,,0.00023675338665765086,4.01700722053647,241.3157489150762,54.44030140601099,60.99532428532839,137.63498131930828,258.77613900862633,15035.680539780855,0.0,122210.2
252336560693540533935881068298825202077_eps1_s5,Nasa,1.0,5.0,42.0,12.0,1.0,52.6,0.8816392521734853,0.7926682236768259,0.4848585659661648,,,,,,,,0.00023675338665765086,4.01700722053647,241.3157489150762,54.69756160080433,60.90107473023236,137.30281745642424,213.44439020194113,19466.85989500992,0.0,122210.2
252336560693540533935881068298825202077_eps1_s6,Nasa,1.0,5.0,42.0,12.0,1.0,52.6,0.8816260211599897,0.792659012180879,0.4848526855157223,,,,,,,,0.00023675338665765086,4.01700722053647,241.3157489150762,51.219679614529014,57.616432913020255,0.14679628610610956,67.17298671007157,21657.629055017234,0.0,122210.2
252336560693540533935881068298825202077_eps1_s7,Nasa,1.0,5.0,42.0,12.0,1.0,52.6,0.8816392294547988,0.7926711569464849,0.484845766885108,,,,,,,,0.00023675338665765086,4.01700722053647,241.3157489150762,49.473281069472435,57.11464548148215,0.1400354597717523,16.173495461791752,22455.71991712004,0.0,122210.2
252336560693540533935881068298825202077_eps1_s8,Nasa,1.0,5.0,42.0,12.0,1.0,52.6,0.8816392294547988,0.7926711569464849,0.4848516762744711,,,,,,,,0.00023675338665765086,4.01700722053647,241.3157489150762,50.306693724915384,57.77324718236923,0.1430249199271202,16.234658297896384,23076.95954669304,0.0,122210.2
252336560693540533935881068298825202077_eps1_s9,Nasa,1.0,5.0,42.0,12.0,1.0,52.6,0.8816259984413032,0.7926652277077145,0.4848399153735861,,,,,,,,0.00023675338665765086,4.01700722053647,241.3157489150762,50.0421873960644,63.29886982999742,0.1374244015663862,16.230969918891788,23713.126214439053,0.0,122210.2
252336560693540533935881068298825202077_eps2_s0,Nasa,1.0,7.0,42.0,12.0,1.0,52.6,0.7837052026804839,0.7267929901979567,0.3133238787087574,,,,,,,,0.00023675338665765086,4.01700722053647,241.3157489150762,49.68986703790724,63.54238802418113,0.14982744529843325,17.18827409595251,25052.864299623296,0.0,122210.2
252336560693540533935881068298825202077_eps2_s1,Nasa,1.0,7.0,42.0,12.0,1.0,52.6,0.870775272844396,0.7831727936828852,0.4949275120763389,,,,,,,,0.00023675338665765086,4.01700722053647,241.3157489150762,50.20103204883635,53.64407372623682,0.14055570140480994,16.329405210539697,25670.137854329125,0.0,122210.2
252336560693540533935881068298825202077_eps2_s10,Nasa,1.0,7.0,42.0,12.0,1.0,52.6,0.8201396581908444,0.7619378581129592,0.36470619435359913,,,,,,,,0.00023675338665765086,4.01700722053647,241.3157489150762,50.200552210584284,53.465325778722764,0.1354746256023645,17.129045291617512,31073.094312506542,0.0,122210.2
252336560693540533935881068298825202077_eps2_s2,Nasa,1.0,7.0,42.0,12.0,1.0,52.6,0.8709069365366343,0.7836471728039769,0.49513153501991625,,,,,,,,0.00023675338665765086,4.01700722053647,241.3157489150762,50.10222605913877,53.17938958331943,0.13863581642508502,16.313142658770083,26273.550040204824,0.0,122210.2
252336560693540533935881068298825202077_eps2_s3,Nasa,1.0,7.0,42.0,12.0,1.0,52.6,0.8709069365366343,0.7836471728039769,0.4953341222226003,,,,,,,,0.00023675338665765086,4.01700722053647,241.3157489150762,49.422703167796136,53.118695228546855,0.14040600992739197,16.366023902967573,26871.075161724166,0.0,122210.2
252336560693540533935881068298825202077_eps2_s4,Nasa,1.0,7.0,42.0,12.0,1.0,52.6,0.8716814971097788,0.7870455390802797,0.49535004060193266,,,,,,,,0.00023675338665765086,4.01700722053647,241.3157489150762,50.043532617762686,53.33541193343699,0.14247249625623223,16.339030606299637,27470.20492219478,0.0,122210.2
252336560693540533935881068298825202077_eps2_s5,Nasa,1.0,7.0,42.0,12.0,1.0,52.6,0.8716814971097788,0.7870455390802797,0.495562280870644,,,,,,,,0.00023675338665765086,4.01700722053647,241.3157489150762,49.95562703758478,53.17265663482249,0.14087627641856665,16.377138685435057,28072.762350355835,0.0,122210.2
252336560693540533935881068298825202077_eps2_s6,Nasa,1.0,7.0,42.0,12.0,1.0,52.6,0.8716814971097788,0.7870455390802797,0.495562280870644,,,,,,,,0.00023675338665765086,4.01700722053647,241.3157489150762,49.53890338353813,53.24474577382207,0.13836934752762317,16.397654017433524,28670.305654171483,0.0,122210.2
252336560693540533935881068298825202077_eps2_s7,Nasa,1.0,7.0,42.0,12.0,1.0,52.6,0.8716814971097788,0.7870455390802797,0.495587783238828,,,,,,,,0.00023675338665765086,4.01700722053647,241.3157489150762,50.11062474437058,53.00744970738888,0.1386559478938579,16.23391965068877,29270.27346280329,0.0,122210.2
252336560693540533935881068298825202077_eps2_s8,Nasa,1.0,7.0,42.0,12.0,1.0,52.6,0.8716814971097788,0.7870455390802797,0.495587783238828,,,,,,,,0.00023675338665765086,4.01700722053647,241.3157489150762,50.09572085030377,53.323443892225626,0.13861185498535628,16.32650182545185,29870.963287635892,0.0,122210.2
252336560693540533935881068298825202077_eps2_s9,Nasa,1.0,7.0,42.0,12.0,1.0,52.6,0.8716814971097788,0.7870455390802797,0.495587783238828,,,,,,,,0.00023675338665765086,4.01700722053647,241.3157489150762,49.227535927668214,53.49556639716029,0.15943236127495758,16.359251115471125,30470.55239381455,0.0,122210.2
252336560693540533935881068298825202077_eps3_s0,Nasa,1.0,9.0,42.0,12.0,1.0,52.6,0.7837052026804839,0.7267929901979567,0.3133238787087574,,,,,,,,0.00023675338665765086,4.01700722053647,241.3157489150762,50.25584174022079,64.57209631539881,0.13761549703776832,17.19002344943583,31709.15399039462,0.0,122210.2
252336560693540533935881068298825202077_eps3_s1,Nasa,1.0,9.0,42.0,12.0,1.0,52.6,0.8849585508390876,0.804258873166819,0.4927801755919054,,,,,,,,0.00023675338665765086,4.01700722053647,241.3157489150762,54.2197650142014,61.30961372330785,0.13410657644271845,16.289543917402625,32372.286082986742,0.0,122210.2
252336560693540533935881068298825202077_eps3_s10,Nasa,1.0,9.0,42.0,12.0,1.0,52.6,0.8333702005844537,0.7796076953332293,0.3933154298513692,,,,,,,,0.00023675338665765086,4.01700722053647,241.3157489150762,49.4504797834903,49.60659863948822,0.13800205215811726,16.827007408067583,37780.382450254634,0.0,122210.2
252336560693540533935881068298825202077_eps3_s2,Nasa,1.0,9.0,42.0,12.0,1.0,52.6,0.885011384018324,0.8045756033777393,0.4928179724993426,,,,,,,,0.00023675338665765086,4.01700722053647,241.3157489150762,52.982784158736465,55.86358746364713,0.13420462645590303,16.314634412899615,33027.71277354397,0.0,122210.2
252336560693540533935881068298825202077_eps3_s3,Nasa,1.0,9.0,42.0,12.0,1.0,52.6,0.8849590498048532,0.8045077064301337,0.49271800191531856,,,,,,,,0.00023675338665765086,4.01700722053647,241.3157489150762,49.91309729926288,52.08360410742462,0.13750638887286185,16.503509728983044,33627.66692120805,0.0,122210.2
252336560693540533935881068298825202077_eps3_s4,Nasa,1.0,9.0,42.0,12.0,1.0,52.6,0.8849855118318445,0.8046088186647141,0.49277087593047,,,,,,,,0.00023675338665765086,4.01700722053647,241.3157489150762,49.62961486577988,52.19172261655331,0.13521142825484272,16.323118528351188,34220.516062493625,0.0,122210.2
252336560693540533935881068298825202077_eps3_s5,Nasa,1.0,9.0,42.0,12.0,1.0,52.6,0.884958977868694,0.804590884689544,0.492619728642777,,,,,,,,0.00023675338665765086,4.01700722053647,241.3157489150762,49.946761407703164,52.75433222576976,0.13552813008427617,16.313106276467444,34816.18211680315,0.0,122210.2
252336560693540533935881068298825202077_eps3_s6,Nasa,1.0,9.0,42.0,12.0,1.0,52.6,0.884958977868694,0.804590884689544,0.492619728642777,,,,,,,,0.00023675338665765086,4.01700722053647,241.3157489150762,49.619146927818655,52.2773113951087,0.13731013759970662,16.25836454257369,35413.05060750954,0.0,122210.2
252336560693540533935881068298825202077_eps3_s7,Nasa,1.0,9.0,42.0,12.0,1.0,52.6,0.884958977868694,0.804590884689544,0.492619728642777,,,,,,,,0.00023675338665765086,4.01700722053647,241.3157489150762,49.53147371821105,52.133454739674924,0.13583014123141762,16.222186413407325,36005.04133743756,0.0,122210.2
252336560693540533935881068298825202077_eps3_s8,Nasa,1.0,9.0,42.0,12.0,1.0,52.6,0.884958977868694,0.804590884689544,0.492619728642777,,,,,,,,0.00023675338665765086,4.01700722053647,241.3157489150762,49.9583036005497,52.41877333521843,0.13457347713410853,16.169134740531444,36598.24824446477,0.0,122210.2
252336560693540533935881068298825202077_eps3_s9,Nasa,1.0,9.0,42.0,12.0,1.0,52.6,0.884958977868694,0.804590884689544,0.492619728642777,,,,,,,,0.00023675338665765086,4.01700722053647,241.3157489150762,49.71398020647466,52.541432018205526,0.13548937737941738,16.18073377944529,37194.85818850361,0.0,122210.2
252336560693540533935881068298825202077_eps4_s0,Nasa,1.0,11.0,42.0,12.0,1.0,52.6,0.7829563916158103,0.725829000197372,0.3133238787087574,,,,,,,,0.00023675338665765086,4.01700722053647,241.3157489150762,50.03322475329041,59.23606127426028,0.13599054962396614,17.216838411614297,38394.20183691234,0.0,122210.2
252336560693540533935881068298825202077_eps4_s1,Nasa,1.0,11.0,42.0,12.0,1.0,52.6,0.886337976846376,0.8055438639833543,0.49374791350494956,,,,,,,,0.00023675338665765086,4.01700722053647,241.3157489150762,50.36915052160621,52.88393202312291,0.13679483793675895,16.368741024658085,39010.90488220342,0.0,122210.2
252336560693540533935881068298825202077_eps4_s10,Nasa,1.0,11.0,42.0,12.0,1.0,52.6,0.8262722021367409,0.7789866508494148,0.4071738332240744,,,,,,,,0.00023675338665765086,4.01700722053647,241.3157489150762,50.163775369152425,46.77709512412548,0.13743223212659356,16.624951687455177,44363.31671361737,0.0,122210.2
252336560693540533935881068298825202077_eps4_s2,Nasa,1.0,11.0,42.0,12.0,1.0,52.6,0.886337976846376,0.8055438639833543,0.49376411349755533,,,,,,,,0.00023675338665765086,4.01700722053647,241.3157489150762,49.60554514825344,53.27441317215562,0.1465213365852832,16.233537312969567,39608.82985560447,0.0,122210.2
252336560693540533935881068298825202077_eps4_s3,Nasa,1.0,11.0,42.0,12.0,1.0,52.6,0.886337976846376,0.8055438639833543,0.49376411349755533,,,,,,,,0.00023675338665765086,4.01700722053647,241.3157489150762,50.31620804071427,52.879255729168655,0.13497072048485276,16.286379428952934,40209.496768479046,0.0,122210.2
252336560693540533935881068298825202077_eps4_s4,Nasa,1.0,11.0,42.0,12.0,1.0,52.6,0.8864034474184969,0.8057954852177801,0.4937479034475415,,,,,,,,0.00023675338665765086,4.01700722053647,241.3157489150762,50.126201782748105,52.390761407092214,0.14230500198900697,16.346722131595016,40808.04852254316,0.0,122210.2
252336560693540533935881068298825202077_eps4_s5,Nasa,1.0,11.0,42.0,12.0,1.0,52.6,0.8864034474184969,0.8057954852177801,0.4937479034475415,,,,,,,,0.00023675338665765086,4.01700722053647,241.3157489150762,49.684431520476934,52.17023652903735,0.13598678484559054,16.347025340050457,41402.429741379994,0.0,122210.2
252336560693540533935881068298825202077_eps4_s6,Nasa,1.0,11.0,42.0,12.0,1.0,52.6,0.8864034474184969,0.8057954852177801,0.4937479034475415,,,,,,,,0.00023675338665765086,4.01700722053647,241.3157489150762,50.099779507517816,52.717707350850105,0.13847161754965778,16.176279423758388,41997.93079631329,0.0,122210.2
252336560693540533935881068298825202077_eps4_s7,Nasa,1.0,11.0,42.0,12.0,1.0,52.6,0.8864034474184969,0.8057954852177801,0.4937479034475415,,,,,,,,0.00023675338665765086,4.01700722053647,241.3157489150762,49.74700554087758,52.36580288559198,0.13591213300824162,16.23109512552619,42595.33334979341,0.0,122210.2
252336560693540533935881068298825202077_eps4_s8,Nasa,1.0,11.0,42.0,12.0,1.0,52.6,0.8864034474184969,0.8057954852177801,0.4937479034475415,,,,,,,,0.00023675338665765086,4.01700722053647,241.3157489150762,49.59316054955125,52.208065475896,0.13838257044553753,16.22213663160801,43188.30108502135,0.0,122210.2
252336560693540533935881068298825202077_eps4_s9,Nasa,1.0,11.0,42.0,12.0,1.0,52.6,0.8864034474184969,0.8057954852177801,0.4937479034475415,,,,,,,,0.00023675338665765086,4.01700722053647,241.3157489150762,50.213263942673805,52.19610950537026,0.13953398689627644,16.183236929774285,43782.064933522044,0.0,122210.2
252336560693540533935881068298825202077_eps5_s0,Nasa,1.0,13.0,42.0,12.0,1.0,52.6,0.7829563916158103,0.725829000197372,0.3133238787087574,,,,,,,,0.00023675338665765086,4.01700722053647,241.3157489150762,49.85040355026722,58.96002767793834,0.1378289870917797,17.16726517267525,44970.28579072282,0.0,122210.2
252336560693540533935881068298825202077_eps5_s1,Nasa,1.0,13.0,42.0,12.0,1.0,52.6,0.8866401111935888,0.8059907743850342,0.49426307523762725,,,,,,,,0.00023675338665765086,4.01700722053647,241.3157489150762,50.0452154815197,53.34292595461011,0.1359901905059814,16.092638186737894,45583.15970840491,0.0,122210.2
252336560693540533935881068298825202077_eps5_s10,Nasa,1.0,13.0,42.0,12.0,1.0,52.6,0.8550983470067287,0.7939534756445275,0.4191450922920478,,,,,,,,0.00023675338665765086,4.01700722053647,241.3157489150762,50.099253033474085,48.50537538714707,0.13924175724387164,16.559972574934363,51093.00789092854,0.0,122210.2
252336560693540533935881068298825202077_eps5_s2,Nasa,1.0,13.0,42.0,12.0,1.0,52.6,0.8866401111935888,0.8059907743850342,0.49426307523762725,,,,,,,,0.00023675338665765086,4.01700722053647,241.3157489150762,50.04792204387486,59.29480695202947,0.13860932327806946,16.18169296383858,46197.62740432434,0.0,122210.2
252336560693540533935881068298825202077_eps5_s3,Nasa,1.0,13.0,42.0,12.0,1.0,52.6,0.8866401111935888,0.8059907743850342,0.49426307523762725,,,,,,,,0.00023675338665765086,4.01700722053647,241.3157489150762,54.5232874866575,62.28964136727154,0.13632003143429755,16.15274030417204,46851.437201533096,0.0,122210.2
252336560693540533935881068298825202077_eps5_s4,Nasa,1.0,13.0,42.0,12.0,1.0,52.6,0.8866401111935888,0.8059907743850342,0.49426307523762725,,,,,,,,0.00023675338665765086,4.01700722053647,241.3157489150762,53.12292548045516,56.5855414967984,0.1394825894385576,16.247636837884784,47510.690975629164,0.0,122210.2
252336560693540533935881068298825202077_eps5_s5,Nasa,1.0,13.0,42.0,12.0,1.0,52.6,0.8866401111935888,0.8059907743850342,0.49426307523762725,,,,,,,,0.00023675338665765086,4.01700722053647,241.3157489150762,50.323499416932464,52.871471451967956,0.13538646586239336,16.154186987504364,48114.98316154815,0.0,122210.2
252336560693540533935881068298825202077_eps5_s6,Nasa,1.0,13.0,42.0,12.0,1.0,52.6,0.8866401111935888,0.8059907743850342,0.49426307523762725,,,,,,,,0.00023675338665765086,4.01700722053647,241.3157489150762,49.49910146258772,52.90585279949009,0.13921421654522415,16.248616045713426,48712.002964745836,0.0,122210.2
252336560693540533935881068298825202077_eps5_s7,Nasa,1.0,13.0,42.0,12.0,1.0,52.6,0.8866401111935888,0.8059907743850342,0.49426307523762725,,,,,,,,0.00023675338665765086,4.01700722053647,241.3157489150762,50.20206222347915,53.039032259956,0.14296562559902665,16.14161878786981,49309.72437863946,0.0,122210.2
252336560693540533935881068298825202077_eps5_s8,Nasa,1.0,13.0,42.0,12.0,1.0,52.6,0.8866401111935888,0.8059907743850342,0.49426307523762725,,,,,,,,0.00023675338665765086,4.01700722053647,241.3157489150762,50.114664094522595,52.91051443815231,0.140735375136137,16.18787448182702,49909.91544041857,0.0,122210.2
252336560693540533935881068298825202077_eps5_s9,Nasa,1.0,13.0,42.0,12.0,1.0,52.6,0.8866401111935888,0.8059907743850342,0.49426307523762725,,,,,,,,0.00023675338665765086,4.01700722053647,241.3157489150762,49.47675703540445,52.88965514041483,0.14025116860866543,16.13017601184547,50505.86215160713,0.0,122210.2
252336560693540533935881068298825202077_eps6_s0,Nasa,1.0,15.0,42.0,12.0,1.0,52.6,0.7829563916158103,0.725829000197372,0.3133238787087574,,,,,,,,0.00023675338665765086,4.01700722053647,241.3157489150762,50.25252396352589,59.413159595057365,0.14058354906737805,17.122952967509626,51705.50193913504,0.0,122210.2
252336560693540533935881068298825202077_eps6_s1,Nasa,1.0,15.0,42.0,12.0,1.0,52.6,0.886653196352737,0.8060104380154144,0.49391551292350755,,,,,,,,0.00023675338665765086,4.01700722053647,241.3157489150762,49.57813718356192,52.03390561453998,0.14063870944082732,16.15128513239324,52314.49894547798,0.0,122210.2
252336560693540533935881068298825202077_eps6_s10,Nasa,1.0,15.0,42.0,12.0,1.0,52.6,0.8559245974408238,0.793880705027492,0.4271376677554555,,,,,,,,0.00023675338665765086,4.01700722053647,241.3157489150762,50.04657908119261,46.98186840340495,0.13808013610541817,16.539393747225404,57682.36881900094,0.0,122210.2
252336560693540533935881068298825202077_eps6_s2,Nasa,1.0,15.0,42.0,12.0,1.0,52.6,0.886653196352737,0.8060104380154144,0.49391551292350755,,,,,,,,0.00023675338665765086,4.01700722053647,241.3157489150762,50.70781081989408,52.68120180144906,0.14389918111264702,16.362088703736664,52909.70661759041,0.0,122210.2
252336560693540533935881068298825202077_eps6_s3,Nasa,1.0,15.0,42.0,12.0,1.0,52.6,0.886653196352737,0.8060104380154144,0.49391551292350755,,,,,,,,0.00023675338665765086,4.01700722053647,241.3157489150762,51.154091123864056,52.5721177559346,0.14572129547595972,16.211800288036464,53515.59269687794,0.0,122210.2
252336560693540533935881068298825202077_eps6_s4,Nasa,1.0,15.0,42.0,12.0,1.0,52.6,0.886653196352737,0.8060104380154144,0.49391551292350755,,,,,,,,0.00023675338665765086,4.01700722053647,241.3157489150762,49.85547701492906,56.51004075519741,0.1439784940332174,16.303962637856603,54131.267533243445,0.0,122210.2
252336560693540533935881068298825202077_eps6_s5,Nasa,1.0,15.0,42.0,12.0,1.0,52.6,0.886653196352737,0.8060104380154144,0.49391551292350755,,,,,,,,0.00023675338665765086,4.01700722053647,241.3157489150762,50.34005824662745,52.25978241637349,0.1400690924376249,16.443977070227266,54731.041990072656,0.0,122210.2
252336560693540533935881068298825202077_eps6_s6,Nasa,1.0,15.0,42.0,12.0,1.0,52.6,0.886653196352737,0.8060104380154144,0.49391551292350755,,,,,,,,0.00023675338665765086,4.01700722053647,241.3157489150762,50.315176759287716,51.44555138908326,0.14502234682440754,16.342510586231946,55326.68062111549,0.0,122210.2
252336560693540533935881068298825202077_eps6_s7,Nasa,1.0,15.0,42.0,12.0,1.0,52.6,0.886653196352737,0.8060104380154144,0.49391551292350755,,,,,,,,0.00023675338665765086,4.01700722053647,241.3157489150762,49.7701933901757,51.71238530166447,0.14078933261334892,16.21109849512577,55917.75457119383,0.0,122210.2
252336560693540533935881068298825202077_eps6_s8,Nasa,1.0,15.0,42.0,12.0,1.0,52.6,0.886653196352737,0.8060104380154144,0.49391551292350755,,,,,,,,0.00023675338665765086,4.01700722053647,241.3157489150762,50.1388892095536,51.902382258325815,0.13994428031146522,16.17729520201683,56510.19283335879,0.0,122210.2
252336560693540533935881068298825202077_eps6_s9,Nasa,1.0,15.0,42.0,12.0,1.0,52.6,0.886653196352737,0.8060104380154144,0.49391551292350755,,,,,,,,0.00023675338665765086,4.01700722053647,241.3157489150762,49.99360004514456,51.69067813232541,0.1390133991837501,16.181766463443637,57104.61626501046,0.0,122210.2
252336560693540533935881068298825202077_eps7_s0,Nasa,1.0,17.0,42.0,12.0,1.0,52.6,0.7829563916158103,0.725829000197372,0.3133238787087574,,,,,,,,0.00023675338665765086,4.01700722053647,241.3157489150762,50.76700217165053,60.13234613351524,0.14439774416387077,17.180871845036744,58296.68473418094,0.0,122210.2
252336560693540533935881068298825202077_eps7_s1,Nasa,1.0,17.0,42.0,12.0,1.0,52.6,0.8866404276618045,0.805997768572485,0.49401677697345675,,,,,,,,0.00023675338665765086,4.01700722053647,241.3157489150762,50.02903294786811,52.79072532318533,0.13741055801510807,16.232344305887818,58912.42060346715,0.0,122210.2
252336560693540533935881068298825202077_eps7_s10,Nasa,1.0,17.0,42.0,12.0,1.0,52.6,0.8619357531235673,0.7990837430127057,0.43277888579568424,,,,,,,,0.00023675338665765086,4.01700722053647,241.3157489150762,50.47064881883561,46.916265179216865,0.14299045652151104,16.135150270536542,64543.224633348735,0.0,122210.2
252336560693540533935881068298825202077_eps7_s2,Nasa,1.0,17.0,42.0,12.0,1.0,52.6,0.8866404276618045,0.805997768572485,0.49401677697345675,,,,,,,,0.00023675338665765086,4.01700722053647,241.3157489150762,50.09285654425621,53.348919017612936,0.1415083602070808,16.455306097492574,59514.322745220365,0.0,122210.2
252336560693540533935881068298825202077_eps7_s3,Nasa,1.0,17.0,42.0,12.0,1.0,52.6,0.8866404276618045,0.805997768572485,0.49401677697345675,,,,,,,,0.00023675338665765086,4.01700722053647,241.3157489150762,51.02050221599639,53.6222611553967,0.14329798333346838,16.747082795202733,60118.8814756725,0.0,122210.2
252336560693540533935881068298825202077_eps7_s4,Nasa,1.0,17.0,42.0,12.0,1.0,52.6,0.8866404276618045,0.805997768572485,0.49401677697345675,,,,,,,,0.00023675338665765086,4.01700722053647,241.3157489150762,51.06600069440901,59.127571957930925,0.14396401941776274,16.633672377094626,60741.28725672253,0.0,122210.2
252336560693540533935881068298825202077_eps7_s5,Nasa,1.0,17.0,42.0,12.0,1.0,52.6,0.8866404276618045,0.805997768572485,0.49401677697345675,,,,,,,,0.00023675338665765086,4.01700722053647,241.3157489150762,55.05281257070601,62.04623236134648,0.14305109009146685,16.213175877928734,61398.65748019032,0.0,122210.2
252336560693540533935881068298825202077_eps7_s6,Nasa,1.0,17.0,42.0,12.0,1.0,52.6,0.8866404276618045,0.805997768572485,0.49401677697345675,,,,,,,,0.00023675338665765086,4.01700722053647,241.3157489150762,53.71447188742459,56.57569074854255,0.13909320980310438,16.476983908936383,62063.95342313424,0.0,122210.2
252336560693540533935881068298825202077_eps7_s7,Nasa,1.0,17.0,42.0,12.0,1.0,52.6,0.8866404276618045,0.805997768572485,0.49401677697345675,,,,,,,,0.00023675338665765086,4.01700722053647,241.3157489150762,57.59709915332496,59.833184360712764,0.1379476428031921,16.029946687817574,62711.24722895063,0.0,122210.2
252336560693540533935881068298825202077_eps7_s8,Nasa,1.0,17.0,42.0,12.0,1.0,52.6,0.8866404276618045,0.805997768572485,0.49401677697345675,,,,,,,,0.00023675338665765086,4.01700722053647,241.3157489150762,52.361541672423485,55.419116439297795,0.14092438556253908,16.12993325032294,63359.75197940953,0.0,122210.2
252336560693540533935881068298825202077_eps7_s9,Nasa,1.0,17.0,42.0,12.0,1.0,52.6,0.8866404276618045,0.805997768572485,0.49401677697345675,,,,,,,,0.00023675338665765086,4.01700722053647,241.3157489150762,50.04574421532452,53.803480074554685,0.13857022747397418,15.965787393599749,63958.755845675616,0.0,122210.2
252336560693540533935881068298825202077_eps8_s0,Nasa,1.0,19.0,42.0,12.0,1.0,52.6,0.7833766148594086,0.7265227855034566,0.3133238787087574,,,,,,,,0.00023675338665765086,4.01700722053647,241.3157489150762,50.446158190071586,60.76499087847769,0.14130927734076976,17.21438769213855,65158.59117604792,0.0,122210.2
252336560693540533935881068298825202077_eps8_s1,Nasa,1.0,19.0,42.0,12.0,1.0,52.6,0.8866923503927897,0.8060467464727502,0.4941156979432936,,,,,,,,0.00023675338665765086,4.01700722053647,241.3157489150762,50.30645576901734,53.192662910744545,0.17726780325174327,16.185101088508965,65779.13683752119,0.0,122210.2
252336560693540533935881068298825202077_eps8_s10,Nasa,1.0,19.0,42.0,12.0,1.0,52.6,0.8636575076512578,0.8006187336624713,0.4382987830629143,,,,,,,,0.00023675338665765086,4.01700722053647,241.3157489150762,51.74966602660716,45.97099006287753,0.14182414971292018,16.425503358617426,71240.60495867208,0.0,122210.2
252336560693540533935881068298825202077_eps8_s2,Nasa,1.0,19.0,42.0,12.0,1.0,52.6,0.8866923503927897,0.8060467464727502,0.4941156979432936,,,,,,,,0.00023675338665765086,4.01700722053647,241.3157489150762,49.88920597434044,53.736779717355965,0.14406019188463687,16.190854497998952,66380.30215538591,0.0,122210.2
252336560693540533935881068298825202077_eps8_s3,Nasa,1.0,19.0,42.0,12.0,1.0,52.6,0.8866923503927897,0.8060467464727502,0.4941156979432936,,,,,,,,0.00023675338665765086,4.01700722053647,241.3157489150762,50.278484078869226,53.860636008530854,0.14244793839752667,16.475822056084873,66984.35993012265,0.0,122210.2
252336560693540533935881068298825202077_eps8_s4,Nasa,1.0,19.0,42.0,12.0,1.0,52.6,0.8866923503927897,0.8060467464727502,0.4941156979432936,,,,,,,,0.00023675338665765086,4.01700722053647,241.3157489150762,50.468788927420974,59.220060866326094,0.13803309202194208,16.441774794831872,67602.35852273107,0.0,122210.2
252336560693540533935881068298825202077_eps8_s5,Nasa,1.0,19.0,42.0,12.0,1.0,52.6,0.8866923503927897,0.8060467464727502,0.4941156979432936,,,,,,,,0.00023675338665765086,4.01700722053647,241.3157489150762,50.133196814730766,57.91708329245448,0.14109372161328787,16.168873883783817,68240.37802329063,0.0,122210.2
252336560693540533935881068298825202077_eps8_s6,Nasa,1.0,19.0,42.0,12.0,1.0,52.6,0.8866923503927897,0.8060467464727502,0.4941156979432936,,,,,,,,0.00023675338665765086,4.01700722053647,241.3157489150762,50.524630858376625,53.87844928726554,0.1426416903734207,16.185358913615346,68847.7412419416,0.0,122210.2
252336560693540533935881068298825202077_eps8_s7,Nasa,1.0,19.0,42.0,12.0,1.0,52.6,0.8866923503927897,0.8060467464727502,0.4941156979432936,,,,,,,,0.00023675338665765086,4.01700722053647,241.3157489150762,50.40100392065942,53.15954556874931,0.14818054996430868,16.435914177820088,69452.98360917605,0.0,122210.2
252336560693540533935881068298825202077_eps8_s8,Nasa,1.0,19.0,42.0,12.0,1.0,52.6,0.8866923503927897,0.8060467464727502,0.4941156979432936,,,,,,,,0.00023675338665765086,4.01700722053647,241.3157489150762,49.961639527231455,53.109913340210916,0.14285403229296206,16.574171981960536,70054.05491511486,0.0,122210.2
252336560693540533935881068298825202077_eps8_s9,Nasa,1.0,19.0,42.0,12.0,1.0,52.6,0.8866923503927897,0.8060467464727502,0.4941156979432936,,,,,,,,0.00023675338665765086,4.01700722053647,241.3157489150762,50.06817801706493,53.22529427446425,0.13896336555480954,16.492509716376663,70654.46536780261,0.0,122210.2
252336560693540533935881068298825202077_eps9_s0,Nasa,1.0,21.0,42.0,12.0,1.0,52.6,0.7833766148594086,0.7265227855034566,0.3133238787087574,,,,,,,,0.00023675338665765086,4.01700722053647,241.3157489150762,50.157675329968335,62.11598921976984,0.14177718162536618,17.105516439676286,71858.60905445255,0.0,122210.2
252336560693540533935881068298825202077_eps9_s1,Nasa,1.0,21.0,42.0,12.0,1.0,52.6,0.8866923503927897,0.8060467464727502,0.4941156979432936,,,,,,,,0.00023675338665765086,4.01700722053647,241.3157489150762,50.721049153059724,54.06331174634397,0.14523665904998775,16.376719819381833,72484.11662666089,0.0,122210.2
252336560693540533935881068298825202077_eps9_s10,Nasa,1.0,21.0,42.0,12.0,1.0,52.6,0.866770566592983,0.8013729463833176,0.44399568984713794,,,,,,,,0.00023675338665765086,4.01700722053647,241.3157489150762,53.164561088755725,47.29822735674679,0.1423136536031961,16.452454276382923,78213.92585080714,0.0,122210.2
252336560693540533935881068298825202077_eps9_s2,Nasa,1.0,21.0,42.0,12.0,1.0,52.6,0.8866923503927897,0.8060467464727502,0.4941156979432936,,,,,,,,0.00023675338665765086,4.01700722053647,241.3157489150762,50.496993425861,54.057889581471684,0.13851636685430999,16.18491008467972,73092.08165494651,0.0,122210.2
252336560693540533935881068298825202077_eps9_s3,Nasa,1.0,21.0,42.0,12.0,1.0,52.6,0.8866923503927897,0.8060467464727502,0.4941156979432936,,,,,,,,0.00023675338665765086,4.01700722053647,241.3157489150762,49.89540339075029,54.49598943591118,0.14067254401743406,16.14024631790817,73696.98877729475,0.0,122210.2
252336560693540533935881068298825202077_eps9_s4,Nasa,1.0,21.0,42.0,12.0,1.0,52.6,0.8866923503927897,0.8060467464727502,0.4941156979432936,,,,,,,,0.00023675338665765086,4.01700722053647,241.3157489150762,50.70063492693007,54.90304607860744,0.14348858259618277,16.21762522980571,74306.95644562766,0.0,122210.2
252336560693540533935881068298825202077_eps9_s5,Nasa,1.0,21.0,42.0,12.0,1.0,52.6,0.8866923503927897,0.8060467464727502,0.4941156979432936,,,,,,,,0.00023675338665765086,4.01700722053647,241.3157489150762,50.69731032401323,60.43515472114086,0.14150348156690593,16.17635323628783,74930.98353405521,0.0,122210.2
252336560693540533935881068298825202077_eps9_s6,Nasa,1.0,21.0,42.0,12.0,1.0,52.6,0.8866923503927897,0.8060467464727502,0.4941156979432936,,,,,,,,0.00023675338665765086,4.01700722053647,241.3157489150762,55.34788704961538,63.088776191323994,0.14131954237818714,16.135896825417877,75591.99171499163,0.0,122210.2
252336560693540533935881068298825202077_eps9_s7,Nasa,1.0,21.0,42.0,12.0,1.0,52.6,0.8866923503927897,0.8060467464727502,0.4941156979432936,,,,,,,,0.00023675338665765086,4.01700722053647,241.3157489150762,58.26862637475133,62.36020541824401,0.1385436117649078,16.167087339237334,76279.44397663213,0.0,122210.2
252336560693540533935881068298825202077_eps9_s8,Nasa,1.0,21.0,42.0,12.0,1.0,52.6,0.8866923503927897,0.8060467464727502,0.4941156979432936,,,,,,,,0.00023675338665765086,4.01700722053647,241.3157489150762,57.89475665576756,61.914747818559405,0.14493819586932655,16.159047263488173,76964.69548354633,0.0,122210.2
252336560693540533935881068298825202077_eps9_s9,Nasa,1.0,21.0,42.0,12.0,1.0,52.6,0.8866923503927897,0.8060467464727502,0.4941156979432936,,,,,,,,0.00023675338665765086,4.01700722053647,241.3157489150762,51.34864189550281,56.794083626568316,0.1413567923009395,16.246144242584705,77619.99451825916,0.0,122210.2
252336560693540533935881068298825202077_eps0_s0,Sepsis,1.0,3.0,42.0,12.0,1.0,174.6,0.1752566850802481,0.17422918361131198,0.28648266501567504,,,,,,,,0.0012356166480656,0.2916445285081863,77.74036697670817,22.598672555014492,21.700524450838564,0.5244057349860668,7.16681867800653,233.59704960770904,0.0,75758.6
252336560693540533935881068298825202077_eps0_s1,Sepsis,1.0,3.0,42.0,12.0,1.0,174.6,0.5788581570878393,0.3614209848401441,0.1315929977429982,,,,,,,,0.0012356166480656,0.2916445285081863,77.74036697670817,22.644326151534916,45.16109624505043,0.10468089580535885,9.609591555967928,558.0508575867862,0.0,75758.6
252336560693540533935881068298825202077_eps0_s10,Sepsis,1.0,3.0,42.0,12.0,1.0,174.6,0.5788581570878393,0.3614209848401441,0.1315929977429982,,,,,,,,0.0012356166480656,0.2916445285081863,77.74036697670817,21.43546062335372,44.066501500084996,0.10516156740486618,9.111657810583711,3992.7166475158183,0.0,75758.6
252336560693540533935881068298825202077_eps0_s2,Sepsis,1.0,3.0,42.0,12.0,1.0,174.6,0.5788581570878393,0.3614209848401441,0.1315929977429982,,,,,,,,0.0012356166480656,0.2916445285081863,77.74036697670817,22.20523858442903,45.003847726806995,0.10747360289096827,9.348443520441652,951.6724625252187,0.0,75758.6
252336560693540533935881068298825202077_eps0_s3,Sepsis,1.0,3.0,42.0,12.0,1.0,174.6,0.5788581570878393,0.3614209848401441,0.1315929977429982,,,,,,,,0.0012356166480656,0.2916445285081863,77.74036697670817,21.810813147947194,44.320946250110865,0.1062634281814098,9.265188740193844,1330.0021109092982,0.0,75758.6
252336560693540533935881068298825202077_eps0_s4,Sepsis,1.0,3.0,42.0,12.0,1.0,174.6,0.5788581570878393,0.3614209848401441,0.1315929977429982,,,,,,,,0.0012356166480656,0.2916445285081863,77.74036697670817,21.6711838696152,44.04836095795035,0.10563895143568511,9.226854265853763,1709.150224004686,0.0,75758.6
252336560693540533935881068298825202077_eps0_s5,Sepsis,1.0,3.0,42.0,12.0,1.0,174.6,0.5788581570878393,0.3614209848401441,0.1315929977429982,,,,,,,,0.0012356166480656,0.2916445285081863,77.74036697670817,21.53845197632909,44.14617109932006,0.10732948482036583,9.249959572404624,2085.3789270114153,0.0,75758.6
252336560693540533935881068298825202077_eps0_s6,Sepsis,1.0,3.0,42.0,12.0,1.0,174.6,0.5788581570878393,0.3614209848401441,0.1315929977429982,,,,,,,,0.0012356166480656,0.2916445285081863,77.74036697670817,22.473196429386736,45.263608548790216,0.10534270517528052,9.279489027708768,2469.0902128264306,0.0,75758.6
252336560693540533935881068298825202077_eps0_s7,Sepsis,1.0,3.0,42.0,12.0,1.0,174.6,0.5788581570878393,0.3614209848401441,0.1315929977429982,,,,,,,,0.0012356166480656,0.2916445285081863,77.74036697670817,21.385123551636934,44.079353258013725,0.10424489676952357,9.140424927696586,2849.4896608103068,0.0,75758.6
252336560693540533935881068298825202077_eps0_s8,Sepsis,1.0,3.0,42.0,12.0,1.0,174.6,0.5788581570878393,0.3614209848401441,0.1315929977429982,,,,,,,,0.0012356166480656,0.2916445285081863,77.74036697670817,22.398158487677573,44.818504040688275,0.10952732376754278,9.188155176118016,3226.476012989506,0.0,75758.6
252336560693540533935881068298825202077_eps0_s9,Sepsis,1.0,3.0,42.0,12.0,1.0,174.6,0.5788581570878393,0.3614209848401441,0.1315929977429982,,,,,,,,0.0012356166480656,0.2916445285081863,77.74036697670817,22.267853137478234,44.81328907236457,0.10493879467248912,9.106497997045517,3617.254064380005,0.0,75758.6
252336560693540533935881068298825202077_eps1_s0,Sepsis,1.0,5.0,42.0,12.0,1.0,174.6,0.1752566850802481,0.17422918361131198,0.28648266501567504,,,,,,,,0.0012356166480656,0.2916445285081863,77.74036697670817,21.464439239725472,20.695623748376967,0.10786066390573974,6.798145874217153,4303.7741053655745,0.0,75758.6
252336560693540533935881068298825202077_eps1_s1,Sepsis,1.0,5.0,42.0,12.0,1.0,174.6,0.4912820323062398,0.3064864805713382,0.18197817379819786,,,,,,,,0.0012356166480656,0.2916445285081863,77.74036697670817,23.077120856195688,37.26818415038288,0.10774759575724598,8.454875394701958,4603.21107981205,0.0,75758.6
252336560693540533935881068298825202077_eps1_s10,Sepsis,1.0,5.0,42.0,12.0,1.0,174.6,0.22103299210596045,0.21554974727576348,0.2848516377035961,,,,,,,,0.0012356166480656,0.2916445285081863,77.74036697670817,21.530279605463146,20.751608593761922,0.10638736039400096,6.69497530348599,6986.224656186253,0.0,75758.6
252336560693540533935881068298825202077_eps1_s2,Sepsis,1.0,5.0,42.0,12.0,1.0,174.6,0.43223113379167816,0.29296429422089,0.2023350106617121,,,,,,,,0.0012356166480656,0.2916445285081863,77.74036697670817,21.837199267745017,32.03578343391418,0.10582180544733996,7.830754448845982,4928.875932275504,0.0,75758.6
252336560693540533935881068298825202077_eps1_s3,Sepsis,1.0,5.0,42.0,12.0,1.0,174.6,0.41752793891714945,0.30596647924701637,0.2651485306437579,,,,,,,,0.0012356166480656,0.2916445285081863,77.74036697670817,22.033353479206564,26.59716478586197,0.1064856812357902,7.193041556328535,5225.119249797985,0.0,75758.6
252336560693540533935881068298825202077_eps1_s4,Sepsis,1.0,5.0,42.0,12.0,1.0,174.6,0.3668788921128687,0.2958251254911065,0.2878739414967172,,,,,,,,0.0012356166480656,0.2916445285081863,77.74036697670817,22.164385199919344,22.444008324667813,0.10771514512598512,6.737145483866334,5499.368019808084,0.0,75758.6
252336560693540533935881068298825202077_eps1_s5,Sepsis,1.0,5.0,42.0,12.0,1.0,174.6,0.337806761807436,0.2928880390155002,0.28811301329324956,,,,,,,,0.0012356166480656,0.2916445285081863,77.74036697670817,21.34273523464799,20.95098917260766,0.10723611265420907,6.747314945980906,5749.435425107926,0.0,75758.6
252336560693540533935881068298825202077_eps1_s6,Sepsis,1.0,5.0,42.0,12.0,1.0,174.6,0.26366303175165157,0.2354787000353377,0.2798180269117332,,,,,,,,0.0012356166480656,0.2916445285081863,77.74036697670817,21.389187540113927,20.709559778869153,0.10891670957207675,6.8015425443649296,5996.444919060543,0.0,75758.6
252336560693540533935881068298825202077_eps1_s7,Sepsis,1.0,5.0,42.0,12.0,1.0,174.6,0.25788353817099774,0.23483076827326554,0.2768560574597466,,,,,,,,0.0012356166480656,0.2916445285081863,77.74036697670817,21.453093045204877,20.697981538623573,0.10632693320512769,6.792402293160558,6243.5896122992035,0.0,75758.6
252336560693540533935881068298825202077_eps1_s8,Sepsis,1.0,5.0,42.0,12.0,1.0,174.6,0.2543522192687685,0.2341505540049753,0.27713342673808083,,,,,,,,0.0012356166480656,0.2916445285081863,77.74036697670817,21.32174189351499,20.818766678497198,0.10568197965621944,6.7792848337441685,6490.7142417915165,0.0,75758.6
252336560693540533935881068298825202077_eps1_s9,Sepsis,1.0,5.0,42.0,12.0,1.0,174.6,0.23110564727084829,0.21425781499865676,0.27776604554414874,,,,,,,,0.0012356166480656,0.2916445285081863,77.74036697670817,21.45245257206261,20.81570679433644,0.1071992557495832,6.825250391289591,6738.662318475172,0.0,75758.6
252336560693540533935881068298825202077_eps2_s0,Sepsis,1.0,7.0,42.0,12.0,1.0,174.6,0.1752566850802481,0.17422918361131198,0.28648266501567504,,,,,,,,0.0012356166480656,0.2916445285081863,77.74036697670817,21.382899099215866,20.777338353917003,0.10520967766642567,6.797971074655652,7233.212859734148,0.0,75758.6
252336560693540533935881068298825202077_eps2_s1,Sepsis,1.0,7.0,42.0,12.0,1.0,174.6,0.5144496262586008,0.3293282384488678,0.1569461860850269,,,,,,,,0.0012356166480656,0.2916445285081863,77.74036697670817,21.43296302333474,41.70377850197256,0.10573053769767282,8.857816418260336,7537.030524590984,0.0,75758.6
252336560693540533935881068298825202077_eps2_s10,Sepsis,1.0,7.0,42.0,12.0,1.0,174.6,0.2593291003010666,0.18690276777263043,0.33116795995464016,,,,,,,,0.0012356166480656,0.2916445285081863,77.74036697670817,21.35141186900437,20.542662792280318,0.1061344694346189,6.806826842576266,9821.916660270095,0.0,75758.6
252336560693540533935881068298825202077_eps2_s2,Sepsis,1.0,7.0,42.0,12.0,1.0,174.6,0.421546723170525,0.3622795527338703,0.33750546257974523,,,,,,,,0.0012356166480656,0.2916445285081863,77.74036697670817,21.52440361045301,21.230626290291546,0.10632088556885715,6.868975546211004,7845.052701159567,0.0,75758.6
252336560693540533935881068298825202077_eps2_s3,Sepsis,1.0,7.0,42.0,12.0,1.0,174.6,0.4186190819408154,0.36164840377528645,0.31953725083402007,,,,,,,,0.0012356166480656,0.2916445285081863,77.74036697670817,21.472423783689738,20.88527754843235,0.1058087728917598,6.785334992408752,8094.202728476002,0.0,75758.6
252336560693540533935881068298825202077_eps2_s4,Sepsis,1.0,7.0,42.0,12.0,1.0,174.6,0.3591024445082134,0.30883948847851583,0.3216837283827293,,,,,,,,0.0012356166480656,0.2916445285081863,77.74036697670817,21.505274521932005,20.539403877407313,0.10515190847218034,6.82931133210659,8341.862960194052,0.0,75758.6
252336560693540533935881068298825202077_eps2_s5,Sepsis,1.0,7.0,42.0,12.0,1.0,174.6,0.3575124924841657,0.3125613682048024,0.3223434319484667,,,,,,,,0.0012356166480656,0.2916445285081863,77.74036697670817,21.476908121258017,20.750683976709844,0.11142903119325634,6.890781667083502,8589.544413737207,0.0,75758.6
252336560693540533935881068298825202077_eps2_s6,Sepsis,1.0,7.0,42.0,12.0,1.0,174.6,0.29467805927998897,0.25533775964723554,0.3237477982104202,,,,,,,,0.0012356166480656,0.2916445285081863,77.74036697670817,21.484256052598358,20.44497001506388,0.10679172761738294,6.7999748166650535,8836.170321619138,0.0,75758.6
252336560693540533935881068298825202077_eps2_s7,Sepsis,1.0,7.0,42.0,12.0,1.0,174.6,0.29368873890008707,0.2551457075133716,0.32347222438257334,,,,,,,,0.0012356166480656,0.2916445285081863,77.74036697670817,21.53307330608368,20.53740793131292,0.10857560858130448,6.774625863879919,9082.805156848579,0.0,75758.6
252336560693540533935881068298825202077_eps2_s8,Sepsis,1.0,7.0,42.0,12.0,1.0,174.6,0.2936924902612004,0.25519838671811623,0.3233578821366257,,,,,,,,0.0012356166480656,0.2916445285081863,77.74036697670817,21.49739163555205,20.49087430126965,0.10658744126558299,6.783426500111818,9329.007307328284,0.0,75758.6
252336560693540533935881068298825202077_eps2_s9,Sepsis,1.0,7.0,42.0,12.0,1.0,174.6,0.29369034604647215,0.2552687666555776,0.3236428812067851,,,,,,,,0.0012356166480656,0.2916445285081863,77.74036697670817,21.44133972041309,20.539993695542215,0.10813957899808875,6.841530140116811,9575.462812175601,0.0,75758.6
252336560693540533935881068298825202077_eps3_s0,Sepsis,1.0,9.0,42.0,12.0,1.0,174.6,0.1752566850802481,0.17422918361131198,0.28648266501567504,,,,,,,,0.0012356166480656,0.2916445285081863,77.74036697670817,21.38424055799842,20.859069326519965,0.10716088861227031,6.856395263597369,10068.781682787463,0.0,75758.6
252336560693540533935881068298825202077_eps3_s1,Sepsis,1.0,9.0,42.0,12.0,1.0,174.6,0.5279136902888675,0.34199331013450757,0.1739743084282161,,,,,,,,0.0012356166480656,0.2916445285081863,77.74036697670817,21.677686972916128,40.41503328531981,0.10751340538263317,8.672652945294976,10367.3429869771,0.0,75758.6
252336560693540533935881068298825202077_eps3_s10,Sepsis,1.0,9.0,42.0,12.0,1.0,174.6,0.42454304331775583,0.3005204650123426,0.3706850822494019,,,,,,,,0.0012356166480656,0.2916445285081863,77.74036697670817,21.67981584854424,20.687255785986782,0.10696629248559472,6.944946958124637,12685.599706877769,0.0,75758.6
252336560693540533935881068298825202077_eps3_s2,Sepsis,1.0,9.0,42.0,12.0,1.0,174.6,0.4778204852642177,0.39665127855908383,0.34748701511529456,,,,,,,,0.0012356166480656,0.2916445285081863,77.74036697670817,21.66034074090421,21.109262358024715,0.10621615760028358,6.848527060821652,10674.710652469843,0.0,75758.6
252336560693540533935881068298825202077_eps3_s3,Sepsis,1.0,9.0,42.0,12.0,1.0,174.6,0.4748375948953815,0.394775817798643,0.36786032512964617,,,,,,,,0.0012356166480656,0.2916445285081863,77.74036697670817,22.328446309268475,21.648055947199463,0.10609683282673357,6.871166481822729,10932.279608635605,0.0,75758.6
252336560693540533935881068298825202077_eps3_s4,Sepsis,1.0,9.0,42.0,12.0,1.0,174.6,0.47391905646698795,0.3949797417358912,0.34955229024114776,,,,,,,,0.0012356166480656,0.2916445285081863,77.74036697670817,22.10713634714484,21.302049235999583,0.10656982325017447,6.82566589191556,11182.386563518643,0.0,75758.6
252336560693540533935881068298825202077_eps3_s5,Sepsis,1.0,9.0,42.0,12.0,1.0,174.6,0.47384250692168256,0.39822667426382735,0.34969017058039154,,,,,,,,0.0012356166480656,0.2916445285081863,77.74036697670817,22.182747361436487,21.433525658398867,0.10662655681371684,6.8579673957079645,11439.419996337965,0.0,75758.6
252336560693540533935881068298825202077_eps3_s6,Sepsis,1.0,9.0,42.0,12.0,1.0,174.6,0.4128796151907993,0.3421630204795194,0.35442800103673966,,,,,,,,0.0012356166480656,0.2916445285081863,77.74036697670817,22.271489861607552,21.315964546427132,0.10677464753389354,6.92178521938622,11690.16500095427,0.0,75758.6
252336560693540533935881068298825202077_eps3_s7,Sepsis,1.0,9.0,42.0,12.0,1.0,174.6,0.41255890953341395,0.3421643664182058,0.3544895043871032,,,,,,,,0.0012356166480656,0.2916445285081863,77.74036697670817,21.558766603097318,20.607777492702006,0.10831313170492644,6.784132224693894,11943.519808731227,0.0,75758.6
252336560693540533935881068298825202077_eps3_s8,Sepsis,1.0,9.0,42.0,12.0,1.0,174.6,0.4126258121417644,0.3422691018436689,0.3546354530972688,,,,,,,,0.0012356166480656,0.2916445285081863,77.74036697670817,21.403942791000013,20.70972745679319,0.10519951730966563,6.799852529913187,12190.573374288902,0.0,75758.6
252336560693540533935881068298825202077_eps3_s9,Sepsis,1.0,9.0,42.0,12.0,1.0,174.6,0.4123732071528159,0.34232894007502723,0.35477248885996526,,,,,,,,0.0012356166480656,0.2916445285081863,77.74036697670817,21.327688502520324,20.59571752175689,0.10627625323832031,6.833854809030891,12437.193775328622,0.0,75758.6
252336560693540533935881068298825202077_eps4_s0,Sepsis,1.0,11.0,42.0,12.0,1.0,174.6,0.1752566850802481,0.17422918361131198,0.28648266501567504,,,,,,,,0.0012356166480656,0.2916445285081863,77.74036697670817,21.615170656889678,20.75858373083174,0.10899432152509685,6.8811390023678545,12934.12934649028,0.0,75758.6
252336560693540533935881068298825202077_eps4_s1,Sepsis,1.0,11.0,42.0,12.0,1.0,174.6,0.5382591635471352,0.34855643965088257,0.2101055508808832,,,,,,,,0.0012356166480656,0.2916445285081863,77.74036697670817,22.680022275820374,40.42280362136662,0.10690034888684745,8.674131133034825,13240.913290297613,0.0,75758.6
252336560693540533935881068298825202077_eps4_s10,Sepsis,1.0,11.0,42.0,12.0,1.0,174.6,0.4520922239880466,0.3147213968301551,0.3886648690387016,,,,,,,,0.0012356166480656,0.2916445285081863,77.74036697670817,21.457999277859926,20.57874903716147,0.10649974495172498,7.04828671887517,15570.709002749622,0.0,75758.6
252336560693540533935881068298825202077_eps4_s2,Sepsis,1.0,11.0,42.0,12.0,1.0,174.6,0.5034391911597883,0.39808626927166085,0.39584696898880545,,,,,,,,0.0012356166480656,0.2916445285081863,77.74036697670817,23.03005221784115,22.71236357316375,0.10445086769759648,6.889790104702115,13553.384213214367,0.0,75758.6
252336560693540533935881068298825202077_eps4_s3,Sepsis,1.0,11.0,42.0,12.0,1.0,174.6,0.5003439273295553,0.39618387618514994,0.3933162569787675,,,,,,,,0.0012356166480656,0.2916445285081863,77.74036697670817,22.150609718263148,21.702200945466757,0.10703103542327877,6.983033301308751,13814.739540177956,0.0,75758.6
252336560693540533935881068298825202077_eps4_s4,Sepsis,1.0,11.0,42.0,12.0,1.0,174.6,0.4997587079414722,0.39632016843206685,0.3930569449051081,,,,,,,,0.0012356166480656,0.2916445285081863,77.74036697670817,22.391544573009014,21.560901759564878,0.10648462846875188,6.953419840335846,14074.579883110151,0.0,75758.6
252336560693540533935881068298825202077_eps4_s5,Sepsis,1.0,11.0,42.0,12.0,1.0,174.6,0.4996396603224246,0.398601525729737,0.3931036264602733,,,,,,,,0.0012356166480656,0.2916445285081863,77.74036697670817,22.424007612466813,22.085738322511315,0.10697453431785102,6.817858605831861,14328.0124081254,0.0,75758.6
252336560693540533935881068298825202077_eps4_s6,Sepsis,1.0,11.0,42.0,12.0,1.0,174.6,0.499593410887569,0.39866631529671226,0.3837208420490711,,,,,,,,0.0012356166480656,0.2916445285081863,77.74036697670817,21.437873833626508,20.54619748555124,0.10627793967723842,6.872456951066852,14581.338590664789,0.0,75758.6
252336560693540533935881068298825202077_eps4_s7,Sepsis,1.0,11.0,42.0,12.0,1.0,174.6,0.49927270523018363,0.3986676612353987,0.38380447686261693,,,,,,,,0.0012356166480656,0.2916445285081863,77.74036697670817,21.48215992115438,20.563561475649475,0.10648216605186459,6.897291860729456,14828.447437356412,0.0,75758.6
252336560693540533935881068298825202077_eps4_s8,Sepsis,1.0,11.0,42.0,12.0,1.0,174.6,0.49933960783853404,0.3988390918343364,0.3840109959737498,,,,,,,,0.0012356166480656,0.2916445285081863,77.74036697670817,21.38648988008499,20.69629674255848,0.10693009458482258,6.919483706355095,15075.853241601959,0.0,75758.6
252336560693540533935881068298825202077_eps4_s9,Sepsis,1.0,11.0,42.0,12.0,1.0,174.6,0.499533350009702,0.399020385665719,0.38421783351106165,,,,,,,,0.0012356166480656,0.2916445285081863,77.74036697670817,21.393626544997097,20.62511764988303,0.10818336457014081,6.857779877260327,15323.27584001124,0.0,75758.6
252336560693540533935881068298825202077_eps5_s0,Sepsis,1.0,13.0,42.0,12.0,1.0,174.6,0.1752566850802481,0.17422918361131198,0.28648266501567504,,,,,,,,0.0012356166480656,0.2916445285081863,77.74036697670817,21.755694846063854,20.722949220985175,0.1057659592479467,6.8459636937826875,15819.19284407273,0.0,75758.6
252336560693540533935881068298825202077_eps5_s1,Sepsis,1.0,13.0,42.0,12.0,1.0,174.6,0.5386980120436695,0.34930676422320245,0.2140250998144349,,,,,,,,0.0012356166480656,0.2916445285081863,77.74036697670817,21.452448435127735,40.07014059945941,0.10462088659405702,8.66286851502955,16117.77450397499,0.0,75758.6
252336560693540533935881068298825202077_eps5_s10,Sepsis,1.0,13.0,42.0,12.0,1.0,174.6,0.49390067026600687,0.3450189188763778,0.40045573279243385,,,,,,,,0.0012356166480656,0.2916445285081863,77.74036697670817,21.45271671451628,20.72786168307066,0.10893398411571975,7.083739850670099,18407.64979743883,0.0,75758.6
252336560693540533935881068298825202077_eps5_s2,Sepsis,1.0,13.0,42.0,12.0,1.0,174.6,0.5067303596920143,0.3989552262738048,0.4036571914247961,,,,,,,,0.0012356166480656,0.2916445285081863,77.74036697670817,21.45595788396895,21.140909865498543,0.10601656585931774,6.962547025457025,16422.370149316637,0.0,75758.6
252336560693540533935881068298825202077_eps5_s3,Sepsis,1.0,13.0,42.0,12.0,1.0,174.6,0.5045919782498391,0.3973837651381076,0.4001044672771159,,,,,,,,0.0012356166480656,0.2916445285081863,77.74036697670817,21.57544676735997,20.89378984756768,0.10739253871142859,6.925443996489048,16672.447492870317,0.0,75758.6
252336560693540533935881068298825202077_eps5_s4,Sepsis,1.0,13.0,42.0,12.0,1.0,174.6,0.5035415332473623,0.39717145242634777,0.4015332956588111,,,,,,,,0.0012356166480656,0.2916445285081863,77.74036697670817,21.349629992246626,20.771118220314385,0.10729782991111272,6.939270637184381,16920.65390599482,0.0,75758.6
252336560693540533935881068298825202077_eps5_s5,Sepsis,1.0,13.0,42.0,12.0,1.0,174.6,0.5034820094378385,0.39876843932240075,0.4014725794938296,,,,,,,,0.0012356166480656,0.2916445285081863,77.74036697670817,21.4996165830642,20.7457530092448,0.1067528292536735,6.903731863200664,17169.026028309763,0.0,75758.6
252336560693540533935881068298825202077_eps5_s6,Sepsis,1.0,13.0,42.0,12.0,1.0,174.6,0.5034357600029828,0.39883456275625606,0.40127463507420363,,,,,,,,0.0012356166480656,0.2916445285081863,77.74036697670817,21.302140859887004,20.658105000481008,0.10553105100989335,6.839535334706307,17415.96290250756,0.0,75758.6
252336560693540533935881068298825202077_eps5_s7,Sepsis,1.0,13.0,42.0,12.0,1.0,174.6,0.5031150543455976,0.3988359086949425,0.4012233297059744,,,,,,,,0.0012356166480656,0.2916445285081863,77.74036697670817,21.52493519596755,20.794347236678004,0.11066938079893587,6.832729877531529,17663.921061434223,0.0,75758.6
252336560693540533935881068298825202077_eps5_s8,Sepsis,1.0,13.0,42.0,12.0,1.0,174.6,0.503181956953948,0.3989406441204055,0.4013898198484792,,,,,,,,0.0012356166480656,0.2916445285081863,77.74036697670817,21.51020073182881,20.695151406526566,0.10684792585670944,6.8637788068503145,17911.64797854014,0.0,75758.6
252336560693540533935881068298825202077_eps5_s9,Sepsis,1.0,13.0,42.0,12.0,1.0,174.6,0.5034431388018096,0.3993089189106931,0.40161898002992824,,,,,,,,0.0012356166480656,0.2916445285081863,77.74036697670817,21.436385529488327,20.724930296465754,0.10683491788804526,6.846648071706295,18159.225083548205,0.0,75758.6
252336560693540533935881068298825202077_eps6_s0,Sepsis,1.0,15.0,42.0,12.0,1.0,174.6,0.1752566850802481,0.17422918361131198,0.28648266501567504,,,,,,,,0.0012356166480656,0.2916445285081863,77.74036697670817,21.533542132377626,20.72728210426867,0.10704337358474728,6.91301025711,18656.478258357198,0.0,75758.6
252336560693540533935881068298825202077_eps6_s1,Sepsis,1.0,15.0,42.0,12.0,1.0,174.6,0.5407226543915289,0.35292125575217337,0.216991012510679,,,,,,,,0.0012356166480656,0.2916445285081863,77.74036697670817,21.498849162831903,40.53921935595572,0.10706323981285093,8.728107853978873,18956.206531004605,0.0,75758.6
252336560693540533935881068298825202077_eps6_s10,Sepsis,1.0,15.0,42.0,12.0,1.0,174.6,0.5168362437032232,0.36700473142956846,0.4114185871048791,,,,,,,,0.0012356166480656,0.2916445285081863,77.74036697670817,21.456596813723444,20.719449530169367,0.10623093172907824,7.182052750885487,21257.985579935834,0.0,75758.6
252336560693540533935881068298825202077_eps6_s2,Sepsis,1.0,15.0,42.0,12.0,1.0,174.6,0.5118854882844652,0.40406138191097246,0.4089605689376419,,,,,,,,0.0012356166480656,0.2916445285081863,77.74036697670817,21.63127343542874,21.20502290353179,0.10676159337162967,6.864439066872,19262.755128345638,0.0,75758.6
252336560693540533935881068298825202077_eps6_s3,Sepsis,1.0,15.0,42.0,12.0,1.0,174.6,0.5084654782141904,0.4021774867462823,0.4050708511021348,,,,,,,,0.0012356166480656,0.2916445285081863,77.74036697670817,21.417258233204485,20.927652641013264,0.1071846671402454,6.889217101410031,19512.207561941446,0.0,75758.6
252336560693540533935881068298825202077_eps6_s4,Sepsis,1.0,15.0,42.0,12.0,1.0,174.6,0.5080666221984486,0.40246722855239464,0.4051139675285901,,,,,,,,0.0012356166480656,0.2916445285081863,77.74036697670817,21.45022993348539,20.631492246314885,0.10600058697164054,6.879827569052577,19760.081223208457,0.0,75758.6
252336560693540533935881068298825202077_eps6_s5,Sepsis,1.0,15.0,42.0,12.0,1.0,174.6,0.5079438232182876,0.403523104023438,0.40530907500726093,,,,,,,,0.0012356166480656,0.2916445285081863,77.74036697670817,21.546708589047196,20.73156138546765,0.10681519471108909,6.970725301280618,20007.91834847592,0.0,75758.6
252336560693540533935881068298825202077_eps6_s6,Sepsis,1.0,15.0,42.0,12.0,1.0,174.6,0.5080281647073628,0.4035482167027089,0.4053572822144901,,,,,,,,0.0012356166480656,0.2916445285081863,77.74036697670817,21.506205174326897,20.711052613332868,0.10985032804310316,6.907293253019452,20256.699941885472,0.0,75758.6
252336560693540533935881068298825202077_eps6_s7,Sepsis,1.0,15.0,42.0,12.0,1.0,174.6,0.5077074590499775,0.40354956264139535,0.405336070531494,,,,,,,,0.0012356166480656,0.2916445285081863,77.74036697670817,22.6561621889472,21.287450015917422,0.10761910527944563,6.938152942806482,20506.746699534728,0.0,75758.6
252336560693540533935881068298825202077_eps6_s8,Sepsis,1.0,15.0,42.0,12.0,1.0,174.6,0.5077743616583279,0.4036542980668584,0.40548663031346166,,,,,,,,0.0012356166480656,0.2916445285081863,77.74036697670817,21.505418371036647,20.625003357976674,0.1060431484133005,6.914713617786765,20761.655903256313,0.0,75758.6
252336560693540533935881068298825202077_eps6_s9,Sepsis,1.0,15.0,42.0,12.0,1.0,174.6,0.5081008389681549,0.4040687089586454,0.4055582377327158,,,,,,,,0.0012356166480656,0.2916445285081863,77.74036697670817,21.458325834944844,20.68572414405644,0.10744998194277282,6.928369924426079,21009.355980331078,0.0,75758.6
252336560693540533935881068298825202077_eps7_s0,Sepsis,1.0,17.0,42.0,12.0,1.0,174.6,0.1752566850802481,0.17422918361131198,0.28648266501567504,,,,,,,,0.0012356166480656,0.2916445285081863,77.74036697670817,22.49722037166357,21.578017312288285,0.10784017816185949,6.8074563454836605,21510.515946907177,0.0,75758.6
252336560693540533935881068298825202077_eps7_s1,Sepsis,1.0,17.0,42.0,12.0,1.0,174.6,0.5414312534775488,0.3543301457114163,0.2194999606913679,,,,,,,,0.0012356166480656,0.2916445285081863,77.74036697670817,22.301346883177757,41.24201826751232,0.10835017971694465,8.63592781983316,21816.801236339285,0.0,75758.6
252336560693540533935881068298825202077_eps7_s10,Sepsis,1.0,17.0,42.0,12.0,1.0,174.6,0.5287150924143262,0.3779277941919951,0.41626180233418986,,,,,,,,0.0012356166480656,0.2916445285081863,77.74036697670817,21.677943278849124,20.848552523553373,0.10887867473065849,7.080699684470892,24153.718592936173,0.0,75758.6
252336560693540533935881068298825202077_eps7_s2,Sepsis,1.0,17.0,42.0,12.0,1.0,174.6,0.5144067700846426,0.4071835811821396,0.40935381899305234,,,,,,,,0.0012356166480656,0.2916445285081863,77.74036697670817,21.660312275215983,21.209195582941174,0.10861758664250368,6.84683990702033,22128.875911541654,0.0,75758.6
252336560693540533935881068298825202077_eps7_s3,Sepsis,1.0,17.0,42.0,12.0,1.0,174.6,0.5117613196127409,0.4053216305257018,0.4065024842747869,,,,,,,,0.0012356166480656,0.2916445285081863,77.74036697670817,22.33891345076263,21.62644039206207,0.10671426393091676,6.880378540232778,22381.724568217993,0.0,75758.6
252336560693540533935881068298825202077_eps7_s4,Sepsis,1.0,17.0,42.0,12.0,1.0,174.6,0.5111012817491373,0.40553387637580657,0.4067795174346894,,,,,,,,0.0012356166480656,0.2916445285081863,77.74036697670817,22.147178164869548,21.5218035787344,0.1073591589927673,6.941225606948137,22640.467130412533,0.0,75758.6
252336560693540533935881068298825202077_eps7_s5,Sepsis,1.0,17.0,42.0,12.0,1.0,174.6,0.5109227103205659,0.40636177176592864,0.40658483398843953,,,,,,,,0.0012356166480656,0.2916445285081863,77.74036697670817,22.295998198539017,21.46127086505294,0.10686670914292332,6.871347026899457,22896.43626540266,0.0,75758.6
252336560693540533935881068298825202077_eps7_s6,Sepsis,1.0,17.0,42.0,12.0,1.0,174.6,0.5108764608857104,0.40634820230567714,0.4063418025943766,,,,,,,,0.0012356166480656,0.2916445285081863,77.74036697670817,22.20631509721279,21.229605846107006,0.10918715894222256,8.805589167773723,23157.89401584454,0.0,75758.6
252336560693540533935881068298825202077_eps7_s7,Sepsis,1.0,17.0,42.0,12.0,1.0,174.6,0.510555755228325,0.4063495482443636,0.4062339731819982,,,,,,,,0.0012356166480656,0.2916445285081863,77.74036697670817,21.561808707937598,20.575407098606227,0.109601229801774,6.774899904802441,23411.834603333475,0.0,75758.6
252336560693540533935881068298825202077_eps7_s8,Sepsis,1.0,17.0,42.0,12.0,1.0,174.6,0.5106226578366754,0.40645428366982667,0.40617333228329927,,,,,,,,0.0012356166480656,0.2916445285081863,77.74036697670817,21.35476012155414,20.642994019016623,0.10760406181216235,6.776949243620038,23658.68144941069,0.0,75758.6
252336560693540533935881068298825202077_eps7_s9,Sepsis,1.0,17.0,42.0,12.0,1.0,174.6,0.5108185442225717,0.40666551437587445,0.4063125690027425,,,,,,,,0.0012356166480656,0.2916445285081863,77.74036697670817,21.32684861496091,20.64770949818194,0.1080369938164949,6.904415483027696,23905.223788737134,0.0,75758.6
252336560693540533935881068298825202077_eps8_s0,Sepsis,1.0,19.0,42.0,12.0,1.0,174.6,0.1752566850802481,0.17422918361131198,0.28648266501567504,,,,,,,,0.0012356166480656,0.2916445285081863,77.74036697670817,21.603554651141167,20.884676745533945,0.10723858289420603,6.764917627722025,24403.810561237486,0.0,75758.6
252336560693540533935881068298825202077_eps8_s1,Sepsis,1.0,19.0,42.0,12.0,1.0,174.6,0.5413341746821486,0.3535745053734272,0.2198635064580389,,,,,,,,0.0012356166480656,0.2916445285081863,77.74036697670817,21.640974243730305,40.53274826854467,0.10598312877118583,8.619446824118494,24702.9671512261,0.0,75758.6
252336560693540533935881068298825202077_eps8_s10,Sepsis,1.0,19.0,42.0,12.0,1.0,174.6,0.5404024363104545,0.39104328968759317,0.4193804588035907,,,,,,,,0.0012356166480656,0.2916445285081863,77.74036697670817,21.885651119425894,21.054076644405722,0.1061059821397066,7.124847443401814,27001.97382624559,0.0,75758.6
252336560693540533935881068298825202077_eps8_s2,Sepsis,1.0,19.0,42.0,12.0,1.0,174.6,0.514976087856397,0.40699340486315394,0.40916722562124674,,,,,,,,0.0012356166480656,0.2916445285081863,77.74036697670817,21.595018568262457,21.424781304970384,0.1086706198751926,7.01755497418344,25011.39952596128,0.0,75758.6
252336560693540533935881068298825202077_eps8_s3,Sepsis,1.0,19.0,42.0,12.0,1.0,174.6,0.5121654642539921,0.40497142141204057,0.4061082935479246,,,,,,,,0.0012356166480656,0.2916445285081863,77.74036697670817,21.496172216534614,21.161618068441747,0.11023782230913637,6.814653591811657,25262.36782749109,0.0,75758.6
252336560693540533935881068298825202077_eps8_s4,Sepsis,1.0,19.0,42.0,12.0,1.0,174.6,0.51169178976273,0.4052533004982367,0.4063057435163964,,,,,,,,0.0012356166480656,0.2916445285081863,77.74036697670817,21.519799546152353,20.82289561517537,0.10977198779582972,6.898312163725495,25511.723818977924,0.0,75758.6
252336560693540533935881068298825202077_eps8_s5,Sepsis,1.0,19.0,42.0,12.0,1.0,174.6,0.5114574458857479,0.4060500723278235,0.4060416270997106,,,,,,,,0.0012356166480656,0.2916445285081863,77.74036697670817,21.62279878035188,20.76063991524279,0.1076913326978683,6.850819781422615,25760.490991832317,0.0,75758.6
252336560693540533935881068298825202077_eps8_s6,Sepsis,1.0,19.0,42.0,12.0,1.0,174.6,0.5115417873748231,0.4062359046621881,0.40602213268328285,,,,,,,,0.0012356166480656,0.2916445285081863,77.74036697670817,21.518024373799562,20.756507573276757,0.11064191907644268,6.827144836634398,26008.851119051502,0.0,75758.6
252336560693540533935881068298825202077_eps8_s7,Sepsis,1.0,19.0,42.0,12.0,1.0,174.6,0.5112210817174379,0.40623725060087457,0.4058968625959313,,,,,,,,0.0012356166480656,0.2916445285081863,77.74036697670817,21.452432859688997,20.53891689926386,0.10646632388234134,6.88472741432488,26256.382358989864,0.0,75758.6
252336560693540533935881068298825202077_eps8_s8,Sepsis,1.0,19.0,42.0,12.0,1.0,174.6,0.5112879843257883,0.4063419860263376,0.40600110016399454,,,,,,,,0.0012356166480656,0.2916445285081863,77.74036697670817,21.532403208315372,20.810337914153934,0.10912548638880248,6.797820458188653,26503.770623730124,0.0,75758.6
252336560693540533935881068298825202077_eps8_s9,Sepsis,1.0,19.0,42.0,12.0,1.0,174.6,0.5114838707116844,0.40655321673238537,0.40621739583519834,,,,,,,,0.0012356166480656,0.2916445285081863,77.74036697670817,21.513780819624664,20.64176320694387,0.10618353784084315,6.809229838848114,26751.343335168807,0.0,75758.6
252336560693540533935881068298825202077_eps9_s0,Sepsis,1.0,21.0,42.0,12.0,1.0,174.6,0.1752566850802481,0.17422918361131198,0.28648266501567504,,,,,,,,0.0012356166480656,0.2916445285081863,77.74036697670817,21.583173251897097,20.874554590508342,0.10755192004144187,6.8164672907441854,27252.624904914945,0.0,75758.6
252336560693540533935881068298825202077_eps9_s1,Sepsis,1.0,21.0,42.0,12.0,1.0,174.6,0.5414457195789696,0.3538980381803424,0.2204906674374219,,,,,,,,0.0012356166480656,0.2916445285081863,77.74036697670817,21.670657458528876,40.895581451803444,0.10906085036694999,8.543301196396351,27552.84135516137,0.0,75758.6
252336560693540533935881068298825202077_eps9_s10,Sepsis,1.0,21.0,42.0,12.0,1.0,174.6,0.5482044359483581,0.3971131202076571,0.4220940024707479,,,,,,,,0.0012356166480656,0.2916445285081863,77.74036697670817,22.428374886885287,21.282774905115367,0.10598790794610972,7.31487508378923,29884.86285801716,0.0,75758.6
252336560693540533935881068298825202077_eps9_s2,Sepsis,1.0,21.0,42.0,12.0,1.0,174.6,0.5149165640468732,0.40697106001921524,0.40926897035884685,,,,,,,,0.0012356166480656,0.2916445285081863,77.74036697670817,21.606887574121355,21.52056543342769,0.10917926207184787,6.776377709209919,27862.024497196824,0.0,75758.6
252336560693540533935881068298825202077_eps9_s3,Sepsis,1.0,21.0,42.0,12.0,1.0,174.6,0.5119943955476474,0.40482748851224953,0.40573103179044223,,,,,,,,0.0012356166480656,0.2916445285081863,77.74036697670817,21.57584460414946,20.998583461344243,0.10772843398153775,6.820985101535916,28112.046601676568,0.0,75758.6
252336560693540533935881068298825202077_eps9_s4,Sepsis,1.0,21.0,42.0,12.0,1.0,174.6,0.511743810850027,0.4051977019530312,0.4063584647234014,,,,,,,,0.0012356166480656,0.2916445285081863,77.74036697670817,22.52594485729933,21.65063166506588,0.10919813066720958,6.8196236826479435,28363.065955494716,0.0,75758.6
252336560693540533935881068298825202077_eps9_s5,Sepsis,1.0,21.0,42.0,12.0,1.0,174.6,0.5115094669730451,0.4059944737826179,0.40623306329642095,,,,,,,,0.0012356166480656,0.2916445285081863,77.74036697670817,21.488683537393808,20.83258033245802,0.10676958300173278,6.865276416018605,28618.53824156411,0.0,75758.6
252336560693540533935881068298825202077_eps9_s6,Sepsis,1.0,21.0,42.0,12.0,1.0,174.6,0.5115938084621203,0.4061803061169826,0.4061418639633939,,,,,,,,0.0012356166480656,0.2916445285081863,77.74036697670817,22.261205329373478,21.55599734298885,0.10941154882311818,6.833470124378801,28874.149270279704,0.0,75758.6
252336560693540533935881068298825202077_eps9_s7,Sepsis,1.0,21.0,42.0,12.0,1.0,174.6,0.5112731028047349,0.406181652055669,0.40595776644972964,,,,,,,,0.0012356166480656,0.2916445285081863,77.74036697670817,21.69608310572803,20.82123569101095,0.10898051299154754,6.933560086414218,29123.66468725763,0.0,75758.6
252336560693540533935881068298825202077_eps9_s8,Sepsis,1.0,21.0,42.0,12.0,1.0,174.6,0.5113400054130854,0.40628638748113205,0.40613791710247005,,,,,,,,0.0012356166480656,0.2916445285081863,77.74036697670817,22.567391770333053,21.506095270067455,0.10792610384523864,6.872575099021196,29379.432503035292,0.0,75758.6
252336560693540533935881068298825202077_eps9_s9,Sepsis,1.0,21.0,42.0,12.0,1.0,174.6,0.5115990430462187,0.4065151512808942,0.4061849255108439,,,,,,,,0.0012356166480656,0.2916445285081863,77.74036697670817,21.719172201678155,20.726861312240363,0.10952540300786492,7.003709282726049,29630.760104725883,0.0,75758.6
