metrics.total_fit_duration,metrics.rtp_similarity_h_3,metrics.rtp_similarity_h_10,metrics.none_share,metrics.rtp_similarity_h_20,metrics.fit_duration_per_fold,metrics.total_run_time,metrics.prep_duration,metrics.nap_balanced_accuracy,metrics.rtp_similarity,metrics.rtp_similarity_h_15,metrics.rtp_eval_duration,metrics.nap_duration,metrics.nap_accuracy,metrics.process_stage_width,metrics.rtp_similarity_h_5,metrics.rtp_similarity_h_2,metrics.nap_eval_duration,metrics.n_process_stages,metrics.avg_pruned_patterns_per_stage,metrics.rtp_duration,metrics.avg_unpruned_patterns_per_stage,metrics.rtp_similarity_h_1,params.max_pattern_size_eval,params.train_pct,params.max_pattern_size_train,params.filter_sequences,params.ncores,params.prune_func,params.process_stage_width_percentage,params.weight,params.min_freq,params.base_cv_hash,params.random_seed,params.cv_folds,params.break_buffer,params.model_config,params.weights,params.task,params.selection_method,params.cv_hash,params.dataset
134.80540957674384,0.7436660378772586,0.5618568098688909,0.289943674211109,0.43889022804510897,26.961081915348768,14501795.763545707,1.8996326178312306,0.3420993957487809,0.11981359285338451,0.48897913786531,28.616160579398276,0.829648882523179,0.5608788216733869,97.4,0.6658924509888292,0.8062862233758035,0.11521188318729396,1.0,0.0,23.62334420643747,118.0,0.8876043645511285,3.0,0.8,21.0,1.0,1.0,,1.0,,0.01,1.4344402294866603e+38,42.0,5.0,1.2,min_freq_conf,['None'],"['nap', 'rtp']",PROB_LEN_DIST,143444022948666033982143799886645320417_eps0_s0,BPI2012_C
134.80540957674384,0.7812757586622224,0.6118874730197392,0.289943674211109,0.4926017898908516,26.961081915348768,14502033.521405589,1.8996326178312306,0.3316758323883458,0.17509857189231243,0.5406843982378783,28.8773256406188,0.864745020121336,0.5515481517373133,97.4,0.7134971820983991,0.8310850779455686,0.11407385580241677,1.0,0.0,13.254736400395633,118.0,0.8976278305668611,5.0,0.8,21.0,1.0,1.0,,1.0,,0.01,1.4344402294866603e+38,42.0,5.0,1.2,min_freq_conf,['None'],"['nap', 'rtp']",PROB_LEN_DIST,143444022948666033982143799886645320417_eps1_s0,BPI2012_C
134.80540957674384,0.781294877467836,0.6120084967368448,0.289943674211109,0.492920700890375,26.961081915348768,14502240.320116982,1.8996326178312306,0.3316758323883458,0.174977346840419,0.5409009358849364,28.926990129426123,0.9035431548953057,0.5515481517373133,97.4,0.7135398390329853,0.8310958669128521,0.11280604116618628,1.0,0.0,9.660659690201282,118.0,0.8976324239007092,7.0,0.8,21.0,1.0,1.0,,1.0,,0.01,1.4344402294866603e+38,42.0,5.0,1.2,min_freq_conf,['None'],"['nap', 'rtp']",PROB_LEN_DIST,143444022948666033982143799886645320417_eps2_s0,BPI2012_C
134.80540957674384,0.781299307559406,0.6120337210969803,0.289943674211109,0.4929866450716697,26.961081915348768,14502437.988420893,1.8996326178312306,0.3316758323883458,0.17495876598708635,0.5409460100085941,28.774114436656237,0.9045716471970081,0.5515481517373133,97.4,0.7135493315925494,0.8310983114378028,0.11547061316668986,1.0,0.0,9.205896884202957,118.0,0.8976334620211768,11.0,0.8,21.0,1.0,1.0,,1.0,,0.01,1.4344402294866603e+38,42.0,5.0,1.2,min_freq_conf,['None'],"['nap', 'rtp']",PROB_LEN_DIST,143444022948666033982143799886645320417_eps3_s0,BPI2012_C
134.80540957674384,0.781299307559406,0.6120337210969803,0.289943674211109,0.4929866450716697,26.961081915348768,14502634.95399484,1.8996326178312306,0.3316758323883458,0.17495876598708635,0.5409460100085941,28.80902458615601,0.9287596087902784,0.5515481517373133,97.4,0.7135493315925494,0.8310983114378028,0.11293887570500369,1.0,0.0,9.216935938969254,118.0,0.8976334620211768,17.0,0.8,21.0,1.0,1.0,,1.0,,0.01,1.4344402294866603e+38,42.0,5.0,1.2,min_freq_conf,['None'],"['nap', 'rtp']",PROB_LEN_DIST,143444022948666033982143799886645320417_eps4_s0,BPI2012_C
134.80540957674384,0.781299307559406,0.6120337210969803,0.289943674211109,0.4929866450716697,26.961081915348768,14502831.69175924,1.8996326178312306,0.3316758323883458,0.17495876598708635,0.5409460100085941,28.896575953438877,0.9491037417203187,0.5515481517373133,97.4,0.7135493315925494,0.8310983114378028,0.11613579168915744,1.0,0.0,9.139508420601487,118.0,0.8976334620211768,21.0,0.8,21.0,1.0,1.0,,1.0,,0.01,1.4344402294866603e+38,42.0,5.0,1.2,min_freq_conf,['None'],"['nap', 'rtp']",PROB_LEN_DIST,143444022948666033982143799886645320417_eps5_s0,BPI2012_C
134.61401060782373,0.9463391828766909,0.8953382251900613,0.034311269787992635,0.8129228641873241,26.922802121564747,14498445.384834558,2.0288969725370407,0.5220248376268873,0.16934368034031913,0.8550072947058895,57.18265258707106,4.341455325484276,0.7400994629574393,97.4,0.9312005845858737,0.9564217660811366,0.11337712742388242,1.0,0.0,373.90537338368597,1270.0,0.9731451912182651,3.0,0.8,21.0,1.0,1.0,,1.0,,0.001,1.4905841313918724e+38,42.0,5.0,1.2,min_freq_conf,['None'],"['nap', 'rtp']",PROB_LEN_DIST,149058413139187234484189006142757446979_eps0_s0,BPI2012_C
134.61401060782373,0.8748475287458829,0.7314048575479614,0.034311269787992635,0.6250549754089443,26.922802121564747,14499553.246611873,2.0288969725370407,0.49395087046227515,0.33097169184472464,0.6682169262659807,29.12146785072982,4.347001457214356,0.6190879276771919,97.4,0.818402400446469,0.9120611232072949,0.1140602227300405,1.0,0.0,38.94039342403412,1270.0,0.9513256430385029,5.0,0.8,21.0,1.0,1.0,,1.0,,0.001,1.4905841313918724e+38,42.0,5.0,1.2,min_freq_conf,['None'],"['nap', 'rtp']",PROB_LEN_DIST,149058413139187234484189006142757446979_eps1_s0,BPI2012_C
134.61401060782373,0.8955410170103184,0.7713882031711699,0.034311269787992635,0.6726681556697427,26.922802121564747,14499921.99673827,2.0288969725370407,0.5212780292366178,0.31425646873843305,0.7144805114453667,34.30171219781041,4.428228563815355,0.6277243792557374,97.4,0.8477828493457705,0.9262640274767199,0.11467170640826223,1.0,0.0,35.3872428111732,1270.0,0.9604290640096511,7.0,0.8,21.0,1.0,1.0,,1.0,,0.001,1.4905841313918724e+38,42.0,5.0,1.2,min_freq_conf,['None'],"['nap', 'rtp']",PROB_LEN_DIST,149058413139187234484189006142757446979_eps2_s0,BPI2012_C
134.61401060782373,0.8859188703773642,0.7007304593079391,0.034311269787992635,0.5748375074053171,26.922802121564747,14500189.93285108,2.0288969725370407,0.5155360984021184,0.4231074016318323,0.6225137731315972,20.72633926384151,4.690846509858966,0.7166248875960892,97.4,0.8255039044265775,0.921785265639347,0.11316210180521007,1.0,0.0,13.317197256535291,1270.0,0.96014034475959,11.0,0.8,21.0,1.0,1.0,,1.0,,0.001,1.4905841313918724e+38,42.0,5.0,1.2,min_freq_conf,['None'],"['nap', 'rtp']",PROB_LEN_DIST,149058413139187234484189006142757446979_eps3_s0,BPI2012_C
134.61401060782373,0.9111425114878173,0.7943741158150484,0.034311269787992635,0.6954612554729603,26.922802121564747,14500502.428092852,2.0288969725370407,0.5160927363838311,0.3134517277830614,0.7380396502540387,38.11651265844703,5.060780305787921,0.7290494423492636,97.4,0.870504282432295,0.9375752451310781,0.11271865665912624,1.0,0.0,34.89366000704467,1270.0,0.9677278859463838,17.0,0.8,21.0,1.0,1.0,,1.0,,0.001,1.4905841313918724e+38,42.0,5.0,1.2,min_freq_conf,['None'],"['nap', 'rtp']",PROB_LEN_DIST,149058413139187234484189006142757446979_eps4_s0,BPI2012_C
134.61401060782373,0.8982569375721023,0.7510761055943261,0.034311269787992635,0.6359157591178991,26.922802121564747,14500841.291197117,2.0288969725370407,0.5151918054515608,0.35084711102676336,0.6809156516060584,30.69322895593941,5.393295381963253,0.7213075484412652,97.4,0.8487780570173378,0.9291749562648915,0.11370666064321991,1.0,0.0,23.792388001829387,1270.0,0.9635979949698579,21.0,0.8,21.0,1.0,1.0,,1.0,,0.001,1.4905841313918724e+38,42.0,5.0,1.2,min_freq_conf,['None'],"['nap', 'rtp']",PROB_LEN_DIST,149058413139187234484189006142757446979_eps5_s0,BPI2012_C
989.7178409975022,0.9641564118257253,0.9220224076147158,3.3761921024480055e-05,0.8398059559170024,197.94356819950045,14454710.63754199,2.362495042383671,0.5845391580146775,0.18892686320161012,0.8820488563291742,61.78752802312374,85.3113938678056,0.7624118693714904,97.4,0.9554524189336243,0.9703718718583456,0.14455707035958762,1.0,0.0,10896.405372673646,232645.8,0.9817228933491979,3.0,0.8,21.0,1.0,1.0,,1.0,,1e-07,2.2476035837033703e+38,42.0,5.0,1.2,min_freq_conf,['None'],"['nap', 'rtp']",PROB_LEN_DIST,224760358370337034075117362179122216196_eps0_s0,BPI2012_C
989.7178409975022,0.8248170508775814,0.5727127381969008,3.3761921024480055e-05,0.4499803720408286,197.94356819950045,14477822.410625985,2.362495042383671,0.461488789547856,0.4095295157908425,0.49129408877239183,8.69384194612503,84.1720546208322,0.5146043723248626,97.4,0.7270099830559685,0.8793880784367472,0.11719304881989949,1.0,0.0,165.62326557412743,232645.8,0.9339654019898097,5.0,0.8,21.0,1.0,1.0,,1.0,,1e-07,2.2476035837033703e+38,42.0,5.0,1.2,min_freq_conf,['None'],"['nap', 'rtp']",PROB_LEN_DIST,224760358370337034075117362179122216196_eps1_s0,BPI2012_C
989.7178409975022,0.8543553854060907,0.6168821532891389,3.3761921024480055e-05,0.49801029345099057,197.94356819950045,14479241.09445093,2.362495042383671,0.5210827641907148,0.42608537105593103,0.5385893366303818,13.07248176187277,86.0806022617966,0.5850931576628271,97.4,0.7684317143393786,0.9004642961036884,0.11885661669075487,1.0,0.0,188.08007171228527,232645.8,0.9510585977245803,7.0,0.8,21.0,1.0,1.0,,1.0,,1e-07,2.2476035837033703e+38,42.0,5.0,1.2,min_freq_conf,['None'],"['nap', 'rtp']",PROB_LEN_DIST,224760358370337034075117362179122216196_eps2_s0,BPI2012_C
989.7178409975022,0.8704737599036798,0.6306173931249859,3.3761921024480055e-05,0.5005234800780676,197.94356819950045,14480500.330138883,2.362495042383671,0.5728157973476021,0.4587187502508291,0.5442902123440098,12.50937440097332,90.10582575425505,0.6481923127952334,97.4,0.7845540018509582,0.9162238042976029,0.11822106055915352,1.0,0.0,135.96496951654552,232645.8,0.9604964441479276,11.0,0.8,21.0,1.0,1.0,,1.0,,1e-07,2.2476035837033703e+38,42.0,5.0,1.2,min_freq_conf,['None'],"['nap', 'rtp']",PROB_LEN_DIST,224760358370337034075117362179122216196_eps3_s0,BPI2012_C
989.7178409975022,0.8798350571460871,0.6618234526490581,3.3761921024480055e-05,0.5255233337515914,197.94356819950045,14481820.403836215,2.362495042383671,0.5606956405068633,0.4777108533449638,0.5717414194482665,13.358695397898554,106.01906299702823,0.6757750515170964,97.4,0.8010632445721907,0.9235776565819481,0.11782350502908226,1.0,0.0,159.88798143602907,232645.8,0.9616083665452285,17.0,0.8,21.0,1.0,1.0,,1.0,,1e-07,2.2476035837033703e+38,42.0,5.0,1.2,min_freq_conf,['None'],"['nap', 'rtp']",PROB_LEN_DIST,224760358370337034075117362179122216196_eps4_s0,BPI2012_C
989.7178409975022,0.8782395877790851,0.6574050168063119,3.3761921024480055e-05,0.5208137758142138,197.94356819950045,14483310.201100672,2.362495042383671,0.5733890596308038,0.4741345773576966,0.5665231187862309,11.920591947436332,127.58641201481223,0.6698462353932543,97.4,0.7994685185099426,0.9211737241710913,0.12105255611240859,1.0,0.0,169.4283290490508,232645.8,0.9602422820778418,21.0,0.8,21.0,1.0,1.0,,1.0,,1e-07,2.2476035837033703e+38,42.0,5.0,1.2,min_freq_conf,['None'],"['nap', 'rtp']",PROB_LEN_DIST,224760358370337034075117362179122216196_eps5_s0,BPI2012_C
138.56806578673422,0.9637063136486146,0.9213483797031083,0.00099027499193688,0.839074833627804,27.713613157346845,14490320.094401041,2.129886321723461,0.5821381100966638,0.18859107912620202,0.8813280328784281,57.65735377594829,16.451833517104387,0.7617594028625428,97.4,0.954907454392939,0.9700156534745623,0.11656794808804985,1.0,0.0,1837.0056752558799,9615.2,0.9814376009985505,3.0,0.8,21.0,1.0,1.0,,1.0,,0.0001,3.1675979456830267e+38,42.0,5.0,1.2,min_freq_conf,['None'],"['nap', 'rtp']",PROB_LEN_DIST,316759794568302682997644594354794945954_eps0_s0,BPI2012_C
138.56806578673422,0.837065232036643,0.5930163333536045,0.00099027499193688,0.4788776652507617,27.713613157346845,14494348.926807657,2.129886321723461,0.5123139497723487,0.4397166158919553,0.5165222324140739,9.773381203040481,16.561063178628682,0.5486613818422469,97.4,0.7477693201275881,0.8890686864333317,0.11641316711902613,1.0,0.0,30.352699434012173,9615.2,0.9399597879724544,5.0,0.8,21.0,1.0,1.0,,1.0,,0.0001,3.1675979456830267e+38,42.0,5.0,1.2,min_freq_conf,['None'],"['nap', 'rtp']",PROB_LEN_DIST,316759794568302682997644594354794945954_eps1_s0,BPI2012_C
138.56806578673422,0.877626907534054,0.6906602567537299,0.00099027499193688,0.577285407813483,27.713613157346845,14494711.217903506,2.129886321723461,0.5770187161397843,0.4305469229806843,0.6142317273049285,20.815994339063764,16.946418174728752,0.6301869728715646,97.4,0.8093975390625477,0.9157948881650363,0.13959275707602498,1.0,0.0,57.106697912141684,9615.2,0.9599351670157779,7.0,0.8,21.0,1.0,1.0,,1.0,,0.0001,3.1675979456830267e+38,42.0,5.0,1.2,min_freq_conf,['None'],"['nap', 'rtp']",PROB_LEN_DIST,316759794568302682997644594354794945954_eps2_s0,BPI2012_C
138.56806578673422,0.8977121668481262,0.7354020140547568,0.00099027499193688,0.6087119163246821,27.713613157346845,14495243.653964052,2.129886321723461,0.5967452373150558,0.4290729437595295,0.6584123318584453,24.32864133529365,18.00477952361107,0.6304078694231017,97.4,0.8436919618122077,0.9301736411097888,0.11862513981759545,1.0,0.0,60.76981237009168,9615.2,0.963876645757033,11.0,0.8,21.0,1.0,1.0,,1.0,,0.0001,3.1675979456830267e+38,42.0,5.0,1.2,min_freq_conf,['None'],"['nap', 'rtp']",PROB_LEN_DIST,316759794568302682997644594354794945954_eps3_s0,BPI2012_C
138.56806578673422,0.9113256400560896,0.7359407123077648,0.00099027499193688,0.5915967446534054,27.713613157346845,14495744.980664585,2.129886321723461,0.5888126595829372,0.4435290562339791,0.6480603603129207,23.34451748356223,20.2156621016562,0.7196178714101567,97.4,0.8578763623884754,0.9408856792141076,0.11376876235008235,1.0,0.0,60.99953570589423,9615.2,0.9699732307174687,17.0,0.8,21.0,1.0,1.0,,1.0,,0.0001,3.1675979456830267e+38,42.0,5.0,1.2,min_freq_conf,['None'],"['nap', 'rtp']",PROB_LEN_DIST,316759794568302682997644594354794945954_eps4_s0,BPI2012_C
138.56806578673422,0.9147583973168498,0.7309880188020649,0.00099027499193688,0.5684605763572979,27.713613157346845,14496266.233443782,2.129886321723461,0.5997881319046183,0.453721950018657,0.6293328879193167,21.44361891783774,21.83777017891407,0.7287361816911705,97.4,0.8604053118478019,0.9437823128142157,0.11570672094821925,1.0,0.0,56.45710899345577,9615.2,0.9717853461869691,21.0,0.8,21.0,1.0,1.0,,1.0,,0.0001,3.1675979456830267e+38,42.0,5.0,1.2,min_freq_conf,['None'],"['nap', 'rtp']",PROB_LEN_DIST,316759794568302682997644594354794945954_eps5_s0,BPI2012_C
1007.369895869866,0.9641564118257253,0.9220224076147158,3.3761921024480055e-05,0.8398059559170024,201.4739791739732,14387400.098326009,2.4639344420284037,0.5845391580146775,0.18892686320161012,0.8820488563291742,58.44111038856208,84.97776542343199,0.7624118693714904,97.4,0.9554524189336243,0.9703718718583456,0.12557965666055676,1.0,0.0,11005.069513558969,232645.8,0.9817228933491979,3.0,0.8,21.0,1.0,1.0,,1.0,,1e-10,8.578662438993424e+37,42.0,5.0,1.2,min_freq_conf,['None'],"['nap', 'rtp']",PROB_LEN_DIST,85786624389934247284509876354467652603_eps0_s0,BPI2012_C
1007.369895869866,0.8248170508775814,0.5727127381969008,3.3761921024480055e-05,0.4499803720408286,201.4739791739732,14410732.798766905,2.4639344420284037,0.461488789547856,0.4095295157908425,0.49129408877239183,8.715195188298821,85.41781421713532,0.5146043723248626,97.4,0.7270099830559685,0.8793880784367472,0.12094877324998374,1.0,0.0,163.09446497932078,232645.8,0.9339654019898097,5.0,0.8,21.0,1.0,1.0,,1.0,,1e-10,8.578662438993424e+37,42.0,5.0,1.2,min_freq_conf,['None'],"['nap', 'rtp']",PROB_LEN_DIST,85786624389934247284509876354467652603_eps1_s0,BPI2012_C
1007.369895869866,0.8543553854060907,0.6168821532891389,3.3761921024480055e-05,0.49801029345099057,201.4739791739732,14412158.994672278,2.4639344420284037,0.5210827641907148,0.42608537105593103,0.5385893366303818,13.186654175072908,86.99231371171773,0.5850931576628271,97.4,0.7684317143393786,0.9004642961036884,0.115725602582097,1.0,0.0,191.55945991761982,232645.8,0.9510585977245803,7.0,0.8,21.0,1.0,1.0,,1.0,,1e-10,8.578662438993424e+37,42.0,5.0,1.2,min_freq_conf,['None'],"['nap', 'rtp']",PROB_LEN_DIST,85786624389934247284509876354467652603_eps2_s0,BPI2012_C
1007.369895869866,0.8704737599036798,0.6306173931249859,3.3761921024480055e-05,0.5005234800780676,201.4739791739732,14413426.783060085,2.4639344420284037,0.5728157973476021,0.4587187502508291,0.5442902123440098,12.580579701438547,90.60958218201995,0.6481923127952334,97.4,0.7845540018509582,0.9162238042976029,0.12133063450455661,1.0,0.0,136.17991710007192,232645.8,0.9604964441479276,11.0,0.8,21.0,1.0,1.0,,1.0,,1e-10,8.578662438993424e+37,42.0,5.0,1.2,min_freq_conf,['None'],"['nap', 'rtp']",PROB_LEN_DIST,85786624389934247284509876354467652603_eps3_s0,BPI2012_C
1007.369895869866,0.8798350571460871,0.6618234526490581,3.3761921024480055e-05,0.5255233337515914,201.4739791739732,14414739.687428081,2.4639344420284037,0.5606956405068633,0.4777108533449638,0.5717414194482665,13.484597348049283,105.23709791339934,0.6757750515170964,97.4,0.8010632445721907,0.9235776565819481,0.11836873777210707,1.0,0.0,157.9626373834908,232645.8,0.9616083665452285,17.0,0.8,21.0,1.0,1.0,,1.0,,1e-10,8.578662438993424e+37,42.0,5.0,1.2,min_freq_conf,['None'],"['nap', 'rtp']",PROB_LEN_DIST,85786624389934247284509876354467652603_eps4_s0,BPI2012_C
1007.369895869866,0.8782395877790851,0.6574050168063119,3.3761921024480055e-05,0.5208137758142138,201.4739791739732,14416217.837566972,2.4639344420284037,0.5733890596308038,0.4741345773576966,0.5665231187862309,12.013002003356814,127.23949603289365,0.6698462353932543,97.4,0.7994685185099426,0.9211737241710913,0.12559910155832762,1.0,0.0,168.1808043129742,232645.8,0.9602422820778418,21.0,0.8,21.0,1.0,1.0,,1.0,,1e-10,8.578662438993424e+37,42.0,5.0,1.2,min_freq_conf,['None'],"['nap', 'rtp']",PROB_LEN_DIST,85786624389934247284509876354467652603_eps5_s0,BPI2012_C
77.18192046694458,0.981848589925356,0.9626006741225707,0.00246670625590378,0.9224367522927442,15.436384093388915,14586895.878438856,3.106853909790516,0.6360213467129688,0.14165557708259274,0.943536939762659,252.3140484958887,16.17422517724335,0.829542203402581,177.0,0.9781931292865922,0.9856243995997248,0.1340186893939972,1.0,0.0,5122.042036684603,10395.2,0.9924789997378465,3.0,0.8,21.0,1.0,1.0,,1.0,,0.0001,1.2284609319916076e+38,42.0,5.0,1.2,min_freq_conf,['None'],"['nap', 'rtp']",PROB_LEN_DIST,122846093199160757595165620464306597802_eps0_s0,BPI2012_Full
77.18192046694458,0.8993331451162134,0.7060305349994053,0.00246670625590378,0.5594808672294966,15.436384093388915,14598420.870219607,3.106853909790516,0.570506611595554,0.30750896788029325,0.6231451002601996,49.60733711458742,16.17006393633783,0.6171818951222615,177.0,0.8363465361677864,0.9333309356091126,0.1339399758726358,1.0,0.0,148.09002622812986,10395.2,0.9684187966654438,5.0,0.8,21.0,1.0,1.0,,1.0,,0.0001,1.2284609319916076e+38,42.0,5.0,1.2,min_freq_conf,['None'],"['nap', 'rtp']",PROB_LEN_DIST,122846093199160757595165620464306597802_eps1_s0,BPI2012_Full
77.18192046694458,0.927336411057591,0.7739958748990898,0.00246670625590378,0.6396084648199031,15.436384093388915,14600085.275231367,3.106853909790516,0.6431096998192052,0.3022290785038045,0.6981891174541175,89.0852672573179,16.647922011837363,0.7245850242759287,177.0,0.879077342319835,0.9537637367415396,0.1334781680256128,1.0,0.0,247.03516633287072,10395.2,0.9825010334754424,7.0,0.8,21.0,1.0,1.0,,1.0,,0.0001,1.2284609319916076e+38,42.0,5.0,1.2,min_freq_conf,['None'],"['nap', 'rtp']",PROB_LEN_DIST,122846093199160757595165620464306597802_eps2_s0,BPI2012_Full
77.18192046694458,0.9353627954237276,0.7981833205516823,0.00246670625590378,0.6771691217656591,15.436384093388915,14601439.65008406,3.106853909790516,0.6682774607797757,0.3294447085610683,0.7272667648849749,101.93154399096966,17.11989853978157,0.7922563911307171,177.0,0.894296237765633,0.9605426966761028,0.13112201578915114,1.0,0.0,153.63792446926237,10395.2,0.984849481100374,11.0,0.8,21.0,1.0,1.0,,1.0,,0.0001,1.2284609319916076e+38,42.0,5.0,1.2,min_freq_conf,['None'],"['nap', 'rtp']",PROB_LEN_DIST,122846093199160757595165620464306597802_eps3_s0,BPI2012_Full
77.18192046694458,0.942764226092691,0.8398993466311282,0.00246670625590378,0.7323809569892124,15.436384093388915,14602882.050000045,3.106853909790516,0.6611504429640039,0.32005966254157714,0.7811810959122603,130.51884177811445,19.15693824402988,0.7990456040119327,177.0,0.9111813698510156,0.9646752548941327,0.13203055225312704,1.0,0.0,148.87208416871727,10395.2,0.9848282304433795,17.0,0.8,21.0,1.0,1.0,,1.0,,0.0001,1.2284609319916076e+38,42.0,5.0,1.2,min_freq_conf,['None'],"['nap', 'rtp']",PROB_LEN_DIST,122846093199160757595165620464306597802_eps4_s0,BPI2012_Full
77.18192046694458,0.944789736668081,0.837521820631969,0.00246670625590378,0.7177034737894207,15.436384093388915,14604360.757105034,3.106853909790516,0.6645676946458756,0.3423191914601677,0.7684513558683107,121.2195554625243,20.66703204140067,0.8060792285437237,177.0,0.9120980446467793,0.9661623657065876,0.1304551344364881,1.0,0.0,155.6649744518101,10395.2,0.9857753267231291,21.0,0.8,21.0,1.0,1.0,,1.0,,0.0001,1.2284609319916076e+38,42.0,5.0,1.2,min_freq_conf,['None'],"['nap', 'rtp']",PROB_LEN_DIST,122846093199160757595165620464306597802_eps5_s0,BPI2012_Full
74.54240849427879,0.9700474853054917,0.9454478770995841,0.025636072432693658,0.9044397395436962,14.908481698855756,14609552.175028872,3.144685188308358,0.5686005586468375,0.1278007548295187,0.925821435407476,251.28303615562618,5.076071113720536,0.8137868559903548,177.0,0.9626359946762193,0.9758363863501763,0.1333666466176509,1.0,0.0,1142.7039382766932,1568.4,0.9856483915115508,3.0,0.8,21.0,1.0,1.0,,1.0,,0.001,1.7002967328949075e+38,42.0,5.0,1.2,min_freq_conf,['None'],"['nap', 'rtp']",PROB_LEN_DIST,170029673289490739847706459569643063024_eps0_s0,BPI2012_Full
74.54240849427879,0.9191259877789936,0.8040086238279377,0.025636072432693658,0.7140592200340793,14.908481698855756,14613121.38421888,3.144685188308358,0.5642310206840836,0.22362639721663485,0.7568488248627186,135.43271295689047,5.1957696009427305,0.7053988141894492,177.0,0.8800449118536499,0.9455879910494914,0.13442230783402914,1.0,0.0,104.98367573879659,1568.4,0.9724599167308619,5.0,0.8,21.0,1.0,1.0,,1.0,,0.001,1.7002967328949075e+38,42.0,5.0,1.2,min_freq_conf,['None'],"['nap', 'rtp']",PROB_LEN_DIST,170029673289490739847706459569643063024_eps1_s0,BPI2012_Full
74.54240849427879,0.9312930532359662,0.8377376685949546,0.025636072432693658,0.7575119855321903,14.908481698855756,14614542.620699514,3.144685188308358,0.5763172352841588,0.1914177894717396,0.7940621706702039,171.67919396571816,5.339283686876297,0.7130468776746074,177.0,0.8994826494579128,0.9500721454984443,0.13180583082139488,1.0,0.0,124.46091318763793,1568.4,0.9757893990039556,7.0,0.8,21.0,1.0,1.0,,1.0,,0.001,1.7002967328949075e+38,42.0,5.0,1.2,min_freq_conf,['None'],"['nap', 'rtp']",PROB_LEN_DIST,170029673289490739847706459569643063024_eps2_s0,BPI2012_Full
74.54240849427879,0.9538059357673354,0.9100365936119607,0.025636072432693658,0.8591843425330739,14.908481698855756,14616026.989417905,3.144685188308358,0.5924814972242298,0.17448802482548326,0.8841290481764293,214.42359382882714,5.569408325105906,0.7648626338279193,177.0,0.9392759204671464,0.9658429786612771,0.13090423755347727,1.0,0.0,83.88912658989429,1568.4,0.9819374971217135,11.0,0.8,21.0,1.0,1.0,,1.0,,0.001,1.7002967328949075e+38,42.0,5.0,1.2,min_freq_conf,['None'],"['nap', 'rtp']",PROB_LEN_DIST,170029673289490739847706459569643063024_eps3_s0,BPI2012_Full
74.54240849427879,0.946967457644934,0.884048267502143,0.025636072432693658,0.8178732743779538,14.908481698855756,14617555.915895406,3.144685188308358,0.5815651751349064,0.22161566535480412,0.8490135059400081,197.2863739874214,5.990251074358821,0.7991631695852331,177.0,0.9258244883547405,0.9629935795326343,0.13341751061379906,1.0,0.0,101.43494423739612,1568.4,0.9809040426076276,17.0,0.8,21.0,1.0,1.0,,1.0,,0.001,1.7002967328949075e+38,42.0,5.0,1.2,min_freq_conf,['None'],"['nap', 'rtp']",PROB_LEN_DIST,170029673289490739847706459569643063024_eps4_s0,BPI2012_Full
74.54240849427879,0.9518026729978197,0.9004455997366388,0.025636072432693658,0.8439689579289981,14.908481698855756,14619155.481471319,3.144685188308358,0.5864250293612676,0.20040168740606812,0.8715221818113669,216.0546117722988,6.112931810691952,0.8169176923730996,177.0,0.9332348689351342,0.9660542896097587,0.1322209760546684,1.0,0.0,107.0555574759841,1568.4,0.9822323011943398,21.0,0.8,21.0,1.0,1.0,,1.0,,0.001,1.7002967328949075e+38,42.0,5.0,1.2,min_freq_conf,['None'],"['nap', 'rtp']",PROB_LEN_DIST,170029673289490739847706459569643063024_eps5_s0,BPI2012_Full
84.81302930042148,0.8051600981307929,0.6454204730615587,0.30669209495887306,0.5365876470276578,16.962605860084295,14620966.572490782,3.0720825120806694,0.3526417910604977,0.07571911907666429,0.5844604330299094,132.66274793222547,1.2933143839240073,0.5948897513836766,177.0,0.7367752884439207,0.8552483921300098,0.1319033700972795,1.0,0.0,109.94843178801239,150.4,0.9154553584875831,3.0,0.8,21.0,1.0,1.0,,1.0,,0.01,3.1068503532776427e+35,42.0,5.0,1.2,min_freq_conf,['None'],"['nap', 'rtp']",PROB_LEN_DIST,310685035327764322205088059225090241_eps0_s0,BPI2012_Full
84.81302930042148,0.805164755025349,0.6454506572808751,0.30669209495887306,0.5366727222582626,16.962605860084295,14622038.36107392,3.0720825120806694,0.3526417910604977,0.07564478873276942,0.5845162189712477,133.5361514508724,1.3519455537199974,0.5948897513836766,177.0,0.7367854269688789,0.8552510554953008,0.1333972834050655,1.0,0.0,58.270844301208854,150.4,0.9154563448513755,5.0,0.8,21.0,1.0,1.0,,1.0,,0.01,3.1068503532776427e+35,42.0,5.0,1.2,min_freq_conf,['None'],"['nap', 'rtp']",PROB_LEN_DIST,310685035327764322205088059225090241_eps1_s0,BPI2012_Full
84.81302930042148,0.8051697575372152,0.645484199559129,0.30669209495887306,0.536767401791472,16.962605860084295,14622957.244214231,3.0720825120806694,0.3526417910604977,0.07556444817118098,0.5845782427679572,133.6190284565091,1.3954366765916348,0.5948897513836766,177.0,0.7367965711560471,0.8552538999294346,0.13243704251945015,1.0,0.0,41.2257051218301,150.4,0.9154573654140717,7.0,0.8,21.0,1.0,1.0,,1.0,,0.01,3.1068503532776427e+35,42.0,5.0,1.2,min_freq_conf,['None'],"['nap', 'rtp']",PROB_LEN_DIST,310685035327764322205088059225090241_eps2_s0,BPI2012_Full
84.81302930042148,0.819679243490475,0.6668197032704161,0.30669209495887306,0.5590523728923588,16.962605860084295,14623802.045859387,3.0720825120806694,0.34695626266057555,0.09889132900117273,0.6064926391728842,133.75481604486703,1.4320835765451192,0.5897251527761498,177.0,0.756471148115458,0.8641540545031414,0.14378489330410954,1.0,0.0,27.929472106695176,150.4,0.9187493925927164,11.0,0.8,21.0,1.0,1.0,,1.0,,0.01,3.1068503532776427e+35,42.0,5.0,1.2,min_freq_conf,['None'],"['nap', 'rtp']",PROB_LEN_DIST,310685035327764322205088059225090241_eps3_s0,BPI2012_Full
84.81302930042148,0.821426456358774,0.6735371099659224,0.30669209495887306,0.5663146285266052,16.962605860084295,14624614.092019092,3.0720825120806694,0.34695626266057555,0.10672019118827938,0.6135884900859496,133.8972883298993,1.4504558578133584,0.5897251527761498,177.0,0.7617096871098742,0.8641561757902775,0.13157839402556415,1.0,0.0,25.93184614405036,150.4,0.9187501476840844,17.0,0.8,21.0,1.0,1.0,,1.0,,0.01,3.1068503532776427e+35,42.0,5.0,1.2,min_freq_conf,['None'],"['nap', 'rtp']",PROB_LEN_DIST,310685035327764322205088059225090241_eps4_s0,BPI2012_Full
84.81302930042148,0.821426456358774,0.6735371099659224,0.30669209495887306,0.5663146285266052,16.962605860084295,14625421.823616112,3.0720825120806694,0.34695626266057555,0.10672019118827938,0.6135884900859496,133.53968671076,1.4665053844451905,0.5897251527761498,177.0,0.7617096871098742,0.8641561757902775,0.12978460565209388,1.0,0.0,26.03059075511992,150.4,0.9187501476840844,21.0,0.8,21.0,1.0,1.0,,1.0,,0.01,3.1068503532776427e+35,42.0,5.0,1.2,min_freq_conf,['None'],"['nap', 'rtp']",PROB_LEN_DIST,310685035327764322205088059225090241_eps5_s0,BPI2012_Full
296.15453391708434,0.9829721636425042,0.9642003713644829,0.00010170720861285139,0.9242507862806437,59.23090678341687,14521652.27706118,3.445844192057848,0.6514438127337165,0.14265269263226363,0.9452826046779229,253.8412205144763,68.94364964440464,0.8314667694850844,177.0,0.9795182317935817,0.9865569849508613,0.14061607159674167,1.0,0.0,19626.337687753512,112511.8,0.9932305705231481,3.0,0.8,21.0,1.0,1.0,,1.0,,1e-07,3.196684545597249e+38,42.0,5.0,1.2,min_freq_conf,['None'],"['nap', 'rtp']",PROB_LEN_DIST,319668454559724892528166104377770402880_eps0_s0,BPI2012_Full
296.15453391708434,0.8757526215326108,0.6427302076181751,0.00010170720861285139,0.4616405942854517,59.23090678341687,14562948.91101037,3.445844192057848,0.5208992243975603,0.31372003370815726,0.5379907163768862,32.46241928264499,68.47641637139023,0.48730353403754084,177.0,0.789399462378169,0.9187240763953936,0.13465125299990172,1.0,0.0,261.35458001047374,112511.8,0.9603341914350036,5.0,0.8,21.0,1.0,1.0,,1.0,,1e-07,3.196684545597249e+38,42.0,5.0,1.2,min_freq_conf,['None'],"['nap', 'rtp']",PROB_LEN_DIST,319668454559724892528166104377770402880_eps1_s0,BPI2012_Full
296.15453391708434,0.8876773530028137,0.6660495895529019,0.00010170720861285139,0.4837795570941658,59.23090678341687,14564487.782739285,3.445844192057848,0.619792883960402,0.3446163125940749,0.5603012869568305,29.122000099346042,69.37732174210251,0.6741367771031774,177.0,0.811643903345989,0.928953029464006,0.13481536433100696,1.0,0.0,176.60897654034198,112511.8,0.9731709274727166,7.0,0.8,21.0,1.0,1.0,,1.0,,1e-07,3.196684545597249e+38,42.0,5.0,1.2,min_freq_conf,['None'],"['nap', 'rtp']",PROB_LEN_DIST,319668454559724892528166104377770402880_eps2_s0,BPI2012_Full
296.15453391708434,0.9143968294868122,0.7142269779842786,0.00010170720861285139,0.5471206718434386,59.23090678341687,14565875.084292352,3.445844192057848,0.6492673454895933,0.382744039570548,0.6173853108992018,34.23628680370748,73.32089442797005,0.7410503488463759,177.0,0.847107928331831,0.9498128358793595,0.13473225571215147,1.0,0.0,174.84932822957634,112511.8,0.9816539621788463,11.0,0.8,21.0,1.0,1.0,,1.0,,1e-07,3.196684545597249e+38,42.0,5.0,1.2,min_freq_conf,['None'],"['nap', 'rtp']",PROB_LEN_DIST,319668454559724892528166104377770402880_eps3_s0,BPI2012_Full
296.15453391708434,0.9232395136096805,0.7411500363941265,0.00010170720861285139,0.571799551554909,59.23090678341687,14567452.799410066,3.445844192057848,0.6728152185512704,0.41870932561195684,0.6423402630559577,38.88367381691933,82.45811440087854,0.7837035331507891,177.0,0.8664998346422843,0.9562161778962637,0.13500527068972584,1.0,0.0,211.26008158028125,112511.8,0.9836874000894014,17.0,0.8,21.0,1.0,1.0,,1.0,,1e-07,3.196684545597249e+38,42.0,5.0,1.2,min_freq_conf,['None'],"['nap', 'rtp']",PROB_LEN_DIST,319668454559724892528166104377770402880_eps4_s0,BPI2012_Full
296.15453391708434,0.930192236158935,0.7661385096310194,0.00010170720861285139,0.6052011536762448,59.23090678341687,14569525.475531805,3.445844192057848,0.6742794560319396,0.42597264225202114,0.6734335589833507,47.76602777540684,94.89730443246663,0.7989312964825681,177.0,0.8780899669679589,0.9593975531950646,0.6768460121005774,1.0,0.0,310.3692849520594,112511.8,0.9837847017333928,21.0,0.8,21.0,1.0,1.0,,1.0,,1e-07,3.196684545597249e+38,42.0,5.0,1.2,min_freq_conf,['None'],"['nap', 'rtp']",PROB_LEN_DIST,319668454559724892528166104377770402880_eps5_s0,BPI2012_Full
300.1566432211548,0.9829721636425042,0.9642003713644829,0.00010170720861285139,0.9242507862806437,60.03132864423096,14411268.221047223,4.1521161161363125,0.6514438127337165,0.14265269263226363,0.9452826046779229,253.59081262052064,71.46760442517697,0.8314667694850844,177.0,0.9795182317935817,0.9865569849508613,0.13853184953331946,1.0,0.0,19950.206196561827,112511.8,0.9932305705231481,3.0,0.8,21.0,1.0,1.0,,1.0,,1e-10,3.302877215451153e+38,42.0,5.0,1.2,min_freq_conf,['None'],"['nap', 'rtp']",PROB_LEN_DIST,330287721545115267207492079340830799343_eps0_s0,BPI2012_Full
300.1566432211548,0.8757526215326108,0.6427302076181751,0.00010170720861285139,0.4616405942854517,60.03132864423096,14453104.041029816,4.1521161161363125,0.5208992243975603,0.31372003370815726,0.5379907163768862,32.62283133789897,69.81719769500197,0.48730353403754084,177.0,0.789399462378169,0.9187240763953936,0.1364425282925367,1.0,0.0,265.6138788215816,112511.8,0.9603341914350036,5.0,0.8,21.0,1.0,1.0,,1.0,,1e-10,3.302877215451153e+38,42.0,5.0,1.2,min_freq_conf,['None'],"['nap', 'rtp']",PROB_LEN_DIST,330287721545115267207492079340830799343_eps1_s0,BPI2012_Full
300.1566432211548,0.8876773530028137,0.6660495895529019,0.00010170720861285139,0.4837795570941658,60.03132864423096,14454665.457558125,4.1521161161363125,0.619792883960402,0.3446163125940749,0.5603012869568305,29.230308155715466,70.86298863627016,0.6741367771031774,177.0,0.811643903345989,0.928953029464006,0.13738345466554164,1.0,0.0,177.98416481539607,112511.8,0.9731709274727166,7.0,0.8,21.0,1.0,1.0,,1.0,,1e-10,3.302877215451153e+38,42.0,5.0,1.2,min_freq_conf,['None'],"['nap', 'rtp']",PROB_LEN_DIST,330287721545115267207492079340830799343_eps2_s0,BPI2012_Full
300.1566432211548,0.9143968294868122,0.7142269779842786,0.00010170720861285139,0.5471206718434386,60.03132864423096,14456069.980925152,4.1521161161363125,0.6492673454895933,0.382744039570548,0.6173853108992018,34.40142385996878,74.57182822860777,0.7410503488463759,177.0,0.847107928331831,0.9498128358793595,0.13388824202120297,1.0,0.0,177.5225229445845,112511.8,0.9816539621788463,11.0,0.8,21.0,1.0,1.0,,1.0,,1e-10,3.302877215451153e+38,42.0,5.0,1.2,min_freq_conf,['None'],"['nap', 'rtp']",PROB_LEN_DIST,330287721545115267207492079340830799343_eps3_s0,BPI2012_Full
300.1566432211548,0.9232395136096805,0.7411500363941265,0.00010170720861285139,0.571799551554909,60.03132864423096,14457675.205251297,4.1521161161363125,0.6728152185512704,0.41870932561195684,0.6423402630559577,39.18128532283008,83.3372699059546,0.7837035331507891,177.0,0.8664998346422843,0.9562161778962637,0.13278590850532052,1.0,0.0,216.7442777991295,112511.8,0.9836874000894014,17.0,0.8,21.0,1.0,1.0,,1.0,,1e-10,3.302877215451153e+38,42.0,5.0,1.2,min_freq_conf,['None'],"['nap', 'rtp']",PROB_LEN_DIST,330287721545115267207492079340830799343_eps4_s0,BPI2012_Full
300.1566432211548,0.930192236158935,0.7661385096310194,0.00010170720861285139,0.6052011536762448,60.03132864423096,14459766.376670426,4.1521161161363125,0.6742794560319396,0.42597264225202114,0.6734335589833507,47.939213645458224,94.89857490994036,0.7989312964825681,177.0,0.8780899669679589,0.9593975531950646,0.1339426521211862,1.0,0.0,311.3423760998994,112511.8,0.9837847017333928,21.0,0.8,21.0,1.0,1.0,,1.0,,1e-10,3.302877215451153e+38,42.0,5.0,1.2,min_freq_conf,['None'],"['nap', 'rtp']",PROB_LEN_DIST,330287721545115267207492079340830799343_eps5_s0,BPI2012_Full
100.39084547385572,0.9866773904664159,0.9492121514811135,9.454956516358133e-05,0.8939772633157084,20.078169094771148,14397331.652623523,2.406409038230777,0.6461739905724102,0.09770701435105826,0.9218691164333318,127.81045650467277,28.33804747313261,0.8328684162028782,158.6,0.9760174168692692,0.9914860039960919,0.12754335738718506,1.0,0.0,5295.654612351582,49993.0,0.9969320637862639,3.0,0.8,21.0,1.0,1.0,,1.0,,1e-07,1.2062063669538208e+38,42.0,5.0,1.2,min_freq_conf,['None'],"['nap', 'rtp']",PROB_LEN_DIST,120620636695382079610453502051126986369_eps0_s0,BPI2012_W
100.39084547385572,0.7992657696978094,0.5083324993484359,9.454956516358133e-05,0.3490727596744346,20.078169094771148,14408200.630139956,2.406409038230777,0.4018105713353976,0.25582212531642734,0.4061157697018178,10.702198233827948,28.38962657675147,0.30339751408988574,158.6,0.6945719893119173,0.8567177664976116,0.11872801966965194,1.0,0.0,57.916668982058766,49993.0,0.925630430344494,5.0,0.8,21.0,1.0,1.0,,1.0,,1e-07,1.2062063669538208e+38,42.0,5.0,1.2,min_freq_conf,['None'],"['nap', 'rtp']",PROB_LEN_DIST,120620636695382079610453502051126986369_eps1_s0,BPI2012_W
100.39084547385572,0.8175708017212313,0.5676666911561401,9.454956516358133e-05,0.41698100417389616,20.078169094771148,14408719.322696898,2.406409038230777,0.4542945737200341,0.27691164489274495,0.47196851267949647,17.23597228527069,28.802205312252045,0.5107036413535821,158.6,0.7296302004954324,0.8756570491117245,0.11922683604061599,1.0,0.0,60.82778758257628,49993.0,0.9494720737039859,7.0,0.8,21.0,1.0,1.0,,1.0,,1e-07,1.2062063669538208e+38,42.0,5.0,1.2,min_freq_conf,['None'],"['nap', 'rtp']",PROB_LEN_DIST,120620636695382079610453502051126986369_eps2_s0,BPI2012_W
100.39084547385572,0.8511566823958994,0.5918027415030414,9.454956516358133e-05,0.430853707274809,20.078169094771148,14409188.230911832,2.406409038230777,0.5529079314361853,0.33201880014377616,0.491558519330422,12.883584017306566,29.58547547906637,0.5898744335107716,158.6,0.7609405538362258,0.9033031111383341,0.12073148712515827,1.0,0.0,42.082149390131235,49993.0,0.9578820654382426,11.0,0.8,21.0,1.0,1.0,,1.0,,1e-07,1.2062063669538208e+38,42.0,5.0,1.2,min_freq_conf,['None'],"['nap', 'rtp']",PROB_LEN_DIST,120620636695382079610453502051126986369_eps3_s0,BPI2012_W
100.39084547385572,0.8785391976116277,0.6329488199806861,9.454956516358133e-05,0.46527454223191766,20.078169094771148,14409639.229776934,2.406409038230777,0.6123924895262498,0.3579305966285622,0.5306097456225523,15.126223034784198,33.437426168844105,0.6986172652884892,158.6,0.7900273042337664,0.9237256881436442,0.11719013191759582,1.0,0.0,44.89540817961097,49993.0,0.972271885063009,17.0,0.8,21.0,1.0,1.0,,1.0,,1e-07,1.2062063669538208e+38,42.0,5.0,1.2,min_freq_conf,['None'],"['nap', 'rtp']",PROB_LEN_DIST,120620636695382079610453502051126986369_eps4_s0,BPI2012_W
100.39084547385572,0.877220816894679,0.6248134039409049,9.454956516358133e-05,0.45919734729658224,20.078169094771148,14410125.15369456,2.406409038230777,0.61626457762157,0.35348611017737025,0.5223316689687918,14.0038943849504,37.32543943859637,0.6939659390599415,158.6,0.7874510873838874,0.9234517899450108,0.1196894887834787,1.0,0.0,47.5353744007647,49993.0,0.9721853820891775,21.0,0.8,21.0,1.0,1.0,,1.0,,1e-07,1.2062063669538208e+38,42.0,5.0,1.2,min_freq_conf,['None'],"['nap', 'rtp']",PROB_LEN_DIST,120620636695382079610453502051126986369_eps5_s0,BPI2012_W
108.2495444174856,0.9866773904664159,0.9492121514811135,9.454956516358133e-05,0.8939772633157084,21.64990888349712,14366852.955321914,2.4717628601938486,0.6461739905724102,0.09770701435105826,0.9218691164333318,128.95986545421184,28.746007521077992,0.8328684162028782,158.6,0.9760174168692692,0.9914860039960919,0.1298301469534635,1.0,0.0,5448.674384108186,49993.0,0.9969320637862639,3.0,0.8,21.0,1.0,1.0,,1.0,,1e-10,2.1055282224440867e+38,42.0,5.0,1.2,min_freq_conf,['None'],"['nap', 'rtp']",PROB_LEN_DIST,210552822244408690081678733044714913885_eps0_s0,BPI2012_W
108.2495444174856,0.7992657696978094,0.5083324993484359,9.454956516358133e-05,0.3490727596744346,21.64990888349712,14377893.88237086,2.4717628601938486,0.4018105713353976,0.25582212531642734,0.4061157697018178,10.940758054330946,30.010085106268527,0.30339751408988574,158.6,0.6945719893119173,0.8567177664976116,0.14150692336261267,1.0,0.0,58.969412264972924,49993.0,0.925630430344494,5.0,0.8,21.0,1.0,1.0,,1.0,,1e-10,2.1055282224440867e+38,42.0,5.0,1.2,min_freq_conf,['None'],"['nap', 'rtp']",PROB_LEN_DIST,210552822244408690081678733044714913885_eps1_s0,BPI2012_W
108.2495444174856,0.8175708017212313,0.5676666911561401,9.454956516358133e-05,0.41698100417389616,21.64990888349712,14378434.277907113,2.4717628601938486,0.4542945737200341,0.27691164489274495,0.47196851267949647,20.212713680416346,29.82140268236399,0.5107036413535821,158.6,0.7296302004954324,0.8756570491117245,0.14019553735852236,1.0,0.0,62.865803180262446,49993.0,0.9494720737039859,7.0,0.8,21.0,1.0,1.0,,1.0,,1e-10,2.1055282224440867e+38,42.0,5.0,1.2,min_freq_conf,['None'],"['nap', 'rtp']",PROB_LEN_DIST,210552822244408690081678733044714913885_eps2_s0,BPI2012_W
108.2495444174856,0.8511566823958994,0.5918027415030414,9.454956516358133e-05,0.430853707274809,21.64990888349712,14378944.390759304,2.4717628601938486,0.5529079314361853,0.33201880014377616,0.491558519330422,16.955983688682316,30.829977354407312,0.5898744335107716,158.6,0.7609405538362258,0.9033031111383341,0.9767616022378206,1.0,0.0,43.718329998105766,49993.0,0.9578820654382426,11.0,0.8,21.0,1.0,1.0,,1.0,,1e-10,2.1055282224440867e+38,42.0,5.0,1.2,min_freq_conf,['None'],"['nap', 'rtp']",PROB_LEN_DIST,210552822244408690081678733044714913885_eps3_s0,BPI2012_W
108.2495444174856,0.8785391976116277,0.6329488199806861,9.454956516358133e-05,0.46527454223191766,21.64990888349712,14379424.592718625,2.4717628601938486,0.6123924895262498,0.3579305966285622,0.5306097456225523,15.486949107423424,34.46924937814474,0.6986172652884892,158.6,0.7900273042337664,0.9237256881436442,0.1267402399331331,1.0,0.0,46.978549629822375,49993.0,0.972271885063009,17.0,0.8,21.0,1.0,1.0,,1.0,,1e-10,2.1055282224440867e+38,42.0,5.0,1.2,min_freq_conf,['None'],"['nap', 'rtp']",PROB_LEN_DIST,210552822244408690081678733044714913885_eps4_s0,BPI2012_W
108.2495444174856,0.877220816894679,0.6248134039409049,9.454956516358133e-05,0.45919734729658224,21.64990888349712,14379926.455842461,2.4717628601938486,0.61626457762157,0.35348611017737025,0.5223316689687918,14.553866983950138,39.150251019001004,0.6939659390599415,158.6,0.7874510873838874,0.9234517899450108,0.1333130687475204,1.0,0.0,48.96643064022064,49993.0,0.9721853820891775,21.0,0.8,21.0,1.0,1.0,,1.0,,1e-10,2.1055282224440867e+38,42.0,5.0,1.2,min_freq_conf,['None'],"['nap', 'rtp']",PROB_LEN_DIST,210552822244408690081678733044714913885_eps5_s0,BPI2012_W
48.53717650286853,0.9841503583765592,0.945151575819521,0.00599349510112044,0.8893967322449207,9.707435300573708,14429056.6022222,2.1857421472668648,0.535968765792693,0.09720582810734492,0.917439432876509,126.77576804645359,4.393831995874644,0.8278256534119057,158.6,0.9727635000017438,0.9895211409444988,0.11736995540559288,1.0,0.0,1061.0165472589433,1793.0,0.9957335126840338,3.0,0.8,21.0,1.0,1.0,,1.0,,0.001,2.138179316764688e+38,42.0,5.0,1.2,min_freq_conf,['None'],"['nap', 'rtp']",PROB_LEN_DIST,213817931676468791773972473451636034641_eps0_s0,BPI2012_W
48.53717650286853,0.9115493315221558,0.7591462420169941,0.00599349510112044,0.6641460460806199,9.707435300573708,14431792.388343494,2.1857421472668648,0.43943630542962114,0.1772350681560099,0.7021601879811618,71.98623749986291,4.552113527432084,0.4782815852088202,158.6,0.8570642334304435,0.9339960174732811,0.11672241352498527,1.0,0.0,82.53871796801687,1793.0,0.9656868772802941,5.0,0.8,21.0,1.0,1.0,,1.0,,0.001,2.138179316764688e+38,42.0,5.0,1.2,min_freq_conf,['None'],"['nap', 'rtp']",PROB_LEN_DIST,213817931676468791773972473451636034641_eps1_s0,BPI2012_W
48.53717650286853,0.8726196374869264,0.5975040645777691,0.00599349510112044,0.4221533847970642,9.707435300573708,14432289.211381698,2.1857421472668648,0.5088062089251094,0.3352064179130793,0.4825310565331484,17.270844154804944,4.669842842966318,0.6723560658945427,158.6,0.7866133315371594,0.9173588185992922,0.11634568460285659,1.0,0.0,11.034633584320545,1793.0,0.9687104586271943,7.0,0.8,21.0,1.0,1.0,,1.0,,0.001,2.138179316764688e+38,42.0,5.0,1.2,min_freq_conf,['None'],"['nap', 'rtp']",PROB_LEN_DIST,213817931676468791773972473451636034641_eps2_s0,BPI2012_W
48.53717650286853,0.8929527626436335,0.6677886231956903,0.00599349510112044,0.5127377718608968,9.707435300573708,14432544.25106224,2.1857421472668648,0.5361307664793981,0.3465991087637371,0.5726739804686334,31.631870163977148,4.924487270414829,0.716511133964538,158.6,0.8153851718164697,0.9316423436044818,0.1186254825443029,1.0,0.0,19.197704606503248,1793.0,0.974212217468677,11.0,0.8,21.0,1.0,1.0,,1.0,,0.001,2.138179316764688e+38,42.0,5.0,1.2,min_freq_conf,['None'],"['nap', 'rtp']",PROB_LEN_DIST,213817931676468791773972473451636034641_eps3_s0,BPI2012_W
48.53717650286853,0.9069412382100979,0.689234073476927,0.00599349510112044,0.5306197271259027,9.707435300573708,14432813.393530149,2.1857421472668648,0.539261852889484,0.36680047044853004,0.5906256666567595,31.257628186792136,5.249110212922096,0.7726082953457992,158.6,0.8362896275982316,0.9414749334622261,0.11717755161225792,1.0,0.0,21.324543959274887,1793.0,0.978034262360848,17.0,0.8,21.0,1.0,1.0,,1.0,,0.001,2.138179316764688e+38,42.0,5.0,1.2,min_freq_conf,['None'],"['nap', 'rtp']",PROB_LEN_DIST,213817931676468791773972473451636034641_eps4_s0,BPI2012_W
48.53717650286853,0.9239277754782018,0.7407703119460056,0.00599349510112044,0.6134860001862046,9.707435300573708,14433287.012096506,2.1857421472668648,0.5405067598001672,0.305288514549481,0.6643161727902434,55.73026607893407,5.555800337344408,0.7835650637383732,158.6,0.8667469378448903,0.9519124884301219,0.11746455058455463,1.0,0.0,45.026405999436975,1793.0,0.980595986675284,21.0,0.8,21.0,1.0,1.0,,1.0,,0.001,2.138179316764688e+38,42.0,5.0,1.2,min_freq_conf,['None'],"['nap', 'rtp']",PROB_LEN_DIST,213817931676468791773972473451636034641_eps5_s0,BPI2012_W
49.12668342329562,0.9526301245362869,0.8968725379099827,0.06905078618422555,0.8354561290804998,9.825336684659124,14434563.780003,11.692270532250404,0.4883786194301388,0.08711663780972884,0.8651085702522261,120.4237827848643,0.9159768685698509,0.7696858824839647,158.6,0.9334772684565857,0.9645617125737838,0.11857996433973308,1.0,0.0,153.51227086335422,145.2,0.9804124911278805,3.0,0.8,21.0,1.0,1.0,,1.0,,0.01,3.2833119873231224e+38,42.0,5.0,1.2,min_freq_conf,['None'],"['nap', 'rtp']",PROB_LEN_DIST,328331198732312197963297998078190626690_eps0_s0,BPI2012_W
49.12668342329562,0.9555275829686429,0.904519958255,0.06905078618422555,0.84515163732796,9.825336684659124,14435760.241696218,11.692270532250404,0.483007790702836,0.07056898142679432,0.8741745575285499,123.69735269993544,1.0208474267274141,0.7674472523628287,158.6,0.9382466793771457,0.966368862351435,0.11949908696115012,1.0,0.0,90.5043673131615,145.2,0.9809151388652243,5.0,0.8,21.0,1.0,1.0,,1.0,,0.01,3.2833119873231224e+38,42.0,5.0,1.2,min_freq_conf,['None'],"['nap', 'rtp']",PROB_LEN_DIST,328331198732312197963297998078190626690_eps1_s0,BPI2012_W
49.12668342329562,0.9555415817669164,0.9046053912506828,0.06905078618422555,0.8453795057889749,9.825336684659124,14436757.581353152,11.692270532250404,0.483007790702836,0.07041157241191835,0.8743274391613524,124.7693150870502,1.0261952277272939,0.7674472523628287,158.6,0.938277327558087,0.9663764754352118,0.11623171642422672,1.0,0.0,63.79448131285608,145.2,0.9809178358983152,7.0,0.8,21.0,1.0,1.0,,1.0,,0.01,3.2833119873231224e+38,42.0,5.0,1.2,min_freq_conf,['None'],"['nap', 'rtp']",PROB_LEN_DIST,328331198732312197963297998078190626690_eps2_s0,BPI2012_W
49.12668342329562,0.9555681865456164,0.9047645213601075,0.06905078618422555,0.8458006876593954,9.825336684659124,14437724.474385282,11.692270532250404,0.483007790702836,0.07011609034428447,0.874610666399537,148.3794056337327,1.1633361954241992,0.7674472523628287,158.6,0.9383352434979504,0.9663912268682827,0.4937563620507717,1.0,0.0,46.724857448786494,145.2,0.9809232169070776,11.0,0.8,21.0,1.0,1.0,,1.0,,0.01,3.2833119873231224e+38,42.0,5.0,1.2,min_freq_conf,['None'],"['nap', 'rtp']",PROB_LEN_DIST,328331198732312197963297998078190626690_eps3_s0,BPI2012_W
49.12668342329562,0.9531824762985254,0.8976724506734272,0.06905078618422555,0.8361747383380991,9.825336684659124,14438700.62274656,11.692270532250404,0.49002214661585947,0.07568251577481312,0.8658112370418802,150.76351385563612,1.2153714213520288,0.7674047701180587,158.6,0.9343433690220806,0.9649880666278745,0.14842251874506468,1.0,0.0,36.416070103645325,145.2,0.9802196231741643,17.0,0.8,21.0,1.0,1.0,,1.0,,0.01,3.2833119873231224e+38,42.0,5.0,1.2,min_freq_conf,['None'],"['nap', 'rtp']",PROB_LEN_DIST,328331198732312197963297998078190626690_eps4_s0,BPI2012_W
49.12668342329562,0.9531903886577628,0.897713563583029,0.06905078618422555,0.8362767253614092,9.825336684659124,14439671.858260091,11.692270532250404,0.49002214661585947,0.07563625333898147,0.8658816896368664,159.58667205385865,1.13821380995214,0.7674047701180587,158.6,0.9343599035767298,0.9649924005363892,0.14425313547253604,1.0,0.0,36.31807790659368,145.2,0.9802214955788537,21.0,0.8,21.0,1.0,1.0,,1.0,,0.01,3.2833119873231224e+38,42.0,5.0,1.2,min_freq_conf,['None'],"['nap', 'rtp']",PROB_LEN_DIST,328331198732312197963297998078190626690_eps5_s0,BPI2012_W
51.61168421432376,0.9862956481681902,0.948448486200892,0.000824066337672,0.8930628102676496,10.322336842864752,14417883.152697235,2.18576025031507,0.632347072077087,0.09755410573586157,0.9210010356912939,127.47499383538961,11.571298540383577,0.8323948093641078,158.6,0.9754762937010062,0.991212102056591,0.11893052160739895,1.0,0.0,2251.8211837910117,9269.8,0.9967607241291241,3.0,0.8,21.0,1.0,1.0,,1.0,,0.0001,8.552300360394532e+37,42.0,5.0,1.2,min_freq_conf,['None'],"['nap', 'rtp']",PROB_LEN_DIST,85523003603945323159451978366047131974_eps0_s0,BPI2012_W
51.61168421432376,0.875395068753176,0.6581961475298558,0.000824066337672,0.5328804976211808,10.322336842864752,14423079.571021652,2.18576025031507,0.5032545870875957,0.26700866219282277,0.5813312271339433,41.54273608773947,11.831918001547455,0.47374213625333156,158.6,0.8031377398254765,0.9027350237286493,0.1215151950716972,1.0,0.0,121.64770678505302,9269.8,0.9506816757996657,5.0,0.8,21.0,1.0,1.0,,1.0,,0.0001,8.552300360394532e+37,42.0,5.0,1.2,min_freq_conf,['None'],"['nap', 'rtp']",PROB_LEN_DIST,85523003603945323159451978366047131974_eps1_s0,BPI2012_W
51.61168421432376,0.8742290990977116,0.6720698027725924,0.000824066337672,0.5541800733125386,10.322336842864752,14423833.738277078,2.18576025031507,0.5432037277387158,0.266797125643985,0.6002709773244572,47.85878626555204,11.857816229760648,0.600929301984666,158.6,0.8025850930868579,0.9132280463780891,0.11999444775283333,1.0,0.0,74.24863088540732,9269.8,0.9669500772819031,7.0,0.8,21.0,1.0,1.0,,1.0,,0.0001,8.552300360394532e+37,42.0,5.0,1.2,min_freq_conf,['None'],"['nap', 'rtp']",PROB_LEN_DIST,85523003603945323159451978366047131974_eps2_s0,BPI2012_W
51.61168421432376,0.8668215806485445,0.6343137432906837,0.000824066337672,0.46597123492564807,10.322336842864752,14424259.271434758,2.18576025031507,0.5494375583770096,0.3641099162193252,0.5312795106246713,17.10481113642454,12.23154018111527,0.627927027364233,158.6,0.7853370729980542,0.9113003518302605,0.11543322280049317,1.0,0.0,24.12147261425853,9269.8,0.9625920000756609,11.0,0.8,21.0,1.0,1.0,,1.0,,0.0001,8.552300360394532e+37,42.0,5.0,1.2,min_freq_conf,['None'],"['nap', 'rtp']",PROB_LEN_DIST,85523003603945323159451978366047131974_eps3_s0,BPI2012_W
51.61168421432376,0.890089679107249,0.6590089420772375,0.000824066337672,0.49473853596177336,10.322336842864752,14424536.24199799,2.18576025031507,0.5922286942130036,0.37278267536443727,0.5597550797061072,18.666347190365194,13.460331695526838,0.7066403838266406,158.6,0.8136629217587064,0.9284237013883109,0.11532182395458217,1.0,0.0,25.42204553857446,9269.8,0.9730435076811199,17.0,0.8,21.0,1.0,1.0,,1.0,,0.0001,8.552300360394532e+37,42.0,5.0,1.2,min_freq_conf,['None'],"['nap', 'rtp']",PROB_LEN_DIST,85523003603945323159451978366047131974_eps4_s0,BPI2012_W
51.61168421432376,0.9022529158944159,0.698264291617926,0.000824066337672,0.5510745640652647,10.322336842864752,14424975.457667852,2.18576025031507,0.5984675735658171,0.35061404834628135,0.6077837405551101,31.3544242862612,14.738875166699291,0.7194705698515664,158.6,0.8357789015722552,0.9364690315377759,0.1162741813808679,1.0,0.0,58.92407532520592,9269.8,0.9762929574130907,21.0,0.8,21.0,1.0,1.0,,1.0,,0.0001,8.552300360394532e+37,42.0,5.0,1.2,min_freq_conf,['None'],"['nap', 'rtp']",PROB_LEN_DIST,85523003603945323159451978366047131974_eps5_s0,BPI2012_W
187.31383944116533,0.9769196762401613,0.9028849968432328,1.210214207914801e-05,0.7814785561438976,37.46276788823307,14374601.86471484,1.1679426357150078,0.49619810174683315,0.056936396840139535,0.8430622735982372,18.41509712934494,42.079110752418636,0.6635401174328963,76.6,0.9578568232185483,0.9853292578487819,0.10995162501931184,1.0,0.0,2546.6721850521863,87289.8,0.9928596473253334,3.0,0.8,21.0,1.0,1.0,,1.0,,1e-07,1.0769053801031936e+38,42.0,5.0,1.2,min_freq_conf,['None'],"['nap', 'rtp']",PROB_LEN_DIST,107690538010319360236428960832644145000_eps0_s0,BPI2012_WC
187.31383944116533,0.6921558335515011,0.4857488893193243,1.210214207914801e-05,0.41419003221671613,37.46276788823307,14380069.747388804,1.1679426357150078,0.23314845103588908,0.24522355612547075,0.4392547921115165,5.211607140675187,45.2459776006639,0.19054887376118712,76.6,0.5993078264131435,0.7633020886906141,0.12312876805663106,1.0,0.0,59.94307216629386,87289.8,0.870144165295154,5.0,0.8,21.0,1.0,1.0,,1.0,,1e-07,1.0769053801031936e+38,42.0,5.0,1.2,min_freq_conf,['None'],"['nap', 'rtp']",PROB_LEN_DIST,107690538010319360236428960832644145000_eps1_s0,BPI2012_WC
187.31383944116533,0.7168430368106208,0.5007351095696518,1.210214207914801e-05,0.4229854650811779,37.46276788823307,14380619.907223519,1.1679426357150078,0.38066297350551564,0.26471451634450444,0.449874742501707,4.933523371443153,44.88346402719617,0.298283621876762,76.6,0.6222289562036576,0.7921305504449305,0.2549458753317594,1.0,0.0,55.746204633265734,87289.8,0.8909789762872616,7.0,0.8,21.0,1.0,1.0,,1.0,,1e-07,1.0769053801031936e+38,42.0,5.0,1.2,min_freq_conf,['None'],"['nap', 'rtp']",PROB_LEN_DIST,107690538010319360236428960832644145000_eps2_s0,BPI2012_WC
187.31383944116533,0.6945006409599606,0.4144424607087691,1.210214207914801e-05,0.34198243375498055,37.46276788823307,14381121.43721639,1.1679426357150078,0.42447929832779074,0.32833418979788287,0.3608548998402806,3.5298945363610983,46.19848062582314,0.354340981122536,76.6,0.5706446171262218,0.7868060421474177,1.788578660413623,1.0,0.0,48.74092727415264,87289.8,0.8932127018542027,11.0,0.8,21.0,1.0,1.0,,1.0,,1e-07,1.0769053801031936e+38,42.0,5.0,1.2,min_freq_conf,['None'],"['nap', 'rtp']",PROB_LEN_DIST,107690538010319360236428960832644145000_eps3_s0,BPI2012_WC
187.31383944116533,0.7034115479919731,0.42926334599177185,1.210214207914801e-05,0.3618798493804073,37.46276788823307,14381681.942924816,1.1679426357150078,0.46826766910753204,0.3481988188557533,0.37913540749704294,2.9109221141785384,57.49270963072777,0.4057503626464354,76.6,0.5768104525754462,0.7883539627303748,0.3348764646798372,1.0,0.0,58.109203884378076,87289.8,0.8933679646381296,17.0,0.8,21.0,1.0,1.0,,1.0,,1e-07,1.0769053801031936e+38,42.0,5.0,1.2,min_freq_conf,['None'],"['nap', 'rtp']",PROB_LEN_DIST,107690538010319360236428960832644145000_eps4_s0,BPI2012_WC
187.31383944116533,0.7049056735327459,0.4380202604425028,1.210214207914801e-05,0.3671886856305236,37.46276788823307,14382432.167045206,1.1679426357150078,0.46178014283445695,0.35319552419166983,0.38532355427311077,5.251585945859551,81.2464464340359,0.39611758419888704,76.6,0.5846377554308164,0.7871213244889498,0.1197223916649818,1.0,0.0,82.72540263012051,87289.8,0.8900415045490849,21.0,0.8,21.0,1.0,1.0,,1.0,,1e-07,1.0769053801031936e+38,42.0,5.0,1.2,min_freq_conf,['None'],"['nap', 'rtp']",PROB_LEN_DIST,107690538010319360236428960832644145000_eps5_s0,BPI2012_WC
195.8341329228133,0.9769196762401613,0.9028849968432328,1.210214207914801e-05,0.7814785561438976,39.166826584562656,14357860.716835182,1.227258486673236,0.49619810174683315,0.056936396840139535,0.8430622735982372,18.286157403886317,42.41391904130578,0.6635401174328963,76.6,0.9578568232185483,0.9853292578487819,0.12361420765519138,1.0,0.0,2505.047780236974,87289.8,0.9928596473253334,3.0,0.8,21.0,1.0,1.0,,1.0,,1e-10,2.596226389796223e+38,42.0,5.0,1.2,min_freq_conf,['None'],"['nap', 'rtp']",PROB_LEN_DIST,259622638979622280832216508785624218414_eps0_s0,BPI2012_WC
195.8341329228133,0.6921558335515011,0.4857488893193243,1.210214207914801e-05,0.41419003221671613,39.166826584562656,14363211.135550851,1.227258486673236,0.23314845103588908,0.24522355612547075,0.4392547921115165,4.99805851764977,42.16360515467822,0.19054887376118712,76.6,0.5993078264131435,0.7633020886906141,0.09913757182657716,1.0,0.0,56.58601011671126,87289.8,0.870144165295154,5.0,0.8,21.0,1.0,1.0,,1.0,,1e-10,2.596226389796223e+38,42.0,5.0,1.2,min_freq_conf,['None'],"['nap', 'rtp']",PROB_LEN_DIST,259622638979622280832216508785624218414_eps1_s0,BPI2012_WC
195.8341329228133,0.7168430368106208,0.5007351095696518,1.210214207914801e-05,0.4229854650811779,39.166826584562656,14363725.90917873,1.227258486673236,0.38066297350551564,0.26471451634450444,0.449874742501707,4.889426077529788,42.136908737197516,0.298283621876762,76.6,0.6222289562036576,0.7921305504449305,0.09463645592331882,1.0,0.0,52.614543890953065,87289.8,0.8909789762872616,7.0,0.8,21.0,1.0,1.0,,1.0,,1e-10,2.596226389796223e+38,42.0,5.0,1.2,min_freq_conf,['None'],"['nap', 'rtp']",PROB_LEN_DIST,259622638979622280832216508785624218414_eps2_s0,BPI2012_WC
195.8341329228133,0.6945006409599606,0.4144424607087691,1.210214207914801e-05,0.34198243375498055,39.166826584562656,14364200.930546045,1.227258486673236,0.42447929832779074,0.32833418979788287,0.3608548998402806,2.722540756687522,44.33838034234941,0.354340981122536,76.6,0.5706446171262218,0.7868060421474177,0.10102697163820265,1.0,0.0,46.18237822651863,87289.8,0.8932127018542027,11.0,0.8,21.0,1.0,1.0,,1.0,,1e-10,2.596226389796223e+38,42.0,5.0,1.2,min_freq_conf,['None'],"['nap', 'rtp']",PROB_LEN_DIST,259622638979622280832216508785624218414_eps3_s0,BPI2012_WC
195.8341329228133,0.7034115479919731,0.42926334599177185,1.210214207914801e-05,0.3618798493804073,39.166826584562656,14364716.085366243,1.227258486673236,0.46826766910753204,0.3481988188557533,0.37913540749704294,2.580540564656258,53.20081663616001,0.4057503626464354,76.6,0.5768104525754462,0.7883539627303748,0.10945799387991424,1.0,0.0,54.52230832464993,87289.8,0.8933679646381296,17.0,0.8,21.0,1.0,1.0,,1.0,,1e-10,2.596226389796223e+38,42.0,5.0,1.2,min_freq_conf,['None'],"['nap', 'rtp']",PROB_LEN_DIST,259622638979622280832216508785624218414_eps4_s0,BPI2012_WC
195.8341329228133,0.7049056735327459,0.4380202604425028,1.210214207914801e-05,0.3671886856305236,39.166826584562656,14365420.511743028,1.227258486673236,0.46178014283445695,0.35319552419166983,0.38532355427311077,2.9330853682011364,76.66397054865956,0.39611758419888704,76.6,0.5846377554308164,0.7871213244889498,0.6278981223702431,1.0,0.0,78.82961720712483,87289.8,0.8900415045490849,21.0,0.8,21.0,1.0,1.0,,1.0,,1e-10,2.596226389796223e+38,42.0,5.0,1.2,min_freq_conf,['None'],"['nap', 'rtp']",PROB_LEN_DIST,259622638979622280832216508785624218414_eps5_s0,BPI2012_WC
54.59240191988647,0.976890042073544,0.902818444748563,0.00012250916638526,0.7813968060977146,10.918480383977291,14385114.9638887,1.0706887226551771,0.4946079024940735,0.056929205759333246,0.8429821439087721,18.233702496439218,11.86644981317222,0.6634420355457074,76.6,0.9578164158595712,0.9853051816900058,0.4875921905040741,1.0,0.0,642.3448995947838,10559.0,0.9928474678163444,3.0,0.8,21.0,1.0,1.0,,1.0,,0.0001,2.5993927790357173e+38,42.0,5.0,1.2,min_freq_conf,['None'],"['nap', 'rtp']",PROB_LEN_DIST,259939277903571725723656442776121431231_eps0_s0,BPI2012_WC
54.59240191988647,0.6306748279779164,0.3773000741530252,0.00012250916638526,0.3164326195477057,10.918480383977291,14386496.457055703,1.0706887226551771,0.2967775063994224,0.30012040689035696,0.3326088827878807,1.5624072439968586,11.507721642404794,0.21652909397739578,76.6,0.5114419902231467,0.7191296337050274,0.09779589027166362,1.0,0.0,12.763381977006793,10559.0,0.8448657714929307,5.0,0.8,21.0,1.0,1.0,,1.0,,0.0001,2.5993927790357173e+38,42.0,5.0,1.2,min_freq_conf,['None'],"['nap', 'rtp']",PROB_LEN_DIST,259939277903571725723656442776121431231_eps1_s0,BPI2012_WC
54.59240191988647,0.6509141958504591,0.3990188779770313,0.00012250916638526,0.3386020944844127,10.918480383977291,14386625.865135442,1.0706887226551771,0.37226278591672274,0.3248095215300719,0.3545988249237052,1.5690598983317614,11.631577025726438,0.2909526801315578,76.6,0.5327242010305864,0.7375773262212449,0.09639571271836754,1.0,0.0,12.126875790581106,10559.0,0.8559520885961855,7.0,0.8,21.0,1.0,1.0,,1.0,,0.0001,2.5993927790357173e+38,42.0,5.0,1.2,min_freq_conf,['None'],"['nap', 'rtp']",PROB_LEN_DIST,259939277903571725723656442776121431231_eps2_s0,BPI2012_WC
54.59240191988647,0.7108795016679805,0.41758318309508413,0.00012250916638526,0.35482658609490036,10.918480383977291,14386766.461564716,1.0706887226551771,0.45612839441593706,0.31920563660954393,0.3715372511760699,3.2214855242520573,12.230788231641053,0.37983530011563016,76.6,0.5774869761036384,0.7951768458116332,0.09833786115050311,1.0,0.0,15.041039147973061,10559.0,0.8978825060318293,11.0,0.8,21.0,1.0,1.0,,1.0,,0.0001,2.5993927790357173e+38,42.0,5.0,1.2,min_freq_conf,['None'],"['nap', 'rtp']",PROB_LEN_DIST,259939277903571725723656442776121431231_eps3_s0,BPI2012_WC
54.59240191988647,0.7548412937100171,0.504764662157317,0.00012250916638526,0.4129800718529174,10.918480383977291,14386971.401687864,1.0706887226551771,0.47253639965575794,0.30587062363617407,0.4422979359681543,4.878454103320837,14.22956554442644,0.43024243873333684,76.6,0.651771399279634,0.822367107231069,0.0965362966060638,1.0,0.0,26.58745692409575,10559.0,0.9075987761225406,17.0,0.8,21.0,1.0,1.0,,1.0,,0.0001,2.5993927790357173e+38,42.0,5.0,1.2,min_freq_conf,['None'],"['nap', 'rtp']",PROB_LEN_DIST,259939277903571725723656442776121431231_eps4_s0,BPI2012_WC
54.59240191988647,0.7609173443264907,0.513676193362904,0.00012250916638526,0.4004469164509998,10.918480383977291,14387205.138727823,1.0706887226551771,0.4839442249241836,0.3104888405038306,0.43676065490210964,5.132444493845105,15.902836741134525,0.4525180029995706,76.6,0.6601223299328655,0.8270220707294642,0.09587226696312422,1.0,0.0,25.832670620828868,10559.0,0.9096391399948189,21.0,0.8,21.0,1.0,1.0,,1.0,,0.0001,2.5993927790357173e+38,42.0,5.0,1.2,min_freq_conf,['None'],"['nap', 'rtp']",PROB_LEN_DIST,259939277903571725723656442776121431231_eps5_s0,BPI2012_WC
50.080388966947794,0.9743144451098246,0.8997477021738376,0.00416550078506564,0.778482515808605,10.01607779338956,14388313.647012303,1.0538712926208973,0.42412657006092774,0.056597618771152804,0.8399435914347976,18.172182193025947,2.322346595302224,0.6613263916580564,76.6,0.9549520060400839,0.9830138677382745,0.09803245663642877,1.0,0.0,228.35013174377383,1259.2,0.9912663218607264,3.0,0.8,21.0,1.0,1.0,,1.0,,0.001,2.642915117101941e+38,42.0,5.0,1.2,min_freq_conf,['None'],"['nap', 'rtp']",PROB_LEN_DIST,264291511710194072304592848665926655427_eps0_s0,BPI2012_WC
50.080388966947794,0.6499584770286841,0.4009565687668739,0.00416550078506564,0.3401472425951823,10.01607779338956,14388825.573303843,1.0538712926208973,0.24881204172397736,0.32466456990736403,0.3562946806400632,1.7636353399604559,2.39585337638855,0.31284774035137974,76.6,0.5342854274844667,0.7460749909961029,0.09603849686682217,1.0,0.0,3.3657884135842324,1259.2,0.8610300197806415,5.0,0.8,21.0,1.0,1.0,,1.0,,0.001,2.642915117101941e+38,42.0,5.0,1.2,min_freq_conf,['None'],"['nap', 'rtp']",PROB_LEN_DIST,264291511710194072304592848665926655427_eps1_s0,BPI2012_WC
50.080388966947794,0.6761834786017914,0.42873515411100094,0.00416550078506564,0.36576473136359355,10.01607779338956,14388867.007020175,1.0538712926208973,0.3627810048001073,0.3284689636694414,0.38345573013690776,2.2801792215555907,2.473846523091197,0.37697981831164373,76.6,0.5605287355640571,0.7668235976943112,0.09789027161896224,1.0,0.0,3.349592382833362,1259.2,0.8792747185791274,7.0,0.8,21.0,1.0,1.0,,1.0,,0.001,2.642915117101941e+38,42.0,5.0,1.2,min_freq_conf,['None'],"['nap', 'rtp']",PROB_LEN_DIST,264291511710194072304592848665926655427_eps2_s0,BPI2012_WC
50.080388966947794,0.7509187231252051,0.4614732220949582,0.00416550078506564,0.3874380167419248,10.01607779338956,14388916.481559375,1.0538712926208973,0.4617228180686549,0.36478667051105484,0.4072057308229793,3.5340966653078794,2.608060123771429,0.5458621023119268,76.6,0.6199343772771782,0.8285525283421634,0.09711248427629467,1.0,0.0,4.149464993923902,1259.2,0.9200575019451177,11.0,0.8,21.0,1.0,1.0,,1.0,,0.001,2.642915117101941e+38,42.0,5.0,1.2,min_freq_conf,['None'],"['nap', 'rtp']",PROB_LEN_DIST,264291511710194072304592848665926655427_eps3_s0,BPI2012_WC
50.080388966947794,0.8022405016630676,0.5224410505676631,0.00416550078506564,0.44742613905184997,10.01607779338956,14388992.791006606,1.0538712926208973,0.48309388013673715,0.32975620104869596,0.46998890735500654,6.1605101700872185,2.8291472047567368,0.5968668758273175,76.6,0.6982030925356769,0.8637092724836728,0.0964262198656797,1.0,0.0,9.152386398985982,1259.2,0.9346414262909113,17.0,0.8,21.0,1.0,1.0,,1.0,,0.001,2.642915117101941e+38,42.0,5.0,1.2,min_freq_conf,['None'],"['nap', 'rtp']",PROB_LEN_DIST,264291511710194072304592848665926655427_eps4_s0,BPI2012_WC
50.080388966947794,0.806524081376463,0.5394324484026891,0.00416550078506564,0.4533717513945711,10.01607779338956,14389086.40391538,1.0538712926208973,0.4857038155742746,0.3182004360059772,0.47804363014288825,6.592837889492512,2.9073181949555873,0.5934065662355895,76.6,0.709418181934298,0.8653175002011624,0.09504062421619888,1.0,0.0,9.026693411916494,1259.2,0.9348507733070622,21.0,0.8,21.0,1.0,1.0,,1.0,,0.001,2.642915117101941e+38,42.0,5.0,1.2,min_freq_conf,['None'],"['nap', 'rtp']",PROB_LEN_DIST,264291511710194072304592848665926655427_eps5_s0,BPI2012_WC
49.61893187277019,0.9532564856891497,0.8756690702700816,0.038963973422232526,0.7549848314706509,9.923786374554036,14389552.567108348,4.942195625975728,0.40971187711030926,0.04339252882526738,0.8158976551867145,18.112774462252855,0.46989288441836835,0.6465343181917897,76.6,0.9322308186884284,0.9636164035449963,0.09829938933253284,1.0,0.0,39.25794381685555,115.0,0.9752011515720845,3.0,0.8,21.0,1.0,1.0,,1.0,,0.01,3.2150159912462054e+38,42.0,5.0,1.2,min_freq_conf,['None'],"['nap', 'rtp']",PROB_LEN_DIST,321501599124620540445484228554109217615_eps0_s0,BPI2012_WC
49.61893187277019,0.733968176038859,0.49842422417537124,0.038963973422232526,0.4243217979340714,9.923786374554036,14389702.749395153,4.942195625975728,0.319945467621506,0.26529037030437863,0.45044321088815115,6.345874902233481,0.4946831680834293,0.4421749544877878,76.6,0.6198917242058115,0.812894421924865,0.09788930825889104,1.0,0.0,4.3450024299323555,115.0,0.8989177315490082,5.0,0.8,21.0,1.0,1.0,,1.0,,0.01,3.2150159912462054e+38,42.0,5.0,1.2,min_freq_conf,['None'],"['nap', 'rtp']",PROB_LEN_DIST,321501599124620540445484228554109217615_eps1_s0,BPI2012_WC
49.61893187277019,0.8084169673308027,0.6005973600485766,0.038963973422232526,0.5166086962050407,9.923786374554036,14389775.932572061,4.942195625975728,0.3697302462551325,0.22960915679578067,0.5506266093099461,9.323071713373064,0.5113081358373165,0.5177788252828486,76.6,0.7221703013945696,0.8614145715145096,0.09617530666291708,1.0,0.0,6.452562659233808,115.0,0.920514490621726,7.0,0.8,21.0,1.0,1.0,,1.0,,0.01,3.2150159912462054e+38,42.0,5.0,1.2,min_freq_conf,['None'],"['nap', 'rtp']",PROB_LEN_DIST,321501599124620540445484228554109217615_eps2_s0,BPI2012_WC
49.61893187277019,0.8627822647758865,0.7266941751875209,0.038963973422232526,0.6269416178695865,9.923786374554036,14389872.153934564,4.942195625975728,0.4825148119654039,0.15857807856901687,0.6721075893291175,12.658161680772901,0.5347015656530857,0.5784871110500271,76.6,0.809668182129202,0.8983306308135018,0.09705215208232401,1.0,0.0,7.269403170794249,115.0,0.9424511582009106,11.0,0.8,21.0,1.0,1.0,,1.0,,0.01,3.2150159912462054e+38,42.0,5.0,1.2,min_freq_conf,['None'],"['nap', 'rtp']",PROB_LEN_DIST,321501599124620540445484228554109217615_eps3_s0,BPI2012_WC
49.61893187277019,0.862803829790904,0.7268338874099078,0.038963973422232526,0.6273241957264566,9.923786374554036,14389976.066895217,4.942195625975728,0.4825148119654039,0.15841041684906929,0.6723587166869089,12.710986037924886,0.5334472693502903,0.5784871110500271,76.6,0.8097161143279609,0.8983420609623444,0.09480820447206496,1.0,0.0,7.495386881008744,115.0,0.9424549970407959,17.0,0.8,21.0,1.0,1.0,,1.0,,0.01,3.2150159912462054e+38,42.0,5.0,1.2,min_freq_conf,['None'],"['nap', 'rtp']",PROB_LEN_DIST,321501599124620540445484228554109217615_eps4_s0,BPI2012_WC
49.61893187277019,0.862803829790904,0.7268338874099078,0.038963973422232526,0.6273241957264566,9.923786374554036,14390081.190616343,4.942195625975728,0.4825148119654039,0.15841041684906929,0.6723587166869089,12.722405828163028,0.5344674091786146,0.5784871110500271,76.6,0.8097161143279609,0.8983420609623444,0.09513253010809418,1.0,0.0,6.820325196161866,115.0,0.9424549970407959,21.0,0.8,21.0,1.0,1.0,,1.0,,0.01,3.2150159912462054e+38,42.0,5.0,1.2,min_freq_conf,['None'],"['nap', 'rtp']",PROB_LEN_DIST,321501599124620540445484228554109217615_eps5_s0,BPI2012_WC
6.431742202490568,0.7377917408954083,0.6730780954552016,0.10111411571052642,0.6664450926697255,1.2863484404981136,14350129.735200947,0.1431190520524978,0.3877692538875463,0.6656500050665,0.6677702943594614,0.30394868105649947,0.09010879173874851,0.6266604904282506,36.8,0.6983001057358752,0.8024986049915276,0.09888660088181493,1.0,0.0,0.17679928876459597,212.2,0.9107875213309755,3.0,0.8,21.0,1.0,1.0,,1.0,,0.01,1.3345111258658269e+38,42.0,5.0,1.2,min_freq_conf,['None'],"['nap', 'rtp']",PROB_LEN_DIST,133451112586582693714683365594742622380_eps0_s0,BPI2013_Closed
6.431742202490568,0.7377917408954083,0.6730780954552016,0.10111411571052642,0.6664450926697255,1.2863484404981136,14350134.83350404,0.1431190520524978,0.3877692538875463,0.6656500050665,0.6677702943594614,0.3289445027709007,0.1020980659872293,0.6266604904282506,36.8,0.6983001057358752,0.8024986049915276,0.09985481053590772,1.0,0.0,0.14703899547457694,212.2,0.9107875213309755,5.0,0.8,21.0,1.0,1.0,,1.0,,0.01,1.3345111258658269e+38,42.0,5.0,1.2,min_freq_conf,['None'],"['nap', 'rtp']",PROB_LEN_DIST,133451112586582693714683365594742622380_eps1_s0,BPI2013_Closed
6.431742202490568,0.7377917408954083,0.6730780954552016,0.10111411571052642,0.6664450926697255,1.2863484404981136,14350139.989556557,0.1431190520524978,0.3877692538875463,0.6656500050665,0.6677702943594614,0.3091897696256637,0.0952235288918018,0.6266604904282506,36.8,0.6983001057358752,0.8024986049915276,0.11382480487227434,1.0,0.0,0.1315748371183872,212.2,0.9107875213309755,7.0,0.8,21.0,1.0,1.0,,1.0,,0.01,1.3345111258658269e+38,42.0,5.0,1.2,min_freq_conf,['None'],"['nap', 'rtp']",PROB_LEN_DIST,133451112586582693714683365594742622380_eps2_s0,BPI2013_Closed
6.431742202490568,0.7377917408954083,0.6730780954552016,0.10111411571052642,0.6664450926697255,1.2863484404981136,14350145.058953056,0.1431190520524978,0.3877692538875463,0.6656500050665,0.6677702943594614,0.29861158691346645,0.10753468610346315,0.6266604904282506,36.8,0.6983001057358752,0.8024986049915276,0.10761542879045002,1.0,0.0,0.10988860279321666,212.2,0.9107875213309755,11.0,0.8,21.0,1.0,1.0,,1.0,,0.01,1.3345111258658269e+38,42.0,5.0,1.2,min_freq_conf,['None'],"['nap', 'rtp']",PROB_LEN_DIST,133451112586582693714683365594742622380_eps3_s0,BPI2013_Closed
6.431742202490568,0.7377917408954083,0.6730780954552016,0.10111411571052642,0.6664450926697255,1.2863484404981136,14350150.097862026,0.1431190520524978,0.3877692538875463,0.6656500050665,0.6677702943594614,0.3329601477831602,0.11274774894118307,0.6266604904282506,36.8,0.6983001057358752,0.8024986049915276,0.09706999622285357,1.0,0.0,0.11448918059468265,212.2,0.9107875213309755,17.0,0.8,21.0,1.0,1.0,,1.0,,0.01,1.3345111258658269e+38,42.0,5.0,1.2,min_freq_conf,['None'],"['nap', 'rtp']",PROB_LEN_DIST,133451112586582693714683365594742622380_eps4_s0,BPI2013_Closed
6.431742202490568,0.7377917408954083,0.6730780954552016,0.10111411571052642,0.6664450926697255,1.2863484404981136,14350155.292560067,0.1431190520524978,0.3877692538875463,0.6656500050665,0.6677702943594614,0.31727474741637707,0.12445871420204635,0.6266604904282506,36.8,0.6983001057358752,0.8024986049915276,0.10343869067728514,1.0,0.0,0.12613995037972922,212.2,0.9107875213309755,21.0,0.8,21.0,1.0,1.0,,1.0,,0.01,1.3345111258658269e+38,42.0,5.0,1.2,min_freq_conf,['None'],"['nap', 'rtp']",PROB_LEN_DIST,133451112586582693714683365594742622380_eps5_s0,BPI2013_Closed
13.057919204235073,0.7872755781607557,0.7420169206596232,0.00049187769586428,0.7360625380807256,2.611583840847016,14349744.727651905,0.1591145750135183,0.42075325224488436,0.7353460722264996,0.7372855928678422,0.3533065602183342,3.3612682174891235,0.6869078476787988,36.8,0.7598913567414988,0.8408810029932761,0.10980355627834795,1.0,0.0,5.909719634801149,20142.6,0.9336885803182003,3.0,0.8,21.0,1.0,1.0,,1.0,,0.0001,2.205983829993657e+38,42.0,5.0,1.2,min_freq_conf,['None'],"['nap', 'rtp']",PROB_LEN_DIST,220598382999365676645035329677621522765_eps0_s0,BPI2013_Closed
13.057919204235073,0.7433007398040119,0.6714081984887653,0.00049187769586428,0.6190681137829255,2.611583840847016,14349794.664470926,0.1591145750135183,0.2656024132192042,0.5798701158131294,0.6429219140236955,0.46006288602948187,3.7639538954943417,0.39755747982096046,36.8,0.7092353617436663,0.793855426490588,0.10402259528636928,1.0,0.0,5.641516979038715,20142.6,0.894080680999833,5.0,0.8,21.0,1.0,1.0,,1.0,,0.0001,2.205983829993657e+38,42.0,5.0,1.2,min_freq_conf,['None'],"['nap', 'rtp']",PROB_LEN_DIST,220598382999365676645035329677621522765_eps1_s0,BPI2013_Closed
13.057919204235073,0.6889694660301927,0.5958154116182807,0.00049187769586428,0.5837066829903372,2.611583840847016,14349841.090610674,0.1591145750135183,0.2424126535996633,0.5808511336009505,0.5863007308076288,0.3929035533219576,3.7020347006618977,0.3172525030489023,36.8,0.636481525922521,0.7461268304246093,0.10740979239344595,1.0,0.0,3.8285821724683045,20142.6,0.8624213116494189,7.0,0.8,21.0,1.0,1.0,,1.0,,0.0001,2.205983829993657e+38,42.0,5.0,1.2,min_freq_conf,['None'],"['nap', 'rtp']",PROB_LEN_DIST,220598382999365676645035329677621522765_eps2_s0,BPI2013_Closed
13.057919204235073,0.7597946445618124,0.6764948410522982,0.00049187769586428,0.6652265609402075,2.611583840847016,14349883.966005411,0.1591145750135183,0.3743334114726638,0.664396547769606,0.6671773076229475,0.369510094076395,3.934727605432272,0.612834491151216,36.8,0.7160805128786958,0.8221184972868258,0.09945584163069722,1.0,0.0,3.9062303349375727,20142.6,0.9253160048374534,11.0,0.8,21.0,1.0,1.0,,1.0,,0.0001,2.205983829993657e+38,42.0,5.0,1.2,min_freq_conf,['None'],"['nap', 'rtp']",PROB_LEN_DIST,220598382999365676645035329677621522765_eps3_s0,BPI2013_Closed
13.057919204235073,0.777633742355672,0.7175001826121906,0.00049187769586428,0.7100469470539007,2.611583840847016,14349932.47343221,0.1591145750135183,0.40281318623638895,0.7092003495330282,0.7116009858041966,0.34290788546204565,4.814170039445162,0.6522791614121068,36.8,0.742605100822698,0.8325090412802835,0.09768527895212167,1.0,0.0,4.835685532540083,20142.6,0.929315159425047,17.0,0.8,21.0,1.0,1.0,,1.0,,0.0001,2.205983829993657e+38,42.0,5.0,1.2,min_freq_conf,['None'],"['nap', 'rtp']",PROB_LEN_DIST,220598382999365676645035329677621522765_eps4_s0,BPI2013_Closed
13.057919204235073,0.7777643147231668,0.7175085501818932,0.00049187769586428,0.7100133736183292,2.611583840847016,14349991.659357488,0.1591145750135183,0.4045490924973089,0.7092097894422692,0.7116288681147808,0.34287127330899236,5.983711767941713,0.6549456006210995,36.8,0.742287671892673,0.8326437531881086,0.10780798532068725,1.0,0.0,5.894095079600811,20142.6,0.929210831618142,21.0,0.8,21.0,1.0,1.0,,1.0,,0.0001,2.205983829993657e+38,42.0,5.0,1.2,min_freq_conf,['None'],"['nap', 'rtp']",PROB_LEN_DIST,220598382999365676645035329677621522765_eps5_s0,BPI2013_Closed
13.347844319418073,0.7872755781607557,0.7420169206596232,0.00049187769586428,0.7360625380807256,2.6695688638836144,14349372.234432746,0.1613994315266609,0.42075325224488436,0.7353460722264996,0.7372855928678422,0.368624659255147,3.4718746419996025,0.6869078476787988,36.8,0.7598913567414988,0.8408810029932761,0.10106172189116472,1.0,0.0,5.61232784204185,20142.6,0.9336885803182003,3.0,0.8,21.0,1.0,1.0,,1.0,,1e-07,2.2218758086336118e+38,42.0,5.0,1.2,min_freq_conf,['None'],"['nap', 'rtp']",PROB_LEN_DIST,222187580863361164000456948791162837338_eps0_s0,BPI2013_Closed
13.347844319418073,0.7433007398040119,0.6714081984887653,0.00049187769586428,0.6190681137829255,2.6695688638836144,14349421.705270011,0.1613994315266609,0.2656024132192042,0.5798701158131294,0.6429219140236955,0.45868562720716,3.638154872134328,0.39755747982096046,36.8,0.7092353617436663,0.793855426490588,0.10099881701171395,1.0,0.0,5.339267282932997,20142.6,0.894080680999833,5.0,0.8,21.0,1.0,1.0,,1.0,,1e-07,2.2218758086336118e+38,42.0,5.0,1.2,min_freq_conf,['None'],"['nap', 'rtp']",PROB_LEN_DIST,222187580863361164000456948791162837338_eps1_s0,BPI2013_Closed
13.347844319418073,0.6889694660301927,0.5958154116182807,0.00049187769586428,0.5837066829903372,2.6695688638836144,14349467.620118484,0.1613994315266609,0.2424126535996633,0.5808511336009505,0.5863007308076288,0.3893599323928356,3.7726213689893484,0.3172525030489023,36.8,0.636481525922521,0.7461268304246093,0.09757457301020615,1.0,0.0,3.905934926494956,20142.6,0.8624213116494189,7.0,0.8,21.0,1.0,1.0,,1.0,,1e-07,2.2218758086336118e+38,42.0,5.0,1.2,min_freq_conf,['None'],"['nap', 'rtp']",PROB_LEN_DIST,222187580863361164000456948791162837338_eps2_s0,BPI2013_Closed
13.347844319418073,0.7597946445618124,0.6764948410522982,0.00049187769586428,0.6652265609402075,2.6695688638836144,14349511.972662816,0.1613994315266609,0.3743334114726638,0.664396547769606,0.6671773076229475,0.37524444572627547,4.171418187767268,0.612834491151216,36.8,0.7160805128786958,0.8221184972868258,0.11260613203048701,1.0,0.0,4.026002651080489,20142.6,0.9253160048374534,11.0,0.8,21.0,1.0,1.0,,1.0,,1e-07,2.2218758086336118e+38,42.0,5.0,1.2,min_freq_conf,['None'],"['nap', 'rtp']",PROB_LEN_DIST,222187580863361164000456948791162837338_eps3_s0,BPI2013_Closed
13.347844319418073,0.777633742355672,0.7175001826121906,0.00049187769586428,0.7100469470539007,2.6695688638836144,14349562.933239454,0.1613994315266609,0.40281318623638895,0.7092003495330282,0.7116009858041966,0.3554932560771703,5.11483129709959,0.6522791614121068,36.8,0.742605100822698,0.8325090412802835,0.11335712373256679,1.0,0.0,4.934830767661333,20142.6,0.929315159425047,17.0,0.8,21.0,1.0,1.0,,1.0,,1e-07,2.2218758086336118e+38,42.0,5.0,1.2,min_freq_conf,['None'],"['nap', 'rtp']",PROB_LEN_DIST,222187580863361164000456948791162837338_eps4_s0,BPI2013_Closed
13.347844319418073,0.7777643147231668,0.7175085501818932,0.00049187769586428,0.7100133736183292,2.6695688638836144,14349622.827138942,0.1613994315266609,0.4045490924973089,0.7092097894422692,0.7116288681147808,0.3808800283819437,5.9601676750928165,0.6549456006210995,36.8,0.742287671892673,0.8326437531881086,0.10204352587461465,1.0,0.0,6.004056303948164,20142.6,0.929210831618142,21.0,0.8,21.0,1.0,1.0,,1.0,,1e-07,2.2218758086336118e+38,42.0,5.0,1.2,min_freq_conf,['None'],"['nap', 'rtp']",PROB_LEN_DIST,222187580863361164000456948791162837338_eps5_s0,BPI2013_Closed
12.073315164074302,0.7872755781607557,0.7420169206596232,0.00049187769586428,0.7360625380807256,2.41466303281486,14349024.824764922,0.2634021993726492,0.42075325224488436,0.7353460722264996,0.7372855928678422,0.2877914499491453,2.9384361285716296,0.6869078476787988,36.8,0.7598913567414988,0.8408810029932761,0.07948123887181276,1.0,0.0,4.690200932323933,20142.6,0.9336885803182003,3.0,0.8,21.0,1.0,1.0,,1.0,,1e-10,2.4223851529993574e+38,42.0,5.0,1.2,min_freq_conf,['None'],"['nap', 'rtp']",PROB_LEN_DIST,242238515299935744953958665941280829308_eps0_s0,BPI2013_Closed
12.073315164074302,0.7433007398040119,0.6714081984887653,0.00049187769586428,0.6190681137829255,2.41466303281486,14349067.685142081,0.2634021993726492,0.2656024132192042,0.5798701158131294,0.6429219140236955,0.3982739523053169,3.1572123900055886,0.39755747982096046,36.8,0.7092353617436663,0.793855426490588,0.09844302386045453,1.0,0.0,4.833817892894149,20142.6,0.894080680999833,5.0,0.8,21.0,1.0,1.0,,1.0,,1e-10,2.4223851529993574e+38,42.0,5.0,1.2,min_freq_conf,['None'],"['nap', 'rtp']",PROB_LEN_DIST,242238515299935744953958665941280829308_eps1_s0,BPI2013_Closed
12.073315164074302,0.6889694660301927,0.5958154116182807,0.00049187769586428,0.5837066829903372,2.41466303281486,14349108.045752952,0.2634021993726492,0.2424126535996633,0.5808511336009505,0.5863007308076288,0.3377955950796604,3.368506483361125,0.3172525030489023,36.8,0.636481525922521,0.7461268304246093,0.08543416634202,1.0,0.0,3.445762549713254,20142.6,0.8624213116494189,7.0,0.8,21.0,1.0,1.0,,1.0,,1e-10,2.4223851529993574e+38,42.0,5.0,1.2,min_freq_conf,['None'],"['nap', 'rtp']",PROB_LEN_DIST,242238515299935744953958665941280829308_eps2_s0,BPI2013_Closed
12.073315164074302,0.7597946445618124,0.6764948410522982,0.00049187769586428,0.6652265609402075,2.41466303281486,14349147.792734522,0.2634021993726492,0.3743334114726638,0.664396547769606,0.6671773076229475,0.33053945265710355,3.695191862806678,0.612834491151216,36.8,0.7160805128786958,0.8221184972868258,0.09103136286139484,1.0,0.0,3.753591310605407,20142.6,0.9253160048374534,11.0,0.8,21.0,1.0,1.0,,1.0,,1e-10,2.4223851529993574e+38,42.0,5.0,1.2,min_freq_conf,['None'],"['nap', 'rtp']",PROB_LEN_DIST,242238515299935744953958665941280829308_eps3_s0,BPI2013_Closed
12.073315164074302,0.777633742355672,0.7175001826121906,0.00049187769586428,0.7100469470539007,2.41466303281486,14349194.264477164,0.2634021993726492,0.40281318623638895,0.7092003495330282,0.7116009858041966,0.32199629247188566,4.672477022185921,0.6522791614121068,36.8,0.742605100822698,0.8325090412802835,0.0879141706973314,1.0,0.0,4.642659464851022,20142.6,0.929315159425047,17.0,0.8,21.0,1.0,1.0,,1.0,,1e-10,2.4223851529993574e+38,42.0,5.0,1.2,min_freq_conf,['None'],"['nap', 'rtp']",PROB_LEN_DIST,242238515299935744953958665941280829308_eps4_s0,BPI2013_Closed
12.073315164074302,0.7777643147231668,0.7175085501818932,0.00049187769586428,0.7100133736183292,2.41466303281486,14349251.489745159,0.2634021993726492,0.4045490924973089,0.7092097894422692,0.7116288681147808,0.35575985424220563,5.730865817517042,0.6549456006210995,36.8,0.742287671892673,0.8326437531881086,0.10676120892167087,1.0,0.0,5.802974525466562,20142.6,0.929210831618142,21.0,0.8,21.0,1.0,1.0,,1.0,,1e-10,2.4223851529993574e+38,42.0,5.0,1.2,min_freq_conf,['None'],"['nap', 'rtp']",PROB_LEN_DIST,242238515299935744953958665941280829308_eps5_s0,BPI2013_Closed
6.557896731421351,0.7838944669387393,0.7377670986856669,0.00607710827113294,0.7318127161067693,1.3115793462842702,14350054.48017471,0.1523034125566482,0.41907521630976186,0.7310962502525433,0.7330357708938859,0.38313480056822297,0.27028408162295814,0.6837338364275262,36.8,0.7560192000592798,0.8381310689340875,0.11084413304924963,1.0,0.0,0.4543687555938959,848.2,0.9319688136157245,3.0,0.8,21.0,1.0,1.0,,1.0,,0.001,3.2920696557035894e+38,42.0,5.0,1.2,min_freq_conf,['None'],"['nap', 'rtp']",PROB_LEN_DIST,329206965570358954562846648967921774727_eps0_s0,BPI2013_Closed
6.557896731421351,0.7124665118605801,0.6879276793397618,0.00607710827113294,0.6821199660304076,1.3115793462842702,14350061.835011434,0.1523034125566482,0.27109375485631354,0.6814144128248423,0.6833477922079243,0.34816034957766534,0.2557441797107458,0.39343324090415815,36.8,0.6972551871817673,0.7498161470062319,0.09586590640246864,1.0,0.0,0.3138212453573942,848.2,0.8703585486950385,5.0,0.8,21.0,1.0,1.0,,1.0,,0.001,3.2920696557035894e+38,42.0,5.0,1.2,min_freq_conf,['None'],"['nap', 'rtp']",PROB_LEN_DIST,329206965570358954562846648967921774727_eps1_s0,BPI2013_Closed
6.557896731421351,0.7383760455343874,0.7075128217266446,0.00607710827113294,0.7014464921786057,1.3115793462842702,14350068.69646592,0.1523034125566482,0.344018490528857,0.7007374250226572,0.7026837748088888,0.34070578292012216,0.25676448643207544,0.4908124207277928,36.8,0.7250910615804106,0.779606353463376,0.1125023908913135,1.0,0.0,0.31239642500877374,848.2,0.8888211719107014,7.0,0.8,21.0,1.0,1.0,,1.0,,0.001,3.2920696557035894e+38,42.0,5.0,1.2,min_freq_conf,['None'],"['nap', 'rtp']",PROB_LEN_DIST,329206965570358954562846648967921774727_eps2_s0,BPI2013_Closed
6.557896731421351,0.7825934785566628,0.7354941492527904,0.00607710827113294,0.7273705950625053,1.3115793462842702,14350075.777387273,0.1523034125566482,0.41280784412795396,0.7250412936898444,0.7295814139073387,0.3268428444862365,0.3099025197327137,0.6783003671298554,36.8,0.7547608821247488,0.8335781316782548,0.09777740836143488,1.0,0.0,0.30472028777003285,848.2,0.9304348329048986,11.0,0.8,21.0,1.0,1.0,,1.0,,0.001,3.2920696557035894e+38,42.0,5.0,1.2,min_freq_conf,['None'],"['nap', 'rtp']",PROB_LEN_DIST,329206965570358954562846648967921774727_eps3_s0,BPI2013_Closed
6.557896731421351,0.7826309391572247,0.7355205828345536,0.00607710827113294,0.7273970286442686,1.3115793462842702,14350083.1820002,0.1523034125566482,0.41280784412795396,0.7250677272716076,0.7296078474891019,0.36741351932287214,0.34918493293225766,0.6783003671298554,36.8,0.7548263939965016,0.8336152824148897,0.10876340083777902,1.0,0.0,0.3653195183724165,848.2,0.9304447890976505,17.0,0.8,21.0,1.0,1.0,,1.0,,0.001,3.2920696557035894e+38,42.0,5.0,1.2,min_freq_conf,['None'],"['nap', 'rtp']",PROB_LEN_DIST,329206965570358954562846648967921774727_eps4_s0,BPI2013_Closed
6.557896731421351,0.7827082154463365,0.7355899847678173,0.00607710827113294,0.7274708876847327,1.3115793462842702,14350091.108125415,0.1523034125566482,0.41280784412795396,0.7251415863120717,0.7296889064719665,0.3726935375481844,0.3229991521686315,0.6783003671298554,36.8,0.7548455922658546,0.833661474108848,0.10501992888748642,1.0,0.0,0.36191712506115437,848.2,0.9304447890976505,21.0,0.8,21.0,1.0,1.0,,1.0,,0.001,3.2920696557035894e+38,42.0,5.0,1.2,min_freq_conf,['None'],"['nap', 'rtp']",PROB_LEN_DIST,329206965570358954562846648967921774727_eps5_s0,BPI2013_Closed
68.58961171656847,0.9366633719608417,0.8851527852254366,0.0025446644054318,0.8234644526346031,13.717922343313694,14415453.905562162,1.0485257133841517,0.30784565706562095,0.3272031361284456,0.8532480578298479,16.811838548257946,8.685538997128607,0.7018614038778666,124.6,0.9201589864736714,0.9557788038568097,0.09605329707264895,1.0,0.0,471.2352006070316,7812.0,0.9801568005862684,3.0,0.8,21.0,1.0,1.0,,1.0,,0.0001,1.9845048531252932e+38,42.0,5.0,1.2,min_freq_conf,['None'],"['nap', 'rtp']",PROB_LEN_DIST,198450485312529325908087794400801505691_eps0_s0,BPI2013_Incidents
68.58961171656847,0.7198381607606328,0.49959131736320783,0.0025446644054318,0.4594133030411084,13.717922343313694,14416597.79162252,1.0485257133841517,0.20352658633636728,0.4253150518506915,0.473214557661907,3.7524851989001036,8.97788246832788,0.277836892837028,124.6,0.5933064670410784,0.8085318126214105,0.09705190099775786,1.0,0.0,16.582713187858463,7812.0,0.9037666464156,5.0,0.8,21.0,1.0,1.0,,1.0,,0.0001,1.9845048531252932e+38,42.0,5.0,1.2,min_freq_conf,['None'],"['nap', 'rtp']",PROB_LEN_DIST,198450485312529325908087794400801505691_eps1_s0,BPI2013_Incidents
68.58961171656847,0.7657632896963176,0.5334503218655648,0.0025446644054318,0.48811589758688106,13.717922343313694,14416756.323404321,1.0485257133841517,0.24951278876054372,0.4033677711760279,0.5034797825665904,5.188588378205895,9.088074988126754,0.462746537703135,124.6,0.6485424868890349,0.8400279697603761,0.09356466233730314,1.0,0.0,21.68948349952698,7812.0,0.9317514944233126,7.0,0.8,21.0,1.0,1.0,,1.0,,0.0001,1.9845048531252932e+38,42.0,5.0,1.2,min_freq_conf,['None'],"['nap', 'rtp']",PROB_LEN_DIST,198450485312529325908087794400801505691_eps2_s0,BPI2013_Incidents
68.58961171656847,0.8015380433253018,0.6105153665019337,0.0025446644054318,0.5498409594396341,13.717922343313694,14416936.667392652,1.0485257133841517,0.3032976367796373,0.4942970593531001,0.5690622556803228,4.410404038801789,9.824988629296422,0.5653911355934633,124.6,0.7127563026656001,0.8729465750178782,0.0946561053395271,1.0,0.0,17.93711201697588,7812.0,0.9449547128500239,11.0,0.8,21.0,1.0,1.0,,1.0,,0.0001,1.9845048531252932e+38,42.0,5.0,1.2,min_freq_conf,['None'],"['nap', 'rtp']",PROB_LEN_DIST,198450485312529325908087794400801505691_eps3_s0,BPI2013_Incidents
68.58961171656847,0.8138291193699896,0.6452407053251608,0.0025446644054318,0.5947253499035925,13.717922343313694,14417096.303495064,1.0485257133841517,0.34549004109711506,0.5385852397930044,0.6110444408122088,3.937549415975809,11.16400273963809,0.6204757852517121,124.6,0.7326791907052363,0.8810786945869863,0.09527175612747664,1.0,0.0,17.550157007947565,7812.0,0.9499753041162398,17.0,0.8,21.0,1.0,1.0,,1.0,,0.0001,1.9845048531252932e+38,42.0,5.0,1.2,min_freq_conf,['None'],"['nap', 'rtp']",PROB_LEN_DIST,198450485312529325908087794400801505691_eps4_s0,BPI2013_Incidents
68.58961171656847,0.8150083427500785,0.6452568849519732,0.0025446644054318,0.5933892098686265,13.717922343313694,14417255.16508219,1.0485257133841517,0.35454748314369156,0.5555135668013291,0.6095776590849281,3.4985831938683987,11.985678788274527,0.6302336757027722,124.6,0.7343391050914562,0.8819353190536938,0.09503450319170947,1.0,0.0,15.763527341187,7812.0,0.950451127820646,21.0,0.8,21.0,1.0,1.0,,1.0,,0.0001,1.9845048531252932e+38,42.0,5.0,1.2,min_freq_conf,['None'],"['nap', 'rtp']",PROB_LEN_DIST,198450485312529325908087794400801505691_eps5_s0,BPI2013_Incidents
520.805045440793,0.9376456528200162,0.886583954856736,0.00017675058614579682,0.8249342675692926,104.16100908815858,14397131.725444946,10.06754018738866,0.30913938290479503,0.3284961060574217,0.8547204469078418,16.937779289856554,92.4891076799482,0.7028038584384262,124.6,0.9213745551523864,0.9564894211690274,0.09987778887152668,1.0,0.0,4313.263258725778,173374.6,0.980572704052177,3.0,0.8,21.0,1.0,1.0,,1.0,,1e-07,2.6332357492975178e+38,42.0,5.0,1.2,min_freq_conf,['None'],"['nap', 'rtp']",PROB_LEN_DIST,263323574929751772136832983559399959090_eps0_s0,BPI2013_Incidents
520.805045440793,0.7416247274783341,0.5317450371123702,0.00017675058614579682,0.47178182859764106,104.16100908815858,14407011.69290846,10.06754018738866,0.25222093245292154,0.39858518138899945,0.49060324331482397,3.8668040808290245,91.35840350724757,0.31560134207767865,124.6,0.6405476423270035,0.8173874207475699,0.10458572693169113,1.0,0.0,147.1802169881761,173374.6,0.9100040145353262,5.0,0.8,21.0,1.0,1.0,,1.0,,1e-07,2.6332357492975178e+38,42.0,5.0,1.2,min_freq_conf,['None'],"['nap', 'rtp']",PROB_LEN_DIST,263323574929751772136832983559399959090_eps1_s0,BPI2013_Incidents
520.805045440793,0.7366202180002894,0.5170356959712195,0.00017675058614579682,0.41852343051335267,104.16100908815858,14408168.315957148,10.06754018738866,0.20332687470435357,0.36674294045041606,0.4523705898298759,4.758175430819392,94.32953405417501,0.20103356984824225,124.6,0.6386069848111962,0.808386896720498,0.10125257186591621,1.0,0.0,113.63653315231204,173374.6,0.9052205742961853,7.0,0.8,21.0,1.0,1.0,,1.0,,1e-07,2.6332357492975178e+38,42.0,5.0,1.2,min_freq_conf,['None'],"['nap', 'rtp']",PROB_LEN_DIST,263323574929751772136832983559399959090_eps2_s0,BPI2013_Incidents
520.805045440793,0.7981885767025146,0.5829725774021496,0.00017675058614579682,0.5010866473287189,104.16100908815858,14409265.903523352,10.06754018738866,0.28287535849553275,0.46543654568742365,0.5285290164335276,4.0288937743753195,102.73249463886023,0.5388667298510746,124.6,0.7058715158929774,0.8704469299143633,0.10062890537083143,1.0,0.0,115.11885033622384,173374.6,0.944077028606762,11.0,0.8,21.0,1.0,1.0,,1.0,,1e-07,2.6332357492975178e+38,42.0,5.0,1.2,min_freq_conf,['None'],"['nap', 'rtp']",PROB_LEN_DIST,263323574929751772136832983559399959090_eps3_s0,BPI2013_Incidents
520.805045440793,0.8099693550825225,0.6214851214057443,0.00017675058614579682,0.5582212485337369,104.16100908815858,14410668.68315106,10.06754018738866,0.3366676013276044,0.5332178846392607,0.5791969859457646,3.3863890029489996,155.27795603014528,0.6085107006460917,124.6,0.7237153499214548,0.8800862393238639,0.10051906853914254,1.0,0.0,160.41490238197147,173374.6,0.9497061192916064,17.0,0.8,21.0,1.0,1.0,,1.0,,1e-07,2.6332357492975178e+38,42.0,5.0,1.2,min_freq_conf,['None'],"['nap', 'rtp']",PROB_LEN_DIST,263323574929751772136832983559399959090_eps4_s0,BPI2013_Incidents
520.805045440793,0.8152906557989066,0.6338858280985619,0.00017675058614579682,0.5749473164412513,104.16100908815858,14412724.852142375,10.06754018738866,0.3534639394362733,0.551302567080276,0.5938581758201126,3.3245137710124255,233.35658728443082,0.6268027325642178,124.6,0.7313094677992102,0.8833204329318146,0.10112341418862339,1.0,0.0,236.0956610251218,173374.6,0.9516058172240909,21.0,0.8,21.0,1.0,1.0,,1.0,,1e-07,2.6332357492975178e+38,42.0,5.0,1.2,min_freq_conf,['None'],"['nap', 'rtp']",PROB_LEN_DIST,263323574929751772136832983559399959090_eps5_s0,BPI2013_Incidents
503.5221854709089,0.9376456528200162,0.886583954856736,0.00017675058614579682,0.8249342675692926,100.70443709418176,14364565.241433758,1.216058997437358,0.30913938290479503,0.3284961060574217,0.8547204469078418,17.330640964582564,93.63130469061434,0.7028038584384262,124.6,0.9213745551523864,0.9564894211690274,0.10893854312598703,1.0,0.0,4381.878793074936,173374.6,0.980572704052177,3.0,0.8,21.0,1.0,1.0,,1.0,,1e-10,2.9409706486629643e+38,42.0,5.0,1.2,min_freq_conf,['None'],"['nap', 'rtp']",PROB_LEN_DIST,294097064866296417184695134036072869759_eps0_s0,BPI2013_Incidents
503.5221854709089,0.7416247274783341,0.5317450371123702,0.00017675058614579682,0.47178182859764106,100.70443709418176,14374737.548274454,1.216058997437358,0.25222093245292154,0.39858518138899945,0.49060324331482397,3.894262146577239,94.86778571344912,0.31560134207767865,124.6,0.6405476423270035,0.8173874207475699,0.10586089268326755,1.0,0.0,150.2258171990514,173374.6,0.9100040145353262,5.0,0.8,21.0,1.0,1.0,,1.0,,1e-10,2.9409706486629643e+38,42.0,5.0,1.2,min_freq_conf,['None'],"['nap', 'rtp']",PROB_LEN_DIST,294097064866296417184695134036072869759_eps1_s0,BPI2013_Incidents
503.5221854709089,0.7366202180002894,0.5170356959712195,0.00017675058614579682,0.41852343051335267,100.70443709418176,14375922.610012498,1.216058997437358,0.20332687470435357,0.36674294045041606,0.4523705898298759,4.728359098359943,96.39757921621204,0.20103356984824225,124.6,0.6386069848111962,0.808386896720498,0.09763270840048788,1.0,0.0,114.11083883233368,173374.6,0.9052205742961853,7.0,0.8,21.0,1.0,1.0,,1.0,,1e-10,2.9409706486629643e+38,42.0,5.0,1.2,min_freq_conf,['None'],"['nap', 'rtp']",PROB_LEN_DIST,294097064866296417184695134036072869759_eps2_s0,BPI2013_Incidents
503.5221854709089,0.7981885767025146,0.5829725774021496,0.00017675058614579682,0.5010866473287189,100.70443709418176,14377018.881926948,1.216058997437358,0.28287535849553275,0.46543654568742365,0.5285290164335276,4.398466017097235,102.9640296138823,0.5388667298510746,124.6,0.7058715158929774,0.8704469299143633,0.11072925552725787,1.0,0.0,115.69698820970953,173374.6,0.944077028606762,11.0,0.8,21.0,1.0,1.0,,1.0,,1e-10,2.9409706486629643e+38,42.0,5.0,1.2,min_freq_conf,['None'],"['nap', 'rtp']",PROB_LEN_DIST,294097064866296417184695134036072869759_eps3_s0,BPI2013_Incidents
503.5221854709089,0.8099693550825225,0.6214851214057443,0.00017675058614579682,0.5582212485337369,100.70443709418176,14378469.191194093,1.216058997437358,0.3366676013276044,0.5332178846392607,0.5791969859457646,4.644110820069909,160.5802671767771,0.6085107006460917,124.6,0.7237153499214548,0.8800862393238639,1.2355723295360803,1.0,0.0,165.27113665677606,173374.6,0.9497061192916064,17.0,0.8,21.0,1.0,1.0,,1.0,,1e-10,2.9409706486629643e+38,42.0,5.0,1.2,min_freq_conf,['None'],"['nap', 'rtp']",PROB_LEN_DIST,294097064866296417184695134036072869759_eps4_s0,BPI2013_Incidents
503.5221854709089,0.8152906557989066,0.6338858280985619,0.00017675058614579682,0.5749473164412513,100.70443709418176,14380613.318987187,1.216058997437358,0.3534639394362733,0.551302567080276,0.5938581758201126,3.839748615026474,243.67561439722778,0.6268027325642178,124.6,0.7313094677992102,0.8833204329318146,0.11991264186799519,1.0,0.0,247.82062729001046,173374.6,0.9516058172240909,21.0,0.8,21.0,1.0,1.0,,1.0,,1e-10,2.9409706486629643e+38,42.0,5.0,1.2,min_freq_conf,['None'],"['nap', 'rtp']",PROB_LEN_DIST,294097064866296417184695134036072869759_eps5_s0,BPI2013_Incidents
65.96015664190054,0.8712007376399298,0.7563717035134049,0.12277193776023372,0.6865142439476399,13.192031328380107,14419383.517685134,5.013313779607415,0.29032058825767515,0.2204337346546518,0.7177688614435314,15.36660970263183,0.3699252732098102,0.6340179558824244,124.6,0.8207747713450668,0.914343801992274,0.096592466160655,1.0,0.0,19.71303868740797,110.8,0.9597704949246502,3.0,0.8,21.0,1.0,1.0,,1.0,,0.01,3.3344923687420052e+38,42.0,5.0,1.2,min_freq_conf,['None'],"['nap', 'rtp']",PROB_LEN_DIST,333449236874200529952529357768513077421_eps0_s0,BPI2013_Incidents
65.96015664190054,0.8712345907232777,0.7565397406875579,0.12277193776023372,0.6869120930799598,13.192031328380107,14419544.196005534,5.013313779607415,0.29032058825767515,0.22029503374163925,0.7180481691665692,15.515062745288015,0.39091274328529835,0.6340179558824244,124.6,0.8208431020046938,0.9143624219064236,0.10103656537830825,1.0,0.0,12.863686840236188,110.8,0.9597785700002813,5.0,0.8,21.0,1.0,1.0,,1.0,,0.01,3.3344923687420052e+38,42.0,5.0,1.2,min_freq_conf,['None'],"['nap', 'rtp']",PROB_LEN_DIST,333449236874200529952529357768513077421_eps1_s0,BPI2013_Incidents
65.96015664190054,0.8712345907232777,0.7565397406875579,0.12277193776023372,0.6869120930799598,13.192031328380107,14419689.174284745,5.013313779607415,0.29032058825767515,0.22029503374163925,0.7180481691665692,15.3792768035084,0.3912755731493235,0.6340179558824244,124.6,0.8208431020046938,0.9143624219064236,0.09862449914216992,1.0,0.0,12.603253700956703,110.8,0.9597785700002813,7.0,0.8,21.0,1.0,1.0,,1.0,,0.01,3.3344923687420052e+38,42.0,5.0,1.2,min_freq_conf,['None'],"['nap', 'rtp']",PROB_LEN_DIST,333449236874200529952529357768513077421_eps2_s0,BPI2013_Incidents
65.96015664190054,0.8465964985049194,0.7160283046505834,0.12277193776023372,0.6490048866078684,13.192031328380107,14419822.755336484,5.013313779607415,0.34358502829649945,0.2518580380626326,0.6777925914397017,13.741008687764406,0.4032989241182804,0.6234027836767645,124.6,0.7873589215116248,0.8960736272083876,0.09564403071999543,1.0,0.0,10.631062999367714,110.8,0.9507844060673216,11.0,0.8,21.0,1.0,1.0,,1.0,,0.01,3.3344923687420052e+38,42.0,5.0,1.2,min_freq_conf,['None'],"['nap', 'rtp']",PROB_LEN_DIST,333449236874200529952529357768513077421_eps3_s0,BPI2013_Incidents
65.96015664190054,0.8203114422154554,0.643434734129061,0.12277193776023372,0.5791757389744154,13.192031328380107,14419924.370584909,5.013313779607415,0.34358502829649945,0.3349116562901694,0.603597073385391,9.317918429151177,0.419943206384778,0.6234027836767645,124.6,0.7368437414423791,0.886048626723943,0.09390412159264085,1.0,0.0,6.588341801986099,110.8,0.9486975337215373,17.0,0.8,21.0,1.0,1.0,,1.0,,0.01,3.3344923687420052e+38,42.0,5.0,1.2,min_freq_conf,['None'],"['nap', 'rtp']",PROB_LEN_DIST,333449236874200529952529357768513077421_eps4_s0,BPI2013_Incidents
65.96015664190054,0.8203114422154554,0.643434734129061,0.12277193776023372,0.5791757389744154,13.192031328380107,14420008.095528757,5.013313779607415,0.34358502829649945,0.3349116562901694,0.603597073385391,9.309928414225578,0.4279487315565348,0.6234027836767645,124.6,0.7368437414423791,0.886048626723943,0.09571488015353677,1.0,0.0,6.6098192017525434,110.8,0.9486975337215373,21.0,0.8,21.0,1.0,1.0,,1.0,,0.01,3.3344923687420052e+38,42.0,5.0,1.2,min_freq_conf,['None'],"['nap', 'rtp']",PROB_LEN_DIST,333449236874200529952529357768513077421_eps5_s0,BPI2013_Incidents
66.04440128803253,0.9269086585462751,0.8690301720095247,0.02265635303078928,0.8067663408606798,13.208880257606506,14417952.910968482,1.039934927597642,0.3160287186332892,0.31550949808250445,0.8365858963852902,16.734568488225342,1.5554601598531008,0.6909225420160213,124.6,0.9067558935853579,0.9494593427954602,0.09702226035296914,1.0,0.0,86.61475530974568,934.8,0.9768903781029789,3.0,0.8,21.0,1.0,1.0,,1.0,,0.001,7.709050845017243e+37,42.0,5.0,1.2,min_freq_conf,['None'],"['nap', 'rtp']",PROB_LEN_DIST,77090508450172428794642679151270518728_eps0_s0,BPI2013_Incidents
66.04440128803253,0.8873477663509746,0.8027816508404155,0.02265635303078928,0.7476967679917176,13.208880257606506,14418315.311043005,1.039934927597642,0.28634447792741013,0.37786869134869777,0.7727547158966768,13.553187862038612,1.5767792101949454,0.6096362581279273,124.6,0.8472674029055073,0.9235777790854254,0.09685762487351893,1.0,0.0,32.72889532446861,934.8,0.9625562510759419,5.0,0.8,21.0,1.0,1.0,,1.0,,0.001,7.709050845017243e+37,42.0,5.0,1.2,min_freq_conf,['None'],"['nap', 'rtp']",PROB_LEN_DIST,77090508450172428794642679151270518728_eps1_s0,BPI2013_Incidents
66.04440128803253,0.8721647147416143,0.7786168848135137,0.02265635303078928,0.7254091126787486,13.208880257606506,14418534.642183255,1.039934927597642,0.35681192458397415,0.40819271351073105,0.7486514719679651,12.008171808719634,1.6514572836458683,0.5745013610826869,124.6,0.8276814057859477,0.9138233201626415,0.09797464087605472,1.0,0.0,25.453764697909357,934.8,0.9669447511713278,7.0,0.8,21.0,1.0,1.0,,1.0,,0.001,7.709050845017243e+37,42.0,5.0,1.2,min_freq_conf,['None'],"['nap', 'rtp']",PROB_LEN_DIST,77090508450172428794642679151270518728_eps2_s0,BPI2013_Incidents
66.04440128803253,0.8554985950637632,0.722314922143888,0.02265635303078928,0.6696413907434959,13.208880257606506,14418687.15179854,1.039934927597642,0.37107119717900067,0.47534708645340906,0.6898590526089131,8.50429708659649,1.7457151383161544,0.66072716880743,124.6,0.7946914879094293,0.9075841429719741,0.09880406819283956,1.0,0.0,13.694505502656103,934.8,0.961138054359391,11.0,0.8,21.0,1.0,1.0,,1.0,,0.001,7.709050845017243e+37,42.0,5.0,1.2,min_freq_conf,['None'],"['nap', 'rtp']",PROB_LEN_DIST,77090508450172428794642679151270518728_eps3_s0,BPI2013_Incidents
66.04440128803253,0.8453460401184743,0.7029213126263214,0.02265635303078928,0.6516488549018306,13.208880257606506,14418799.136647856,1.039934927597642,0.3699814293304312,0.5005984903183355,0.6705053483611904,7.0684735756367445,1.8191635336726903,0.6558241413690808,124.6,0.7797427629613534,0.9010207401617792,0.09920889027416702,1.0,0.0,12.181140742078423,934.8,0.9586473057899803,17.0,0.8,21.0,1.0,1.0,,1.0,,0.001,7.709050845017243e+37,42.0,5.0,1.2,min_freq_conf,['None'],"['nap', 'rtp']",PROB_LEN_DIST,77090508450172428794642679151270518728_eps4_s0,BPI2013_Incidents
66.04440128803253,0.8453460401184743,0.7029213126263214,0.02265635303078928,0.6516488549018306,13.208880257606506,14418906.721072044,1.039934927597642,0.3699814293304312,0.5005984903183355,0.6705053483611904,6.995155779644847,1.8638779800385237,0.6558241413690808,124.6,0.7797427629613534,0.9010207401617792,0.09529128000140186,1.0,0.0,12.248129360750317,934.8,0.9586473057899803,21.0,0.8,21.0,1.0,1.0,,1.0,,0.001,7.709050845017243e+37,42.0,5.0,1.2,min_freq_conf,['None'],"['nap', 'rtp']",PROB_LEN_DIST,77090508450172428794642679151270518728_eps5_s0,BPI2013_Incidents
5.695901282131672,0.7606813848973732,0.6760058564245099,0.11428162127789296,0.6733222810810144,1.1391802564263345,14349718.328231003,0.2026775833219289,0.22759997748687472,0.6732292236457544,0.673775644501941,0.43234032578766346,0.10769968889653678,0.7209016792198463,26.6,0.7007177694310908,0.8240651079411929,0.1042599737644195,1.0,0.0,0.34538996592164034,235.2,0.9087668849913483,3.0,0.8,21.0,1.0,1.0,,1.0,,0.01,1.951532578058504e+38,42.0,5.0,1.2,min_freq_conf,['None'],"['nap', 'rtp']",PROB_LEN_DIST,195153257805850390041578421552643170376_eps0_s0,EnvPermit
5.695901282131672,0.754751517083015,0.6726947767654113,0.11428162127789296,0.6701667802237388,1.1391802564263345,14349725.601249358,0.2026775833219289,0.20865525028160561,0.6700693465166248,0.6706201436446655,0.5700521137565374,0.1349392626434564,0.6593764040129989,26.6,0.678544345049677,0.8197090451636729,0.12278533242642878,1.0,0.0,0.3088995933532715,235.2,0.9064231352567969,5.0,0.8,21.0,1.0,1.0,,1.0,,0.01,1.951532578058504e+38,42.0,5.0,1.2,min_freq_conf,['None'],"['nap', 'rtp']",PROB_LEN_DIST,195153257805850390041578421552643170376_eps1_s0,EnvPermit
5.695901282131672,0.7937599482279818,0.7042918927923145,0.11428162127789296,0.70178423488456,1.1391802564263345,14349732.543853128,0.2026775833219289,0.2408013997546135,0.7016745274180771,0.7022595291160127,0.4665659863501787,0.11820086129009719,0.7654911353570377,26.6,0.724451290494866,0.8499574597071623,0.09891421608626838,1.0,0.0,0.18450511991977686,235.2,0.9224716601480288,7.0,0.8,21.0,1.0,1.0,,1.0,,0.01,1.951532578058504e+38,42.0,5.0,1.2,min_freq_conf,['None'],"['nap', 'rtp']",PROB_LEN_DIST,195153257805850390041578421552643170376_eps2_s0,EnvPermit
5.695901282131672,0.8158213589733956,0.7382449717284082,0.11428162127789296,0.7356631277208245,1.1391802564263345,14349738.864174634,0.2026775833219289,0.2408013997546135,0.7355613177418565,0.7361164911417513,0.46525051183998584,0.13218426741659636,0.7654911353570377,26.6,0.7612747884083302,0.8616837341630674,0.10817203819751735,1.0,0.0,0.18159103244543073,235.2,0.9224716601480288,11.0,0.8,21.0,1.0,1.0,,1.0,,0.01,1.951532578058504e+38,42.0,5.0,1.2,min_freq_conf,['None'],"['nap', 'rtp']",PROB_LEN_DIST,195153257805850390041578421552643170376_eps3_s0,EnvPermit
5.695901282131672,0.8158213589733956,0.7382449717284082,0.11428162127789296,0.7356631277208245,1.1391802564263345,14349745.297564885,0.2026775833219289,0.2408013997546135,0.7355613177418565,0.7361164911417513,0.46197723858058454,0.13644521310925478,0.7654911353570377,26.6,0.7612747884083302,0.8616837341630674,0.10777460187673567,1.0,0.0,0.15534922592341896,235.2,0.9224716601480288,17.0,0.8,21.0,1.0,1.0,,1.0,,0.01,1.951532578058504e+38,42.0,5.0,1.2,min_freq_conf,['None'],"['nap', 'rtp']",PROB_LEN_DIST,195153257805850390041578421552643170376_eps4_s0,EnvPermit
5.695901282131672,0.8158213589733956,0.7382449717284082,0.11428162127789296,0.7356631277208245,1.1391802564263345,14349751.434958111,0.2026775833219289,0.2408013997546135,0.7355613177418565,0.7361164911417513,0.4877900004386902,0.15047675371170038,0.7654911353570377,26.6,0.7612747884083302,0.8616837341630674,0.09917300827801225,1.0,0.0,0.1735205981880426,235.2,0.9224716601480288,21.0,0.8,21.0,1.0,1.0,,1.0,,0.01,1.951532578058504e+38,42.0,5.0,1.2,min_freq_conf,['None'],"['nap', 'rtp']",PROB_LEN_DIST,195153257805850390041578421552643170376_eps5_s0,EnvPermit
7.840707212686539,0.8283055791378391,0.753834842243908,0.00328685374563436,0.7502869427674768,1.5681414425373077,14349449.254586795,0.2303692940622568,0.5378788513961736,0.7501144333032812,0.7510506215663739,0.4631215017288923,1.906167170405388,0.8096182036670866,26.6,0.7760394086578387,0.8819998585975488,0.0998494360595941,1.0,0.0,5.2639577008783816,8545.0,0.9532538310694857,3.0,0.8,21.0,1.0,1.0,,1.0,,0.0001,2.273280915636024e+38,42.0,5.0,1.2,min_freq_conf,['None'],"['nap', 'rtp']",PROB_LEN_DIST,227328091563602415550816760598030868770_eps0_s0,EnvPermit
7.840707212686539,0.6828525875128961,0.45837972206483235,0.00328685374563436,0.40189482385188036,1.5681414425373077,14349482.111845842,0.2303692940622568,0.3379611534478869,0.39844005830596096,0.4217330982286677,0.45900836028158665,1.8822418391704558,0.3508074515606032,26.6,0.5516464625118976,0.7758679994190131,0.10367669202387328,1.0,0.0,2.8458581302314996,8545.0,0.8703900113073931,5.0,0.8,21.0,1.0,1.0,,1.0,,0.0001,2.273280915636024e+38,42.0,5.0,1.2,min_freq_conf,['None'],"['nap', 'rtp']",PROB_LEN_DIST,227328091563602415550816760598030868770_eps1_s0,EnvPermit
7.840707212686539,0.6903339716079535,0.4764213142920501,0.00328685374563436,0.45337890804970804,1.5681414425373077,14349509.094794791,0.2303692940622568,0.40812440100072644,0.4505086769510478,0.45953766818437813,0.42066924683749674,2.030926137790084,0.5477690695719751,26.6,0.5493749100283655,0.7853259471290717,0.10286041796207424,1.0,0.0,2.198853224888444,8545.0,0.9214813677185811,7.0,0.8,21.0,1.0,1.0,,1.0,,0.0001,2.273280915636024e+38,42.0,5.0,1.2,min_freq_conf,['None'],"['nap', 'rtp']",PROB_LEN_DIST,227328091563602415550816760598030868770_eps2_s0,EnvPermit
7.840707212686539,0.784333764088454,0.6250957056554609,0.00328685374563436,0.6218150825891217,1.5681414425373077,14349534.84609885,0.2303692940622568,0.5163966208617042,0.6217208479906531,0.6224230856959158,0.39234945476055144,2.1173128601163627,0.6627581825949618,26.6,0.6687539894315381,0.8560158679761134,0.10723331794142724,1.0,0.0,2.152843628078699,8545.0,0.9359504090453902,11.0,0.8,21.0,1.0,1.0,,1.0,,0.0001,2.273280915636024e+38,42.0,5.0,1.2,min_freq_conf,['None'],"['nap', 'rtp']",PROB_LEN_DIST,227328091563602415550816760598030868770_eps3_s0,EnvPermit
7.840707212686539,0.9064351309470469,0.8384572358541538,0.00328685374563436,0.8359827836747922,1.5681414425373077,14349561.836221194,0.2303692940622568,0.5464368625705223,0.8359088605883311,0.8364427956176023,0.49265671595931054,2.3199714783579113,0.8725426527156669,26.6,0.8585204674859452,0.9396372357131669,0.09130710065364832,1.0,0.0,2.323419915139675,8545.0,0.9749566089112959,17.0,0.8,21.0,1.0,1.0,,1.0,,0.0001,2.273280915636024e+38,42.0,5.0,1.2,min_freq_conf,['None'],"['nap', 'rtp']",PROB_LEN_DIST,227328091563602415550816760598030868770_eps4_s0,EnvPermit
7.840707212686539,0.9069078305441852,0.8386947398854858,0.00328685374563436,0.8360321453338033,1.5681414425373077,14349592.414326573,0.2303692940622568,0.5563563708573559,0.8359582222473421,0.8365237577889462,0.4945173982530832,2.720947529375553,0.8729415635146044,26.6,0.8589083406825868,0.9399633109648479,0.10402514971792694,1.0,0.0,2.6998466961085796,8545.0,0.97518972757487,21.0,0.8,21.0,1.0,1.0,,1.0,,0.0001,2.273280915636024e+38,42.0,5.0,1.2,min_freq_conf,['None'],"['nap', 'rtp']",PROB_LEN_DIST,227328091563602415550816760598030868770_eps5_s0,EnvPermit
6.351794976741076,0.8283055791378391,0.753834842243908,0.00328685374563436,0.7502869427674768,1.270358995348215,14349031.783569101,0.3716773688793182,0.5378788513961736,0.7501144333032812,0.7510506215663739,0.40753549076616763,1.577929302677512,0.8096182036670866,26.6,0.7760394086578387,0.8819998585975488,0.0839866783469915,1.0,0.0,4.482348874211311,8545.0,0.9532538310694857,3.0,0.8,21.0,1.0,1.0,,1.0,,1e-10,2.4858394662363133e+38,42.0,5.0,1.2,min_freq_conf,['None'],"['nap', 'rtp']",PROB_LEN_DIST,248583946623631345077453797542949045243_eps0_s0,EnvPermit
6.351794976741076,0.6828525875128961,0.45837972206483235,0.00328685374563436,0.40189482385188036,1.270358995348215,14349060.550818179,0.3716773688793182,0.3379611534478869,0.39844005830596096,0.4217330982286677,0.4140727296471596,1.7141901176422834,0.3508074515606032,26.6,0.5516464625118976,0.7758679994190131,0.08232637532055373,1.0,0.0,2.6095515437424184,8545.0,0.8703900113073931,5.0,0.8,21.0,1.0,1.0,,1.0,,1e-10,2.4858394662363133e+38,42.0,5.0,1.2,min_freq_conf,['None'],"['nap', 'rtp']",PROB_LEN_DIST,248583946623631345077453797542949045243_eps1_s0,EnvPermit
6.351794976741076,0.6903339716079535,0.4764213142920501,0.00328685374563436,0.45337890804970804,1.270358995348215,14349084.170308461,0.3716773688793182,0.40812440100072644,0.4505086769510478,0.45953766818437813,0.3948051005601883,1.7088787857443095,0.5477690695719751,26.6,0.5493749100283655,0.7853259471290717,0.08493926785886284,1.0,0.0,1.929390595108271,8545.0,0.9214813677185811,7.0,0.8,21.0,1.0,1.0,,1.0,,1e-10,2.4858394662363133e+38,42.0,5.0,1.2,min_freq_conf,['None'],"['nap', 'rtp']",PROB_LEN_DIST,248583946623631345077453797542949045243_eps2_s0,EnvPermit
6.351794976741076,0.784333764088454,0.6250957056554609,0.00328685374563436,0.6218150825891217,1.270358995348215,14349106.673995744,0.3716773688793182,0.5163966208617042,0.6217208479906531,0.6224230856959158,0.34846258722245693,1.893466877937317,0.6627581825949618,26.6,0.6687539894315381,0.8560158679761134,0.0872247878462076,1.0,0.0,1.909360210970044,8545.0,0.9359504090453902,11.0,0.8,21.0,1.0,1.0,,1.0,,1e-10,2.4858394662363133e+38,42.0,5.0,1.2,min_freq_conf,['None'],"['nap', 'rtp']",PROB_LEN_DIST,248583946623631345077453797542949045243_eps3_s0,EnvPermit
6.351794976741076,0.9064351309470469,0.8384572358541538,0.00328685374563436,0.8359827836747922,1.270358995348215,14349131.512447521,0.3716773688793182,0.5464368625705223,0.8359088605883311,0.8364427956176023,0.43031681440770625,2.2103841613978146,0.8725426527156669,26.6,0.8585204674859452,0.9396372357131669,0.0903742097318172,1.0,0.0,2.174548298865557,8545.0,0.9749566089112959,17.0,0.8,21.0,1.0,1.0,,1.0,,1e-10,2.4858394662363133e+38,42.0,5.0,1.2,min_freq_conf,['None'],"['nap', 'rtp']",PROB_LEN_DIST,248583946623631345077453797542949045243_eps4_s0,EnvPermit
6.351794976741076,0.9069078305441852,0.8386947398854858,0.00328685374563436,0.8360321453338033,1.270358995348215,14349159.270308677,0.3716773688793182,0.5563563708573559,0.8359582222473421,0.8365237577889462,0.44477370418608186,2.4844778291881084,0.8729415635146044,26.6,0.8589083406825868,0.9399633109648479,0.0876076284795999,1.0,0.0,2.478595581278205,8545.0,0.97518972757487,21.0,0.8,21.0,1.0,1.0,,1.0,,1e-10,2.4858394662363133e+38,42.0,5.0,1.2,min_freq_conf,['None'],"['nap', 'rtp']",PROB_LEN_DIST,248583946623631345077453797542949045243_eps5_s0,EnvPermit
6.407481033354998,0.8202231413905026,0.743512022379593,0.02256143393211818,0.7410307995205765,1.2814962066709996,14349641.077650428,0.22060290165245527,0.4697204663329152,0.7409468924719202,0.7414816415237165,0.5045120477676391,0.27872702740132804,0.798335128750266,26.6,0.7662072905838502,0.8752595183868882,0.10760378241538997,1.0,0.0,0.8489053022116423,768.6,0.9492671497284253,3.0,0.8,21.0,1.0,1.0,,1.0,,0.001,2.8596034459342276e+38,42.0,5.0,1.2,min_freq_conf,['None'],"['nap', 'rtp']",PROB_LEN_DIST,285960344593422759401702891587958904479_eps0_s0,EnvPermit
6.407481033354998,0.7345436192237027,0.591561229302526,0.02256143393211818,0.5871316417854469,1.2814962066709996,14349650.468839373,0.22060290165245527,0.4099543372388929,0.5870038281335072,0.5881838137592651,0.39070095941424365,0.33550007492303846,0.5831552064939617,26.6,0.6202423542973823,0.8056491676125669,0.10749295055866237,1.0,0.0,0.4116013485938311,768.6,0.9059210416328435,5.0,0.8,21.0,1.0,1.0,,1.0,,0.001,2.8596034459342276e+38,42.0,5.0,1.2,min_freq_conf,['None'],"['nap', 'rtp']",PROB_LEN_DIST,285960344593422759401702891587958904479_eps1_s0,EnvPermit
6.407481033354998,0.80693134451055,0.6904464089452134,0.02256143393211818,0.6862756602945994,1.2814962066709996,14349658.024704635,0.22060290165245527,0.45644677197283734,0.6861478466426597,0.6873216502703958,0.4097560215741396,0.2788183514028787,0.7377849855063949,26.6,0.7261272352681434,0.86119540852557,0.09710005447268481,1.0,0.0,0.3484726794064045,768.6,0.9460355516526686,7.0,0.8,21.0,1.0,1.0,,1.0,,0.001,2.8596034459342276e+38,42.0,5.0,1.2,min_freq_conf,['None'],"['nap', 'rtp']",PROB_LEN_DIST,285960344593422759401702891587958904479_eps2_s0,EnvPermit
6.407481033354998,0.8480412366616858,0.7633746739956523,0.02256143393211818,0.759422208474274,1.2814962066709996,14349666.061662152,0.22060290165245527,0.4629508987155962,0.759301942208101,0.7604354470817251,0.4674356635659933,0.31081528440117834,0.7616669221384169,26.6,0.783883842404274,0.8977210197982479,0.10134646408259865,1.0,0.0,0.3650275804102421,768.6,0.9527806529933599,11.0,0.8,21.0,1.0,1.0,,1.0,,0.001,2.8596034459342276e+38,42.0,5.0,1.2,min_freq_conf,['None'],"['nap', 'rtp']",PROB_LEN_DIST,285960344593422759401702891587958904479_eps3_s0,EnvPermit
6.407481033354998,0.9010804353713665,0.8297431570756393,0.02256143393211818,0.8258068297680822,1.2814962066709996,14349674.072057884,0.22060290165245527,0.4960709973138898,0.8256907574291026,0.8268020864957096,0.4755963087081909,0.33005257435142993,0.8666468016486976,26.6,0.8515318494396599,0.9350027856369708,0.09839373789727683,1.0,0.0,0.3394095778465271,768.6,0.9721210034357126,17.0,0.8,21.0,1.0,1.0,,1.0,,0.001,2.8596034459342276e+38,42.0,5.0,1.2,min_freq_conf,['None'],"['nap', 'rtp']",PROB_LEN_DIST,285960344593422759401702891587958904479_eps4_s0,EnvPermit
6.407481033354998,0.9010804353713665,0.8297431570756393,0.02256143393211818,0.8258068297680822,1.2814962066709996,14349682.509237748,0.22060290165245527,0.4960709973138898,0.8256907574291026,0.8268020864957096,0.4904117748141289,0.34792906045913696,0.8666468016486976,26.6,0.8515318494396599,0.9350027856369708,0.09822383448481556,1.0,0.0,0.3674129664897919,768.6,0.9721210034357126,21.0,0.8,21.0,1.0,1.0,,1.0,,0.001,2.8596034459342276e+38,42.0,5.0,1.2,min_freq_conf,['None'],"['nap', 'rtp']",PROB_LEN_DIST,285960344593422759401702891587958904479_eps5_s0,EnvPermit
6.863854963332415,0.8283055791378391,0.753834842243908,0.00328685374563436,0.7502869427674768,1.3727709926664828,14349228.274793437,0.1989551205188036,0.5378788513961736,0.7501144333032812,0.7510506215663739,0.4455132830888033,1.9289016611874104,0.8096182036670866,26.6,0.7760394086578387,0.8819998585975488,0.09228888899087903,1.0,0.0,5.0688878178596495,8545.0,0.9532538310694857,3.0,0.8,21.0,1.0,1.0,,1.0,,1e-07,8.49121211775631e+37,42.0,5.0,1.2,min_freq_conf,['None'],"['nap', 'rtp']",PROB_LEN_DIST,84912121177563102805634352907474382372_eps0_s0,EnvPermit
6.863854963332415,0.6828525875128961,0.45837972206483235,0.00328685374563436,0.40189482385188036,1.3727709926664828,14349262.247030562,0.1989551205188036,0.3379611534478869,0.39844005830596096,0.4217330982286677,0.47836403772234914,1.9189909670501948,0.3508074515606032,26.6,0.5516464625118976,0.7758679994190131,0.18506369777023787,1.0,0.0,2.8827884797006846,8545.0,0.8703900113073931,5.0,0.8,21.0,1.0,1.0,,1.0,,1e-07,8.49121211775631e+37,42.0,5.0,1.2,min_freq_conf,['None'],"['nap', 'rtp']",PROB_LEN_DIST,84912121177563102805634352907474382372_eps1_s0,EnvPermit
6.863854963332415,0.6903339716079535,0.4764213142920501,0.00328685374563436,0.45337890804970804,1.3727709926664828,14349289.904668625,0.1989551205188036,0.40812440100072644,0.4505086769510478,0.45953766818437813,0.4342254776507616,1.939874382317066,0.5477690695719751,26.6,0.5493749100283655,0.7853259471290717,0.102339119464159,1.0,0.0,2.5252688117325306,8545.0,0.9214813677185811,7.0,0.8,21.0,1.0,1.0,,1.0,,1e-07,8.49121211775631e+37,42.0,5.0,1.2,min_freq_conf,['None'],"['nap', 'rtp']",PROB_LEN_DIST,84912121177563102805634352907474382372_eps2_s0,EnvPermit
6.863854963332415,0.784333764088454,0.6250957056554609,0.00328685374563436,0.6218150825891217,1.3727709926664828,14349316.278240953,0.1989551205188036,0.5163966208617042,0.6217208479906531,0.6224230856959158,0.3947283308953047,2.2305149246007203,0.6627581825949618,26.6,0.6687539894315381,0.8560158679761134,0.10191251821815964,1.0,0.0,2.172330268099904,8545.0,0.9359504090453902,11.0,0.8,21.0,1.0,1.0,,1.0,,1e-07,8.49121211775631e+37,42.0,5.0,1.2,min_freq_conf,['None'],"['nap', 'rtp']",PROB_LEN_DIST,84912121177563102805634352907474382372_eps3_s0,EnvPermit
6.863854963332415,0.9064351309470469,0.8384572358541538,0.00328685374563436,0.8359827836747922,1.3727709926664828,14349345.090111952,0.1989551205188036,0.5464368625705223,0.8359088605883311,0.8364427956176023,0.4593208242207766,2.573336272314191,0.8725426527156669,26.6,0.8585204674859452,0.9396372357131669,0.10598161220550532,1.0,0.0,2.352682550251484,8545.0,0.9749566089112959,17.0,0.8,21.0,1.0,1.0,,1.0,,1e-07,8.49121211775631e+37,42.0,5.0,1.2,min_freq_conf,['None'],"['nap', 'rtp']",PROB_LEN_DIST,84912121177563102805634352907474382372_eps4_s0,EnvPermit
6.863854963332415,0.9069078305441852,0.8386947398854858,0.00328685374563436,0.8360321453338033,1.3727709926664828,14349375.503197927,0.1989551205188036,0.5563563708573559,0.8359582222473421,0.8365237577889462,0.4796853091567755,2.778071069344878,0.8729415635146044,26.6,0.8589083406825868,0.9399633109648479,0.10213490761816495,1.0,0.0,2.7035784114152195,8545.0,0.97518972757487,21.0,0.8,21.0,1.0,1.0,,1.0,,1e-07,8.49121211775631e+37,42.0,5.0,1.2,min_freq_conf,['None'],"['nap', 'rtp']",PROB_LEN_DIST,84912121177563102805634352907474382372_eps5_s0,EnvPermit
19.74536090902984,0.8915185525504759,0.9109092967241965,0.0005393227749075399,0.9109351011659917,3.949072181805968,14349112.028141644,0.3946181647479534,0.502625319279616,0.9109351011659917,0.9109327065299764,0.6700570929795504,10.04098793976009,0.8584775285916141,17.8,0.8971959061923063,0.9214018114904727,0.08900315091013908,1.0,0.0,20.26328677460551,12817.0,0.9679512170757401,3.0,0.8,21.0,1.0,1.0,,1.0,,1e-10,1.313526626929721e+38,42.0,5.0,1.2,min_freq_conf,['None'],"['nap', 'rtp']",PROB_LEN_DIST,131352662692972103786370035868633826923_eps0_s0,Helpdesk
19.74536090902984,0.6268272966177658,0.6440088888828825,0.0005393227749075399,0.6184890429546644,3.949072181805968,14349250.952443773,0.3946181647479534,0.20257758616504162,0.6184890429546644,0.6247168093501212,0.816137682646513,11.692998529970646,0.21205763242927372,17.8,0.6524057987801467,0.7169901008309287,0.09579837992787357,1.0,0.0,12.39332937039435,12817.0,0.836537343942792,5.0,0.8,21.0,1.0,1.0,,1.0,,1e-10,1.313526626929721e+38,42.0,5.0,1.2,min_freq_conf,['None'],"['nap', 'rtp']",PROB_LEN_DIST,131352662692972103786370035868633826923_eps1_s0,Helpdesk
19.74536090902984,0.5730936251501758,0.5561084488154512,0.0005393227749075399,0.5558247576823647,3.949072181805968,14349376.533149276,0.3946181647479534,0.31201657659690296,0.5558247576823647,0.5558368583600026,0.7868163771927357,11.48000561259687,0.2118250681481498,17.8,0.560746961786946,0.6728025190230764,0.09861788712441916,1.0,0.0,11.86734591498971,12817.0,0.8176075173201921,7.0,0.8,21.0,1.0,1.0,,1.0,,1e-10,1.313526626929721e+38,42.0,5.0,1.2,min_freq_conf,['None'],"['nap', 'rtp']",PROB_LEN_DIST,131352662692972103786370035868633826923_eps2_s0,Helpdesk
19.74536090902984,0.8155454336133197,0.8508729677647316,0.0005393227749075399,0.8507699075326315,3.949072181805968,14349504.921279505,0.3946181647479534,0.468696461500239,0.8507699075326315,0.8507675128966161,0.7388712551444769,12.404176286607981,0.8041557737525918,17.8,0.8390645401170108,0.8710293064844393,0.10726865641772743,1.0,0.0,12.559956485405564,12817.0,0.9494315387172734,11.0,0.8,21.0,1.0,1.0,,1.0,,1e-10,1.313526626929721e+38,42.0,5.0,1.2,min_freq_conf,['None'],"['nap', 'rtp']",PROB_LEN_DIST,131352662692972103786370035868633826923_eps3_s0,Helpdesk
19.74536090902984,0.8888015861502044,0.9072988864986599,0.0005393227749075399,0.9073246909404553,3.949072181805968,14349648.257867564,0.3946181647479534,0.4928306008603836,0.9073246909404553,0.90732229630444,0.8167491778731346,14.405287769064307,0.8534664190014292,17.8,0.8935212178023271,0.9192448398311622,0.11760373599827285,1.0,0.0,14.64827215448022,12817.0,0.9661905087453693,17.0,0.8,21.0,1.0,1.0,,1.0,,1e-10,1.313526626929721e+38,42.0,5.0,1.2,min_freq_conf,['None'],"['nap', 'rtp']",PROB_LEN_DIST,131352662692972103786370035868633826923_eps4_s0,Helpdesk
19.74536090902984,0.8896603038302718,0.9081894419821268,0.0005393227749075399,0.9082152464239224,3.949072181805968,14349812.029924933,0.3946181647479534,0.4963354787667419,0.9082152464239224,0.908212851787907,0.7201867833733558,16.34239293821156,0.8553540521857717,17.8,0.8943112507672728,0.92009049453111,0.12177941985428328,1.0,0.0,16.58813487701118,12817.0,0.9670004696205566,21.0,0.8,21.0,1.0,1.0,,1.0,,1e-10,1.313526626929721e+38,42.0,5.0,1.2,min_freq_conf,['None'],"['nap', 'rtp']",PROB_LEN_DIST,131352662692972103786370035868633826923_eps5_s0,Helpdesk
18.25581002421677,0.8905271641986822,0.9094669643333745,0.00239355321799746,0.9094927687751699,3.6511620048433535,14350924.989125233,0.3430840000510216,0.4525774309602736,0.9094927687751699,0.9094903741391548,0.6537867173552513,3.177099525183439,0.8577041367836091,17.8,0.8959018076347778,0.9207303346340533,0.08834914602339264,1.0,0.0,6.501821787655354,3738.6,0.9675860051449832,3.0,0.8,21.0,1.0,1.0,,1.0,,0.0001,1.5774315017939199e+38,42.0,5.0,1.2,min_freq_conf,['None'],"['nap', 'rtp']",PROB_LEN_DIST,157743150179391962308975927623047206194_eps0_s0,Helpdesk
18.25581002421677,0.6728585558698169,0.6819120673715027,0.00239355321799746,0.6752130563737451,3.6511620048433535,14350971.622383129,0.3430840000510216,0.29026036990578924,0.6752130563737451,0.6760072188874727,0.7139405816793442,3.2013763446360826,0.3219080003936393,17.8,0.669443602444675,0.6979658137301751,0.08867114968597885,1.0,0.0,4.089404419064522,3738.6,0.8141268861956161,5.0,0.8,21.0,1.0,1.0,,1.0,,0.0001,1.5774315017939199e+38,42.0,5.0,1.2,min_freq_conf,['None'],"['nap', 'rtp']",PROB_LEN_DIST,157743150179391962308975927623047206194_eps1_s0,Helpdesk
18.25581002421677,0.6217138614304197,0.6622967258170958,0.00239355321799746,0.6623250997970167,3.6511620048433535,14351012.082860192,0.3430840000510216,0.24770852123788245,0.6623250997970167,0.6623227051610013,0.6866838168352842,3.3486785162240267,0.41934733031912386,17.8,0.6484052363814593,0.6808405108252261,0.08875880390405651,1.0,0.0,3.479419996216893,3738.6,0.8370696334830339,7.0,0.8,21.0,1.0,1.0,,1.0,,0.0001,1.5774315017939199e+38,42.0,5.0,1.2,min_freq_conf,['None'],"['nap', 'rtp']",PROB_LEN_DIST,157743150179391962308975927623047206194_eps2_s0,Helpdesk
18.25581002421677,0.8208744315076123,0.8579636683124054,0.00239355321799746,0.8579894727542008,3.6511620048433535,14351052.582799206,0.3430840000510216,0.43343589982981784,0.8579894727542008,0.8579870781181855,0.6234349980950356,3.5669081076979636,0.8135577121488614,17.8,0.8451011527214021,0.8740759163502411,0.08910370059311386,1.0,0.0,3.5973093923181296,3738.6,0.9494438584278158,11.0,0.8,21.0,1.0,1.0,,1.0,,0.0001,1.5774315017939199e+38,42.0,5.0,1.2,min_freq_conf,['None'],"['nap', 'rtp']",PROB_LEN_DIST,157743150179391962308975927623047206194_eps3_s0,Helpdesk
18.25581002421677,0.8877760171849983,0.9061767514154504,0.00239355321799746,0.9062025558572457,3.6511620048433535,14351095.848614823,0.3430840000510216,0.45337765094882,0.9062025558572457,0.9062001612212305,0.6530122544616461,3.982150036841631,0.8542274388680372,17.8,0.8924361480205155,0.9182707143312054,0.08725816495716568,1.0,0.0,3.9579380925744774,3738.6,0.9659509606738613,17.0,0.8,21.0,1.0,1.0,,1.0,,0.0001,1.5774315017939199e+38,42.0,5.0,1.2,min_freq_conf,['None'],"['nap', 'rtp']",PROB_LEN_DIST,157743150179391962308975927623047206194_eps4_s0,Helpdesk
18.25581002421677,0.8878890207719753,0.9063284771708686,0.00239355321799746,0.906354281612664,3.6511620048433535,14351142.966482278,0.3430840000510216,0.4535194305665821,0.906354281612664,0.9063518869766487,0.6519012916833162,4.3387194570153955,0.8545373440736143,17.8,0.8926072348601546,0.9183933984602927,0.08786721788346762,1.0,0.0,4.31149512566626,3738.6,0.966086552192429,21.0,0.8,21.0,1.0,1.0,,1.0,,0.0001,1.5774315017939199e+38,42.0,5.0,1.2,min_freq_conf,['None'],"['nap', 'rtp']",PROB_LEN_DIST,157743150179391962308975927623047206194_eps5_s0,Helpdesk
16.37230296805501,0.8876972535722972,0.9062690972924207,0.00613516688128514,0.9062949017342163,3.274460593611002,14351258.310954258,0.2908140011131763,0.41870731799176,0.9062949017342163,0.906292507098201,0.6384117230772972,0.9223529275506734,0.8546946989475949,17.8,0.8927167882844517,0.9184764632515214,0.08319531381130216,1.0,0.0,2.058498129621148,852.0,0.9661324270975726,3.0,0.8,21.0,1.0,1.0,,1.0,,0.001,1.9207650275242172e+37,42.0,5.0,1.2,min_freq_conf,['None'],"['nap', 'rtp']",PROB_LEN_DIST,19207650275242170864062645768733669095_eps0_s0,Helpdesk
16.37230296805501,0.7474174326773902,0.7864989033410879,0.00613516688128514,0.7865515194870312,3.274460593611002,14351276.3637464,0.2908140011131763,0.28291318318667213,0.7865515194870312,0.7865491248510158,0.7281906608492136,0.937170596420765,0.35053000522529876,17.8,0.7524203356937421,0.7335374172127145,0.08333813026547429,1.0,0.0,1.281919053569436,852.0,0.8605047616131559,5.0,0.8,21.0,1.0,1.0,,1.0,,0.001,1.9207650275242172e+37,42.0,5.0,1.2,min_freq_conf,['None'],"['nap', 'rtp']",PROB_LEN_DIST,19207650275242170864062645768733669095_eps1_s0,Helpdesk
16.37230296805501,0.757817753302898,0.8139483722599212,0.00613516688128514,0.8139741767017166,3.274460593611002,14351292.203792397,0.2908140011131763,0.31835431668033687,0.8139741767017166,0.8139717820657012,0.6532278418540954,0.9684519093483687,0.45445434145488817,17.8,0.7906719445439507,0.7513379645029699,0.08577368445694442,1.0,0.0,1.054703826084733,852.0,0.8762862621848463,7.0,0.8,21.0,1.0,1.0,,1.0,,0.001,1.9207650275242172e+37,42.0,5.0,1.2,min_freq_conf,['None'],"['nap', 'rtp']",PROB_LEN_DIST,19207650275242170864062645768733669095_eps2_s0,Helpdesk
16.37230296805501,0.8874730236388995,0.9058023139279161,0.00613516688128514,0.9058281183697113,3.274460593611002,14351307.617029954,0.2908140011131763,0.4191003710675334,0.9058281183697113,0.9058257237336962,0.6444881219416857,1.0164770305156707,0.8554643953948359,17.8,0.8922151678858468,0.918350385877312,0.09086569808423516,1.0,0.0,1.0403291713446379,852.0,0.9661892366255571,11.0,0.8,21.0,1.0,1.0,,1.0,,0.001,1.9207650275242172e+37,42.0,5.0,1.2,min_freq_conf,['None'],"['nap', 'rtp']",PROB_LEN_DIST,19207650275242170864062645768733669095_eps3_s0,Helpdesk
16.37230296805501,0.8874730236388995,0.9058023139279161,0.00613516688128514,0.9058281183697113,3.274460593611002,14351323.640871774,0.2908140011131763,0.4191003710675334,0.9058281183697113,0.9058257237336962,0.6559397302567959,1.1145775251090526,0.8554643953948359,17.8,0.8922151678858468,0.918350385877312,0.08286735266447064,1.0,0.0,1.1201916191726924,852.0,0.9661892366255571,17.0,0.8,21.0,1.0,1.0,,1.0,,0.001,1.9207650275242172e+37,42.0,5.0,1.2,min_freq_conf,['None'],"['nap', 'rtp']",PROB_LEN_DIST,19207650275242170864062645768733669095_eps4_s0,Helpdesk
16.37230296805501,0.8874730236388995,0.9058023139279161,0.00613516688128514,0.9058281183697113,3.274460593611002,14351340.458103228,0.2908140011131763,0.4191003710675334,0.9058281183697113,0.9058257237336962,0.6505770552903414,1.197228203713894,0.8554643953948359,17.8,0.8922151678858468,0.918350385877312,0.08545892760157581,1.0,0.0,1.2083069738000631,852.0,0.9661892366255571,21.0,0.8,21.0,1.0,1.0,,1.0,,0.001,1.9207650275242172e+37,42.0,5.0,1.2,min_freq_conf,['None'],"['nap', 'rtp']",PROB_LEN_DIST,19207650275242170864062645768733669095_eps5_s0,Helpdesk
16.755261942744255,0.8473500873298521,0.8563345913856468,0.06356705266780353,0.8563549223736928,3.351052388548851,14351439.2593932,0.3216521050781011,0.39855391966417725,0.8563549223736928,0.8563525277376776,0.6341320298612118,0.25334487594664096,0.8125698026852488,17.8,0.8445177484662432,0.8867569551730728,0.08493979685008521,1.0,0.0,0.6933483060449361,148.4,0.9497609316780518,3.0,0.8,21.0,1.0,1.0,,1.0,,0.01,2.1806897867977703e+38,42.0,5.0,1.2,min_freq_conf,['None'],"['nap', 'rtp']",PROB_LEN_DIST,218068978679777025456548306463296540513_eps0_s0,Helpdesk
16.755261942744255,0.7898707945803485,0.8216266352441647,0.06356705266780353,0.8216502106680033,3.351052388548851,14351448.612288114,0.3216521050781011,0.3501905740815553,0.8216502106680033,0.821647816031988,0.6562800385057926,0.2621545597910881,0.7096369939221295,17.8,0.8010024748083506,0.8374387964841116,0.08764067925512783,1.0,0.0,0.47487658485770223,148.4,0.9302327704612579,5.0,0.8,21.0,1.0,1.0,,1.0,,0.01,2.1806897867977703e+38,42.0,5.0,1.2,min_freq_conf,['None'],"['nap', 'rtp']",PROB_LEN_DIST,218068978679777025456548306463296540513_eps1_s0,Helpdesk
16.755261942744255,0.8195774752017335,0.8404203629619923,0.06356705266780353,0.8404439383858311,3.351052388548851,14351457.242256666,0.3216521050781011,0.39855391966417725,0.8404439383858311,0.8404415437498157,0.6386471956968307,0.27003874592483046,0.8125698026852488,17.8,0.8203622648893856,0.8709236607708875,0.08685465976595874,1.0,0.0,0.3758754082024097,148.4,0.9498381775085478,7.0,0.8,21.0,1.0,1.0,,1.0,,0.01,2.1806897867977703e+38,42.0,5.0,1.2,min_freq_conf,['None'],"['nap', 'rtp']",PROB_LEN_DIST,218068978679777025456548306463296540513_eps2_s0,Helpdesk
16.755261942744255,0.8473500873298521,0.8563345913856468,0.06356705266780353,0.8563549223736928,3.351052388548851,14351465.446292888,0.3216521050781011,0.39855391966417725,0.8563549223736928,0.8563525277376776,0.6298070799559354,0.28860812932252883,0.8125698026852488,17.8,0.8445177484662432,0.8867569551730728,0.08557990193367,1.0,0.0,0.31127955093979837,148.4,0.9497609316780518,11.0,0.8,21.0,1.0,1.0,,1.0,,0.01,2.1806897867977703e+38,42.0,5.0,1.2,min_freq_conf,['None'],"['nap', 'rtp']",PROB_LEN_DIST,218068978679777025456548306463296540513_eps3_s0,Helpdesk
16.755261942744255,0.8473500873298521,0.8563345913856468,0.06356705266780353,0.8563549223736928,3.351052388548851,14351473.719271462,0.3216521050781011,0.39855391966417725,0.8563549223736928,0.8563525277376776,0.6280943617224694,0.30210433937609193,0.8125698026852488,17.8,0.8445177484662432,0.8867569551730728,0.08727614656090732,1.0,0.0,0.3302897028625011,148.4,0.9497609316780518,17.0,0.8,21.0,1.0,1.0,,1.0,,0.01,2.1806897867977703e+38,42.0,5.0,1.2,min_freq_conf,['None'],"['nap', 'rtp']",PROB_LEN_DIST,218068978679777025456548306463296540513_eps4_s0,Helpdesk
16.755261942744255,0.8473500873298521,0.8563345913856468,0.06356705266780353,0.8563549223736928,3.351052388548851,14351482.092071736,0.3216521050781011,0.39855391966417725,0.8563549223736928,0.8563525277376776,0.6198345083743334,0.3167910251766443,0.8125698026852488,17.8,0.8445177484662432,0.8867569551730728,0.08467707633972162,1.0,0.0,0.3457818403840065,148.4,0.9497609316780518,21.0,0.8,21.0,1.0,1.0,,1.0,,0.01,2.1806897867977703e+38,42.0,5.0,1.2,min_freq_conf,['None'],"['nap', 'rtp']",PROB_LEN_DIST,218068978679777025456548306463296540513_eps5_s0,Helpdesk
20.697109637781978,0.8915185525504759,0.9109092967241965,0.0005393227749075399,0.9109351011659917,4.139421927556396,14350087.235837152,2.2389779090881348,0.502625319279616,0.9109351011659917,0.9109327065299764,0.7773787535727024,10.75728399977088,0.8584775285916141,17.8,0.8971959061923063,0.9214018114904727,0.784534341096878,1.0,0.0,21.540326312184334,12817.0,0.9679512170757401,3.0,0.8,21.0,1.0,1.0,,1.0,,1e-07,5.30302399968148e+37,42.0,5.0,1.2,min_freq_conf,['None'],"['nap', 'rtp']",PROB_LEN_DIST,53030239996814801667998677876357158830_eps0_s0,Helpdesk
20.697109637781978,0.6268272966177658,0.6440088888828825,0.0005393227749075399,0.6184890429546644,4.139421927556396,14350226.70621286,2.2389779090881348,0.20257758616504162,0.6184890429546644,0.6247168093501212,0.8156787328422069,10.779591608047486,0.21205763242927372,17.8,0.6524057987801467,0.7169901008309287,0.09967855066061015,1.0,0.0,11.456700485944747,12817.0,0.836537343942792,5.0,0.8,21.0,1.0,1.0,,1.0,,1e-07,5.30302399968148e+37,42.0,5.0,1.2,min_freq_conf,['None'],"['nap', 'rtp']",PROB_LEN_DIST,53030239996814801667998677876357158830_eps1_s0,Helpdesk
20.697109637781978,0.5730936251501758,0.5561084488154512,0.0005393227749075399,0.5558247576823647,4.139421927556396,14350341.976346057,2.2389779090881348,0.31201657659690296,0.5558247576823647,0.5558368583600026,0.6996278017759323,10.828285633400082,0.2118250681481498,17.8,0.560746961786946,0.6728025190230764,0.0914243277162313,1.0,0.0,11.006540405005216,12817.0,0.8176075173201921,7.0,0.8,21.0,1.0,1.0,,1.0,,1e-07,5.30302399968148e+37,42.0,5.0,1.2,min_freq_conf,['None'],"['nap', 'rtp']",PROB_LEN_DIST,53030239996814801667998677876357158830_eps2_s0,Helpdesk
20.697109637781978,0.8155454336133197,0.8508729677647316,0.0005393227749075399,0.8507699075326315,4.139421927556396,14350460.43521824,2.2389779090881348,0.468696461500239,0.8507699075326315,0.8507675128966161,0.6381156198680401,11.483628134056925,0.8041557737525918,17.8,0.8390645401170108,0.8710293064844393,0.09369744956493375,1.0,0.0,11.529504512250423,12817.0,0.9494315387172734,11.0,0.8,21.0,1.0,1.0,,1.0,,1e-07,5.30302399968148e+37,42.0,5.0,1.2,min_freq_conf,['None'],"['nap', 'rtp']",PROB_LEN_DIST,53030239996814801667998677876357158830_eps3_s0,Helpdesk
20.697109637781978,0.8888015861502044,0.9072988864986599,0.0005393227749075399,0.9073246909404553,4.139421927556396,14350592.533407766,2.2389779090881348,0.4928306008603836,0.9073246909404553,0.90732229630444,0.6631428651511669,13.4164805021137,0.8534664190014292,17.8,0.8935212178023271,0.9192448398311622,0.09438828602433202,1.0,0.0,13.45604719184339,12817.0,0.9661905087453693,17.0,0.8,21.0,1.0,1.0,,1.0,,1e-07,5.30302399968148e+37,42.0,5.0,1.2,min_freq_conf,['None'],"['nap', 'rtp']",PROB_LEN_DIST,53030239996814801667998677876357158830_eps4_s0,Helpdesk
20.697109637781978,0.8896603038302718,0.9081894419821268,0.0005393227749075399,0.9082152464239224,4.139421927556396,14350743.881952632,2.2389779090881348,0.4963354787667419,0.9082152464239224,0.908212851787907,0.6556969210505486,15.391615041345357,0.8553540521857717,17.8,0.8943112507672728,0.92009049453111,0.09673441164195534,1.0,0.0,15.048768075183034,12817.0,0.9670004696205566,21.0,0.8,21.0,1.0,1.0,,1.0,,1e-07,5.30302399968148e+37,42.0,5.0,1.2,min_freq_conf,['None'],"['nap', 'rtp']",PROB_LEN_DIST,53030239996814801667998677876357158830_eps5_s0,Helpdesk
39.96625832282007,0.9362078685918451,0.7075519222674927,0.00514257855156588,0.5263025016583541,7.993251664564012,14362405.638604486,1.2421318832784891,0.7667172646445758,0.4711018033120375,0.5939416978590666,9.29338929951191,3.442900016531348,0.8638697177225246,52.6,0.8694840752748189,0.9635876208233303,0.09540089219808574,1.0,0.0,36.758811338990924,7891.6,0.985527535676226,3.0,0.8,21.0,1.0,1.0,,1.0,,0.0001,1.5719573808126124e+38,42.0,5.0,1.2,min_freq_conf,['None'],"['nap', 'rtp']",PROB_LEN_DIST,157195738081261261091291273926082720527_eps0_s0,Nasa
39.96625832282007,0.9455286589450138,0.7206061174024782,0.00514257855156588,0.5369383802625403,7.993251664564012,14362615.747430226,1.2421318832784891,0.7839645660614113,0.4835708901823511,0.6063334517634085,9.330688790977,3.52915896512568,0.8789652859619995,52.6,0.881055062296175,0.971019586064249,0.09431857131421562,1.0,0.0,23.63690356686711,7891.6,0.9895997510835544,5.0,0.8,21.0,1.0,1.0,,1.0,,0.0001,1.5719573808126124e+38,42.0,5.0,1.2,min_freq_conf,['None'],"['nap', 'rtp']",PROB_LEN_DIST,157195738081261261091291273926082720527_eps1_s0,Nasa
39.96625832282007,0.9476400498081693,0.7255084881246407,0.00514257855156588,0.5434104087796976,7.993251664564012,14362782.419466052,1.2421318832784891,0.7859190757000072,0.4927988754044231,0.6107530776605823,9.484561663120985,3.6228546425700188,0.8774563860700416,52.6,0.8855120007354552,0.9716157908253285,0.09485817663371558,1.0,0.0,17.393391939252616,7891.6,0.9897705960032065,7.0,0.8,21.0,1.0,1.0,,1.0,,0.0001,1.5719573808126124e+38,42.0,5.0,1.2,min_freq_conf,['None'],"['nap', 'rtp']",PROB_LEN_DIST,157195738081261261091291273926082720527_eps2_s0,Nasa
39.96625832282007,0.955995007206135,0.775520407027319,0.00514257855156588,0.6040967673572093,7.993251664564012,14362939.779059589,1.2421318832784891,0.79166376022276,0.4807895264606099,0.6796060816187233,12.758751355111599,3.8588517136871814,0.8863562835064144,52.6,0.9043128920731431,0.9763085348594226,0.09510120637714858,1.0,0.0,14.608669948205351,7891.6,0.9914424925647923,11.0,0.8,21.0,1.0,1.0,,1.0,,0.0001,1.5719573808126124e+38,42.0,5.0,1.2,min_freq_conf,['None'],"['nap', 'rtp']",PROB_LEN_DIST,157195738081261261091291273926082720527_eps3_s0,Nasa
39.96625832282007,0.9549497077050282,0.7739193469262934,0.00514257855156588,0.6141517940640487,7.993251664564012,14363090.853729134,1.2421318832784891,0.7959150346013966,0.48800711831968924,0.6817338246812897,12.985934095829725,4.284547130391002,0.8877977125606833,52.6,0.9026176700524443,0.975756945961235,0.09524861499667164,1.0,0.0,11.774333698302508,7891.6,0.9912651646796297,17.0,0.8,21.0,1.0,1.0,,1.0,,0.0001,1.5719573808126124e+38,42.0,5.0,1.2,min_freq_conf,['None'],"['nap', 'rtp']",PROB_LEN_DIST,157195738081261261091291273926082720527_eps4_s0,Nasa
39.96625832282007,0.9523073092960559,0.7585516861183736,0.00514257855156588,0.5924519936998422,7.993251664564012,14363229.46236358,1.2421318832784891,0.7968574318842679,0.4932292683861318,0.6613240854043655,11.983599954843521,4.56484675258398,0.8862496675885454,52.6,0.8967343769252324,0.9744690045597496,0.09648916050791737,1.0,0.0,9.635711270570756,7891.6,0.9911634838759229,21.0,0.8,21.0,1.0,1.0,,1.0,,0.0001,1.5719573808126124e+38,42.0,5.0,1.2,min_freq_conf,['None'],"['nap', 'rtp']",PROB_LEN_DIST,157195738081261261091291273926082720527_eps5_s0,Nasa
258.33066951856017,0.93767264252651,0.7104600671672567,0.00023675338665765086,0.5291253054210384,51.66613390371204,14357783.452578753,1.320994172245264,0.7770518903937753,0.47382242221869364,0.59679064390659,9.279011867567897,19.155856447666885,0.8688936824776391,52.6,0.8715352654909699,0.9646104977331615,0.09484985955059524,1.0,0.0,265.7065276589245,122210.2,0.9860978216443549,3.0,0.8,21.0,1.0,1.0,,1.0,,1e-07,1.6584711790560075e+38,42.0,5.0,1.2,min_freq_conf,['None'],"['nap', 'rtp']",PROB_LEN_DIST,165847117905600722245547185975085723347_eps0_s0,Nasa
258.33066951856017,0.9459398872833555,0.7205121112296027,0.00023675338665765086,0.5359754327492326,51.66613390371204,14358982.455883462,1.320994172245264,0.7924117865280459,0.4853843497176923,0.6053458904682155,9.348245398700238,19.94566768184304,0.8814553524011532,52.6,0.881395943922348,0.9713796650345028,0.10150612480938433,1.0,0.0,174.2187807716429,122210.2,0.9898946632947319,5.0,0.8,21.0,1.0,1.0,,1.0,,1e-07,1.6584711790560075e+38,42.0,5.0,1.2,min_freq_conf,['None'],"['nap', 'rtp']",PROB_LEN_DIST,165847117905600722245547185975085723347_eps1_s0,Nasa
258.33066951856017,0.9451816838491268,0.720771082497542,0.00023675338665765086,0.5305318899927757,51.66613390371204,14359866.364786815,1.320994172245264,0.7879803800201189,0.48009195988102726,0.599684225619191,10.056795620173215,19.840434715524317,0.8675306795173963,52.6,0.8831864229028437,0.9696673274447715,0.09628188647329804,1.0,0.0,128.5241973888129,122210.2,0.9888773287955305,7.0,0.8,21.0,1.0,1.0,,1.0,,1e-07,1.6584711790560075e+38,42.0,5.0,1.2,min_freq_conf,['None'],"['nap', 'rtp']",PROB_LEN_DIST,165847117905600722245547185975085723347_eps2_s0,Nasa
258.33066951856017,0.9525260813406675,0.766660495615225,0.00023675338665765086,0.6018744427248948,51.66613390371204,14360604.153152129,1.320994172245264,0.7991093022738852,0.4670805063413324,0.6750533575633313,13.525257702544332,20.87931494638324,0.8617550679823452,52.6,0.8978378808011167,0.9743684924774977,0.0967949707061052,1.0,0.0,106.06196367964148,122210.2,0.9909358993719387,11.0,0.8,21.0,1.0,1.0,,1.0,,1e-07,1.6584711790560075e+38,42.0,5.0,1.2,min_freq_conf,['None'],"['nap', 'rtp']",PROB_LEN_DIST,165847117905600722245547185975085723347_eps3_s0,Nasa
258.33066951856017,0.9540348164903992,0.7546965736199601,0.00023675338665765086,0.5780507643171335,51.66613390371204,14361223.49990097,1.320994172245264,0.8117232575655159,0.47840695658104276,0.6536686397989162,12.545684767141939,24.329965437203647,0.8890975424287285,52.6,0.8977356861958226,0.9756205328655512,0.09410841837525363,1.0,0.0,75.16706780306995,122210.2,0.991822765406058,17.0,0.8,21.0,1.0,1.0,,1.0,,1e-07,1.6584711790560075e+38,42.0,5.0,1.2,min_freq_conf,['None'],"['nap', 'rtp']",PROB_LEN_DIST,165847117905600722245547185975085723347_eps4_s0,Nasa
258.33066951856017,0.9525099093809976,0.7513121699559043,0.00023675338665765086,0.5741486399262123,51.66613390371204,14361813.213995557,1.320994172245264,0.8140246860212054,0.48477143720304233,0.6489908117491486,12.353272948414087,32.841550170630214,0.8882712682762473,52.6,0.8957345860714355,0.9748135431246109,0.09703706055879589,1.0,0.0,75.23075264170765,122210.2,0.9914688326745218,21.0,0.8,21.0,1.0,1.0,,1.0,,1e-07,1.6584711790560075e+38,42.0,5.0,1.2,min_freq_conf,['None'],"['nap', 'rtp']",PROB_LEN_DIST,165847117905600722245547185975085723347_eps5_s0,Nasa
37.4481101706624,0.7789382446473117,0.46716234789238553,0.4973908974158732,0.24840609976697015,7.489622034132481,14364138.625871435,1.210103889927268,0.2183063524904453,0.17203308582608015,0.3334739556513144,4.737077045440674,0.36952493004500864,0.4667146419012133,52.6,0.6732142101573368,0.8410452317738064,0.09687186814844606,1.0,0.0,2.204263477772474,178.2,0.9093465440021964,3.0,0.8,21.0,1.0,1.0,,1.0,,0.01,2.622788265903763e+38,42.0,5.0,1.2,min_freq_conf,['None'],"['nap', 'rtp']",PROB_LEN_DIST,262278826590376297896729739137885756266_eps0_s0,Nasa
37.4481101706624,0.7789382446473117,0.46716234789238553,0.4973908974158732,0.24840609976697015,7.489622034132481,14364174.72941989,1.210103889927268,0.2183063524904453,0.17203308582608015,0.3334739556513144,4.75406678430736,0.3881878949701786,0.4667146419012133,52.6,0.6732142101573368,0.8410452317738064,0.09568567089736456,1.0,0.0,1.3570064660161734,178.2,0.9093465440021964,5.0,0.8,21.0,1.0,1.0,,1.0,,0.01,2.622788265903763e+38,42.0,5.0,1.2,min_freq_conf,['None'],"['nap', 'rtp']",PROB_LEN_DIST,262278826590376297896729739137885756266_eps1_s0,Nasa
37.4481101706624,0.7789382446473117,0.46716234789238553,0.4973908974158732,0.24840609976697015,7.489622034132481,14364208.432042444,1.210103889927268,0.2183063524904453,0.17203308582608015,0.3334739556513144,4.770677849277854,0.3890752203762531,0.4667146419012133,52.6,0.6732142101573368,0.8410452317738064,0.09541354440152641,1.0,0.0,1.0812646880745889,178.2,0.9093465440021964,7.0,0.8,21.0,1.0,1.0,,1.0,,0.01,2.622788265903763e+38,42.0,5.0,1.2,min_freq_conf,['None'],"['nap', 'rtp']",PROB_LEN_DIST,262278826590376297896729739137885756266_eps2_s0,Nasa
37.4481101706624,0.7789382446473117,0.46716234789238553,0.4973908974158732,0.24840609976697015,7.489622034132481,14364241.037496898,1.210103889927268,0.2183063524904453,0.17203308582608015,0.3334739556513144,4.791708423569799,0.4132700901478529,0.4667146419012133,52.6,0.6732142101573368,0.8410452317738064,0.09490049853920932,1.0,0.0,0.850715159997344,178.2,0.9093465440021964,11.0,0.8,21.0,1.0,1.0,,1.0,,0.01,2.622788265903763e+38,42.0,5.0,1.2,min_freq_conf,['None'],"['nap', 'rtp']",PROB_LEN_DIST,262278826590376297896729739137885756266_eps3_s0,Nasa
37.4481101706624,0.7789382446473117,0.46716234789238553,0.4973908974158732,0.24840609976697015,7.489622034132481,14364272.847982759,1.210103889927268,0.2183063524904453,0.17203308582608015,0.3334739556513144,4.765059164911508,0.4253772672265768,0.4667146419012133,52.6,0.6732142101573368,0.8410452317738064,0.09385049156844612,1.0,0.0,0.7146912697702646,178.2,0.9093465440021964,17.0,0.8,21.0,1.0,1.0,,1.0,,0.01,2.622788265903763e+38,42.0,5.0,1.2,min_freq_conf,['None'],"['nap', 'rtp']",PROB_LEN_DIST,262278826590376297896729739137885756266_eps4_s0,Nasa
37.4481101706624,0.7789382446473117,0.46716234789238553,0.4973908974158732,0.24840609976697015,7.489622034132481,14364304.21012691,1.210103889927268,0.2183063524904453,0.17203308582608015,0.3334739556513144,4.758205919712782,0.4319505229592323,0.4667146419012133,52.6,0.6732142101573368,0.8410452317738064,0.0934742879122495,1.0,0.0,0.6772544790059328,178.2,0.9093465440021964,21.0,0.8,21.0,1.0,1.0,,1.0,,0.01,2.622788265903763e+38,42.0,5.0,1.2,min_freq_conf,['None'],"['nap', 'rtp']",PROB_LEN_DIST,262278826590376297896729739137885756266_eps5_s0,Nasa
38.09800631552935,0.9058330430241328,0.6431296445824799,0.11316776054931084,0.4545152382146516,7.619601263105869,14363527.904744174,1.2643955759704113,0.6492247881702828,0.4030444740933328,0.5236920229403628,8.353735036402941,0.8812870804220438,0.7860957264442822,52.6,0.825079029429814,0.9429916282687953,0.0915672622621059,1.0,0.0,8.821497909352184,960.6,0.974607725792166,3.0,0.8,21.0,1.0,1.0,,1.0,,0.001,2.811500489841958e+38,42.0,5.0,1.2,min_freq_conf,['None'],"['nap', 'rtp']",PROB_LEN_DIST,281150048984195768796375458020059381063_eps0_s0,Nasa
38.09800631552935,0.9132976188640839,0.6511302471103375,0.11316776054931084,0.45588433664980454,7.619601263105869,14363609.175141651,1.2643955759704113,0.6653699369165891,0.40376244219297625,0.5279275289272916,8.255014746263623,0.9256218161433936,0.799351444331828,52.6,0.8332384455399022,0.9492128929965983,0.09284834526479242,1.0,0.0,5.229003548622131,960.6,0.9782235051250371,5.0,0.8,21.0,1.0,1.0,,1.0,,0.001,2.811500489841958e+38,42.0,5.0,1.2,min_freq_conf,['None'],"['nap', 'rtp']",PROB_LEN_DIST,281150048984195768796375458020059381063_eps1_s0,Nasa
38.09800631552935,0.9152241528348322,0.6564098801670573,0.11316776054931084,0.4637698182082466,7.619601263105869,14363679.971234877,1.2643955759704113,0.6649151106039158,0.4120111132751269,0.5345202648165435,8.352440330013632,0.9533519264310598,0.7966452599451046,52.6,0.8375438728321913,0.9497251871946111,0.09381095878779884,1.0,0.0,4.040669453889132,960.6,0.9782349324643762,7.0,0.8,21.0,1.0,1.0,,1.0,,0.001,2.811500489841958e+38,42.0,5.0,1.2,min_freq_conf,['None'],"['nap', 'rtp']",PROB_LEN_DIST,281150048984195768796375458020059381063_eps2_s0,Nasa
38.09800631552935,0.9193633395118169,0.6832299410511304,0.11316776054931084,0.47907051970019443,7.619601263105869,14363753.594794188,1.2643955759704113,0.6650958225691921,0.3837131383201352,0.5647776048185099,10.250574873760343,0.9825186673551798,0.7967016032598745,52.6,0.8480013139759143,0.9518506509405927,0.09459184594452377,1.0,0.0,3.5071104384958742,960.6,0.9789512378603952,11.0,0.8,21.0,1.0,1.0,,1.0,,0.001,2.811500489841958e+38,42.0,5.0,1.2,min_freq_conf,['None'],"['nap', 'rtp']",PROB_LEN_DIST,281150048984195768796375458020059381063_eps3_s0,Nasa
38.09800631552935,0.9194102072894378,0.6823292471405408,0.11316776054931084,0.4774822810313074,7.619601263105869,14363827.207209105,1.2643955759704113,0.6658386117464344,0.38461914812451836,0.5625742545388632,10.154569398611784,1.0477726500481368,0.7972537450261602,52.6,0.8478205273637534,0.9520007247964479,0.0950777638703584,1.0,0.0,2.8397416293621065,960.6,0.979010858442134,17.0,0.8,21.0,1.0,1.0,,1.0,,0.001,2.811500489841958e+38,42.0,5.0,1.2,min_freq_conf,['None'],"['nap', 'rtp']",PROB_LEN_DIST,281150048984195768796375458020059381063_eps4_s0,Nasa
38.09800631552935,0.9196037869682678,0.6832542688516117,0.11316776054931084,0.47728829753285706,7.619601263105869,14363898.972022256,1.2643955759704113,0.6658529467684241,0.38478893427812394,0.5634746587083331,10.19084095209837,1.1058169919997454,0.7972666833105437,52.6,0.8483548754258321,0.9520065906122719,0.09529874287545677,1.0,0.0,2.6163485899567602,960.6,0.9790145654174847,21.0,0.8,21.0,1.0,1.0,,1.0,,0.001,2.811500489841958e+38,42.0,5.0,1.2,min_freq_conf,['None'],"['nap', 'rtp']",PROB_LEN_DIST,281150048984195768796375458020059381063_eps5_s0,Nasa
270.563952377066,0.93767264252651,0.7104600671672567,0.00023675338665765086,0.5291253054210384,54.112790475413206,14351323.45154947,1.4905632380396128,0.7770518903937753,0.47382242221869364,0.59679064390659,9.235825358331203,19.9606018897146,0.8688936824776391,52.6,0.8715352654909699,0.9646104977331615,0.10237345844507213,1.0,0.0,275.9307573929429,122210.2,0.9860978216443549,3.0,0.8,21.0,1.0,1.0,,1.0,,1e-10,4.71621906392181e+37,42.0,5.0,1.2,min_freq_conf,['None'],"['nap', 'rtp']",PROB_LEN_DIST,47162190639218093551966380058160093021_eps0_s0,Nasa
270.563952377066,0.9459398872833555,0.7205121112296027,0.00023675338665765086,0.5359754327492326,54.112790475413206,14352559.645800386,1.4905632380396128,0.7924117865280459,0.4853843497176923,0.6053458904682155,9.326838854700327,20.310653545334937,0.8814553524011532,52.6,0.881395943922348,0.9713796650345028,0.10123719200491901,1.0,0.0,179.42968760840594,122210.2,0.9898946632947319,5.0,0.8,21.0,1.0,1.0,,1.0,,1e-10,4.71621906392181e+37,42.0,5.0,1.2,min_freq_conf,['None'],"['nap', 'rtp']",PROB_LEN_DIST,47162190639218093551966380058160093021_eps1_s0,Nasa
270.563952377066,0.9451816838491268,0.720771082497542,0.00023675338665765086,0.5305318899927757,54.112790475413206,14353461.966064107,1.4905632380396128,0.7879803800201189,0.48009195988102726,0.599684225619191,9.948676406592131,20.288357340916992,0.8675306795173963,52.6,0.8831864229028437,0.9696673274447715,0.10245630145072934,1.0,0.0,130.52529040537775,122210.2,0.9888773287955305,7.0,0.8,21.0,1.0,1.0,,1.0,,1e-10,4.71621906392181e+37,42.0,5.0,1.2,min_freq_conf,['None'],"['nap', 'rtp']",PROB_LEN_DIST,47162190639218093551966380058160093021_eps2_s0,Nasa
270.563952377066,0.9525260813406675,0.766660495615225,0.00023675338665765086,0.6018744427248948,54.112790475413206,14354202.281008696,1.4905632380396128,0.7991093022738852,0.4670805063413324,0.6750533575633313,13.586577517539263,20.92531387656927,0.8617550679823452,52.6,0.8978378808011167,0.9743684924774977,0.0984701186418533,1.0,0.0,104.80387280359864,122210.2,0.9909358993719387,11.0,0.8,21.0,1.0,1.0,,1.0,,1e-10,4.71621906392181e+37,42.0,5.0,1.2,min_freq_conf,['None'],"['nap', 'rtp']",PROB_LEN_DIST,47162190639218093551966380058160093021_eps3_s0,Nasa
270.563952377066,0.9540348164903992,0.7546965736199601,0.00023675338665765086,0.5780507643171335,54.112790475413206,14354808.845344532,1.4905632380396128,0.8117232575655159,0.47840695658104276,0.6536686397989162,12.557143439725042,24.043586179614067,0.8890975424287285,52.6,0.8977356861958226,0.9756205328655512,0.09558932185173033,1.0,0.0,72.99086139425636,122210.2,0.991822765406058,17.0,0.8,21.0,1.0,1.0,,1.0,,1e-10,4.71621906392181e+37,42.0,5.0,1.2,min_freq_conf,['None'],"['nap', 'rtp']",PROB_LEN_DIST,47162190639218093551966380058160093021_eps4_s0,Nasa
270.563952377066,0.9525099093809976,0.7513121699559043,0.00023675338665765086,0.5741486399262123,54.112790475413206,14355382.422529891,1.4905632380396128,0.8140246860212054,0.48477143720304233,0.6489908117491486,12.238239998742937,32.037685084715484,0.8882712682762473,52.6,0.8957345860714355,0.9748135431246109,0.0947044353932142,1.0,0.0,72.47920055761934,122210.2,0.9914688326745218,21.0,0.8,21.0,1.0,1.0,,1.0,,1e-10,4.71621906392181e+37,42.0,5.0,1.2,min_freq_conf,['None'],"['nap', 'rtp']",PROB_LEN_DIST,47162190639218093551966380058160093021_eps5_s0,Nasa
16.63711383379996,0.8439642935163807,0.6980847765881545,0.24285751508568518,0.6089628840660597,3.327422766759992,14355331.280777028,0.3189433701336384,0.27218391971207356,0.0959512501721328,0.6491512934682759,6.26614525988698,0.056650808081030804,0.4469741495300087,174.6,0.7865279093015978,0.8794381698793778,0.079465165361762,1.0,0.0,4.832844689488411,60.2,0.9261175621613663,3.0,0.8,21.0,1.0,1.0,,1.0,,0.01,1.2385506706787335e+37,42.0,5.0,1.2,min_freq_conf,['None'],"['nap', 'rtp']",PROB_LEN_DIST,12385506706787334585843826431387511412_eps0_s0,Sepsis
16.63711383379996,0.8439642935163807,0.6980847765881545,0.24285751508568518,0.6089628840660597,3.327422766759992,14355388.831301576,0.3189433701336384,0.27218391971207356,0.0959512501721328,0.6491512934682759,6.2221162777394055,0.0566541131585836,0.4469741495300087,174.6,0.7865279093015978,0.8794381698793778,0.08104848116636272,1.0,0.0,4.860579887405038,60.2,0.9261175621613663,5.0,0.8,21.0,1.0,1.0,,1.0,,0.01,1.2385506706787335e+37,42.0,5.0,1.2,min_freq_conf,['None'],"['nap', 'rtp']",PROB_LEN_DIST,12385506706787334585843826431387511412_eps1_s0,Sepsis
16.63711383379996,0.8439642935163807,0.6980847765881545,0.24285751508568518,0.6089628840660597,3.327422766759992,14355446.396911824,0.3189433701336384,0.27218391971207356,0.0959512501721328,0.6491512934682759,6.255421366170049,0.057688111066818204,0.4469741495300087,174.6,0.7865279093015978,0.8794381698793778,0.08199150189757344,1.0,0.0,4.807418938353658,60.2,0.9261175621613663,7.0,0.8,21.0,1.0,1.0,,1.0,,0.01,1.2385506706787335e+37,42.0,5.0,1.2,min_freq_conf,['None'],"['nap', 'rtp']",PROB_LEN_DIST,12385506706787334585843826431387511412_eps2_s0,Sepsis
16.63711383379996,0.8439642935163807,0.6980847765881545,0.24285751508568518,0.6089628840660597,3.327422766759992,14355503.978785932,0.3189433701336384,0.27218391971207356,0.0959512501721328,0.6491512934682759,6.265192217752338,0.05958601050078864,0.4469741495300087,174.6,0.7865279093015978,0.8794381698793778,0.0858461063355207,1.0,0.0,4.799849605560302,60.2,0.9261175621613663,11.0,0.8,21.0,1.0,1.0,,1.0,,0.01,1.2385506706787335e+37,42.0,5.0,1.2,min_freq_conf,['None'],"['nap', 'rtp']",PROB_LEN_DIST,12385506706787334585843826431387511412_eps3_s0,Sepsis
16.63711383379996,0.8439642935163807,0.6980847765881545,0.24285751508568518,0.6089628840660597,3.327422766759992,14355561.523889607,0.3189433701336384,0.27218391971207356,0.0959512501721328,0.6491512934682759,6.248143567889929,0.0588191252201795,0.4469741495300087,174.6,0.7865279093015978,0.8794381698793778,0.08341858759522433,1.0,0.0,4.8440432723611595,60.2,0.9261175621613663,17.0,0.8,21.0,1.0,1.0,,1.0,,0.01,1.2385506706787335e+37,42.0,5.0,1.2,min_freq_conf,['None'],"['nap', 'rtp']",PROB_LEN_DIST,12385506706787334585843826431387511412_eps4_s0,Sepsis
16.63711383379996,0.8439642935163807,0.6980847765881545,0.24285751508568518,0.6089628840660597,3.327422766759992,14355619.314858865,0.3189433701336384,0.27218391971207356,0.0959512501721328,0.6491512934682759,6.282877773791552,0.06628093421459194,0.4469741495300087,174.6,0.7865279093015978,0.8794381698793778,0.08234016411006444,1.0,0.0,4.808411628007889,60.2,0.9261175621613663,21.0,0.8,21.0,1.0,1.0,,1.0,,0.01,1.2385506706787335e+37,42.0,5.0,1.2,min_freq_conf,['None'],"['nap', 'rtp']",PROB_LEN_DIST,12385506706787334585843826431387511412_eps5_s0,Sepsis
15.561823597177863,0.9714023652837716,0.9195915293331828,0.00288748454316538,0.8321788630549435,3.112364719435573,14354252.122636473,0.3169770650565624,0.3607037249784731,0.13073250213458265,0.877955663796438,8.192327374592423,1.946634555235505,0.5778211040500968,174.6,0.9570978612406421,0.9782908864605055,0.08473776578903192,1.0,0.0,116.4468428838998,11019.0,0.9847507645986351,3.0,0.8,21.0,1.0,1.0,,1.0,,0.0001,1.6489283633111394e+38,42.0,5.0,1.2,min_freq_conf,['None'],"['nap', 'rtp']",PROB_LEN_DIST,164892836331113955794446650841081385903_eps0_s0,Sepsis
15.561823597177863,0.7643960021621642,0.487032438051178,0.00288748454316538,0.393805696708515,3.112364719435573,14354588.135992134,0.3169770650565624,0.28257843311816516,0.2926326808362225,0.42045459444894606,1.290115113556385,1.9557727094739676,0.29066195133816464,174.6,0.6546329944797602,0.8302448277322136,0.07993583604693408,1.0,0.0,4.580413299053907,11019.0,0.9072810864258887,5.0,0.8,21.0,1.0,1.0,,1.0,,0.0001,1.6489283633111394e+38,42.0,5.0,1.2,min_freq_conf,['None'],"['nap', 'rtp']",PROB_LEN_DIST,164892836331113955794446650841081385903_eps1_s0,Sepsis
15.561823597177863,0.7918622257679984,0.5333324727254075,0.00288748454316538,0.43153188369278794,3.112364719435573,14354624.906846797,0.3169770650565624,0.3254509476357025,0.3686530166902035,0.45963951488195887,1.507492610067129,1.9628267895430327,0.4126795686332071,174.6,0.6896193707015983,0.8478995466375405,0.07962925173342224,1.0,0.0,3.286527521163225,11019.0,0.9241849031209408,7.0,0.8,21.0,1.0,1.0,,1.0,,0.0001,1.6489283633111394e+38,42.0,5.0,1.2,min_freq_conf,['None'],"['nap', 'rtp']",PROB_LEN_DIST,164892836331113955794446650841081385903_eps2_s0,Sepsis
15.561823597177863,0.8230443214183131,0.5684448457553695,0.00288748454316538,0.4761794870247873,3.112364719435573,14354660.86236175,0.3169770650565624,0.43043958124245235,0.408765184188454,0.5020903365268132,1.5657342672348022,2.072014570236206,0.5681675854118524,174.6,0.7233176413657384,0.8785908851750189,0.08171827159821984,1.0,0.0,3.161495741829276,11019.0,0.9400814308968373,11.0,0.8,21.0,1.0,1.0,,1.0,,0.0001,1.6489283633111394e+38,42.0,5.0,1.2,min_freq_conf,['None'],"['nap', 'rtp']",PROB_LEN_DIST,164892836331113955794446650841081385903_eps3_s0,Sepsis
15.561823597177863,0.8080862642191613,0.5495167380331792,0.00288748454316538,0.457843599748972,3.112364719435573,14354697.084801063,0.3169770650565624,0.41420582737808875,0.3949028787386221,0.48393726188668706,1.4433794964104891,2.3603578891605137,0.5500651441988846,174.6,0.7042611451280034,0.8694926256768383,0.07963625080883498,1.0,0.0,3.0890907511115073,11019.0,0.9359150624695832,17.0,0.8,21.0,1.0,1.0,,1.0,,0.0001,1.6489283633111394e+38,42.0,5.0,1.2,min_freq_conf,['None'],"['nap', 'rtp']",PROB_LEN_DIST,164892836331113955794446650841081385903_eps4_s0,Sepsis
15.561823597177863,0.8066977530833718,0.5386967382686005,0.00288748454316538,0.44435352841585696,3.112364719435573,14354734.091582697,0.3169770650565624,0.41276893035189044,0.38086808390316396,0.4720690679227023,1.3560081962496042,2.5969132781028748,0.5474075020970244,174.6,0.6978234904862661,0.8687250970052889,0.08025753572583194,1.0,0.0,3.2111885856837032,11019.0,0.9355592590267126,21.0,0.8,21.0,1.0,1.0,,1.0,,0.0001,1.6489283633111394e+38,42.0,5.0,1.2,min_freq_conf,['None'],"['nap', 'rtp']",PROB_LEN_DIST,164892836331113955794446650841081385903_eps5_s0,Sepsis
91.14374136552216,0.9723398673584407,0.9209295955749861,0.0012356166480656,0.8336215417831543,18.22874827310443,14350283.923509497,0.4282648768275976,0.3615881414902723,0.13147722788109392,0.8793768972863736,8.347250485792756,6.346291623264551,0.5790807098131381,174.6,0.9581933926745186,0.9791529686645994,0.10388476289808746,1.0,0.0,292.63541109003125,75758.6,0.9855094443761228,3.0,0.8,21.0,1.0,1.0,,1.0,,1e-10,2.719436073702549e+38,42.0,5.0,1.2,min_freq_conf,['None'],"['nap', 'rtp']",PROB_LEN_DIST,271943607370254905429138381606553406756_eps0_s0,Sepsis
91.14374136552216,0.7154007722846114,0.43007235267666066,0.0012356166480656,0.3389840969792364,18.22874827310443,14351056.730321681,0.4282648768275976,0.2186014507881843,0.27949135965553074,0.365120587073295,0.9042569760233163,6.202091539278626,0.22826173493811147,174.6,0.5956740305929676,0.7900301348840006,0.09047930277884002,1.0,0.0,9.815690624713898,75758.6,0.8894265886062481,5.0,0.8,21.0,1.0,1.0,,1.0,,1e-10,2.719436073702549e+38,42.0,5.0,1.2,min_freq_conf,['None'],"['nap', 'rtp']",PROB_LEN_DIST,271943607370254905429138381606553406756_eps1_s0,Sepsis
91.14374136552216,0.7481184901544428,0.47200121937847894,0.0012356166480656,0.37522091006825087,18.22874827310443,14351137.740250101,0.4282648768275976,0.2739026620913319,0.3337851601939807,0.40470865153187824,1.2022605504840613,6.3044573973864315,0.3156600070102522,174.6,0.635838347725443,0.8124010464199444,0.08539149537682528,1.0,0.0,7.930660792440176,75758.6,0.9087355747244616,7.0,0.8,21.0,1.0,1.0,,1.0,,1e-10,2.719436073702549e+38,42.0,5.0,1.2,min_freq_conf,['None'],"['nap', 'rtp']",PROB_LEN_DIST,271943607370254905429138381606553406756_eps2_s0,Sepsis
91.14374136552216,0.805620825429946,0.5415928252798624,0.0012356166480656,0.44121499953268417,18.22874827310443,14351218.765647704,0.4282648768275976,0.39664839398144275,0.38984555267177123,0.47041643767322255,1.4742333427071572,6.483415391296148,0.5451657358073538,174.6,0.7027344514974432,0.8657541866850181,0.08422943130135532,1.0,0.0,8.275313413515686,75758.6,0.9368619920177433,11.0,0.8,21.0,1.0,1.0,,1.0,,1e-10,2.719436073702549e+38,42.0,5.0,1.2,min_freq_conf,['None'],"['nap', 'rtp']",PROB_LEN_DIST,271943607370254905429138381606553406756_eps3_s0,Sepsis
91.14374136552216,0.8032151923222555,0.5349645612532338,0.0012356166480656,0.4396810399113861,18.22874827310443,14351307.58228257,0.4282648768275976,0.40160901842515334,0.3876130718605354,0.46823811740776333,1.497939022257924,7.841406777873635,0.5483266874681973,174.6,0.6940545211361668,0.866989279757688,0.08504458926618093,1.0,0.0,8.869303018972278,75758.6,0.9364837828161642,17.0,0.8,21.0,1.0,1.0,,1.0,,1e-10,2.719436073702549e+38,42.0,5.0,1.2,min_freq_conf,['None'],"['nap', 'rtp']",PROB_LEN_DIST,271943607370254905429138381606553406756_eps4_s0,Sepsis
91.14374136552216,0.803137799271588,0.527813874068821,0.0012356166480656,0.431692427380148,18.22874827310443,14351416.177403346,0.4282648768275976,0.40347329992452935,0.37833859610608095,0.46023844341671366,1.4591593492776156,10.635059045255185,0.549983560609863,174.6,0.6912682523737128,0.8672630642818948,0.08770424760878082,1.0,0.0,11.270751572400332,75758.6,0.9367457697371165,21.0,0.8,21.0,1.0,1.0,,1.0,,1e-10,2.719436073702549e+38,42.0,5.0,1.2,min_freq_conf,['None'],"['nap', 'rtp']",PROB_LEN_DIST,271943607370254905429138381606553406756_eps5_s0,Sepsis
83.18400016985834,0.9723398673584407,0.9209295955749861,0.0012356166480656,0.8336215417831543,16.636800033971667,14352676.781190958,0.3127477951347828,0.3615881414902723,0.13147722788109392,0.8793768972863736,8.085137474909425,5.879432133585214,0.5790807098131381,174.6,0.9581933926745186,0.9791529686645994,0.08414528556168074,1.0,0.0,283.6706502009183,75758.6,0.9855094443761228,3.0,0.8,21.0,1.0,1.0,,1.0,,1e-07,6.780831904302141e+37,42.0,5.0,1.2,min_freq_conf,['None'],"['nap', 'rtp']",PROB_LEN_DIST,67808319043021407123179336236800672554_eps0_s0,Sepsis
83.18400016985834,0.7154007722846114,0.43007235267666066,0.0012356166480656,0.3389840969792364,16.636800033971667,14353447.717192506,0.3127477951347828,0.2186014507881843,0.27949135965553074,0.365120587073295,0.8946479897946119,6.007795734331012,0.22826173493811147,174.6,0.5956740305929676,0.7900301348840006,0.08252088129520412,1.0,0.0,9.415434363484383,75758.6,0.8894265886062481,5.0,0.8,21.0,1.0,1.0,,1.0,,1e-07,6.780831904302141e+37,42.0,5.0,1.2,min_freq_conf,['None'],"['nap', 'rtp']",PROB_LEN_DIST,67808319043021407123179336236800672554_eps1_s0,Sepsis
83.18400016985834,0.7481184901544428,0.47200121937847894,0.0012356166480656,0.37522091006825087,16.636800033971667,14353526.633850235,0.3127477951347828,0.2739026620913319,0.3337851601939807,0.40470865153187824,1.2037214994430543,6.171625672653318,0.3156600070102522,174.6,0.635838347725443,0.8124010464199444,0.0851167820394039,1.0,0.0,7.604360576719046,75758.6,0.9087355747244616,7.0,0.8,21.0,1.0,1.0,,1.0,,1e-07,6.780831904302141e+37,42.0,5.0,1.2,min_freq_conf,['None'],"['nap', 'rtp']",PROB_LEN_DIST,67808319043021407123179336236800672554_eps2_s0,Sepsis
83.18400016985834,0.805620825429946,0.5415928252798624,0.0012356166480656,0.44121499953268417,16.636800033971667,14353605.674548676,0.3127477951347828,0.39664839398144275,0.38984555267177123,0.47041643767322255,1.4678919054567814,6.378175852075219,0.5451657358073538,174.6,0.7027344514974432,0.8657541866850181,0.08286720141768453,1.0,0.0,8.097923765331506,75758.6,0.9368619920177433,11.0,0.8,21.0,1.0,1.0,,1.0,,1e-07,6.780831904302141e+37,42.0,5.0,1.2,min_freq_conf,['None'],"['nap', 'rtp']",PROB_LEN_DIST,67808319043021407123179336236800672554_eps3_s0,Sepsis
83.18400016985834,0.8032151923222555,0.5349645612532338,0.0012356166480656,0.4396810399113861,16.636800033971667,14353693.768789614,0.3127477951347828,0.40160901842515334,0.3876130718605354,0.46823811740776333,1.5039176527410745,7.795772552117706,0.5483266874681973,174.6,0.6940545211361668,0.866989279757688,0.08488762155175204,1.0,0.0,8.846670971065759,75758.6,0.9364837828161642,17.0,0.8,21.0,1.0,1.0,,1.0,,1e-07,6.780831904302141e+37,42.0,5.0,1.2,min_freq_conf,['None'],"['nap', 'rtp']",PROB_LEN_DIST,67808319043021407123179336236800672554_eps4_s0,Sepsis
83.18400016985834,0.803137799271588,0.527813874068821,0.0012356166480656,0.431692427380148,16.636800033971667,14353800.02803551,0.3127477951347828,0.40347329992452935,0.37833859610608095,0.46023844341671366,1.4668863963335752,10.316528264805674,0.549983560609863,174.6,0.6912682523737128,0.8672630642818948,0.08532721921801562,1.0,0.0,10.860641103237867,75758.6,0.9367457697371165,21.0,0.8,21.0,1.0,1.0,,1.0,,1e-07,6.780831904302141e+37,42.0,5.0,1.2,min_freq_conf,['None'],"['nap', 'rtp']",PROB_LEN_DIST,67808319043021407123179336236800672554_eps5_s0,Sepsis
13.19616693072021,0.955957614703711,0.8925857223254295,0.03808960395013418,0.8029430961750055,2.639233386144042,14354902.16151053,0.3228321727365255,0.3450495179379806,0.12220481812399611,0.8486472830476066,7.795842979103327,0.31326118372380735,0.5561670132404023,174.6,0.9370381188071472,0.9655371664456773,0.07988746464252468,1.0,0.0,24.973469576612114,903.4,0.9757482779470973,3.0,0.8,21.0,1.0,1.0,,1.0,,0.001,7.934502208332161e+36,42.0,5.0,1.2,min_freq_conf,['None'],"['nap', 'rtp']",PROB_LEN_DIST,7934502208332161235122762309750247231_eps0_s0,Sepsis
13.19616693072021,0.9125636221948353,0.8036604886245182,0.03808960395013418,0.7133244095383681,2.639233386144042,14355026.626403686,0.3228321727365255,0.2795889688331194,0.1516416301975496,0.7551846946060347,6.964886746928096,0.3242679677903652,0.42323719779895963,174.6,0.8722398340992987,0.9355525954736311,0.0815233666449785,1.0,0.0,9.357892199605704,903.4,0.960986235771849,5.0,0.8,21.0,1.0,1.0,,1.0,,0.001,7.934502208332161e+36,42.0,5.0,1.2,min_freq_conf,['None'],"['nap', 'rtp']",PROB_LEN_DIST,7934502208332161235122762309750247231_eps1_s0,Sepsis
13.19616693072021,0.8585842406686977,0.6758557551188549,0.03808960395013418,0.5996225893716176,2.639233386144042,14355093.371416802,0.3228321727365255,0.36342323367136514,0.312060318426895,0.6293513095716554,3.6897047005593775,0.3469329204410314,0.5107004846159842,174.6,0.7859738498197485,0.9005993923037909,0.07886356152594087,1.0,0.0,3.4119205877184866,903.4,0.9477575083531402,7.0,0.8,21.0,1.0,1.0,,1.0,,0.001,7.934502208332161e+36,42.0,5.0,1.2,min_freq_conf,['None'],"['nap', 'rtp']",PROB_LEN_DIST,7934502208332161235122762309750247231_eps2_s0,Sepsis
13.19616693072021,0.8689659695034043,0.6808568064042311,0.03808960395013418,0.6018219793226571,2.639233386144042,14355131.26136319,0.3228321727365255,0.38419343689130636,0.3329045198668793,0.6312135986827985,3.4422601744532586,0.35412661395967004,0.5479887417611027,174.6,0.7963465857059966,0.9097415186024369,0.08120480515062803,1.0,0.0,3.0902224466204644,903.4,0.9506649358527213,11.0,0.8,21.0,1.0,1.0,,1.0,,0.001,7.934502208332161e+36,42.0,5.0,1.2,min_freq_conf,['None'],"['nap', 'rtp']",PROB_LEN_DIST,7934502208332161235122762309750247231_eps3_s0,Sepsis
13.19616693072021,0.8627913769828812,0.6731237210685528,0.03808960395013418,0.5913916477639354,2.639233386144042,14355166.411281828,0.3228321727365255,0.37950804426016754,0.33982624920155546,0.6197881008168511,3.4234588548541067,0.38406807407736776,0.5431181236304801,174.6,0.7883537991726088,0.9041960883875705,0.08102797307074068,1.0,0.0,3.0290984857827423,903.4,0.9487400888520174,17.0,0.8,21.0,1.0,1.0,,1.0,,0.001,7.934502208332161e+36,42.0,5.0,1.2,min_freq_conf,['None'],"['nap', 'rtp']",PROB_LEN_DIST,7934502208332161235122762309750247231_eps4_s0,Sepsis
13.19616693072021,0.8470595924892648,0.6396708788098344,0.03808960395013418,0.5548164878759616,2.639233386144042,14355200.813014453,0.3228321727365255,0.3775130766132446,0.3180257560747128,0.5836653777697466,3.154222371429205,0.39139944724738596,0.5320614805682892,174.6,0.7641548414590528,0.8946749342085141,0.08300243169069285,1.0,0.0,2.9032805386930702,903.4,0.9456021765131368,21.0,0.8,21.0,1.0,1.0,,1.0,,0.001,7.934502208332161e+36,42.0,5.0,1.2,min_freq_conf,['None'],"['nap', 'rtp']",PROB_LEN_DIST,7934502208332161235122762309750247231_eps5_s0,Sepsis
