metrics.total_fit_duration,metrics.rtp_similarity_h_3,metrics.rtp_similarity_h_10,metrics.none_share,metrics.rtp_similarity_h_20,metrics.fit_duration_per_fold,metrics.total_run_time,metrics.prep_duration,metrics.nap_balanced_accuracy,metrics.rtp_similarity,metrics.rtp_similarity_h_15,metrics.rtp_eval_duration,metrics.nap_duration,metrics.nap_accuracy,metrics.process_stage_width,metrics.rtp_similarity_h_5,metrics.rtp_similarity_h_2,metrics.nap_eval_duration,metrics.n_process_stages,metrics.avg_pruned_patterns_per_stage,metrics.rtp_duration,metrics.avg_unpruned_patterns_per_stage,metrics.rtp_similarity_h_1,params.max_pattern_size_eval,params.model_config,params.weights,params.task,params.train_pct,params.max_pattern_size_train,params.filter_sequences,params.selection_method,params.ncores,params.prune_func,params.process_stage_width_percentage,params.cv_hash,params.weight,params.min_freq,params.base_cv_hash,params.random_seed,params.cv_folds,params.dataset,params.break_buffer
84.81302930042148,0.8186135884732223,0.667965336371816,0.3206925277989061,0.5602479877613269,16.962605860084295,14625752.33930834,3.0720825120806694,0.3332896644095767,0.1038302177378159,0.6076575185813863,135.65837788023055,1.4730425141751766,0.5797747111449165,178.0,0.757680445658985,0.8620526344148632,0.1296976115554571,1.0,0.0,26.555910574272275,148.0,0.9173911519711864,21.0,min_freq_conf,['None'],"['nap', 'rtp']",0.8,21.0,1.0,PROB_LEN_DIST,1.0,,1.0,310685035327764322205088059225090241_eps5_s0,,0.01,3.106850353277643e+35,42.0,5.0,BPI2012_Full,1.2
84.81302930042148,0.8239329940589933,0.6821683338466588,0.2799174056525506,0.5794967447286383,16.962605860084295,14625588.191705825,3.0720825120806694,0.3692182762360217,0.1097119432130053,0.6249754461836138,133.62298921495676,1.4754005689173937,0.6108847550745746,178.0,0.7662725944231833,0.8657586661389594,0.1285810992121696,1.0,0.0,25.88267365098,156.0,0.919597248216637,21.0,min_freq_conf,['None'],"['nap', 'rtp']",0.8,21.0,1.0,PROB_LEN_DIST,1.0,,1.0,310685035327764322205088059225090241_eps5_s0,,0.01,3.106850353277643e+35,42.0,5.0,BPI2012_Full,1.2
84.81302930042148,0.822109844589425,0.6732807988970371,0.3090354965937612,0.5643946705874369,16.962605860084295,14625426.76299463,3.0720825120806694,0.3422110577446643,0.1027579767078792,0.6124290146232985,138.94393444806337,1.468108119443059,0.5904625313732521,173.0,0.7623127367141772,0.8647152693621938,0.1293288879096508,1.0,0.0,27.722742542624477,149.0,0.9192015275163368,21.0,min_freq_conf,['None'],"['nap', 'rtp']",0.8,21.0,1.0,PROB_LEN_DIST,1.0,,1.0,310685035327764322205088059225090241_eps5_s0,,0.01,3.106850353277643e+35,42.0,5.0,BPI2012_Full,1.2
84.81302930042148,0.824866652064751,0.6862237356498954,0.2795830778663397,0.5863395899614964,16.962605860084295,14625258.174863936,3.0720825120806694,0.3792576502899782,0.1112898223191006,0.630856210836619,145.68576580658555,1.4865174386650324,0.6131388177588633,178.0,0.767629266325933,0.8665250984924819,0.1314601972699165,1.0,0.0,26.904903752729297,156.0,0.9201156441410004,21.0,min_freq_conf,['None'],"['nap', 'rtp']",0.8,21.0,1.0,PROB_LEN_DIST,1.0,,1.0,310685035327764322205088059225090241_eps5_s0,,0.01,3.106850353277643e+35,42.0,5.0,BPI2012_Full,1.2
84.81302930042148,0.817609202607478,0.6580473450642047,0.3442319668828076,0.5410941495941273,16.962605860084295,14625083.649207829,3.0720825120806694,0.3108046646226369,0.1060109959635959,0.5920242602048306,113.78736620396376,1.4294582810252905,0.5543649485291424,178.0,0.7546533924270926,0.8617292105428888,0.1298552323132753,1.0,0.0,23.08672325499356,143.0,0.9174451665752614,21.0,min_freq_conf,['None'],"['nap', 'rtp']",0.8,21.0,1.0,PROB_LEN_DIST,1.0,,1.0,310685035327764322205088059225090241_eps5_s0,,0.01,3.106850353277643e+35,42.0,5.0,BPI2012_Full,1.2
84.81302930042148,0.8186135884732223,0.667965336371816,0.3206925277989061,0.5602479877613269,16.962605860084295,14624944.885382053,3.0720825120806694,0.3332896644095767,0.1038302177378159,0.6076575185813863,135.82220579124987,1.4414472356438637,0.5797747111449165,178.0,0.757680445658985,0.8620526344148632,0.1315951161086559,1.0,0.0,26.2379114292562,148.0,0.9173911519711864,17.0,min_freq_conf,['None'],"['nap', 'rtp']",0.8,21.0,1.0,PROB_LEN_DIST,1.0,,1.0,310685035327764322205088059225090241_eps4_s0,,0.01,3.106850353277643e+35,42.0,5.0,BPI2012_Full,1.2
84.81302930042148,0.8239329940589933,0.6821683338466588,0.2799174056525506,0.5794967447286383,16.962605860084295,14624780.927573826,3.0720825120806694,0.3692182762360217,0.1097119432130053,0.6249754461836138,134.18762175552547,1.4646516498178244,0.6108847550745746,178.0,0.7662725944231833,0.8657586661389594,0.1311400961130857,1.0,0.0,25.806212335824966,156.0,0.919597248216637,17.0,min_freq_conf,['None'],"['nap', 'rtp']",0.8,21.0,1.0,PROB_LEN_DIST,1.0,,1.0,310685035327764322205088059225090241_eps4_s0,,0.01,3.106850353277643e+35,42.0,5.0,BPI2012_Full,1.2
84.81302930042148,0.822109844589425,0.6732807988970371,0.3090354965937612,0.5643946705874369,16.962605860084295,14624619.0079027,3.0720825120806694,0.3422110577446643,0.1027579767078792,0.6124290146232985,138.54714727029204,1.4435044880956411,0.5904625313732521,173.0,0.7623127367141772,0.8647152693621938,0.1324187293648719,1.0,0.0,27.663044348359108,149.0,0.9192015275163368,17.0,min_freq_conf,['None'],"['nap', 'rtp']",0.8,21.0,1.0,PROB_LEN_DIST,1.0,,1.0,310685035327764322205088059225090241_eps4_s0,,0.01,3.106850353277643e+35,42.0,5.0,BPI2012_Full,1.2
84.81302930042148,0.824866652064751,0.6862237356498954,0.2795830778663397,0.5863395899614964,16.962605860084295,14624450.898347916,3.0720825120806694,0.3792576502899782,0.1112898223191006,0.630856210836619,146.96387009322643,1.481285210698843,0.6131388177588633,178.0,0.767629266325933,0.8665250984924819,0.1316054444760084,1.0,0.0,27.26143779978156,156.0,0.9201156441410004,17.0,min_freq_conf,['None'],"['nap', 'rtp']",0.8,21.0,1.0,PROB_LEN_DIST,1.0,,1.0,310685035327764322205088059225090241_eps4_s0,,0.01,3.106850353277643e+35,42.0,5.0,BPI2012_Full,1.2
84.81302930042148,0.817609202607478,0.6580473450642047,0.3442319668828076,0.5410941495941273,16.962605860084295,14624274.740888966,3.0720825120806694,0.3108046646226369,0.1060109959635959,0.5920242602048306,113.96559673920274,1.4213907048106194,0.5543649485291424,178.0,0.7546533924270926,0.8617292105428888,0.1311325840651989,1.0,0.0,22.690624807029963,143.0,0.9174451665752614,17.0,min_freq_conf,['None'],"['nap', 'rtp']",0.8,21.0,1.0,PROB_LEN_DIST,1.0,,1.0,310685035327764322205088059225090241_eps4_s0,,0.01,3.106850353277643e+35,42.0,5.0,BPI2012_Full,1.2
84.81302930042148,0.8169572505526819,0.6614738991113229,0.3206925277989061,0.553213315255624,16.962605860084295,14624136.207194656,3.0720825120806694,0.3332896644095767,0.0962045344161393,0.6007820885168241,135.60731587558985,1.4078495148569343,0.5797747111449165,178.0,0.7527135732093365,0.8620513550660063,0.131977254524827,1.0,0.0,28.546411644667387,148.0,0.9173907081444368,11.0,min_freq_conf,['None'],"['nap', 'rtp']",0.8,21.0,1.0,PROB_LEN_DIST,1.0,,1.0,310685035327764322205088059225090241_eps3_s0,,0.01,3.106850353277643e+35,42.0,5.0,BPI2012_Full,1.2
84.81302930042148,0.8221392068631735,0.6752719315973569,0.2799174056525506,0.5720281857542612,16.962605860084295,14623970.183141712,3.0720825120806694,0.3692182762360217,0.1017048553784903,0.6176775684746912,132.38725803419948,1.4883925076574087,0.6108847550745746,178.0,0.7608970258921891,0.8657553785939129,0.1400406993925571,1.0,0.0,27.78385790996253,156.0,0.9195960720828222,11.0,min_freq_conf,['None'],"['nap', 'rtp']",0.8,21.0,1.0,PROB_LEN_DIST,1.0,,1.0,310685035327764322205088059225090241_eps3_s0,,0.01,3.106850353277643e+35,42.0,5.0,BPI2012_Full,1.2
84.81302930042148,0.8204898032313859,0.667005817484358,0.3090354965937612,0.5575798552578441,16.962605860084295,14623808.052749792,3.0720825120806694,0.3422110577446643,0.0953593200565622,0.6057848203918306,139.2259162236005,1.416081491857767,0.5904625313732521,173.0,0.7574534823966798,0.86471328841372,0.1342592407017946,1.0,0.0,29.80701837874949,149.0,0.9192007675263328,11.0,min_freq_conf,['None'],"['nap', 'rtp']",0.8,21.0,1.0,PROB_LEN_DIST,1.0,,1.0,310685035327764322205088059225090241_eps3_s0,,0.01,3.106850353277643e+35,42.0,5.0,BPI2012_Full,1.2
84.81302930042148,0.82308134487304,0.6793026342700852,0.2795830778663397,0.5789057274684597,16.962605860084295,14623637.133698704,3.0720825120806694,0.3792576502899782,0.1032704403737366,0.6235612794984567,147.5374150313437,1.4434102959930897,0.6131388177588633,178.0,0.7622761525751862,0.8665233414261079,0.1332883238792419,1.0,0.0,29.045388044789437,156.0,0.9201150270404136,11.0,min_freq_conf,['None'],"['nap', 'rtp']",0.8,21.0,1.0,PROB_LEN_DIST,1.0,,1.0,310685035327764322205088059225090241_eps3_s0,,0.01,3.106850353277643e+35,42.0,5.0,BPI2012_Full,1.2
84.81302930042148,0.8157286119320938,0.6510442338889574,0.3442319668828076,0.5335347807256049,16.962605860084295,14623458.65251208,3.0720825120806694,0.3108046646226369,0.0979174947809352,0.5846574389826183,114.01617505960166,1.4046840723603964,0.5543649485291424,178.0,0.7490155065038985,0.8617269090159603,0.1793589480221271,1.0,0.0,24.46468455530703,143.0,0.9174443881695766,11.0,min_freq_conf,['None'],"['nap', 'rtp']",0.8,21.0,1.0,PROB_LEN_DIST,1.0,,1.0,310685035327764322205088059225090241_eps3_s0,,0.01,3.106850353277643e+35,42.0,5.0,BPI2012_Full,1.2
84.81302930042148,0.8030999229934236,0.6407629350515471,0.3206925277989061,0.5315292733273271,16.962605860084295,14623318.260233035,3.0720825120806694,0.3393534803841749,0.0735235110614344,0.5794515379376154,135.006617102772,1.3787765465676785,0.5854793726683328,178.0,0.7337101267971436,0.8535490734644542,0.1329720113426447,1.0,0.0,41.74573156423867,148.0,0.9142427302293402,7.0,min_freq_conf,['None'],"['nap', 'rtp']",0.8,21.0,1.0,PROB_LEN_DIST,1.0,,1.0,310685035327764322205088059225090241_eps2_s0,,0.01,3.106850353277643e+35,42.0,5.0,BPI2012_Full,1.2
84.81302930042148,0.8073241265654355,0.6534618142936919,0.2799174056525506,0.5492442164350358,16.962605860084295,14623139.675397731,3.0720825120806694,0.3746016451664334,0.0778342877502959,0.5952731790551674,133.3901984486729,1.3799635879695415,0.6154753784037905,178.0,0.7407691600108333,0.8566684760414974,0.1307518910616636,1.0,0.0,41.090670796111226,156.0,0.9162370560871678,7.0,min_freq_conf,['None'],"['nap', 'rtp']",0.8,21.0,1.0,PROB_LEN_DIST,1.0,,1.0,310685035327764322205088059225090241_eps2_s0,,0.01,3.106850353277643e+35,42.0,5.0,BPI2012_Full,1.2
84.81302930042148,0.8068851462315788,0.646910694222807,0.3090354965937612,0.5365480933014427,16.962605860084295,14622963.35910912,3.0720825120806694,0.3482800845905704,0.0732308000752208,0.5851001541460076,139.1199254784733,1.4101195689290762,0.5966654714951596,173.0,0.7389349578117042,0.8563667431116584,0.1314638741314411,1.0,0.0,44.18160678818822,149.0,0.9161083037248738,7.0,min_freq_conf,['None'],"['nap', 'rtp']",0.8,21.0,1.0,PROB_LEN_DIST,1.0,,1.0,310685035327764322205088059225090241_eps2_s0,,0.01,3.106850353277643e+35,42.0,5.0,BPI2012_Full,1.2
84.81302930042148,0.8083585137605261,0.6574756738599814,0.2795830778663397,0.5562025626933832,16.962605860084295,14622778.188581236,3.0720825120806694,0.3851980838678586,0.0795204280872997,0.6012010031889585,146.79093280248344,1.415759339928627,0.6177011577163054,178.0,0.7422752262743918,0.8574942492964821,0.1314830854535102,1.0,0.0,42.77216144092381,156.0,0.9167791532705418,7.0,min_freq_conf,['None'],"['nap', 'rtp']",0.8,21.0,1.0,PROB_LEN_DIST,1.0,,1.0,310685035327764322205088059225090241_eps2_s0,,0.01,3.106850353277643e+35,42.0,5.0,BPI2012_Full,1.2
84.81302930042148,0.8001810781351126,0.6288098803676175,0.3442319668828076,0.5103128632001708,16.962605860084295,14622586.737750024,3.0720825120806694,0.3157756612934512,0.0737132138816541,0.5618653395120374,113.78746845014392,1.3925643395632503,0.5591273766347951,178.0,0.7282933848861631,0.8521909577330806,0.1355143506079912,1.0,0.0,36.338355019688606,143.0,0.9139195837584349,7.0,min_freq_conf,['None'],"['nap', 'rtp']",0.8,21.0,1.0,PROB_LEN_DIST,1.0,,1.0,310685035327764322205088059225090241_eps2_s0,,0.01,3.106850353277643e+35,42.0,5.0,BPI2012_Full,1.2
84.81302930042148,0.803095283508275,0.6407286016606845,0.3206925277989061,0.5314316065960637,16.962605860084295,14622434.749747949,3.0720825120806694,0.3393534803841749,0.0736065184126747,0.579387747638478,136.09144505485892,1.326313577592373,0.5854793726683328,178.0,0.7336992330185932,0.8535464372378426,0.1328533124178648,1.0,0.0,59.01259086094797,148.0,0.9142418125655076,5.0,min_freq_conf,['None'],"['nap', 'rtp']",0.8,21.0,1.0,PROB_LEN_DIST,1.0,,1.0,310685035327764322205088059225090241_eps1_s0,,0.01,3.106850353277643e+35,42.0,5.0,BPI2012_Full,1.2
84.81302930042148,0.8073190234028041,0.6534309815742524,0.2799174056525506,0.5491573871906354,16.962605860084295,14622237.878728172,3.0720825120806694,0.3746016451664334,0.0779023649096652,0.5952162279270818,132.76793103851378,1.3454633224755526,0.6154753784037905,178.0,0.7407584417667938,0.8566656218180538,0.1322682816535234,1.0,0.0,58.2627711892128,156.0,0.9162360308762564,5.0,min_freq_conf,['None'],"['nap', 'rtp']",0.8,21.0,1.0,PROB_LEN_DIST,1.0,,1.0,310685035327764322205088059225090241_eps1_s0,,0.01,3.106850353277643e+35,42.0,5.0,BPI2012_Full,1.2
84.81302930042148,0.8068808621404564,0.6468791909399896,0.3090354965937612,0.5364584463135943,16.962605860084295,14622045.04660529,3.0720825120806694,0.3482800845905704,0.073308623240916,0.5850417352031446,139.64004636742175,1.3736914731562138,0.5966654714951596,173.0,0.7389249397744653,0.8563643424481746,0.1336737927049398,1.0,0.0,62.70860890857875,149.0,0.9161074890566046,5.0,min_freq_conf,['None'],"['nap', 'rtp']",0.8,21.0,1.0,PROB_LEN_DIST,1.0,,1.0,310685035327764322205088059225090241_eps1_s0,,0.01,3.106850353277643e+35,42.0,5.0,BPI2012_Full,1.2
84.81302930042148,0.80835406977026,0.6574446715604031,0.2795830778663397,0.5561114302790404,16.962605860084295,14621840.84722619,3.0720825120806694,0.3851980838678586,0.0796171417176481,0.6011420982799763,145.47748571634293,1.3773523233830929,0.6177011577163054,178.0,0.7422653717928335,0.8574916778876384,0.1332929749041795,1.0,0.0,60.24470912665129,156.0,0.91677818865017,5.0,min_freq_conf,['None'],"['nap', 'rtp']",0.8,21.0,1.0,PROB_LEN_DIST,1.0,,1.0,310685035327764322205088059225090241_eps1_s0,,0.01,3.106850353277643e+35,42.0,5.0,BPI2012_Full,1.2
84.81302930042148,0.8001745363049493,0.6287698406690458,0.3442319668828076,0.510204740911979,16.962605860084295,14621633.283062,3.0720825120806694,0.3157756612934512,0.0737892953829431,0.5617932858075579,113.70384907722472,1.336907071992755,0.5591273766347951,178.0,0.7282791484917088,0.8521871980847942,0.13489805534482,1.0,0.0,51.12554142065346,143.0,0.9139182031083396,5.0,min_freq_conf,['None'],"['nap', 'rtp']",0.8,21.0,1.0,PROB_LEN_DIST,1.0,,1.0,310685035327764322205088059225090241_eps1_s0,,0.01,3.106850353277643e+35,42.0,5.0,BPI2012_Full,1.2
84.81302930042148,0.8030914005287157,0.6407037042551453,0.3206925277989061,0.5313615324563535,16.962605860084295,14621466.651013728,3.0720825120806694,0.3393534803841749,0.073670352586154,0.5793417650052665,134.43172021955252,1.3137242570519447,0.5854793726683328,178.0,0.733690841683161,0.853544237107575,0.1303384285420179,1.0,0.0,111.6899252384901,148.0,0.9142410368923832,3.0,min_freq_conf,['None'],"['nap', 'rtp']",0.8,21.0,1.0,PROB_LEN_DIST,1.0,,1.0,310685035327764322205088059225090241_eps0_s0,,0.01,3.106850353277643e+35,42.0,5.0,BPI2012_Full,1.2
84.81302930042148,0.8073135363812513,0.6533943885190714,0.2799174056525506,0.5490525629438321,16.962605860084295,14621218.75449742,3.0720825120806694,0.3746016451664334,0.0779900506666301,0.5951479240704146,132.72391223162413,1.2849583011120558,0.6154753784037905,178.0,0.7407463628247153,0.8566624606841894,0.1306956149637699,1.0,0.0,109.58337111771108,156.0,0.9162348129471738,3.0,min_freq_conf,['None'],"['nap', 'rtp']",0.8,21.0,1.0,PROB_LEN_DIST,1.0,,1.0,310685035327764322205088059225090241_eps0_s0,,0.01,3.106850353277643e+35,42.0,5.0,BPI2012_Full,1.2
84.81302930042148,0.8068770891022036,0.6468553942405596,0.3090354965937612,0.5363922586905652,16.962605860084295,14620974.698385824,3.0720825120806694,0.3482800845905704,0.073367025743012,0.5849980860585243,137.9152242448181,1.2970644757151604,0.5966654714951596,173.0,0.7389168418966432,0.8563622032203029,0.1335378866642713,1.0,0.0,118.02602855116128,149.0,0.9161067271105644,3.0,min_freq_conf,['None'],"['nap', 'rtp']",0.8,21.0,1.0,PROB_LEN_DIST,1.0,,1.0,310685035327764322205088059225090241_eps0_s0,,0.01,3.106850353277643e+35,42.0,5.0,BPI2012_Full,1.2
84.81302930042148,0.8083486637190711,0.6574083964412282,0.2795830778663397,0.556007459015198,16.962605860084295,14620716.998059891,3.0720825120806694,0.3851980838678586,0.0797146955554097,0.6010743494394425,145.37311388365924,1.3237393610179424,0.6177011577163054,178.0,0.7422534474619924,0.8574885458766819,0.1330311242491006,1.0,0.0,114.08522486500442,156.0,0.9167769764053898,3.0,min_freq_conf,['None'],"['nap', 'rtp']",0.8,21.0,1.0,PROB_LEN_DIST,1.0,,1.0,310685035327764322205088059225090241_eps0_s0,,0.01,3.106850353277643e+35,42.0,5.0,BPI2012_Full,1.2
84.81302930042148,0.8001698009227228,0.6287404818517885,0.3442319668828076,0.5101244220323404,16.962605860084295,14620455.760497052,3.0720825120806694,0.3157756612934512,0.0738534708321156,0.5617400405758988,112.86976908147336,1.2470855247229338,0.5591273766347951,178.0,0.7282689483530913,0.8521845137613,0.1319137960672378,1.0,0.0,96.35760916769505,143.0,0.9139172390824044,3.0,min_freq_conf,['None'],"['nap', 'rtp']",0.8,21.0,1.0,PROB_LEN_DIST,1.0,,1.0,310685035327764322205088059225090241_eps0_s0,,0.01,3.106850353277643e+35,42.0,5.0,BPI2012_Full,1.2
74.54240849427879,0.9517036268754864,0.9003619663404494,0.0255170415444239,0.8451860432843037,14.908481698855756,14619823.865535216,3.144685188308358,0.583819335822558,0.1995217778922575,0.8722102862055297,223.3712060339749,6.24573540315032,0.8172878409214387,178.0,0.932838597415971,0.9655216187170436,0.1344190873205661,1.0,0.0,111.93487415276468,1584.0,0.9817489558701948,21.0,min_freq_conf,['None'],"['nap', 'rtp']",0.8,21.0,1.0,PROB_LEN_DIST,1.0,,1.0,170029673289490739847706459569643063024_eps5_s0,,0.001,1.7002967328949075e+38,42.0,5.0,BPI2012_Full,1.2
74.54240849427879,0.9516922624731776,0.8987303729153417,0.0254420088125218,0.8410230020531994,14.908481698855756,14619481.860382017,3.144685188308358,0.5837718797176042,0.2037375681222518,0.8690064258288861,206.1564319357276,5.9148419965058565,0.8150845301524677,178.0,0.9323221224368504,0.966097412179486,0.1307773906737566,1.0,0.0,102.0685311537236,1533.0,0.982055582251765,21.0,min_freq_conf,['None'],"['nap', 'rtp']",0.8,21.0,1.0,PROB_LEN_DIST,1.0,,1.0,170029673289490739847706459569643063024_eps5_s0,,0.001,1.7002967328949075e+38,42.0,5.0,BPI2012_Full,1.2
74.54240849427879,0.9517961192814544,0.90248943013544,0.0246504123341699,0.8481650954079661,14.908481698855756,14619167.260654224,3.144685188308358,0.5829248620911818,0.1945540596733578,0.8746800366566317,229.3772230427712,6.091538259759545,0.8185550376479025,173.0,0.9342576915785544,0.9662178351170868,0.1332141142338514,1.0,0.0,112.98561806045473,1550.0,0.9824912804009742,21.0,min_freq_conf,['None'],"['nap', 'rtp']",0.8,21.0,1.0,PROB_LEN_DIST,1.0,,1.0,170029673289490739847706459569643063024_eps5_s0,,0.001,1.7002967328949075e+38,42.0,5.0,BPI2012_Full,1.2
74.54240849427879,0.9522610659913028,0.9019952934442524,0.0255166444260107,0.8451686333594285,14.908481698855756,14618818.339153184,3.144685188308358,0.5973687966132764,0.2035088285256064,0.8731211670992846,220.04291738942263,6.184043627232313,0.8184982147365384,178.0,0.9343990683235626,0.96679507394452,0.1338357925415039,1.0,0.0,105.56823917664587,1581.0,0.983036998259492,21.0,min_freq_conf,['None'],"['nap', 'rtp']",0.8,21.0,1.0,PROB_LEN_DIST,1.0,,1.0,170029673289490739847706459569643063024_eps5_s0,,0.001,1.7002967328949075e+38,42.0,5.0,BPI2012_Full,1.2
74.54240849427879,0.9515602903676774,0.8986509358477105,0.027054255046342,0.8403020155400931,14.908481698855756,14618486.08163195,3.144685188308358,0.5842402725617181,0.2006862028168671,0.8685929932665023,201.3252804595977,6.1284997668117285,0.815162838407151,178.0,0.9323568649207322,0.9656395080906568,0.128858495503664,1.0,0.0,102.7205248363316,1594.0,0.9818286891892732,21.0,min_freq_conf,['None'],"['nap', 'rtp']",0.8,21.0,1.0,PROB_LEN_DIST,1.0,,1.0,170029673289490739847706459569643063024_eps5_s0,,0.001,1.7002967328949075e+38,42.0,5.0,BPI2012_Full,1.2
74.54240849427879,0.944691379338637,0.8807816913434467,0.0255170415444239,0.816555202695847,14.908481698855756,14618175.448689912,3.144685188308358,0.5777057360232376,0.2186660305877724,0.8471641138533923,200.8913903720677,6.079642796888948,0.7976927813394183,178.0,0.9231709847695636,0.9609001744787444,0.1298951953649521,1.0,0.0,109.51438710652292,1584.0,0.9796058758326074,17.0,min_freq_conf,['None'],"['nap', 'rtp']",0.8,21.0,1.0,PROB_LEN_DIST,1.0,,1.0,170029673289490739847706459569643063024_eps4_s0,,0.001,1.7002967328949075e+38,42.0,5.0,BPI2012_Full,1.2
74.54240849427879,0.9496512367712148,0.8858701593198034,0.0254420088125218,0.8174346360727174,14.908481698855756,14617858.501452884,3.144685188308358,0.5807425401260222,0.2295500175480067,0.8490386522579523,188.29114987514916,5.666575741022825,0.7991003115724268,178.0,0.9276378070208386,0.9650304027806615,0.133907476440072,1.0,0.0,89.72523970715702,1533.0,0.9817942944299564,17.0,min_freq_conf,['None'],"['nap', 'rtp']",0.8,21.0,1.0,PROB_LEN_DIST,1.0,,1.0,170029673289490739847706459569643063024_eps4_s0,,0.001,1.7002967328949075e+38,42.0,5.0,BPI2012_Full,1.2
74.54240849427879,0.945160256680631,0.8837011197698836,0.0246504123341699,0.8205418292907588,14.908481698855756,14617574.345333688,3.144685188308358,0.5774404734973132,0.213539278603264,0.8506064082718019,212.59774214960635,6.01231837272644,0.8013804230907136,173.0,0.9250891368608654,0.9618790132130508,0.1311742011457681,1.0,0.0,113.48627845570444,1550.0,0.9804815294813628,17.0,min_freq_conf,['None'],"['nap', 'rtp']",0.8,21.0,1.0,PROB_LEN_DIST,1.0,,1.0,170029673289490739847706459569643063024_eps4_s0,,0.001,1.7002967328949075e+38,42.0,5.0,BPI2012_Full,1.2
74.54240849427879,0.9457695268905316,0.8835730630047713,0.0255166444260107,0.8174196279033906,14.908481698855756,14617241.790245848,3.144685188308358,0.5909885239510824,0.221390786421759,0.849092517113542,200.3998677227646,6.236869186162949,0.799202942979767,178.0,0.925375732917017,0.9625697906650156,0.1348062325268983,1.0,0.0,105.19295999221504,1581.0,0.9810525913257856,17.0,min_freq_conf,['None'],"['nap', 'rtp']",0.8,21.0,1.0,PROB_LEN_DIST,1.0,,1.0,170029673289490739847706459569643063024_eps4_s0,,0.001,1.7002967328949075e+38,42.0,5.0,BPI2012_Full,1.2
74.54240849427879,0.9495648885436552,0.88631530407281,0.027054255046342,0.8174150759270552,14.908481698855756,14616929.493754696,3.144685188308358,0.5809486020768764,0.2249322136132185,0.8491658382033526,184.2517198175192,5.955849274992943,0.79843938894384,178.0,0.9278487802054184,0.9645885165256988,0.1373044475913047,1.0,0.0,89.25585592538118,1594.0,0.9815859219684254,17.0,min_freq_conf,['None'],"['nap', 'rtp']",0.8,21.0,1.0,PROB_LEN_DIST,1.0,,1.0,170029673289490739847706459569643063024_eps4_s0,,0.001,1.7002967328949075e+38,42.0,5.0,BPI2012_Full,1.2
74.54240849427879,0.953720393561622,0.9101634763181544,0.0255170415444239,0.8605690474785949,14.908481698855756,14616649.540063592,3.144685188308358,0.5894353477461786,0.1718033699904766,0.8849554711751081,225.0172200910747,5.682896070182324,0.762758520772212,178.0,0.938956447134149,0.9652964820501766,0.1324409320950508,1.0,0.0,82.88898452557623,1584.0,0.9814486106532316,11.0,min_freq_conf,['None'],"['nap', 'rtp']",0.8,21.0,1.0,PROB_LEN_DIST,1.0,,1.0,170029673289490739847706459569643063024_eps3_s0,,0.001,1.7002967328949075e+38,42.0,5.0,BPI2012_Full,1.2
74.54240849427879,0.9538477428267628,0.9088651402550564,0.0254420088125218,0.8578271750510496,14.908481698855756,14616335.48268894,3.144685188308358,0.589207004257615,0.1875035566345097,0.8827518554705587,205.93652669154108,5.333226991817355,0.7655463579211298,178.0,0.9386476268520276,0.9659464819034812,0.1304320264607668,1.0,0.0,94.05817043595016,1533.0,0.9817731382791988,11.0,min_freq_conf,['None'],"['nap', 'rtp']",0.8,21.0,1.0,PROB_LEN_DIST,1.0,,1.0,170029673289490739847706459569643063024_eps3_s0,,0.001,1.7002967328949075e+38,42.0,5.0,BPI2012_Full,1.2
74.54240849427879,0.9538199877716884,0.9123188485630148,0.0246504123341699,0.8635691019601863,14.908481698855756,14616029.69491928,3.144685188308358,0.5897876742982747,0.1663768389529263,0.8875080641751365,225.5728483814746,5.563063886016607,0.7659376120473288,173.0,0.9403331499739628,0.9660355915378516,0.1309956554323434,1.0,0.0,86.86885726265609,1550.0,0.9822165723627816,11.0,min_freq_conf,['None'],"['nap', 'rtp']",0.8,21.0,1.0,PROB_LEN_DIST,1.0,,1.0,170029673289490739847706459569643063024_eps3_s0,,0.001,1.7002967328949075e+38,42.0,5.0,BPI2012_Full,1.2
74.54240849427879,0.9542359603877192,0.911032380882643,0.0255166444260107,0.8589561858931286,14.908481698855756,14615711.227017868,3.144685188308358,0.6033920059901703,0.1728005648782853,0.8846265261521478,216.4168993383646,5.666817957535386,0.7643271901035092,178.0,0.940362990263456,0.9665643747092698,0.1306167189031839,1.0,0.0,79.67736200988293,1581.0,0.982720075612293,11.0,min_freq_conf,['None'],"['nap', 'rtp']",0.8,21.0,1.0,PROB_LEN_DIST,1.0,,1.0,170029673289490739847706459569643063024_eps3_s0,,0.001,1.7002967328949075e+38,42.0,5.0,BPI2012_Full,1.2
74.54240849427879,0.9534055942888848,0.907803122040935,0.027054255046342,0.8550002022824098,14.908481698855756,14615409.002399838,3.144685188308358,0.5905854538289107,0.1739557936712184,0.8808033239091958,199.17447464168072,5.601036719977856,0.765743488295417,178.0,0.9380793881121368,0.9653719631056068,0.1300358548760414,1.0,0.0,75.95225871540606,1594.0,0.9815290887010628,11.0,min_freq_conf,['None'],"['nap', 'rtp']",0.8,21.0,1.0,PROB_LEN_DIST,1.0,,1.0,170029673289490739847706459569643063024_eps3_s0,,0.001,1.7002967328949075e+38,42.0,5.0,BPI2012_Full,1.2
74.54240849427879,0.9308093265026546,0.8367409343110858,0.0255170415444239,0.7569739569514463,14.908481698855756,14615127.814848244,3.144685188308358,0.5706498278570861,0.188773583977594,0.7932099025953406,177.0581046231091,5.368751440197229,0.7061284363794414,178.0,0.8986891979105528,0.949304695922898,0.1344964560121297,1.0,0.0,73.6240603774786,1584.0,0.9752205992750056,7.0,min_freq_conf,['None'],"['nap', 'rtp']",0.8,21.0,1.0,PROB_LEN_DIST,1.0,,1.0,170029673289490739847706459569643063024_eps2_s0,,0.001,1.7002967328949075e+38,42.0,5.0,BPI2012_Full,1.2
74.54240849427879,0.9317640920189784,0.8388092739691283,0.0254420088125218,0.759461581675903,14.908481698855756,14614871.306937296,3.144685188308358,0.5765760711587585,0.1979262962146196,0.7956526392351845,163.91832839138806,5.087477020919323,0.723437989712579,178.0,0.8999262788903412,0.9505630103928312,0.1300940308719873,1.0,0.0,202.75109542161223,1533.0,0.975853481587827,7.0,min_freq_conf,['None'],"['nap', 'rtp']",0.8,21.0,1.0,PROB_LEN_DIST,1.0,,1.0,170029673289490739847706459569643063024_eps2_s0,,0.001,1.7002967328949075e+38,42.0,5.0,BPI2012_Full,1.2
74.54240849427879,0.9304186552355465,0.8381808136945482,0.0246504123341699,0.7595106194727121,14.908481698855756,14614499.086287403,3.144685188308358,0.5718488568802057,0.1879995275874408,0.7951770423981749,183.7702681012452,5.326264560222626,0.7083004661168878,173.0,0.8992749476378418,0.9495580961522944,0.1306366752833128,1.0,0.0,76.76476512663066,1550.0,0.9756619958374436,7.0,min_freq_conf,['None'],"['nap', 'rtp']",0.8,21.0,1.0,PROB_LEN_DIST,1.0,,1.0,170029673289490739847706459569643063024_eps2_s0,,0.001,1.7002967328949075e+38,42.0,5.0,BPI2012_Full,1.2
74.54240849427879,0.931856058402772,0.8371417693882363,0.0255166444260107,0.754727497756117,14.908481698855756,14614232.764807506,3.144685188308358,0.5855781672002425,0.1882292266988841,0.7922748610254049,173.8419460877776,5.507494175806642,0.7049987376925019,178.0,0.9001587235264781,0.9508339425072384,0.1328127067536115,1.0,0.0,70.81848794035614,1581.0,0.976556654495746,7.0,min_freq_conf,['None'],"['nap', 'rtp']",0.8,21.0,1.0,PROB_LEN_DIST,1.0,,1.0,170029673289490739847706459569643063024_eps2_s0,,0.001,1.7002967328949075e+38,42.0,5.0,BPI2012_Full,1.2
74.54240849427879,0.93161713401988,0.8378155516117748,0.027054255046342,0.7568862718047734,14.908481698855756,14613982.13061712,3.144685188308358,0.5769332533245011,0.1941603128801595,0.7939964080969149,159.8073226250708,5.406431237235665,0.722368758471627,178.0,0.8993640993243499,0.9501009825169596,0.1309892851859331,1.0,0.0,198.346157072112,1594.0,0.9756542638237552,7.0,min_freq_conf,['None'],"['nap', 'rtp']",0.8,21.0,1.0,PROB_LEN_DIST,1.0,,1.0,170029673289490739847706459569643063024_eps2_s0,,0.001,1.7002967328949075e+38,42.0,5.0,BPI2012_Full,1.2
74.54240849427879,0.9189631664131244,0.8045986112815228,0.0255170415444239,0.7160827178330049,14.908481698855756,14613618.123405056,3.144685188308358,0.5624124969014793,0.2249682883940138,0.758257572726357,138.96298146620393,5.302964337170124,0.7047701836357709,178.0,0.8799977694933143,0.9448425300422052,0.1293114367872476,1.0,0.0,107.7544067054987,1584.0,0.971849690440398,5.0,min_freq_conf,['None'],"['nap', 'rtp']",0.8,21.0,1.0,PROB_LEN_DIST,1.0,,1.0,170029673289490739847706459569643063024_eps1_s0,,0.001,1.7002967328949075e+38,42.0,5.0,BPI2012_Full,1.2
74.54240849427879,0.9180699171161912,0.8001334346661367,0.0254420088125218,0.7090553547837712,14.908481698855756,14613365.636483803,3.144685188308358,0.560199058421082,0.2273384671976746,0.752254361449626,126.44779543578623,4.960051152855158,0.7056838922586236,178.0,0.8777261716877732,0.9450287979957764,0.131302198395133,1.0,0.0,100.17253581248224,1533.0,0.9719526166188536,5.0,min_freq_conf,['None'],"['nap', 'rtp']",0.8,21.0,1.0,PROB_LEN_DIST,1.0,,1.0,170029673289490739847706459569643063024_eps1_s0,,0.001,1.7002967328949075e+38,42.0,5.0,BPI2012_Full,1.2
74.54240849427879,0.9188746714300864,0.8068700935271236,0.0246504123341699,0.7187896762918988,14.908481698855756,14613133.570283374,3.144685188308358,0.5627014561309631,0.2209693544557693,0.7607814811784096,145.56933783367276,5.207216892391443,0.7072427393330943,173.0,0.8812289549383509,0.9455726315932552,0.1311157755553722,1.0,0.0,113.50387951545416,1550.0,0.972565627185136,5.0,min_freq_conf,['None'],"['nap', 'rtp']",0.8,21.0,1.0,PROB_LEN_DIST,1.0,,1.0,170029673289490739847706459569643063024_eps1_s0,,0.001,1.7002967328949075e+38,42.0,5.0,BPI2012_Full,1.2
74.54240849427879,0.9200731269510156,0.8046282756105787,0.0255166444260107,0.7134068979484158,14.908481698855756,14612868.825073892,3.144685188308358,0.5754170666508694,0.2231618632737625,0.7568792313473943,139.052501084283,5.304901801049709,0.7032856060879288,178.0,0.8813791187977836,0.9466525464828056,0.140860877931118,1.0,0.0,103.22391867265104,1581.0,0.9735201876307564,5.0,min_freq_conf,['None'],"['nap', 'rtp']",0.8,21.0,1.0,PROB_LEN_DIST,1.0,,1.0,170029673289490739847706459569643063024_eps1_s0,,0.001,1.7002967328949075e+38,42.0,5.0,BPI2012_Full,1.2
74.54240849427879,0.91964905698455,0.803812704054327,0.027054255046342,0.7129614533133057,14.908481698855756,14612620.76584828,3.144685188308358,0.5604250253160244,0.221694012761954,0.7560714776118066,127.1309489645064,5.20371382124722,0.7060116496318277,178.0,0.8798925443510268,0.9458434491334146,0.139521250501275,1.0,0.0,100.2636379878968,1594.0,0.9724114617791652,5.0,min_freq_conf,['None'],"['nap', 'rtp']",0.8,21.0,1.0,PROB_LEN_DIST,1.0,,1.0,170029673289490739847706459569643063024_eps1_s0,,0.001,1.7002967328949075e+38,42.0,5.0,BPI2012_Full,1.2
74.54240849427879,0.9702279500749044,0.9460912880490264,0.0255170415444239,0.9064108127657236,14.908481698855756,14612387.682427889,3.144685188308358,0.5666212788714897,0.1274576512710935,0.9271297571215544,258.46912486478686,5.234391484409571,0.8142815748487812,178.0,0.962695661455699,0.9754473279715158,0.1327969748526811,1.0,0.0,1169.1616866681725,1584.0,0.9852191105012548,3.0,min_freq_conf,['None'],"['nap', 'rtp']",0.8,21.0,1.0,PROB_LEN_DIST,1.0,,1.0,170029673289490739847706459569643063024_eps0_s0,,0.001,1.7002967328949075e+38,42.0,5.0,BPI2012_Full,1.2
74.54240849427879,0.9707116646434046,0.945184269787268,0.0254420088125218,0.9028664599498524,14.908481698855756,14610954.355509328,3.144685188308358,0.5636456254458635,0.12752555175524,0.9249279494606428,239.96074904873967,4.963136833161116,0.8133699599933629,178.0,0.9628449944428104,0.9763144882187634,0.132106527686119,1.0,0.0,1121.9312289506197,1533.0,0.9856358087483272,3.0,min_freq_conf,['None'],"['nap', 'rtp']",0.8,21.0,1.0,PROB_LEN_DIST,1.0,,1.0,170029673289490739847706459569643063024_eps0_s0,,0.001,1.7002967328949075e+38,42.0,5.0,BPI2012_Full,1.2
74.54240849427879,0.9696033624578416,0.9472421103813924,0.0246504123341699,0.9091529486726034,14.908481698855756,14609587.03282164,3.144685188308358,0.565986947902008,0.1252459970741863,0.9290523542276544,266.51902403868735,4.984656380489469,0.8157941914664755,173.0,0.9631574134741868,0.9757446120184856,0.1348372530192136,1.0,0.0,1205.4360669050366,1550.0,0.985800982489448,3.0,min_freq_conf,['None'],"['nap', 'rtp']",0.8,21.0,1.0,PROB_LEN_DIST,1.0,,1.0,170029673289490739847706459569643063024_eps0_s0,,0.001,1.7002967328949075e+38,42.0,5.0,BPI2012_Full,1.2
74.54240849427879,0.9705291218281734,0.946127332929306,0.0255166444260107,0.9042613345347814,14.908481698855756,14608109.619460996,3.144685188308358,0.5820424990775362,0.1316281657981936,0.9260557336303537,255.82655392214656,5.193218011409044,0.8140440725646482,178.0,0.9636209071892547,0.9765922944910368,0.1353510525077581,1.0,0.0,1125.9409318957478,1581.0,0.9864483376193116,3.0,min_freq_conf,['None'],"['nap', 'rtp']",0.8,21.0,1.0,PROB_LEN_DIST,1.0,,1.0,170029673289490739847706459569643063024_eps0_s0,,0.001,1.7002967328949075e+38,42.0,5.0,BPI2012_Full,1.2
74.54240849427879,0.9691653275231348,0.9425943843509283,0.027054255046342,0.8995071417955199,14.908481698855756,14606722.184924504,3.144685188308358,0.56470644193729,0.1271464082488801,0.921941382597174,235.63972890377045,5.004952859133482,0.8114444810785068,178.0,0.960860996819146,0.9750832090510798,0.1317414250224828,1.0,0.0,1091.0497769638896,1594.0,0.9851377181994122,3.0,min_freq_conf,['None'],"['nap', 'rtp']",0.8,21.0,1.0,PROB_LEN_DIST,1.0,,1.0,170029673289490739847706459569643063024_eps0_s0,,0.001,1.7002967328949075e+38,42.0,5.0,BPI2012_Full,1.2
77.18192046694458,0.9444308440959596,0.8381824281421925,0.0026259553044297,0.7189162362659681,15.436384093388916,14604974.904997764,3.106853909790516,0.6579161923460298,0.3408917182836593,0.770107061736914,125.8991666752845,20.75696196965873,0.803162012387265,178.0,0.9118453554629838,0.9659121350522843,0.1302033718675375,1.0,0.0,175.77785104326904,10327.0,0.9856629176125914,21.0,min_freq_conf,['None'],"['nap', 'rtp']",0.8,21.0,1.0,PROB_LEN_DIST,1.0,,1.0,122846093199160757595165620464306597802_eps5_s0,,0.0001,1.2284609319916076e+38,42.0,5.0,BPI2012_Full,1.2
77.18192046694458,0.9439981100567488,0.8375767090332027,0.0027101270256816,0.7197741571178116,15.436384093388916,14604652.017727684,3.106853909790516,0.6691149129071888,0.3417383325063186,0.7695324080002457,120.1543820053339,19.954746833071116,0.8070647665050423,178.0,0.911183388399902,0.9656664300099188,0.1291230637580156,1.0,0.0,148.3808452989906,10396.0,0.9853439003872844,21.0,min_freq_conf,['None'],"['nap', 'rtp']",0.8,21.0,1.0,PROB_LEN_DIST,1.0,,1.0,122846093199160757595165620464306597802_eps5_s0,,0.0001,1.2284609319916076e+38,42.0,5.0,BPI2012_Full,1.2
77.18192046694458,0.9448864898008588,0.8361489109885744,0.0024740050197203,0.716140346632391,15.436384093388916,14604363.076877115,3.106853909790516,0.6574408353460565,0.3390925940739177,0.766109191373618,126.71859470568596,21.195216678082943,0.8095195410541413,173.0,0.9121421004581792,0.9663027950206418,0.1317663788795471,1.0,0.0,170.964245416224,10568.0,0.9858177082216222,21.0,min_freq_conf,['None'],"['nap', 'rtp']",0.8,21.0,1.0,PROB_LEN_DIST,1.0,,1.0,122846093199160757595165620464306597802_eps5_s0,,0.0001,1.2284609319916076e+38,42.0,5.0,BPI2012_Full,1.2
77.18192046694458,0.9438697791322772,0.8369861182822707,0.0023803512821437,0.7170500956513768,15.436384093388916,14604043.730599271,3.106853909790516,0.6755451268733406,0.3453909771724463,0.7681429932675599,120.97612283565104,21.125731082633138,0.80253904136762,178.0,0.911100794785099,0.9654709350515184,0.1306001134216785,1.0,0.0,131.1116875540465,10448.0,0.9855955303333718,21.0,min_freq_conf,['None'],"['nap', 'rtp']",0.8,21.0,1.0,PROB_LEN_DIST,1.0,,1.0,122846093199160757595165620464306597802_eps5_s0,,0.0001,1.2284609319916076e+38,42.0,5.0,BPI2012_Full,1.2
77.18192046694458,0.94676346025456,0.838714936713605,0.0021430926475436,0.716636533279556,15.436384093388916,14603770.055323338,3.106853909790516,0.6628214057567628,0.3444823352644968,0.7683651249632157,112.34951109066606,20.30250364355743,0.80811078140455,178.0,0.9142185841277324,0.9674595333985748,0.1305827442556619,1.0,0.0,152.09024294652045,10237.0,0.9864565770607752,21.0,min_freq_conf,['None'],"['nap', 'rtp']",0.8,21.0,1.0,PROB_LEN_DIST,1.0,,1.0,122846093199160757595165620464306597802_eps5_s0,,0.0001,1.2284609319916076e+38,42.0,5.0,BPI2012_Full,1.2
77.18192046694458,0.9419500495915192,0.8377312487284176,0.0026259553044297,0.7296780878121824,15.436384093388916,14603484.858709136,3.106853909790516,0.6543032829072899,0.3203022844702879,0.7785653563907735,133.17021317780018,18.975192116573453,0.7974935709370133,178.0,0.909981735084175,0.9642584578520924,0.1333718374371528,1.0,0.0,151.92985419370234,10327.0,0.9848093883101602,17.0,min_freq_conf,['None'],"['nap', 'rtp']",0.8,21.0,1.0,PROB_LEN_DIST,1.0,,1.0,122846093199160757595165620464306597802_eps4_s0,,0.0001,1.2284609319916076e+38,42.0,5.0,BPI2012_Full,1.2
77.18192046694458,0.9420444898119512,0.8393195770983652,0.0027101270256816,0.7329507470856237,15.436384093388916,14603180.328340316,3.106853909790516,0.6630915967169816,0.3187405065125682,0.7812810128446839,125.619996804744,18.652314577251676,0.7990818753341569,178.0,0.9102207730769388,0.9642003353102806,0.1301842872053384,1.0,0.0,148.31849514506757,10396.0,0.9843680651094326,17.0,min_freq_conf,['None'],"['nap', 'rtp']",0.8,21.0,1.0,PROB_LEN_DIST,1.0,,1.0,122846093199160757595165620464306597802_eps4_s0,,0.0001,1.2284609319916076e+38,42.0,5.0,BPI2012_Full,1.2
77.18192046694458,0.9432314378996132,0.8429673982613994,0.0024740050197203,0.7379680428755837,15.436384093388916,14602887.275493843,3.106853909790516,0.6586351452972824,0.3141320612492813,0.7856274717379518,139.99007996171713,19.734330704435703,0.7993546073861599,173.0,0.9125717060666516,0.964851322423658,0.1301189549267292,1.0,0.0,142.85787233151495,10568.0,0.9847315770517758,17.0,min_freq_conf,['None'],"['nap', 'rtp']",0.8,21.0,1.0,PROB_LEN_DIST,1.0,,1.0,122846093199160757595165620464306597802_eps4_s0,,0.0001,1.2284609319916076e+38,42.0,5.0,BPI2012_Full,1.2
77.18192046694458,0.9429574028780444,0.8426100545657103,0.0023803512821437,0.7359086816920966,15.436384093388916,14602584.245377632,3.106853909790516,0.6715352749926445,0.3210536695740274,0.7847367807845386,135.2777438815683,19.280090870335695,0.7987521188733004,178.0,0.9122355371886816,0.9646764653423616,0.1343492865562439,1.0,0.0,155.6816400438547,10448.0,0.984916928967715,17.0,min_freq_conf,['None'],"['nap', 'rtp']",0.8,21.0,1.0,PROB_LEN_DIST,1.0,,1.0,122846093199160757595165620464306597802_eps4_s0,,0.0001,1.2284609319916076e+38,42.0,5.0,BPI2012_Full,1.2
77.18192046694458,0.9436377502823262,0.8368684545017486,0.0021430926475436,0.7253992254805756,15.436384093388916,14602273.542079302,3.106853909790516,0.6581869149058209,0.326069790901721,0.775694857803354,118.53617506474257,19.142762951552868,0.8005458475290325,178.0,0.9108970978386308,0.9653896935422712,0.132128395140171,1.0,0.0,145.57255912944674,10237.0,0.985315192777814,17.0,min_freq_conf,['None'],"['nap', 'rtp']",0.8,21.0,1.0,PROB_LEN_DIST,1.0,,1.0,122846093199160757595165620464306597802_eps4_s0,,0.0001,1.2284609319916076e+38,42.0,5.0,BPI2012_Full,1.2
77.18192046694458,0.9365365223314454,0.7993387280042791,0.0026259553044297,0.6756571360780981,15.436384093388916,14601989.836271796,3.106853909790516,0.6616458423152446,0.3303416352297983,0.7262640494556921,103.0751089900732,17.088127974420786,0.7955920170958746,178.0,0.8956144102221755,0.96154465436895,0.1289860121905803,1.0,0.0,145.11833927035332,10327.0,0.9852839070346264,11.0,min_freq_conf,['None'],"['nap', 'rtp']",0.8,21.0,1.0,PROB_LEN_DIST,1.0,,1.0,122846093199160757595165620464306597802_eps3_s0,,0.0001,1.2284609319916076e+38,42.0,5.0,BPI2012_Full,1.2
77.18192046694458,0.9343825265115098,0.7948285392455295,0.0027101270256816,0.6704618962240612,15.436384093388916,14601724.09918108,3.106853909790516,0.6696620067120059,0.3292624907706682,0.7223694142148117,96.70901325158776,16.863603761419654,0.7877804612746815,178.0,0.8924954916873364,0.9595975075191356,0.129428343847394,1.0,0.0,148.04656946845353,10396.0,0.9841754149598336,11.0,min_freq_conf,['None'],"['nap', 'rtp']",0.8,21.0,1.0,PROB_LEN_DIST,1.0,,1.0,122846093199160757595165620464306597802_eps3_s0,,0.0001,1.2284609319916076e+38,42.0,5.0,BPI2012_Full,1.2
77.18192046694458,0.9368184849192636,0.8080960862147457,0.0024740050197203,0.6900955394748648,15.436384093388916,14601462.02445846,3.106853909790516,0.6641055790403559,0.3190414191348449,0.7385118245416059,116.45442369580267,17.576310340315104,0.7973287916816063,173.0,0.8982971102387745,0.9618803219591736,0.1308038309216499,1.0,0.0,179.97719527222216,10568.0,0.9853199962133556,11.0,min_freq_conf,['None'],"['nap', 'rtp']",0.8,21.0,1.0,PROB_LEN_DIST,1.0,,1.0,122846093199160757595165620464306597802_eps3_s0,,0.0001,1.2284609319916076e+38,42.0,5.0,BPI2012_Full,1.2
77.18192046694458,0.9348529596845406,0.7971492588355971,0.0023803512821437,0.6750529119732999,15.436384093388916,14601147.565968724,3.106853909790516,0.6799920362159679,0.3310594037632342,0.7263338434950091,101.91721760854124,17.402335297316313,0.7927651747394237,178.0,0.8934336032776397,0.9600928725040494,0.1360151059925556,1.0,0.0,153.07016460038722,10448.0,0.9849447471926608,11.0,min_freq_conf,['None'],"['nap', 'rtp']",0.8,21.0,1.0,PROB_LEN_DIST,1.0,,1.0,122846093199160757595165620464306597802_eps3_s0,,0.0001,1.2284609319916076e+38,42.0,5.0,BPI2012_Full,1.2
77.18192046694458,0.934223483671878,0.79150399045826,0.0021430926475436,0.6745781250779717,15.436384093388916,14600874.724540245,3.106853909790516,0.6659818396153038,0.3375185939067957,0.7228546927177557,91.5019564088434,16.669115325435996,0.7878155108619995,178.0,0.8916405734022391,0.9595981270292055,0.130376785993576,1.0,0.0,141.9773537348956,10237.0,0.9845233401013928,11.0,min_freq_conf,['None'],"['nap', 'rtp']",0.8,21.0,1.0,PROB_LEN_DIST,1.0,,1.0,122846093199160757595165620464306597802_eps3_s0,,0.0001,1.2284609319916076e+38,42.0,5.0,BPI2012_Full,1.2
77.18192046694458,0.9150627792426966,0.7129648126548115,0.0026259553044297,0.5278299839821796,15.436384093388916,14600624.131240496,3.106853909790516,0.6387842402695858,0.3756438156383946,0.6078174433555756,38.87143174186349,16.42517440021038,0.7316273678872831,178.0,0.8530642054543417,0.9475313896167152,0.1311097927391529,1.0,0.0,57.88496602326632,10327.0,0.980344539230796,7.0,min_freq_conf,['None'],"['nap', 'rtp']",0.8,21.0,1.0,PROB_LEN_DIST,1.0,,1.0,122846093199160757595165620464306597802_eps2_s0,,0.0001,1.2284609319916076e+38,42.0,5.0,BPI2012_Full,1.2
77.18192046694458,0.9330364355330152,0.8067768626446121,0.0027101270256816,0.7051240551792755,15.436384093388916,14600510.496089088,3.106853909790516,0.6469147995249607,0.2642852466339055,0.7494405459415832,114.27508504129946,17.322404615581036,0.733559484522778,178.0,0.8918370963604803,0.957437740040651,0.1325924471020698,1.0,0.0,358.5012331195176,10396.0,0.984203196281422,7.0,min_freq_conf,['None'],"['nap', 'rtp']",0.8,21.0,1.0,PROB_LEN_DIST,1.0,,1.0,122846093199160757595165620464306597802_eps2_s0,,0.0001,1.2284609319916076e+38,42.0,5.0,BPI2012_Full,1.2
77.18192046694458,0.915893628169276,0.7205355116957876,0.0024740050197203,0.5350820800628925,15.436384093388916,14600019.94471938,3.106853909790516,0.6342066980256069,0.3724454765570252,0.6160457354602266,43.06126775033772,17.106753066182137,0.6938508425959126,173.0,0.8561129497153986,0.944662384405343,0.1374705210328102,1.0,0.0,63.62886110506952,10568.0,0.9773294271276488,7.0,min_freq_conf,['None'],"['nap', 'rtp']",0.8,21.0,1.0,PROB_LEN_DIST,1.0,,1.0,122846093199160757595165620464306597802_eps2_s0,,0.0001,1.2284609319916076e+38,42.0,5.0,BPI2012_Full,1.2
77.18192046694458,0.9381916838729054,0.8217368982087369,0.0023803512821437,0.7195360012884112,15.436384093388916,14599895.687895324,3.106853909790516,0.6544550345335924,0.250451456835691,0.7647659418655257,128.4720956403762,16.4368778988719,0.7296858657626141,178.0,0.9008761929547874,0.9605997001732332,0.1313416399061679,1.0,0.0,374.1974420286715,10448.0,0.9858549662848868,7.0,min_freq_conf,['None'],"['nap', 'rtp']",0.8,21.0,1.0,PROB_LEN_DIST,1.0,,1.0,122846093199160757595165620464306597802_eps2_s0,,0.0001,1.2284609319916076e+38,42.0,5.0,BPI2012_Full,1.2
77.18192046694458,0.9344975284700616,0.807965289291501,0.0021430926475436,0.7104702035867563,15.436384093388916,14599376.116212552,3.106853909790516,0.6411877267422803,0.248319396854006,0.7528759206476761,120.74645611271262,15.948400078341365,0.7342015606110561,178.0,0.8934962671141672,0.9585874694717558,0.1348764393478632,1.0,0.0,380.9633293878287,10237.0,0.9847730384524588,7.0,min_freq_conf,['None'],"['nap', 'rtp']",0.8,21.0,1.0,PROB_LEN_DIST,1.0,,1.0,122846093199160757595165620464306597802_eps2_s0,,0.0001,1.2284609319916076e+38,42.0,5.0,BPI2012_Full,1.2
77.18192046694458,0.8992792006025948,0.7058911140347982,0.0026259553044297,0.5580869248315766,15.436384093388916,14598857.99381566,3.106853909790516,0.5622875579534078,0.3065308350148415,0.6223158872566741,50.05270662717521,15.977499309927223,0.6109058640298454,178.0,0.8365190212595716,0.9329127185504116,0.1356942318379879,1.0,0.0,137.27329326048493,10327.0,0.9681719226483398,5.0,min_freq_conf,['None'],"['nap', 'rtp']",0.8,21.0,1.0,PROB_LEN_DIST,1.0,,1.0,122846093199160757595165620464306597802_eps1_s0,,0.0001,1.2284609319916076e+38,42.0,5.0,BPI2012_Full,1.2
77.18192046694458,0.9016985359752866,0.7154495406046845,0.0027101270256816,0.5750411221916792,15.436384093388916,14598654.220808558,3.106853909790516,0.5842644487528953,0.3083411344509211,0.636433338004058,53.09059705585241,15.785949664190412,0.6387050386239191,178.0,0.8405848905565297,0.9350779661421884,0.135257264599204,1.0,0.0,173.32709086686373,10396.0,0.9692736220708584,5.0,min_freq_conf,['None'],"['nap', 'rtp']",0.8,21.0,1.0,PROB_LEN_DIST,1.0,,1.0,122846093199160757595165620464306597802_eps1_s0,,0.0001,1.2284609319916076e+38,42.0,5.0,BPI2012_Full,1.2
77.18192046694458,0.8977964488567043,0.702644431567946,0.0024740050197203,0.5542325935509159,15.436384093388916,14598411.546781376,3.106853909790516,0.5699556093596508,0.307465941381092,0.6185700289392754,50.38233341090381,16.537642369046807,0.6120473287916816,173.0,0.8344084998760014,0.932222371015767,0.1323856357485056,1.0,0.0,149.4671638906002,10568.0,0.9676655842898966,5.0,min_freq_conf,['None'],"['nap', 'rtp']",0.8,21.0,1.0,PROB_LEN_DIST,1.0,,1.0,122846093199160757595165620464306597802_eps1_s0,,0.0001,1.2284609319916076e+38,42.0,5.0,BPI2012_Full,1.2
77.18192046694458,0.8989391538223197,0.7026732376703686,0.0023803512821437,0.554206976910207,15.436384093388916,14598194.70002364,3.106853909790516,0.5719416479167991,0.3048458619483144,0.6185873748126174,49.33319614827633,16.42756687477231,0.604915786056912,178.0,0.8351102682851405,0.933240429764168,0.1344949100166559,1.0,0.0,142.59140932559967,10448.0,0.9685053991125496,5.0,min_freq_conf,['None'],"['nap', 'rtp']",0.8,21.0,1.0,PROB_LEN_DIST,1.0,,1.0,122846093199160757595165620464306597802_eps1_s0,,0.0001,1.2284609319916076e+38,42.0,5.0,BPI2012_Full,1.2
77.18192046694458,0.898952386324162,0.7034943511192291,0.0021430926475436,0.5558367186631046,15.436384093388916,14597985.889668798,3.106853909790516,0.5640837939950172,0.3103610666062971,0.6198188722883737,45.177852330729365,16.12166146375239,0.6193354581089497,178.0,0.8351100008616892,0.9332011925730278,0.1318678371608257,1.0,0.0,137.79117379710078,10237.0,0.9684774552055746,5.0,min_freq_conf,['None'],"['nap', 'rtp']",0.8,21.0,1.0,PROB_LEN_DIST,1.0,,1.0,122846093199160757595165620464306597802_eps1_s0,,0.0001,1.2284609319916076e+38,42.0,5.0,BPI2012_Full,1.2
77.18192046694458,0.9820417303476736,0.9633080765493464,0.0026259553044297,0.9244989632017416,15.436384093388916,14597786.3313601,3.106853909790516,0.632378370218532,0.1409951324008995,0.9449094383718126,259.08051474764943,16.251881681382656,0.8299829765656127,178.0,0.9783779812007116,0.985505129995873,0.1360089872032404,1.0,0.0,5154.929268954322,10327.0,0.99235049280293,3.0,min_freq_conf,['None'],"['nap', 'rtp']",0.8,21.0,1.0,PROB_LEN_DIST,1.0,,1.0,122846093199160757595165620464306597802_eps0_s0,,0.0001,1.2284609319916076e+38,42.0,5.0,BPI2012_Full,1.2
77.18192046694458,0.9825932617560886,0.9622094543928876,0.0027101270256816,0.9208537640516472,15.436384093388916,14592355.594593951,3.106853909790516,0.637553307047835,0.1404863555061275,0.942597729382108,240.2239131592214,16.003128634765744,0.8292619973820542,178.0,0.9781774095670398,0.9860328563932425,0.1348686572164297,1.0,0.0,4905.629669837654,10396.0,0.992410309503532,3.0,min_freq_conf,['None'],"['nap', 'rtp']",0.8,21.0,1.0,PROB_LEN_DIST,1.0,,1.0,122846093199160757595165620464306597802_eps0_s0,,0.0001,1.2284609319916076e+38,42.0,5.0,BPI2012_Full,1.2
77.18192046694458,0.9813930481879728,0.9642435402003277,0.0024740050197203,0.9268452092029832,15.436384093388916,14587193.258007232,3.106853909790516,0.6373041481168317,0.1386993486378935,0.9465355941919724,269.3979149814695,16.382554050534964,0.8309071351738975,173.0,0.978639128407272,0.9854188400408268,0.1349748484790325,1.0,0.0,5718.034208852798,10568.0,0.99250664996396,3.0,min_freq_conf,['None'],"['nap', 'rtp']",0.8,21.0,1.0,PROB_LEN_DIST,1.0,,1.0,122846093199160757595165620464306597802_eps0_s0,,0.0001,1.2284609319916076e+38,42.0,5.0,BPI2012_Full,1.2
77.18192046694458,0.9815140492396732,0.9623239472795364,0.0023803512821437,0.9214150721641589,15.436384093388916,14581188.979158187,3.106853909790516,0.6442619713794397,0.1454701371985348,0.94287116474361,256.5874116756022,16.650611266493797,0.829336026255996,178.0,0.9782653876780708,0.9855885719095574,0.1328455451875925,1.0,0.0,4960.042053842917,10448.0,0.9927332154219064,3.0,min_freq_conf,['None'],"['nap', 'rtp']",0.8,21.0,1.0,PROB_LEN_DIST,1.0,,1.0,122846093199160757595165620464306597802_eps0_s0,,0.0001,1.2284609319916076e+38,42.0,5.0,BPI2012_Full,1.2
77.18192046694458,0.9817008600953716,0.9609183521907556,0.0021430926475436,0.9185707528431905,15.436384093388916,14575955.22907482,3.106853909790516,0.6286089368022059,0.1426269116695085,0.9407707721237918,236.280487915501,15.582950253039598,0.8282228816353445,178.0,0.9775057395798666,0.9855765996591248,0.1313954088836908,1.0,0.0,4871.574981935322,10237.0,0.992394330996904,3.0,min_freq_conf,['None'],"['nap', 'rtp']",0.8,21.0,1.0,PROB_LEN_DIST,1.0,,1.0,122846093199160757595165620464306597802_eps0_s0,,0.0001,1.2284609319916076e+38,42.0,5.0,BPI2012_Full,1.2
296.15453391708434,0.9301791869758826,0.7688919761294298,5.433010974682169e-05,0.610550554691849,59.23090678341687,14570396.63202926,3.445844192057848,0.679869317730086,0.4268940762510139,0.6782559310810446,49.788901871070266,95.32645770907402,0.7996486652903039,178.0,0.8780029309128327,0.9597986723093598,2.8352531529963017,1.0,0.0,314.19473390839994,113080.0,0.983830640579358,21.0,min_freq_conf,['None'],"['nap', 'rtp']",0.8,21.0,1.0,PROB_LEN_DIST,1.0,,1.0,319668454559724892528166104377770402880_eps5_s0,,1e-07,3.196684545597249e+38,42.0,5.0,BPI2012_Full,1.2
296.15453391708434,0.9258761950877518,0.7539120887603649,0.0001474899061595,0.5858891481124282,59.23090678341687,14569934.156342236,3.445844192057848,0.6729380399104751,0.4336303508659188,0.6555863290019663,38.35952979698777,93.45130151696505,0.7883335484227798,178.0,0.8718067383996083,0.9569294132810536,0.1371620371937751,1.0,0.0,221.71247735619545,112370.0,0.9823295500067828,21.0,min_freq_conf,['None'],"['nap', 'rtp']",0.8,21.0,1.0,PROB_LEN_DIST,1.0,,1.0,319668454559724892528166104377770402880_eps5_s0,,1e-07,3.196684545597249e+38,42.0,5.0,BPI2012_Full,1.2
296.15453391708434,0.9280123961577376,0.762807558178107,0.00021513087128,0.6019695654121441,59.23090678341687,14569580.176659347,3.445844192057848,0.6630666206532058,0.4226218846026192,0.6697887034553146,49.79500109143555,96.6180318351835,0.7886877016851919,173.0,0.8755887517798918,0.9574410079095018,0.1401557959616184,1.0,0.0,333.5134092196822,111991.0,0.9825597737470804,21.0,min_freq_conf,['None'],"['nap', 'rtp']",0.8,21.0,1.0,PROB_LEN_DIST,1.0,,1.0,319668454559724892528166104377770402880_eps5_s0,,1e-07,3.196684545597249e+38,42.0,5.0,BPI2012_Full,1.2
296.15453391708434,0.9324959447295864,0.7717769660586092,0.0,0.6129916599394607,59.23090678341687,14569099.788333068,3.445844192057848,0.6844161083749326,0.4250870420222342,0.6813853041570416,49.58379864506424,97.04105896316467,0.8042341400079345,178.0,0.8815245711968726,0.9611018556644728,0.1371495071798563,1.0,0.0,336.0841916706413,113255.0,0.984599917310868,21.0,min_freq_conf,['None'],"['nap', 'rtp']",0.8,21.0,1.0,PROB_LEN_DIST,1.0,,1.0,319668454559724892528166104377770402880_eps5_s0,,1e-07,3.196684545597249e+38,42.0,5.0,BPI2012_Full,1.2
296.15453391708434,0.9343974578437162,0.7733039590285861,9.15851558779353e-05,0.6146048402253421,59.23090678341687,14568616.624295115,3.445844192057848,0.6711071934909988,0.4216298575183198,0.6821515272213858,51.30290747247636,92.04967213794588,0.8137524270066308,178.0,0.8835268425505898,0.9617168168109348,0.1345095671713352,1.0,0.0,346.34161260537803,111863.0,0.9856036270228752,21.0,min_freq_conf,['None'],"['nap', 'rtp']",0.8,21.0,1.0,PROB_LEN_DIST,1.0,,1.0,319668454559724892528166104377770402880_eps5_s0,,1e-07,3.196684545597249e+38,42.0,5.0,BPI2012_Full,1.2
296.15453391708434,0.9239304260924388,0.7413936354645458,5.433010974682169e-05,0.5700488395832443,59.23090678341687,14568126.481696028,3.445844192057848,0.6791533383074053,0.4230870281729424,0.6422082530002986,37.32959311828017,83.07480842061341,0.7862653482560035,178.0,0.8671110451493367,0.9569126304011631,0.139215663075447,1.0,0.0,190.13832893036303,113080.0,0.9839179562588148,17.0,min_freq_conf,['None'],"['nap', 'rtp']",0.8,21.0,1.0,PROB_LEN_DIST,1.0,,1.0,319668454559724892528166104377770402880_eps4_s0,,1e-07,3.196684545597249e+38,42.0,5.0,BPI2012_Full,1.2
296.15453391708434,0.9227250818241346,0.7404743374655323,0.0001474899061595,0.5736189820068651,59.23090678341687,14567815.47909411,3.445844192057848,0.6675545534101153,0.405882993350532,0.6430390990444029,42.46813559904695,80.32541649229825,0.7737873564277945,178.0,0.865847615364937,0.9554195669358848,0.1334700174629688,1.0,0.0,254.51052527874708,112370.0,0.9829853037662054,17.0,min_freq_conf,['None'],"['nap', 'rtp']",0.8,21.0,1.0,PROB_LEN_DIST,1.0,,1.0,319668454559724892528166104377770402880_eps4_s0,,1e-07,3.196684545597249e+38,42.0,5.0,BPI2012_Full,1.2
296.15453391708434,0.92216817921463,0.7375893514573988,0.00021513087128,0.5648846461242751,59.23090678341687,14567437.724563755,3.445844192057848,0.667572080923774,0.4198772366925369,0.6359457906364837,37.4880414493382,83.15684405900538,0.7863391896737182,173.0,0.864371454998428,0.9558294287979312,0.1352548561990261,1.0,0.0,193.01686739735305,111991.0,0.9837279589178834,17.0,min_freq_conf,['None'],"['nap', 'rtp']",0.8,21.0,1.0,PROB_LEN_DIST,1.0,,1.0,319668454559724892528166104377770402880_eps4_s0,,1e-07,3.196684545597249e+38,42.0,5.0,BPI2012_Full,1.2
296.15453391708434,0.9230632313537792,0.7458194148952851,0.0,0.5790518133996689,59.23090678341687,14567123.605732191,3.445844192057848,0.6837275183810864,0.4174609779707427,0.6490305914024691,41.93560869991779,84.97516546957195,0.7864716702131497,178.0,0.8678793287392607,0.9563866269908652,0.134068951010704,1.0,0.0,235.54368535242972,113255.0,0.9839227372828524,17.0,min_freq_conf,['None'],"['nap', 'rtp']",0.8,21.0,1.0,PROB_LEN_DIST,1.0,,1.0,319668454559724892528166104377770402880_eps4_s0,,1e-07,3.196684545597249e+38,42.0,5.0,BPI2012_Full,1.2
296.15453391708434,0.9243106495634196,0.7404734426878703,9.15851558779353e-05,0.571393476660492,59.23090678341687,14566760.70596424,3.445844192057848,0.6660686017339708,0.4272383918730301,0.6414775811961345,35.196990218013525,80.75833756290376,0.7856541011832802,178.0,0.8672897289594588,0.956532636355474,0.1330168657004833,1.0,0.0,183.09100094251332,111863.0,0.9838830442212504,17.0,min_freq_conf,['None'],"['nap', 'rtp']",0.8,21.0,1.0,PROB_LEN_DIST,1.0,,1.0,319668454559724892528166104377770402880_eps4_s0,,1e-07,3.196684545597249e+38,42.0,5.0,BPI2012_Full,1.2
296.15453391708434,0.915383104192684,0.7200059682937692,5.433010974682169e-05,0.55410083369846,59.23090678341687,14566461.20167639,3.445844192057848,0.6527691677230736,0.382180490178274,0.6250264734186315,38.17988471314311,73.59966287948191,0.7354848056793075,178.0,0.8488711674416182,0.9507645558894532,0.1344425585120916,1.0,0.0,203.52601293101907,113080.0,0.9820200162218402,11.0,min_freq_conf,['None'],"['nap', 'rtp']",0.8,21.0,1.0,PROB_LEN_DIST,1.0,,1.0,319668454559724892528166104377770402880_eps3_s0,,1e-07,3.196684545597249e+38,42.0,5.0,BPI2012_Full,1.2
296.15453391708434,0.9093145733132396,0.6998235480339493,0.0001474899061595,0.5286694995234456,59.23090678341687,14566145.449688062,3.445844192057848,0.637040809259943,0.3889930411216883,0.6004946232377587,30.202740354463455,71.94985260814428,0.72965100200955,178.0,0.838033005594638,0.9469726212070438,0.1339314151555299,1.0,0.0,143.40925511345267,112370.0,0.980212896162047,11.0,min_freq_conf,['None'],"['nap', 'rtp']",0.8,21.0,1.0,PROB_LEN_DIST,1.0,,1.0,319668454559724892528166104377770402880_eps3_s0,,1e-07,3.196684545597249e+38,42.0,5.0,BPI2012_Full,1.2
296.15453391708434,0.9203549963531618,0.7278503011949782,0.00021513087128,0.5636045726556631,59.23090678341687,14565899.429114709,3.445844192057848,0.6513457686724944,0.3628182679671619,0.633028030582357,39.36951448023319,74.3474243003875,0.7463427751882395,173.0,0.857304024074205,0.9532287157795524,0.1340693179517984,1.0,0.0,222.6424417514354,111991.0,0.9831521134506124,11.0,min_freq_conf,['None'],"['nap', 'rtp']",0.8,21.0,1.0,PROB_LEN_DIST,1.0,,1.0,319668454559724892528166104377770402880_eps3_s0,,1e-07,3.196684545597249e+38,42.0,5.0,BPI2012_Full,1.2
296.15453391708434,0.9135888421362516,0.7122766988454154,0.0,0.5446209762864699,59.23090678341687,14565562.612704132,3.445844192057848,0.6638868960432124,0.387957020672605,0.6149394655970645,32.0942539665848,74.89913481846452,0.7592418941825657,178.0,0.8459467380366525,0.9488651538866488,0.1344901546835899,1.0,0.0,148.43922593444586,113255.0,0.981694463595399,11.0,min_freq_conf,['None'],"['nap', 'rtp']",0.8,21.0,1.0,PROB_LEN_DIST,1.0,,1.0,319668454559724892528166104377770402880_eps3_s0,,1e-07,3.196684545597249e+38,42.0,5.0,BPI2012_Full,1.2
296.15453391708434,0.9133426314387244,0.7111783735532806,9.15851558779353e-05,0.5446074770531548,59.23090678341687,14565306.728278467,3.445844192057848,0.6412940857492433,0.3917713779130107,0.6134379616601969,31.33504050411284,71.80839753337204,0.7345312671722167,178.0,0.8453847065120415,0.9492331326340993,0.1367278322577476,1.0,0.0,156.22970541752875,111863.0,0.9811903214643332,11.0,min_freq_conf,['None'],"['nap', 'rtp']",0.8,21.0,1.0,PROB_LEN_DIST,1.0,,1.0,319668454559724892528166104377770402880_eps3_s0,,1e-07,3.196684545597249e+38,42.0,5.0,BPI2012_Full,1.2
296.15453391708434,0.8841198277834499,0.6637188986909576,5.433010974682169e-05,0.4926501094268962,59.23090678341687,14565046.90065052,3.445844192057848,0.6245844952121749,0.3564271760506684,0.5627742308085243,26.61010284908116,70.32148439995944,0.6798869933717266,178.0,0.8080476949129674,0.9280124975347084,0.1426069922745227,1.0,0.0,158.68794536031783,113080.0,0.97276382730268,7.0,min_freq_conf,['None'],"['nap', 'rtp']",0.8,21.0,1.0,PROB_LEN_DIST,1.0,,1.0,319668454559724892528166104377770402880_eps2_s0,,1e-07,3.196684545597249e+38,42.0,5.0,BPI2012_Full,1.2
296.15453391708434,0.8863455484490232,0.6597356676592852,0.0001474899061595,0.4804277564647941,59.23090678341687,14564790.82541289,3.445844192057848,0.6220493716263022,0.3457234540917998,0.5545722579268346,27.31638898700476,67.34009451419115,0.6912667539315278,178.0,0.8077135118713559,0.9288922436661212,0.1319106686860323,1.0,0.0,202.397175738588,112370.0,0.9742876452459296,7.0,min_freq_conf,['None'],"['nap', 'rtp']",0.8,21.0,1.0,PROB_LEN_DIST,1.0,,1.0,319668454559724892528166104377770402880_eps2_s0,,1e-07,3.196684545597249e+38,42.0,5.0,BPI2012_Full,1.2
296.15453391708434,0.8941154560319705,0.670723740314341,0.00021513087128,0.4713110110292747,59.23090678341687,14564493.328738512,3.445844192057848,0.6184237598173559,0.3297265669731135,0.5589951031321464,33.684505071491,69.77502585761249,0.6772319827895303,173.0,0.8186667684881501,0.9325535710576092,0.1332831792533397,1.0,0.0,205.69394924677908,111991.0,0.9742796483557824,7.0,min_freq_conf,['None'],"['nap', 'rtp']",0.8,21.0,1.0,PROB_LEN_DIST,1.0,,1.0,319668454559724892528166104377770402880_eps2_s0,,1e-07,3.196684545597249e+38,42.0,5.0,BPI2012_Full,1.2
296.15453391708434,0.884311219407243,0.6643276280325318,0.0,0.4851131811379038,59.23090678341687,14564183.723348027,3.445844192057848,0.6229044813044791,0.3360559000367454,0.5604782453568079,28.720423167571425,70.953178986907,0.6447145381757854,178.0,0.8075908727529424,0.9269197564015796,0.1311446260660886,1.0,0.0,159.4625635407865,113255.0,0.9713820592816194,7.0,min_freq_conf,['None'],"['nap', 'rtp']",0.8,21.0,1.0,PROB_LEN_DIST,1.0,,1.0,319668454559724892528166104377770402880_eps2_s0,,1e-07,3.196684545597249e+38,42.0,5.0,BPI2012_Full,1.2
296.15453391708434,0.8894947133423818,0.671742013067394,9.15851558779353e-05,0.4893957274119606,59.23090678341687,14563924.13554648,3.445844192057848,0.6110023118416981,0.3551484658180474,0.5646865975598392,29.278580421581864,68.49682495184243,0.6775836172473165,178.0,0.8162006687045296,0.928387078660012,0.1351313553750515,1.0,0.0,156.80324881523848,111863.0,0.973141457177572,7.0,min_freq_conf,['None'],"['nap', 'rtp']",0.8,21.0,1.0,PROB_LEN_DIST,1.0,,1.0,319668454559724892528166104377770402880_eps2_s0,,1e-07,3.196684545597249e+38,42.0,5.0,BPI2012_Full,1.2
296.15453391708434,0.8664989775477678,0.6121394684063513,5.433010974682169e-05,0.4345022332905743,59.23090678341687,14563669.103294589,3.445844192057848,0.5247317424737223,0.3002705006091996,0.5040115831670734,26.247673811391,69.01554091647267,0.480495490600891,178.0,0.7727216754373696,0.9144202690432388,0.1343046240508556,1.0,0.0,254.08365273661911,113080.0,0.9580714361836374,5.0,min_freq_conf,['None'],"['nap', 'rtp']",0.8,21.0,1.0,PROB_LEN_DIST,1.0,,1.0,319668454559724892528166104377770402880_eps1_s0,,1e-07,3.196684545597249e+38,42.0,5.0,BPI2012_Full,1.2
296.15453391708434,0.8778300126143778,0.6537519418330507,0.0001474899061595,0.4705004208660488,59.23090678341687,14563319.307074616,3.445844192057848,0.5079650560879188,0.3000388462897016,0.5515333107621042,36.6269907001406,66.43014952726662,0.481093637654173,178.0,0.7932995098936574,0.9199379736578,0.1308079939335584,1.0,0.0,250.63444328680637,112370.0,0.9611586507158096,5.0,min_freq_conf,['None'],"['nap', 'rtp']",0.8,21.0,1.0,PROB_LEN_DIST,1.0,,1.0,319668454559724892528166104377770402880_eps1_s0,,1e-07,3.196684545597249e+38,42.0,5.0,BPI2012_Full,1.2
296.15453391708434,0.8855950747922221,0.6643416162923353,0.00021513087128,0.4829641907135233,59.23090678341687,14562965.166524408,3.445844192057848,0.533301869955765,0.3196145179484017,0.5626353444979564,36.35685967095196,70.03506152145565,0.5091609896020078,173.0,0.8044246729652093,0.9244857854473648,0.1342719960957765,1.0,0.0,279.30973915196955,111991.0,0.963417287560726,5.0,min_freq_conf,['None'],"['nap', 'rtp']",0.8,21.0,1.0,PROB_LEN_DIST,1.0,,1.0,319668454559724892528166104377770402880_eps1_s0,,1e-07,3.196684545597249e+38,42.0,5.0,BPI2012_Full,1.2
296.15453391708434,0.8759557584805128,0.6431407706936356,0.0,0.4612071338237578,59.23090678341687,14562579.009114278,3.445844192057848,0.5195366428870999,0.3204213526394543,0.5375825831606305,33.01423769630492,70.00106078013778,0.4789374977458794,178.0,0.7903810276948638,0.9183698583288874,0.1356637962162494,1.0,0.0,263.5763927157968,113255.0,0.9598977209288572,5.0,min_freq_conf,['None'],"['nap', 'rtp']",0.8,21.0,1.0,PROB_LEN_DIST,1.0,,1.0,319668454559724892528166104377770402880_eps1_s0,,1e-07,3.196684545597249e+38,42.0,5.0,BPI2012_Full,1.2
296.15453391708434,0.8728832842281732,0.6402772408655031,9.15851558779353e-05,0.4590289927333543,59.23090678341687,14562211.96904396,3.445844192057848,0.5189608105832951,0.3282549510540289,0.534190760296667,30.066334534436464,66.9002691116184,0.4868300545847529,178.0,0.786170425899745,0.9164064954996768,0.1382078547030687,1.0,0.0,259.1686721611768,111863.0,0.959125861785988,5.0,min_freq_conf,['None'],"['nap', 'rtp']",0.8,21.0,1.0,PROB_LEN_DIST,1.0,,1.0,319668454559724892528166104377770402880_eps1_s0,,1e-07,3.196684545597249e+38,42.0,5.0,BPI2012_Full,1.2
296.15453391708434,0.9832372162154412,0.9651222282671684,5.433010974682169e-05,0.9265197618154132,59.23090678341687,14561855.356085164,3.445844192057848,0.6586718385555564,0.1419880324953504,0.9468707820013316,259.7699347399175,68.61341105401516,0.8321561809554855,178.0,0.9798324901805052,0.9865018954207662,0.1399924084544181,1.0,0.0,20332.11592544988,113080.0,0.9931255749163004,3.0,min_freq_conf,['None'],"['nap', 'rtp']",0.8,21.0,1.0,PROB_LEN_DIST,1.0,,1.0,319668454559724892528166104377770402880_eps0_s0,,1e-07,3.196684545597249e+38,42.0,5.0,BPI2012_Full,1.2
296.15453391708434,0.9841381941025285,0.964323028956088,0.0001474899061595,0.923230479177668,59.23090678341687,14541194.368492693,3.445844192057848,0.6467008155667536,0.1417503396285085,0.9448864374879132,239.80178317800164,65.74745787866414,0.8312162386386681,178.0,0.979978726775917,0.9872912667202546,0.1446997560560703,1.0,0.0,18172.60092578269,112370.0,0.9934279259621076,3.0,min_freq_conf,['None'],"['nap', 'rtp']",0.8,21.0,1.0,PROB_LEN_DIST,1.0,,1.0,319668454559724892528166104377770402880_eps0_s0,,1e-07,3.196684545597249e+38,42.0,5.0,BPI2012_Full,1.2
134.80540957674384,0.7801834060868106,0.6108692120982178,0.2895780033174955,0.4933484485558119,26.961081915348768,14502911.356670374,1.8996326178312304,0.3326590035473047,0.1735191025688043,0.540848168315803,29.363375939428806,0.950442872941494,0.5526441564283505,99.0,0.7117250491574488,0.8304842547842537,0.117755128070712,1.0,0.0,9.189546961337328,118.0,0.8972445251436515,21.0,min_freq_conf,['None'],"['nap', 'rtp']",0.8,21.0,1.0,PROB_LEN_DIST,1.0,,1.0,143444022948666033982143799886645320417_eps5_s0,,0.01,1.4344402294866603e+38,42.0,5.0,BPI2012_C,1.2
134.80540957674384,0.7809925589587453,0.6108800990662738,0.2880778588807786,0.4918435330015969,26.961081915348768,14502871.429475462,1.8996326178312304,0.3319968317540889,0.1783781054244604,0.539420416053223,27.32015423104167,0.9402262344956398,0.553141548590239,99.0,0.7133593600765652,0.8307286258176062,0.1178950853645801,1.0,0.0,8.767358276993036,118.0,0.8972782363742526,21.0,min_freq_conf,['None'],"['nap', 'rtp']",0.8,21.0,1.0,PROB_LEN_DIST,1.0,,1.0,143444022948666033982143799886645320417_eps5_s0,,0.01,1.4344402294866603e+38,42.0,5.0,BPI2012_C,1.2
134.80540957674384,0.7811222836708425,0.6133574362653301,0.2916666666666667,0.4970433593797347,26.961081915348768,14502833.957304023,1.8996326178312304,0.3297863389767864,0.1675763266024544,0.54338899326328,31.84699049964547,0.9693109057843684,0.5486157438292195,91.0,0.7135774762325092,0.8307451241665854,0.1149320378899574,1.0,0.0,10.419487610459328,118.0,0.897163904671564,21.0,min_freq_conf,['None'],"['nap', 'rtp']",0.8,21.0,1.0,PROB_LEN_DIST,1.0,,1.0,143444022948666033982143799886645320417_eps5_s0,,0.01,1.4344402294866603e+38,42.0,5.0,BPI2012_C,1.2
134.80540957674384,0.7829971242039451,0.6165473029414796,0.287274866250245,0.495366564053029,26.961081915348768,14502790.288362391,1.8996326178312304,0.3332441385484801,0.1791395880703234,0.5446617822986451,28.735203882679343,0.9478499069809914,0.5555306574045545,99.0,0.7168406264575217,0.832240216016855,0.1110181305557489,1.0,0.0,8.755582295358181,118.0,0.898621695113738,21.0,min_freq_conf,['None'],"['nap', 'rtp']",0.8,21.0,1.0,PROB_LEN_DIST,1.0,,1.0,143444022948666033982143799886645320417_eps5_s0,,0.01,1.4344402294866603e+38,42.0,5.0,BPI2012_C,1.2
134.80540957674384,0.7812011648766869,0.6085145551136001,0.2931209759403592,0.4873313203681763,26.961081915348768,14502751.426983956,1.8996326178312304,0.3306928491150688,0.1761807072693893,0.5364106901120195,27.2171552143991,0.9376887883991004,0.5478086524342031,99.0,0.7122441460387021,0.831293336403713,0.1190785765647888,1.0,0.0,8.565566958859563,118.0,0.8978589488026776,21.0,min_freq_conf,['None'],"['nap', 'rtp']",0.8,21.0,1.0,PROB_LEN_DIST,1.0,,1.0,143444022948666033982143799886645320417_eps5_s0,,0.01,1.4344402294866603e+38,42.0,5.0,BPI2012_C,1.2
134.80540957674384,0.7801834060868106,0.6108692120982178,0.2895780033174955,0.4933484485558119,26.961081915348768,14502714.27065072,1.8996326178312304,0.3326590035473047,0.1735191025688043,0.540848168315803,29.25681809522212,0.9245861936360598,0.5526441564283505,99.0,0.7117250491574488,0.8304842547842537,0.1101534515619278,1.0,0.0,9.24371954612434,118.0,0.8972445251436515,17.0,min_freq_conf,['None'],"['nap', 'rtp']",0.8,21.0,1.0,PROB_LEN_DIST,1.0,,1.0,143444022948666033982143799886645320417_eps4_s0,,0.01,1.4344402294866603e+38,42.0,5.0,BPI2012_C,1.2
134.80540957674384,0.7809925589587453,0.6108800990662738,0.2880778588807786,0.4918435330015969,26.961081915348768,14502674.423336595,1.8996326178312304,0.3319968317540889,0.1783781054244604,0.539420416053223,26.97019499912858,0.911438001319766,0.553141548590239,99.0,0.7133593600765652,0.8307286258176062,0.1118341349065303,1.0,0.0,8.668234679847956,118.0,0.8972782363742526,17.0,min_freq_conf,['None'],"['nap', 'rtp']",0.8,21.0,1.0,PROB_LEN_DIST,1.0,,1.0,143444022948666033982143799886645320417_eps4_s0,,0.01,1.4344402294866603e+38,42.0,5.0,BPI2012_C,1.2
134.80540957674384,0.7811222836708425,0.6133574362653301,0.2916666666666667,0.4970433593797347,26.961081915348768,14502637.449118536,1.8996326178312304,0.3297863389767864,0.1675763266024544,0.54338899326328,31.57617267407477,0.9272529371082784,0.5486157438292195,91.0,0.7135774762325092,0.8307451241665854,0.1123961545526981,1.0,0.0,10.510945597663522,118.0,0.897163904671564,17.0,min_freq_conf,['None'],"['nap', 'rtp']",0.8,21.0,1.0,PROB_LEN_DIST,1.0,,1.0,143444022948666033982143799886645320417_eps4_s0,,0.01,1.4344402294866603e+38,42.0,5.0,BPI2012_C,1.2
134.80540957674384,0.7829971242039451,0.6165473029414796,0.287274866250245,0.495366564053029,26.961081915348768,14502594.009692624,1.8996326178312304,0.3332441385484801,0.1791395880703234,0.5446617822986451,29.0261946991086,0.9276801068335772,0.5555306574045545,99.0,0.7168406264575217,0.832240216016855,0.117482578381896,1.0,0.0,8.998226515948772,118.0,0.898621695113738,17.0,min_freq_conf,['None'],"['nap', 'rtp']",0.8,21.0,1.0,PROB_LEN_DIST,1.0,,1.0,143444022948666033982143799886645320417_eps4_s0,,0.01,1.4344402294866603e+38,42.0,5.0,BPI2012_C,1.2
134.80540957674384,0.7812011648766869,0.6085145551136001,0.2931209759403592,0.4873313203681763,26.961081915348768,14502554.617175734,1.8996326178312304,0.3306928491150688,0.1761807072693893,0.5364106901120195,27.215742463245988,0.9528408050537108,0.5478086524342031,99.0,0.7122441460387021,0.831293336403713,0.1128280591219663,1.0,0.0,8.663553355261683,118.0,0.8978589488026776,17.0,min_freq_conf,['None'],"['nap', 'rtp']",0.8,21.0,1.0,PROB_LEN_DIST,1.0,,1.0,143444022948666033982143799886645320417_eps4_s0,,0.01,1.4344402294866603e+38,42.0,5.0,BPI2012_C,1.2
134.80540957674384,0.7801834060868106,0.6108692120982178,0.2895780033174955,0.4933484485558119,26.961081915348768,14502517.3380487,1.8996326178312304,0.3326590035473047,0.1735191025688043,0.540848168315803,29.1772132050246,0.8881864733994007,0.5526441564283505,99.0,0.7117250491574488,0.8304842547842537,0.1156083066016435,1.0,0.0,9.3189504314214,118.0,0.8972445251436515,11.0,min_freq_conf,['None'],"['nap', 'rtp']",0.8,21.0,1.0,PROB_LEN_DIST,1.0,,1.0,143444022948666033982143799886645320417_eps3_s0,,0.01,1.4344402294866603e+38,42.0,5.0,BPI2012_C,1.2
134.80540957674384,0.7809925589587453,0.6108800990662738,0.2880778588807786,0.4918435330015969,26.961081915348768,14502477.513976948,1.8996326178312304,0.3319968317540889,0.1783781054244604,0.539420416053223,27.14166987128556,0.8922029007226229,0.553141548590239,99.0,0.7133593600765652,0.8307286258176062,0.1183544285595417,1.0,0.0,8.742338579148054,118.0,0.8972782363742526,11.0,min_freq_conf,['None'],"['nap', 'rtp']",0.8,21.0,1.0,PROB_LEN_DIST,1.0,,1.0,143444022948666033982143799886645320417_eps3_s0,,0.01,1.4344402294866603e+38,42.0,5.0,BPI2012_C,1.2
134.80540957674384,0.7811222836708425,0.6133574362653301,0.2916666666666667,0.4970433593797347,26.961081915348768,14502440.30733608,1.8996326178312304,0.3297863389767864,0.1675763266024544,0.54338899326328,31.61673868075013,0.9114770963788033,0.5486157438292195,91.0,0.7135774762325092,0.8307451241665854,0.1187865082174539,1.0,0.0,10.47062355466187,118.0,0.897163904671564,11.0,min_freq_conf,['None'],"['nap', 'rtp']",0.8,21.0,1.0,PROB_LEN_DIST,1.0,,1.0,143444022948666033982143799886645320417_eps3_s0,,0.01,1.4344402294866603e+38,42.0,5.0,BPI2012_C,1.2
134.80540957674384,0.7829971242039451,0.6165473029414796,0.287274866250245,0.495366564053029,26.961081915348768,14502396.8721075,1.8996326178312304,0.3332441385484801,0.1791395880703234,0.5446617822986451,28.74843643419445,0.9364804904907942,0.5555306574045545,99.0,0.7168406264575217,0.832240216016855,0.1123430337756872,1.0,0.0,8.85813907533884,118.0,0.898621695113738,11.0,min_freq_conf,['None'],"['nap', 'rtp']",0.8,21.0,1.0,PROB_LEN_DIST,1.0,,1.0,143444022948666033982143799886645320417_eps3_s0,,0.01,1.4344402294866603e+38,42.0,5.0,BPI2012_C,1.2
134.80540957674384,0.7812011648766869,0.6085145551136001,0.2931209759403592,0.4873313203681763,26.961081915348768,14502357.910635224,1.8996326178312304,0.3306928491150688,0.1761807072693893,0.5364106901120195,27.18651399202645,0.8945112749934196,0.5478086524342031,99.0,0.7122441460387021,0.831293336403713,0.1122607886791229,1.0,0.0,8.639432780444622,118.0,0.8978589488026776,11.0,min_freq_conf,['None'],"['nap', 'rtp']",0.8,21.0,1.0,PROB_LEN_DIST,1.0,,1.0,143444022948666033982143799886645320417_eps3_s0,,0.01,1.4344402294866603e+38,42.0,5.0,BPI2012_C,1.2
134.80540957674384,0.7801843482596793,0.6108694143672472,0.2895780033174955,0.4933466596976382,26.961081915348768,14502320.762966448,1.8996326178312304,0.3326590035473047,0.1735231483355275,0.5408475337614861,29.252479230985045,0.9145809449255466,0.5526441564283505,99.0,0.7117264704361889,0.8304849141961846,0.1148745752871036,1.0,0.0,9.790620477870108,118.0,0.8972447658184881,7.0,min_freq_conf,['None'],"['nap', 'rtp']",0.8,21.0,1.0,PROB_LEN_DIST,1.0,,1.0,143444022948666033982143799886645320417_eps2_s0,,0.01,1.4344402294866603e+38,42.0,5.0,BPI2012_C,1.2
134.80540957674384,0.7809882444941095,0.6108551586165105,0.2880778588807786,0.4917783239076299,26.961081915348768,14502280.366575358,1.8996326178312304,0.3319968317540889,0.1783952198478752,0.5393756874597403,27.17049084231257,0.9026040360331536,0.553141548590239,99.0,0.7133502022590653,0.8307262465161003,0.1108166147023439,1.0,0.0,9.134339170530438,118.0,0.8972772777644414,7.0,min_freq_conf,['None'],"['nap', 'rtp']",0.8,21.0,1.0,PROB_LEN_DIST,1.0,,1.0,143444022948666033982143799886645320417_eps2_s0,,0.01,1.4344402294866603e+38,42.0,5.0,BPI2012_C,1.2
134.80540957674384,0.7811182174396528,0.6133350781517554,0.2916666666666667,0.4969855032628909,26.961081915348768,14502242.730225876,1.8996326178312304,0.3297863389767864,0.1675916935541478,0.5433492090249384,31.626272842288017,0.9012792110443116,0.5486157438292195,91.0,0.7135688804548677,0.8307428237467867,0.1125473529100418,1.0,0.0,11.081907778978348,118.0,0.8971629593845365,7.0,min_freq_conf,['None'],"['nap', 'rtp']",0.8,21.0,1.0,PROB_LEN_DIST,1.0,,1.0,143444022948666033982143799886645320417_eps2_s0,,0.01,1.4344402294866603e+38,42.0,5.0,BPI2012_C,1.2
134.80540957674384,0.782989776379485,0.6165068512311225,0.287274866250245,0.4952610034465544,26.961081915348768,14502198.691136958,1.8996326178312304,0.3332441385484801,0.1791688570341059,0.5445896654013364,29.074523624032736,0.9061408303678036,0.5555306574045545,99.0,0.7168248964559636,0.8322361201855121,0.1127094589173793,1.0,0.0,9.240228828042746,118.0,0.8986200039412964,7.0,min_freq_conf,['None'],"['nap', 'rtp']",0.8,21.0,1.0,PROB_LEN_DIST,1.0,,1.0,143444022948666033982143799886645320417_eps2_s0,,0.01,1.4344402294866603e+38,42.0,5.0,BPI2012_C,1.2
134.80540957674384,0.7811938007662533,0.6084759813175884,0.2931209759403592,0.4872320141371616,26.961081915348768,14502159.049680265,1.8996326178312304,0.3306928491150688,0.1762078154304385,0.5363425837771808,27.51118410751224,0.8931107521057129,0.5478086524342031,99.0,0.7122287455588413,0.8312892299196766,0.1130822040140628,1.0,0.0,9.056202195584774,118.0,0.8978571125947834,7.0,min_freq_conf,['None'],"['nap', 'rtp']",0.8,21.0,1.0,PROB_LEN_DIST,1.0,,1.0,143444022948666033982143799886645320417_eps2_s0,,0.01,1.4344402294866603e+38,42.0,5.0,BPI2012_C,1.2
134.80540957674384,0.7801610730524419,0.610719947678947,0.2895780033174955,0.4929516182798559,26.961081915348768,14502121.162759168,1.8996326178312304,0.3326590035473047,0.1736688059882805,0.5405795541137387,29.24137162603438,0.8714652508497238,0.5526441564283505,99.0,0.7116738181849263,0.8304718738540872,0.113927211612463,1.0,0.0,13.419548258185388,118.0,0.8972391811995235,5.0,min_freq_conf,['None'],"['nap', 'rtp']",0.8,21.0,1.0,PROB_LEN_DIST,1.0,,1.0,143444022948666033982143799886645320417_eps1_s0,,0.01,1.4344402294866603e+38,42.0,5.0,BPI2012_C,1.2
134.80540957674384,0.7809660374925573,0.6107086750781925,0.2880778588807786,0.491387063217529,26.961081915348768,14502077.209116183,1.8996326178312304,0.3319968317540889,0.1785407282399297,0.539110602521487,27.001405173912644,0.8576763905584812,0.553141548590239,99.0,0.7133000020251467,0.8307138349062563,0.1124943811446428,1.0,0.0,12.682297836989164,118.0,0.8972719025669297,5.0,min_freq_conf,['None'],"['nap', 'rtp']",0.8,21.0,1.0,PROB_LEN_DIST,1.0,,1.0,143444022948666033982143799886645320417_eps1_s0,,0.01,1.4344402294866603e+38,42.0,5.0,BPI2012_C,1.2
134.80540957674384,0.7810997495370429,0.6132132621171414,0.2916666666666667,0.496661215999222,26.961081915348768,14502036.249476733,1.8996326178312304,0.3297863389767864,0.1677160706764723,0.5431294881195613,31.690197391435504,0.8698906823992729,0.5486157438292195,91.0,0.7135267019230371,0.8307327495106024,0.1136718615889549,1.0,0.0,15.369645562022924,118.0,0.8971587414923534,5.0,min_freq_conf,['None'],"['nap', 'rtp']",0.8,21.0,1.0,PROB_LEN_DIST,1.0,,1.0,143444022948666033982143799886645320417_eps1_s0,,0.01,1.4344402294866603e+38,42.0,5.0,BPI2012_C,1.2
134.80540957674384,0.7829734075528242,0.6164116661011568,0.287274866250245,0.4950142420183221,26.961081915348768,14501987.894275049,1.8996326178312304,0.3332441385484801,0.1792723972015871,0.5444219417598537,28.966926019638777,0.8783572129905224,0.5555306574045545,99.0,0.7167899114650607,0.8322266120511095,0.1169267520308494,1.0,0.0,12.525185331702232,118.0,0.8986160361949086,5.0,min_freq_conf,['None'],"['nap', 'rtp']",0.8,21.0,1.0,PROB_LEN_DIST,1.0,,1.0,143444022948666033982143799886645320417_eps1_s0,,0.01,1.4344402294866603e+38,42.0,5.0,BPI2012_C,1.2
134.80540957674384,0.7811785256762457,0.6083838141232586,0.2931209759403592,0.4869948099393292,26.961081915348768,14501945.091400808,1.8996326178312304,0.3306928491150688,0.1762948573552926,0.5361804046747506,27.4867279920727,0.8463355638086796,0.5478086524342031,99.0,0.7121954768938242,0.8312803194057876,0.1133490726351738,1.0,0.0,12.277005013078451,118.0,0.8978532913805903,5.0,min_freq_conf,['None'],"['nap', 'rtp']",0.8,21.0,1.0,PROB_LEN_DIST,1.0,,1.0,143444022948666033982143799886645320417_eps1_s0,,0.01,1.4344402294866603e+38,42.0,5.0,BPI2012_C,1.2
134.80540957674384,0.743546256716482,0.5615959283058527,0.2895780033174955,0.4402830562351138,26.961081915348768,14501904.05830274,1.8996326178312304,0.3433343407666631,0.1193088051637342,0.489864648389092,29.07284228689969,0.8218218348920345,0.5625404144058028,99.0,0.6651152966254068,0.8063999132863098,0.1155691407620906,1.0,0.0,24.175959276035428,118.0,0.8874518431184643,3.0,min_freq_conf,['None'],"['nap', 'rtp']",0.8,21.0,1.0,PROB_LEN_DIST,1.0,,1.0,143444022948666033982143799886645320417_eps0_s0,,0.01,1.4344402294866603e+38,42.0,5.0,BPI2012_C,1.2
134.80540957674384,0.742350610334501,0.559185142180763,0.2880778588807786,0.4359893360758411,26.961081915348768,14501849.55626693,1.8996326178312304,0.3424257727128052,0.1216683520761343,0.485730201608145,26.756269989535213,0.8134156949818134,0.561728925146701,99.0,0.6643798372333835,0.805303704457433,0.1136796530336141,1.0,0.0,22.61429812386632,118.0,0.8869924755948169,3.0,min_freq_conf,['None'],"['nap', 'rtp']",0.8,21.0,1.0,PROB_LEN_DIST,1.0,,1.0,143444022948666033982143799886645320417_eps0_s0,,0.01,1.4344402294866603e+38,42.0,5.0,BPI2012_C,1.2
134.80540957674384,0.745635234473006,0.565930164248261,0.2916666666666667,0.445836577310182,26.961081915348768,14501798.947369952,1.8996326178312304,0.3402223646327783,0.1151006089297885,0.4943322724055307,31.396985188126564,0.8279997259378433,0.5594285078941517,91.0,0.6686927478860097,0.8072929685627402,0.1187007836997509,1.0,0.0,26.86147130653262,118.0,0.887696210329921,3.0,min_freq_conf,['None'],"['nap', 'rtp']",0.8,21.0,1.0,PROB_LEN_DIST,1.0,,1.0,143444022948666033982143799886645320417_eps0_s0,,0.01,1.4344402294866603e+38,42.0,5.0,BPI2012_C,1.2
134.80540957674384,0.7445366471993689,0.5651260812951199,0.287274866250245,0.4399553561902237,26.961081915348768,14501739.427113945,1.8996326178312304,0.3441394837738972,0.122765766744052,0.4914240290144392,28.669808814302087,0.8244227860122919,0.5636816895885269,99.0,0.6677707391413271,0.8070301234779256,0.1117570213973522,1.0,0.0,22.68103075399995,118.0,0.8883824714501095,3.0,min_freq_conf,['None'],"['nap', 'rtp']",0.8,21.0,1.0,PROB_LEN_DIST,1.0,,1.0,143444022948666033982143799886645320417_eps0_s0,,0.01,1.4344402294866603e+38,42.0,5.0,BPI2012_C,1.2
134.80540957674384,0.7422614406629352,0.5574467333144577,0.2931209759403592,0.4323868144141842,26.961081915348768,14501686.828674972,1.8996326178312304,0.3403750168577606,0.1202244313532135,0.4835445379093431,27.184896618127823,0.8605843707919121,0.5570145713317519,99.0,0.6635036340580193,0.8054044070946085,0.116352817043662,1.0,0.0,21.783961571753025,118.0,0.8874988222623302,3.0,min_freq_conf,['None'],"['nap', 'rtp']",0.8,21.0,1.0,PROB_LEN_DIST,1.0,,1.0,143444022948666033982143799886645320417_eps0_s0,,0.01,1.4344402294866603e+38,42.0,5.0,BPI2012_C,1.2
296.15453391708434,0.98257885281037,0.9658676919857504,0.00021513087128,0.9286555712472092,59.23090678341687,14522715.717489297,3.445844192057848,0.6483816723090591,0.1396324242202132,0.9482753506946576,272.9973470680416,70.76087593846023,0.8327895302975977,173.0,0.9800186371719706,0.9863853615338076,0.1357486117631197,1.0,0.0,21093.434962630272,111991.0,0.9933023859683144,3.0,min_freq_conf,['None'],"['nap', 'rtp']",0.8,21.0,1.0,PROB_LEN_DIST,1.0,,1.0,319668454559724892528166104377770402880_eps0_s0,,1e-07,3.196684545597249e+38,42.0,5.0,BPI2012_Full,1.2
134.61401060782373,0.8969100651454297,0.7493782229492834,0.0356209058449773,0.635066718050509,26.922802121564747,14500963.161857264,2.0288969725370407,0.5173400219683036,0.3500106307883648,0.679024318014756,30.815577121451497,5.403618525713682,0.7136270347774748,99.0,0.8467231116311291,0.9283108660160692,0.1167580503970384,1.0,0.0,24.36741803586483,1277.0,0.962406206434476,21.0,min_freq_conf,['None'],"['nap', 'rtp']",0.8,21.0,1.0,PROB_LEN_DIST,1.0,,1.0,149058413139187234484189006142757446979_eps5_s0,,0.001,1.4905841313918724e+38,42.0,5.0,BPI2012_C,1.2
134.61401060782373,0.8980469457192141,0.7505052009927838,0.0325461571489909,0.6357551306236995,26.922802121564747,14500902.135680033,2.0288969725370407,0.5165516914917977,0.354870840937016,0.6806377015208998,29.234316524118185,5.305278319865465,0.7232288535852297,99.0,0.8488533140301115,0.9286874116264564,0.1147127412259578,1.0,0.0,22.893587078899145,1264.0,0.963126998427778,21.0,min_freq_conf,['None'],"['nap', 'rtp']",0.8,21.0,1.0,PROB_LEN_DIST,1.0,,1.0,149058413139187234484189006142757446979_eps5_s0,,0.001,1.4905841313918724e+38,42.0,5.0,BPI2012_C,1.2
134.61401060782373,0.8979055861490862,0.7516879736589968,0.0339392928619079,0.6397083128488669,26.922802121564747,14500844.273907728,2.0288969725370407,0.5171026253341944,0.3467146633115129,0.6830365043533936,33.3772264495492,5.528433008119464,0.7235379141649989,91.0,0.8483430317919913,0.9288733553080758,0.1126633305102586,1.0,0.0,26.873262140899897,1271.0,0.9636087740174109,21.0,min_freq_conf,['None'],"['nap', 'rtp']",0.8,21.0,1.0,PROB_LEN_DIST,1.0,,1.0,149058413139187234484189006142757446979_eps5_s0,,0.001,1.4905841313918724e+38,42.0,5.0,BPI2012_C,1.2
134.61401060782373,0.8979572230728822,0.7530435742595002,0.0368056917173188,0.6367080676139892,26.922802121564747,14500778.06595658,2.0288969725370407,0.5062751964319827,0.3511962507734134,0.6827426845641055,30.75925597921014,5.337667301297188,0.7237052183412229,99.0,0.8490153495371825,0.9293956761076432,0.1118147801607847,1.0,0.0,22.722727885469794,1269.0,0.9641942075003314,21.0,min_freq_conf,['None'],"['nap', 'rtp']",0.8,21.0,1.0,PROB_LEN_DIST,1.0,,1.0,149058413139187234484189006142757446979_eps5_s0,,0.001,1.4905841313918724e+38,42.0,5.0,BPI2012_C,1.2
134.61401060782373,0.9004648677738993,0.7507655561110665,0.0326443013667683,0.6323405664524309,26.922802121564747,14500718.818583984,2.0288969725370407,0.5186894920315256,0.3514431693235096,0.6791370495771375,29.27976870536804,5.391479754820466,0.7224387213373997,99.0,0.8509554780962747,0.9306074722662128,0.11258440092206,1.0,0.0,22.104944868013263,1269.0,0.964653788469293,21.0,min_freq_conf,['None'],"['nap', 'rtp']",0.8,21.0,1.0,PROB_LEN_DIST,1.0,,1.0,149058413139187234484189006142757446979_eps5_s0,,0.001,1.4905841313918724e+38,42.0,5.0,BPI2012_C,1.2
134.61401060782373,0.911310024373686,0.7951953516237368,0.0356209058449773,0.6969343687372751,26.922802121564747,14500661.613640197,2.0288969725370407,0.5172254831543824,0.3119098312643328,0.7391050245852099,38.394262224435806,5.016281295567751,0.7274311900812506,99.0,0.8703684903974277,0.9377932771546788,0.1151728257536888,1.0,0.0,36.20955709554255,1277.0,0.9675908865740452,17.0,min_freq_conf,['None'],"['nap', 'rtp']",0.8,21.0,1.0,PROB_LEN_DIST,1.0,,1.0,149058413139187234484189006142757446979_eps4_s0,,0.001,1.4905841313918724e+38,42.0,5.0,BPI2012_C,1.2
134.61401060782373,0.9107989095235696,0.7941825115472559,0.0325461571489909,0.6957155128315793,26.922802121564747,14500581.558923133,2.0288969725370407,0.5176487008374931,0.3164691716732807,0.7380916013124356,36.43717830628157,4.927897388115525,0.7296693860025762,99.0,0.8704799425175902,0.9370082845311068,0.1104521621018648,1.0,0.0,33.52796195074916,1264.0,0.9670954466808968,17.0,min_freq_conf,['None'],"['nap', 'rtp']",0.8,21.0,1.0,PROB_LEN_DIST,1.0,,1.0,149058413139187234484189006142757446979_eps4_s0,,0.001,1.4905841313918724e+38,42.0,5.0,BPI2012_C,1.2
134.61401060782373,0.9106174716256984,0.7952935941379112,0.0339392928619079,0.7005029341362066,26.922802121564747,14500506.251076655,2.0288969725370407,0.5182215298028617,0.3082457997728791,0.7408961361383455,41.47241651639342,5.271473824977875,0.7296253057593951,91.0,0.8699578378867163,0.9372124270631504,0.1121482420712709,1.0,0.0,39.42734848707914,1271.0,0.9675803943988118,17.0,min_freq_conf,['None'],"['nap', 'rtp']",0.8,21.0,1.0,PROB_LEN_DIST,1.0,,1.0,149058413139187234484189006142757446979_eps4_s0,,0.001,1.4905841313918724e+38,42.0,5.0,BPI2012_C,1.2
134.61401060782373,0.9101585050562174,0.7939911717534971,0.0368056917173188,0.6930250308654282,26.922802121564747,14500419.654794302,2.0288969725370407,0.507303777226311,0.3140229904575283,0.7368091475601579,38.03819904848933,5.081777296960354,0.7295593960953475,99.0,0.8695276022449879,0.937282758384244,0.1141076907515525,1.0,0.0,33.04208224453032,1269.0,0.9679061297637392,17.0,min_freq_conf,['None'],"['nap', 'rtp']",0.8,21.0,1.0,PROB_LEN_DIST,1.0,,1.0,149058413139187234484189006142757446979_eps4_s0,,0.001,1.4905841313918724e+38,42.0,5.0,BPI2012_C,1.2
134.61401060782373,0.912827646859915,0.7932079500128406,0.0326443013667683,0.6911284307943124,26.922802121564747,14500343.062029976,2.0288969725370407,0.5200641908981075,0.3166108457472864,0.7352963416740449,36.24050719663501,5.0064717233181,0.7289619338077488,99.0,0.872187539114753,0.93857947852221,0.1117123626172542,1.0,0.0,32.26135025732219,1269.0,0.968466572314426,17.0,min_freq_conf,['None'],"['nap', 'rtp']",0.8,21.0,1.0,PROB_LEN_DIST,1.0,,1.0,149058413139187234484189006142757446979_eps4_s0,,0.001,1.4905841313918724e+38,42.0,5.0,BPI2012_C,1.2
134.61401060782373,0.8864713600361468,0.7014865109004769,0.0356209058449773,0.5749098175622129,26.922802121564747,14500269.138592554,2.0288969725370407,0.5164450992755518,0.421041016318211,0.6228375775309754,21.18776659294963,4.694383522495627,0.7150046388709269,99.0,0.8262420124680658,0.9234330531453618,0.1159820556640625,1.0,0.0,13.70474600419402,1277.0,0.9601197901970342,11.0,min_freq_conf,['None'],"['nap', 'rtp']",0.8,21.0,1.0,PROB_LEN_DIST,1.0,,1.0,149058413139187234484189006142757446979_eps3_s0,,0.001,1.4905841313918724e+38,42.0,5.0,BPI2012_C,1.2
134.61401060782373,0.8858793882917877,0.701640405151975,0.0325461571489909,0.5768885362895644,26.922802121564747,14500229.137380753,2.0288969725370407,0.5173548598901636,0.4256846247026448,0.6241217706537961,20.006799278780814,4.640301123261452,0.7186775440103048,99.0,0.8258980160044287,0.921081536804244,0.1113568972796201,1.0,0.0,12.84301459044218,1264.0,0.9595533002658893,11.0,min_freq_conf,['None'],"['nap', 'rtp']",0.8,21.0,1.0,PROB_LEN_DIST,1.0,,1.0,149058413139187234484189006142757446979_eps3_s0,,0.001,1.4905841313918724e+38,42.0,5.0,BPI2012_C,1.2
134.61401060782373,0.884499618100274,0.6996822213172887,0.0339392928619079,0.5750989978122198,26.922802121564747,14500191.223785223,2.0288969725370407,0.5171182872544111,0.4205906052432843,0.6219029954030474,22.032595159485936,4.748117987066507,0.7161718923726929,91.0,0.8236609526951076,0.9205129074623082,0.1130185313522815,1.0,0.0,14.453388074412942,1271.0,0.9597302060939782,11.0,min_freq_conf,['None'],"['nap', 'rtp']",0.8,21.0,1.0,PROB_LEN_DIST,1.0,,1.0,149058413139187234484189006142757446979_eps3_s0,,0.001,1.4905841313918724e+38,42.0,5.0,BPI2012_C,1.2
134.61401060782373,0.8851017622731001,0.7010266024857553,0.0368056917173188,0.5748556162611936,26.922802121564747,14500149.556027336,2.0288969725370407,0.5065244541147456,0.4234116199774879,0.6227102321333788,20.858615405857563,4.718298675492406,0.7163664883336601,99.0,0.8249996260092891,0.9213002469065632,0.1127488445490598,1.0,0.0,12.949540985748172,1269.0,0.960353477453739,11.0,min_freq_conf,['None'],"['nap', 'rtp']",0.8,21.0,1.0,PROB_LEN_DIST,1.0,,1.0,149058413139187234484189006142757446979_eps3_s0,,0.001,1.4905841313918724e+38,42.0,5.0,BPI2012_C,1.2
134.61401060782373,0.887642223185512,0.6998165566841993,0.0326443013667683,0.572434569101395,26.922802121564747,14500110.608469533,2.0288969725370407,0.52023779147572,0.4248091419175338,0.6209962899367881,19.545919882133603,4.653131240978837,0.7169038743928612,99.0,0.8267189149559961,0.9225985838782575,0.1127041801810264,1.0,0.0,12.635296627879145,1269.0,0.960944949787309,11.0,min_freq_conf,['None'],"['nap', 'rtp']",0.8,21.0,1.0,PROB_LEN_DIST,1.0,,1.0,149058413139187234484189006142757446979_eps3_s0,,0.001,1.4905841313918724e+38,42.0,5.0,BPI2012_C,1.2
134.61401060782373,0.8951048125485795,0.7710875942977294,0.0356209058449773,0.6734494879976421,26.922802121564747,14500073.351320576,2.0288969725370407,0.5220888754467059,0.3104615036893348,0.7146853226183107,34.986145654693246,4.438636779785156,0.6238016250105429,99.0,0.8467889425786564,0.9255000199329176,0.1154898721724748,1.0,0.0,36.61936271563172,1277.0,0.959920658235333,7.0,min_freq_conf,['None'],"['nap', 'rtp']",0.8,21.0,1.0,PROB_LEN_DIST,1.0,,1.0,149058413139187234484189006142757446979_eps2_s0,,0.001,1.4905841313918724e+38,42.0,5.0,BPI2012_C,1.2
134.61401060782373,0.896354661168383,0.7741246066551474,0.0325461571489909,0.6762522240543025,26.922802121564747,14499996.878347408,2.0288969725370407,0.5242829653793216,0.3184408908051701,0.7176808869811975,32.91454578563571,4.316812029108405,0.6310004293688278,99.0,0.849491793747804,0.9267998601096497,0.1132499799132347,1.0,0.0,33.48524320498109,1264.0,0.9602675400794752,7.0,min_freq_conf,['None'],"['nap', 'rtp']",0.8,21.0,1.0,PROB_LEN_DIST,1.0,,1.0,149058413139187234484189006142757446979_eps2_s0,,0.001,1.4905841313918724e+38,42.0,5.0,BPI2012_C,1.2
134.61401060782373,0.8950648072427865,0.7720433200236742,0.0339392928619079,0.677086080329281,26.922802121564747,14499925.73356049,2.0288969725370407,0.5243595819471776,0.3089586805618743,0.7170176421573345,37.28409370034933,4.572931163012981,0.6280853902601734,91.0,0.8471799903423393,0.9260817627368364,0.1133247260004282,1.0,0.0,40.40984277613461,1271.0,0.9602221212896532,7.0,min_freq_conf,['None'],"['nap', 'rtp']",0.8,21.0,1.0,PROB_LEN_DIST,1.0,,1.0,149058413139187234484189006142757446979_eps2_s0,,0.001,1.4905841313918724e+38,42.0,5.0,BPI2012_C,1.2
134.61401060782373,0.8948441722761856,0.7695968047880013,0.0368056917173188,0.6682435975544455,26.922802121564747,14499843.03529669,2.0288969725370407,0.511606345564305,0.3162832690482081,0.7113273806293168,33.86091786250472,4.400351479649544,0.6260608946528109,99.0,0.8467856355147869,0.9263545822965592,0.1185823176056146,1.0,0.0,33.369633715599775,1269.0,0.960795561777924,7.0,min_freq_conf,['None'],"['nap', 'rtp']",0.8,21.0,1.0,PROB_LEN_DIST,1.0,,1.0,149058413139187234484189006142757446979_eps2_s0,,0.001,1.4905841313918724e+38,42.0,5.0,BPI2012_C,1.2
134.61401060782373,0.896336631815657,0.7700886900912968,0.0326443013667683,0.6683093884130424,26.922802121564747,14499770.985166188,2.0288969725370407,0.524052377845579,0.317137999587578,0.7116913248406741,32.46285798586905,4.41241136752069,0.6296735569863323,99.0,0.8486678845452661,0.926583912307636,0.1127116363495588,1.0,0.0,33.052131643518806,1269.0,0.96093943866587,7.0,min_freq_conf,['None'],"['nap', 'rtp']",0.8,21.0,1.0,PROB_LEN_DIST,1.0,,1.0,149058413139187234484189006142757446979_eps2_s0,,0.001,1.4905841313918724e+38,42.0,5.0,BPI2012_C,1.2
134.61401060782373,0.8735755345939016,0.7297918881118409,0.0356209058449773,0.6244342022267577,26.922802121564747,14499700.621958032,2.0288969725370407,0.4956615287107301,0.3292049181399329,0.6672802682653868,29.381720019504428,4.410258013755083,0.6167168039585031,99.0,0.8162209840668395,0.9107949575451172,0.1119469068944454,1.0,0.0,40.28480416350067,1277.0,0.950409593980848,5.0,min_freq_conf,['None'],"['nap', 'rtp']",0.8,21.0,1.0,PROB_LEN_DIST,1.0,,1.0,149058413139187234484189006142757446979_eps1_s0,,0.001,1.4905841313918724e+38,42.0,5.0,BPI2012_C,1.2
134.61401060782373,0.8749875566684387,0.7326208087867915,0.0325461571489909,0.6272208998049935,26.922802121564747,14499626.126749204,2.0288969725370407,0.4967055768744291,0.3363299432087133,0.6699632453397357,27.891986468806863,4.252356339246035,0.6227565478746243,99.0,0.819157803687628,0.9120718213152148,0.1132491119205951,1.0,0.0,36.254042379558086,1264.0,0.950840054865219,5.0,min_freq_conf,['None'],"['nap', 'rtp']",0.8,21.0,1.0,PROB_LEN_DIST,1.0,,1.0,149058413139187234484189006142757446979_eps1_s0,,0.001,1.4905841313918724e+38,42.0,5.0,BPI2012_C,1.2
134.61401060782373,0.8735541827540373,0.7315154328783576,0.0339392928619079,0.6286322769000443,26.922802121564747,14499557.309431875,2.0288969725370407,0.4960791187708872,0.3262896632932608,0.6698061957659658,31.631366338580847,4.36060968786478,0.6184400711585502,91.0,0.8169381803238053,0.911160553723752,0.1151691433042287,1.0,0.0,44.792818922549486,1271.0,0.95072020965268,5.0,min_freq_conf,['None'],"['nap', 'rtp']",0.8,21.0,1.0,PROB_LEN_DIST,1.0,,1.0,149058413139187234484189006142757446979_eps1_s0,,0.001,1.4905841313918724e+38,42.0,5.0,BPI2012_C,1.2
134.61401060782373,0.8752632701188237,0.7303682057106367,0.0368056917173188,0.6212687576491023,26.922802121564747,14499476.091154568,2.0288969725370407,0.4846624383836824,0.3318644199330418,0.6657188787044447,28.783644810318947,4.384325765073299,0.6184140500266099,99.0,0.8186409011577612,0.9128658302878092,0.1136477869004011,1.0,0.0,36.42284831590951,1269.0,0.9521385627512426,5.0,min_freq_conf,['None'],"['nap', 'rtp']",0.8,21.0,1.0,PROB_LEN_DIST,1.0,,1.0,149058413139187234484189006142757446979_eps1_s0,,0.001,1.4905841313918724e+38,42.0,5.0,BPI2012_C,1.2
134.61401060782373,0.8768570995942135,0.7327279522521801,0.0326443013667683,0.6237187404638234,26.922802121564747,14499406.083765687,2.0288969725370407,0.4966456895716467,0.3311695146486744,0.6683160432543706,27.91862161643803,4.32745748013258,0.619112165367672,99.0,0.8210541329963104,0.9134124531645816,0.1162881646305322,1.0,0.0,36.94745333865285,1269.0,0.9525197939425252,5.0,min_freq_conf,['None'],"['nap', 'rtp']",0.8,21.0,1.0,PROB_LEN_DIST,1.0,,1.0,149058413139187234484189006142757446979_eps1_s0,,0.001,1.4905841313918724e+38,42.0,5.0,BPI2012_C,1.2
134.61401060782373,0.946306075473377,0.8959312981020238,0.0356209058449773,0.8154402097583604,26.922802121564747,14499336.439806111,2.0288969725370407,0.5240657388354277,0.1683180400463735,0.8565448998473832,57.70757523924112,4.271703727543354,0.7406168292614356,99.0,0.9307632406506356,0.9560424971619416,0.1112230271100997,1.0,0.0,387.3719921577722,1277.0,0.9726528721698656,3.0,min_freq_conf,['None'],"['nap', 'rtp']",0.8,21.0,1.0,PROB_LEN_DIST,1.0,,1.0,149058413139187234484189006142757446979_eps0_s0,,0.001,1.4905841313918724e+38,42.0,5.0,BPI2012_C,1.2
134.61401060782373,0.9473373991019006,0.8953652839864207,0.0325461571489909,0.8102520208908669,26.922802121564747,14498886.51811892,2.0288969725370407,0.5233824409561163,0.1700147841599835,0.8537578186004195,54.4988191369921,4.176365748047829,0.7402891083440676,99.0,0.9323425488628642,0.9569509730510386,0.1127288527786731,1.0,0.0,357.99874090217054,1264.0,0.9726866390872274,3.0,min_freq_conf,['None'],"['nap', 'rtp']",0.8,21.0,1.0,PROB_LEN_DIST,1.0,,1.0,149058413139187234484189006142757446979_eps0_s0,,0.001,1.4905841313918724e+38,42.0,5.0,BPI2012_C,1.2
134.61401060782373,0.946207027536774,0.9010566670186592,0.0339392928619079,0.8281693947624992,26.922802121564747,14498469.41106436,2.0288969725370407,0.5231512013753247,0.1630782339769144,0.8654132282662607,63.06773866340518,4.57945610024035,0.7414943295530354,91.0,0.9326852358603704,0.95610659969323,0.1136726904660463,1.0,0.0,427.52290529944,1271.0,0.9731490385091296,3.0,min_freq_conf,['None'],"['nap', 'rtp']",0.8,21.0,1.0,PROB_LEN_DIST,1.0,,1.0,149058413139187234484189006142757446979_eps0_s0,,0.001,1.4905841313918724e+38,42.0,5.0,BPI2012_C,1.2
134.61401060782373,0.9448106523365216,0.8910929816805809,0.0368056917173188,0.804434147061233,26.922802121564747,14497973.804538012,2.0288969725370407,0.5128164336056419,0.173582446745846,0.8486206207341309,56.32538299635053,4.284222131595016,0.7391949805327582,99.0,0.9289659722113752,0.9558605541782536,0.1159383356571197,1.0,0.0,352.0075100623071,1269.0,0.9734037897604384,3.0,min_freq_conf,['None'],"['nap', 'rtp']",0.8,21.0,1.0,PROB_LEN_DIST,1.0,,1.0,149058413139187234484189006142757446979_eps0_s0,,0.001,1.4905841313918724e+38,42.0,5.0,BPI2012_C,1.2
134.61401060782373,0.9470347599348816,0.893244895162622,0.0326443013667683,0.8063185484636608,26.922802121564747,14497560.750645392,2.0288969725370407,0.5267083733619261,0.1717248967724783,0.8506999060812536,54.31374689936638,4.395528919994831,0.7389020670958997,99.0,0.9312459253441232,0.9571482063212196,0.1133227311074733,1.0,0.0,344.62571849673986,1269.0,0.9738336165646642,3.0,min_freq_conf,['None'],"['nap', 'rtp']",0.8,21.0,1.0,PROB_LEN_DIST,1.0,,1.0,149058413139187234484189006142757446979_eps0_s0,,0.001,1.4905841313918724e+38,42.0,5.0,BPI2012_C,1.2
138.56806578673422,0.9188324827739096,0.7481255434538888,0.0008715454468778,0.59443051253439,27.713613157346845,14496482.539257646,2.129886321723461,0.6003093443414367,0.4405864391543667,0.6528748155294692,23.904870681464672,21.965782284736637,0.7319857179004189,99.0,0.8679175523044936,0.9466971277659758,0.1149346213787794,1.0,0.0,65.53797849453986,9695.0,0.9729226531467976,21.0,min_freq_conf,['None'],"['nap', 'rtp']",0.8,21.0,1.0,PROB_LEN_DIST,1.0,,1.0,316759794568302682997644594354794945954_eps5_s0,,0.0001,3.1675979456830267e+38,42.0,5.0,BPI2012_C,1.2
138.56806578673422,0.9169156739267684,0.7415336771162085,0.0008587376556462,0.5891479125482011,27.713613157346845,14496370.696444709,2.129886321723461,0.6023241533073794,0.4448775776364036,0.6470129859052346,22.593998411670327,21.30313291959465,0.7372549019607844,99.0,0.8646846735396053,0.9451083484470062,0.1188555806875228,1.0,0.0,63.90403543971479,9559.0,0.9725821348537844,21.0,min_freq_conf,['None'],"['nap', 'rtp']",0.8,21.0,1.0,PROB_LEN_DIST,1.0,,1.0,316759794568302682997644594354794945954_eps5_s0,,0.0001,3.1675979456830267e+38,42.0,5.0,BPI2012_C,1.2
138.56806578673422,0.9165745667914764,0.7431938446021992,0.0011118523460084,0.5975732050283928,27.713613157346845,14496262.460307464,2.129886321723461,0.601040667390604,0.4416471042926876,0.6516427537796488,24.738555744290352,21.816030260175467,0.7235101178563487,91.0,0.8647624538556813,0.9443402314666544,0.1137221027165651,1.0,0.0,66.42422781512141,9586.0,0.9715834091728888,21.0,min_freq_conf,['None'],"['nap', 'rtp']",0.8,21.0,1.0,PROB_LEN_DIST,1.0,,1.0,316759794568302682997644594354794945954_eps5_s0,,0.0001,3.1675979456830267e+38,42.0,5.0,BPI2012_C,1.2
138.56806578673422,0.9092023790568676,0.7101845387265538,0.0010643959552953,0.5293334893171326,27.713613157346845,14496149.04472748,2.129886321723461,0.5991128537485458,0.4755078421122849,0.5978413289591807,18.033929850906134,21.950777476653457,0.7254698747934232,99.0,0.8513462614919589,0.9398504050602172,0.1156018208712339,1.0,0.0,42.1755301412195,9587.0,0.9700112630173392,21.0,min_freq_conf,['None'],"['nap', 'rtp']",0.8,21.0,1.0,PROB_LEN_DIST,1.0,,1.0,316759794568302682997644594354794945954_eps5_s0,,0.0001,3.1675979456830267e+38,42.0,5.0,BPI2012_C,1.2
138.56806578673422,0.9122668840352264,0.7119024901114738,0.0010448435558567,0.5318177623583725,27.713613157346845,14496066.426481605,2.129886321723461,0.5961536407351252,0.4659907868975419,0.5972925554230504,17.94673990085721,22.15312795341015,0.7254602959448775,99.0,0.8533156180472702,0.9429154513312248,0.1154194790869951,1.0,0.0,44.24377307668328,9649.0,0.9718272707440352,21.0,min_freq_conf,['None'],"['nap', 'rtp']",0.8,21.0,1.0,PROB_LEN_DIST,1.0,,1.0,316759794568302682997644594354794945954_eps5_s0,,0.0001,3.1675979456830267e+38,42.0,5.0,BPI2012_C,1.2
138.56806578673422,0.916626359650624,0.7608271982955687,0.0008715454468778,0.6398610549237183,27.713613157346845,14495981.646866689,2.129886321723461,0.5900266048400933,0.4176401692396548,0.6875409214499569,28.38500050455332,21.26401438005269,0.718603278135455,99.0,0.8687681741118822,0.9437299865098552,0.1132608838379383,1.0,0.0,82.3965062405914,9695.0,0.9708506232515312,17.0,min_freq_conf,['None'],"['nap', 'rtp']",0.8,21.0,1.0,PROB_LEN_DIST,1.0,,1.0,316759794568302682997644594354794945954_eps4_s0,,0.0001,3.1675979456830267e+38,42.0,5.0,BPI2012_C,1.2
138.56806578673422,0.9122760065982995,0.743916204055498,0.0008587376556462,0.6082173172795631,27.713613157346845,14495849.174885942,2.129886321723461,0.5906941167263552,0.441379594827134,0.6618850401981764,23.623694198206067,19.64675216190517,0.7248604551309575,99.0,0.8602676542790136,0.9415097073992608,0.1110603846609592,1.0,0.0,66.57493220083416,9559.0,0.9699201682857336,17.0,min_freq_conf,['None'],"['nap', 'rtp']",0.8,21.0,1.0,PROB_LEN_DIST,1.0,,1.0,316759794568302682997644594354794945954_eps4_s0,,0.0001,3.1675979456830267e+38,42.0,5.0,BPI2012_C,1.2
138.56806578673422,0.9157390259566692,0.7563134579570053,0.0011118523460084,0.6308968191801244,27.713613157346845,14495738.897996156,2.129886321723461,0.5877077321765937,0.4188573878633748,0.6800702622100554,28.904232155531645,19.745965169742703,0.7248165443629087,91.0,0.8660070990596413,0.9437350280698972,0.1147154830396175,1.0,0.0,72.74548522010446,9586.0,0.9714078295163766,17.0,min_freq_conf,['None'],"['nap', 'rtp']",0.8,21.0,1.0,PROB_LEN_DIST,1.0,,1.0,316759794568302682997644594354794945954_eps4_s0,,0.0001,3.1675979456830267e+38,42.0,5.0,BPI2012_C,1.2
138.56806578673422,0.905149582925075,0.7091350630209815,0.0010643959552953,0.5423152529645795,27.713613157346845,14495617.081164008,2.129886321723461,0.5905810143386739,0.4739214341339691,0.6063669668254122,17.81596481986344,20.37483175098896,0.7148819360802219,99.0,0.8467901898929451,0.9367746978077685,0.1171088200062513,1.0,0.0,40.36331211589277,9587.0,0.9682894183329288,17.0,min_freq_conf,['None'],"['nap', 'rtp']",0.8,21.0,1.0,PROB_LEN_DIST,1.0,,1.0,316759794568302682997644594354794945954_eps4_s0,,0.0001,3.1675979456830267e+38,42.0,5.0,BPI2012_C,1.2
138.56806578673422,0.9068372251497802,0.7095116382097709,0.0010448435558567,0.5366932789190414,27.713613157346845,14495538.102410128,2.129886321723461,0.5850538298329696,0.465846695105763,0.6044386108810026,17.993695739656687,20.046747045591477,0.7149271433412403,99.0,0.8475486945988943,0.9386789762837568,0.1126982402056455,1.0,0.0,42.91744275204837,9649.0,0.969398114200773,17.0,min_freq_conf,['None'],"['nap', 'rtp']",0.8,21.0,1.0,PROB_LEN_DIST,1.0,,1.0,316759794568302682997644594354794945954_eps4_s0,,0.0001,3.1675979456830267e+38,42.0,5.0,BPI2012_C,1.2
138.56806578673422,0.9040694318095174,0.768810827915772,0.0008715454468778,0.6668205346092211,27.713613157346845,14495456.706472795,2.129886321723461,0.5949419362019456,0.3924358790797195,0.7066630115571088,30.2449286673218,18.010296504944563,0.629621299446147,99.0,0.8576040408251184,0.9336292500003156,0.1161042377352714,1.0,0.0,85.09359492361546,9695.0,0.9655000774524872,11.0,min_freq_conf,['None'],"['nap', 'rtp']",0.8,21.0,1.0,PROB_LEN_DIST,1.0,,1.0,316759794568302682997644594354794945954_eps3_s0,,0.0001,3.1675979456830267e+38,42.0,5.0,BPI2012_C,1.2
138.56806578673422,0.8858857444598494,0.6948204360998088,0.0008587376556462,0.5518675805343705,27.713613157346845,14495322.932148969,2.129886321723461,0.6010071282368878,0.464115115104294,0.608007440844292,17.14352354593575,17.515449095517397,0.6276799771003292,99.0,0.8231121346960639,0.9227665045551416,0.1222108844667673,1.0,0.0,36.20143382437527,9559.0,0.9603559124249796,11.0,min_freq_conf,['None'],"['nap', 'rtp']",0.8,21.0,1.0,PROB_LEN_DIST,1.0,,1.0,316759794568302682997644594354794945954_eps3_s0,,0.0001,3.1675979456830267e+38,42.0,5.0,BPI2012_C,1.2
138.56806578673422,0.897346133651774,0.7337144745519195,0.0011118523460084,0.5974131073843643,27.713613157346845,14495251.634968909,2.129886321723461,0.5938156803358943,0.4254225771072333,0.6499188833259749,25.07359821535647,18.13498076610267,0.6313931509895486,91.0,0.8423985626991974,0.930631592769315,0.1161816380918026,1.0,0.0,56.88753942027688,9586.0,0.9641362099683322,11.0,min_freq_conf,['None'],"['nap', 'rtp']",0.8,21.0,1.0,PROB_LEN_DIST,1.0,,1.0,316759794568302682997644594354794945954_eps3_s0,,0.0001,3.1675979456830267e+38,42.0,5.0,BPI2012_C,1.2
138.56806578673422,0.9007558396478236,0.7479569740466911,0.0010643959552953,0.6229802480013142,27.713613157346845,14495151.10577088,2.129886321723461,0.5960449183482391,0.423891934929335,0.6736991753658084,26.19911086000502,18.17825124412775,0.6243242486204869,99.0,0.8499426085027656,0.9314366939323184,0.1156846862286329,1.0,0.0,70.40748524852097,9587.0,0.9646346553157038,11.0,min_freq_conf,['None'],"['nap', 'rtp']",0.8,21.0,1.0,PROB_LEN_DIST,1.0,,1.0,316759794568302682997644594354794945954_eps3_s0,,0.0001,3.1675979456830267e+38,42.0,5.0,BPI2012_C,1.2
138.56806578673422,0.9005036846716667,0.7317073576595923,0.0010448435558567,0.6044781110941408,27.713613157346845,14495035.890458709,2.129886321723461,0.5979165234523122,0.4394992125770656,0.6537731481990426,22.98204538784921,18.18492000736296,0.639020670958997,99.0,0.8454024623378932,0.9324041642918538,0.1229442525655031,1.0,0.0,55.259008433669806,9649.0,0.9647563736236626,11.0,min_freq_conf,['None'],"['nap', 'rtp']",0.8,21.0,1.0,PROB_LEN_DIST,1.0,,1.0,316759794568302682997644594354794945954_eps3_s0,,0.0001,3.1675979456830267e+38,42.0,5.0,BPI2012_C,1.2
138.56806578673422,0.8897638654491832,0.7471295767283272,0.0008715454468778,0.6560953505527641,27.713613157346845,14494939.012068508,2.129886321723461,0.5703199894053145,0.3771210496538544,0.6923033934309982,30.43026316352189,17.12785802409053,0.6223396778093283,99.0,0.8336278858329226,0.9236600477780872,0.2361149955540895,1.0,0.0,87.6315602734685,9695.0,0.963669519257236,7.0,min_freq_conf,['None'],"['nap', 'rtp']",0.8,21.0,1.0,PROB_LEN_DIST,1.0,,1.0,316759794568302682997644594354794945954_eps2_s0,,0.0001,3.1675979456830267e+38,42.0,5.0,BPI2012_C,1.2
138.56806578673422,0.8854764523310853,0.733388042955438,0.0008587376556462,0.6416873559756736,27.713613157346845,14494803.26791308,2.129886321723461,0.5838217171559079,0.3856295540340925,0.6772049381158075,27.35442172735929,16.369101259857416,0.6348933734077573,99.0,0.8248525308266729,0.9210881846025588,0.113925315439701,1.0,0.0,82.16001130826771,9559.0,0.9627112740323974,7.0,min_freq_conf,['None'],"['nap', 'rtp']",0.8,21.0,1.0,PROB_LEN_DIST,1.0,,1.0,316759794568302682997644594354794945954_eps2_s0,,0.0001,3.1675979456830267e+38,42.0,5.0,BPI2012_C,1.2
138.56806578673422,0.8707903929573211,0.6630646571064164,0.0011118523460084,0.5378284244741184,27.713613157346845,14494676.960367432,2.129886321723461,0.5757866336244696,0.4533504701830753,0.575375350571664,16.94385764747858,17.05431546829641,0.6322826328663553,91.0,0.7971579065687598,0.9112483873541208,0.1181503944098949,1.0,0.0,42.49045321531594,9586.0,0.9574926329958372,7.0,min_freq_conf,['None'],"['nap', 'rtp']",0.8,21.0,1.0,PROB_LEN_DIST,1.0,,1.0,316759794568302682997644594354794945954_eps2_s0,,0.0001,3.1675979456830267e+38,42.0,5.0,BPI2012_C,1.2
138.56806578673422,0.8679062340804461,0.644056780742457,0.0010643959552953,0.5137217544172563,27.713613157346845,14494600.03676798,2.129886321723461,0.5761174857763168,0.4771908233557324,0.550931265226764,13.629452051594852,16.95835885219276,0.6249964986975155,99.0,0.7904906204448475,0.9094068503985364,0.1163599882274866,1.0,0.0,32.19647364318371,9587.0,0.956663399290556,7.0,min_freq_conf,['None'],"['nap', 'rtp']",0.8,21.0,1.0,PROB_LEN_DIST,1.0,,1.0,316759794568302682997644594354794945954_eps2_s0,,0.0001,3.1675979456830267e+38,42.0,5.0,BPI2012_C,1.2
138.56806578673422,0.8741975928522349,0.6656622262360109,0.0010448435558567,0.537094153647603,27.713613157346845,14494536.812400527,2.129886321723461,0.5790477547369126,0.459442717676667,0.5753436891794088,15.721977105364203,17.222457269206643,0.6364226815768665,99.0,0.8008587516395359,0.9135709706918778,0.1134130917489528,1.0,0.0,41.05499112047255,9649.0,0.959139009502863,7.0,min_freq_conf,['None'],"['nap', 'rtp']",0.8,21.0,1.0,PROB_LEN_DIST,1.0,,1.0,316759794568302682997644594354794945954_eps2_s0,,0.0001,3.1675979456830267e+38,42.0,5.0,BPI2012_C,1.2
138.56806578673422,0.8345074231341272,0.5907620324700693,0.0008715454468778,0.477318887153692,27.713613157346845,14494462.391384069,2.129886321723461,0.5104814030835166,0.4393227434226028,0.5149830108747202,9.6178665086627,16.859156204387546,0.5455593353763108,99.0,0.743885900104491,0.8871082187756696,0.1185668092221021,1.0,0.0,30.398312663659453,9695.0,0.9391570570138772,5.0,min_freq_conf,['None'],"['nap', 'rtp']",0.8,21.0,1.0,PROB_LEN_DIST,1.0,,1.0,316759794568302682997644594354794945954_eps1_s0,,0.0001,3.1675979456830267e+38,42.0,5.0,BPI2012_C,1.2
138.56806578673422,0.836765804570989,0.5942036067562652,0.0008587376556462,0.4809282058906958,27.713613157346845,14494405.072062172,2.129886321723461,0.5148002657380324,0.4436965238369545,0.5180183546377974,9.48369238525629,16.059612974524498,0.5485616144267926,99.0,0.7481340379009844,0.8894012463947075,0.1175248436629772,1.0,0.0,29.579520938917994,9559.0,0.9397091168074444,5.0,min_freq_conf,['None'],"['nap', 'rtp']",0.8,21.0,1.0,PROB_LEN_DIST,1.0,,1.0,316759794568302682997644594354794945954_eps1_s0,,0.0001,3.1675979456830267e+38,42.0,5.0,BPI2012_C,1.2
138.56806578673422,0.8336050670551357,0.5862299212825468,0.0011118523460084,0.4714380190082688,27.713613157346845,14494349.51099168,2.129886321723461,0.505028681178031,0.434086810791057,0.5093060445178351,9.786835065111518,16.659915821626782,0.5439459639759839,91.0,0.7421614485261444,0.8863020183111638,0.1198365576565265,1.0,0.0,30.3363844268024,9586.0,0.9385205784709144,5.0,min_freq_conf,['None'],"['nap', 'rtp']",0.8,21.0,1.0,PROB_LEN_DIST,1.0,,1.0,316759794568302682997644594354794945954_eps1_s0,,0.0001,3.1675979456830267e+38,42.0,5.0,BPI2012_C,1.2
138.56806578673422,0.8370899998611943,0.5926853178735134,0.0010643959552953,0.4772881211676198,27.713613157346845,14494292.299261495,2.129886321723461,0.5099425650652231,0.434950059433294,0.5153840266136819,9.702992370352147,16.402687223628163,0.5475476877398392,99.0,0.7471494935361407,0.8892659286964876,0.1130221430212259,1.0,0.0,30.41087093949318,9587.0,0.9401939050787536,5.0,min_freq_conf,['None'],"['nap', 'rtp']",0.8,21.0,1.0,PROB_LEN_DIST,1.0,,1.0,316759794568302682997644594354794945954_eps1_s0,,0.0001,3.1675979456830267e+38,42.0,5.0,BPI2012_C,1.2
138.56806578673422,0.8433578655617688,0.6012007883856282,0.0010448435558567,0.4874150930335323,27.713613157346845,14494235.360338869,2.129886321723461,0.5213168337969403,0.4465269419758684,0.5249197254263349,10.275519685819743,16.823943668976426,0.5576923076923077,99.0,0.7575157205701801,0.8932660199886296,0.113115482032299,1.0,0.0,31.03840820118785,9649.0,0.9422182824912826,5.0,min_freq_conf,['None'],"['nap', 'rtp']",0.8,21.0,1.0,PROB_LEN_DIST,1.0,,1.0,316759794568302682997644594354794945954_eps1_s0,,0.0001,3.1675979456830267e+38,42.0,5.0,BPI2012_C,1.2
138.56806578673422,0.9638840290449854,0.922537196317708,0.0008715454468778,0.8423437792545718,27.713613157346845,14494176.7894281,2.129886321723461,0.5851820597379507,0.1884020139940714,0.8835255574019962,58.92634066939354,16.650941021740437,0.7629396384492114,99.0,0.955132536700118,0.9697868439559106,0.1195778846740722,1.0,0.0,1871.3944099452349,9695.0,0.981143042864277,3.0,min_freq_conf,['None'],"['nap', 'rtp']",0.8,21.0,1.0,PROB_LEN_DIST,1.0,,1.0,316759794568302682997644594354794945954_eps0_s0,,0.0001,3.1675979456830267e+38,42.0,5.0,BPI2012_C,1.2
138.56806578673422,0.964885496834794,0.9202435511572908,0.0008587376556462,0.8352028789907434,27.713613157346845,14492229.3823668,2.129886321723461,0.5820582154433028,0.1878127366780415,0.8789105395464192,54.477799547836185,15.897185878828168,0.7615285530270502,99.0,0.9548816530167348,0.9707416538156336,0.1129126269370317,1.0,0.0,1737.1250679790974,9559.0,0.981398371415388,3.0,min_freq_conf,['None'],"['nap', 'rtp']",0.8,21.0,1.0,PROB_LEN_DIST,1.0,,1.0,316759794568302682997644594354794945954_eps0_s0,,0.0001,3.1675979456830267e+38,42.0,5.0,BPI2012_C,1.2
138.56806578673422,0.9637860199279896,0.9275945617941992,0.0011118523460084,0.8549009930372405,27.713613157346845,14490421.449535709,2.129886321723461,0.5848766419184501,0.1834677437131366,0.8922366523027732,63.35211474820972,16.63276351802051,0.762758505670447,91.0,0.9570774835233804,0.9700470097978806,0.122180575504899,1.0,0.0,2051.743973717093,9586.0,0.9816481345267334,3.0,min_freq_conf,['None'],"['nap', 'rtp']",0.8,21.0,1.0,PROB_LEN_DIST,1.0,,1.0,316759794568302682997644594354794945954_eps0_s0,,0.0001,3.1675979456830267e+38,42.0,5.0,BPI2012_C,1.2
138.56806578673422,0.962608818780426,0.9185144894825668,0.0010643959552953,0.8320409575523473,27.713613157346845,14488289.275466388,2.129886321723461,0.5788476551901723,0.1936863969640801,0.8764304283855626,56.77949967049062,16.643094029277563,0.7617713789529705,99.0,0.9539578598378784,0.9694351871205518,0.1136212609708309,1.0,0.0,1731.8456704523414,9587.0,0.9814232737364308,3.0,min_freq_conf,['None'],"['nap', 'rtp']",0.8,21.0,1.0,PROB_LEN_DIST,1.0,,1.0,316759794568302682997644594354794945954_eps0_s0,,0.0001,3.1675979456830267e+38,42.0,5.0,BPI2012_C,1.2
138.56806578673422,0.9633672036548784,0.9178520997637768,0.0010448435558567,0.8308855593041176,27.713613157346845,14486483.575208204,2.129886321723461,0.5797259781934434,0.1895865042816805,0.8755369867553892,54.75101424381137,16.435183137655258,0.7597989382130351,99.0,0.9534877388865832,0.970067572682835,0.1145473923534154,1.0,0.0,1792.919254185632,9649.0,0.981575182449923,3.0,min_freq_conf,['None'],"['nap', 'rtp']",0.8,21.0,1.0,PROB_LEN_DIST,1.0,,1.0,316759794568302682997644594354794945954_eps0_s0,,0.0001,3.1675979456830267e+38,42.0,5.0,BPI2012_C,1.2
989.7178409975022,0.8761611630331615,0.6535906443956613,2.8114369254125783e-05,0.5178988576072112,197.94356819950045,14483924.644413544,2.362495042383671,0.5738138462529062,0.4724611424915603,0.5636317720323275,11.711621576920152,129.57318296656013,0.6665073519075599,99.0,0.7968395225758602,0.9193243024966388,0.1231374684721231,1.0,0.0,165.80791164189577,233482.0,0.9594032873328306,21.0,min_freq_conf,['None'],"['nap', 'rtp']",0.8,21.0,1.0,PROB_LEN_DIST,1.0,,1.0,224760358370337034075117362179122216196_eps5_s0,,1e-07,2.2476035837033703e+38,42.0,5.0,BPI2012_C,1.2
989.7178409975022,0.8763750286504645,0.6544606958918399,2.8624588521540003e-05,0.5195201549854002,197.94356819950045,14483617.104574451,2.362495042383671,0.572952483238442,0.4753306317952901,0.5638174454594287,11.42960193194449,126.38478495553136,0.6767711464147703,99.0,0.7958268679485594,0.920870873014264,0.1206550970673561,1.0,0.0,162.0274514593184,232712.0,0.9605068162227852,21.0,min_freq_conf,['None'],"['nap', 'rtp']",0.8,21.0,1.0,PROB_LEN_DIST,1.0,,1.0,224760358370337034075117362179122216196_eps5_s0,,1e-07,2.2476035837033703e+38,42.0,5.0,BPI2012_C,1.2
989.7178409975022,0.877752452173199,0.6531029293943037,5.55926173004225e-05,0.5150500200162756,197.94356819950045,14483316.827340188,2.362495042383671,0.5725912424382478,0.4690364389719152,0.5611334669392221,11.902864998206496,130.0966648608446,0.6623026462085835,91.0,0.7976968434237768,0.9205325011581906,0.1206305958330631,1.0,0.0,175.82511315122247,232457.0,0.9598878454411844,21.0,min_freq_conf,['None'],"['nap', 'rtp']",0.8,21.0,1.0,PROB_LEN_DIST,1.0,,1.0,224760358370337034075117362179122216196_eps5_s0,,1e-07,2.2476035837033703e+38,42.0,5.0,BPI2012_C,1.2
989.7178409975022,0.8807581461761818,0.6634169165437173,0.0,0.5252235522808604,197.94356819950045,14482998.567782965,2.362495042383671,0.5741912048204852,0.4769051155460798,0.5724267334259526,12.28567179106176,125.972523374483,0.6701212851180639,99.0,0.803646164989612,0.922903140777702,0.1246074642986059,1.0,0.0,166.00819514133036,232891.0,0.9608571591187722,21.0,min_freq_conf,['None'],"['nap', 'rtp']",0.8,21.0,1.0,PROB_LEN_DIST,1.0,,1.0,224760358370337034075117362179122216196_eps5_s0,,1e-07,2.2476035837033703e+38,42.0,5.0,BPI2012_C,1.2
989.7178409975022,0.8801511488624187,0.6624538978060376,5.647803004631199e-05,0.5263762941813218,197.94356819950045,14482693.861392217,2.362495042383671,0.5733965214039382,0.4769395579836377,0.5716061760742231,12.273199439048769,125.90490391664208,0.6735287473172936,99.0,0.8033331936119047,0.9222378034086616,0.1162321548908948,1.0,0.0,177.47297385148704,231687.0,0.9605563022736362,21.0,min_freq_conf,['None'],"['nap', 'rtp']",0.8,21.0,1.0,PROB_LEN_DIST,1.0,,1.0,224760358370337034075117362179122216196_eps5_s0,,1e-07,2.2476035837033703e+38,42.0,5.0,BPI2012_C,1.2
989.7178409975022,0.876670802618786,0.6533808663849315,2.8114369254125783e-05,0.5170487974439001,197.94356819950045,14482377.78235709,2.362495042383671,0.5602613194899995,0.4753211041533354,0.5601679149199168,12.71039461530745,106.399418476969,0.6708088504034412,99.0,0.7960931239440461,0.9216347105745484,0.1182406395673751,1.0,0.0,155.62383523397148,233482.0,0.9607669345680102,17.0,min_freq_conf,['None'],"['nap', 'rtp']",0.8,21.0,1.0,PROB_LEN_DIST,1.0,,1.0,224760358370337034075117362179122216196_eps4_s0,,1e-07,2.2476035837033703e+38,42.0,5.0,BPI2012_C,1.2
989.7178409975022,0.8795524952618148,0.6624041650105846,2.8624588521540003e-05,0.5287388351517242,197.94356819950045,14482102.569563728,2.362495042383671,0.5575344122672975,0.478442467711378,0.5749458770058107,13.077094588428736,104.35966981202364,0.6726492056676685,99.0,0.8008772232072461,0.9234385035212548,0.11725022085011,1.0,0.0,159.9277418963611,232712.0,0.9613282288069128,17.0,min_freq_conf,['None'],"['nap', 'rtp']",0.8,21.0,1.0,PROB_LEN_DIST,1.0,,1.0,224760358370337034075117362179122216196_eps4_s0,,1e-07,2.2476035837033703e+38,42.0,5.0,BPI2012_C,1.2
989.7178409975022,0.8784423902266969,0.6611471628756481,5.55926173004225e-05,0.5249701292134007,197.94356819950045,14481824.76652476,2.362495042383671,0.5624727656634988,0.4743089627147339,0.5715257614273184,13.600106537342072,108.92124516516924,0.6819268401156326,91.0,0.7998232524533947,0.9232250708399004,0.1153790187090635,1.0,0.0,162.1880863942206,232457.0,0.9619848190049398,17.0,min_freq_conf,['None'],"['nap', 'rtp']",0.8,21.0,1.0,PROB_LEN_DIST,1.0,,1.0,224760358370337034075117362179122216196_eps4_s0,,1e-07,2.2476035837033703e+38,42.0,5.0,BPI2012_C,1.2
989.7178409975022,0.8812577808505904,0.6659128600392281,0.0,0.5301819473269189,197.94356819950045,14481539.629779767,2.362495042383671,0.5620568856098684,0.4791368749290106,0.5775688867624345,13.869740955531595,106.30087294615804,0.6719699728298927,99.0,0.8028850739034437,0.924143649116306,0.1239986177533865,1.0,0.0,161.76051877997816,232891.0,0.9612520603541264,17.0,min_freq_conf,['None'],"['nap', 'rtp']",0.8,21.0,1.0,PROB_LEN_DIST,1.0,,1.0,224760358370337034075117362179122216196_eps4_s0,,1e-07,2.2476035837033703e+38,42.0,5.0,BPI2012_C,1.2
296.15453391708434,0.9824109929909924,0.96358989254906,0.0,0.9229862177003796,59.23090678341687,14501278.041804308,3.445844192057848,0.6605990429563384,0.1464129444309838,0.944338293965718,258.4441251568496,69.9603877235204,0.8313737512172251,178.0,0.9793061514757142,0.9863386042583392,0.142930805683136,1.0,0.0,19731.24582165107,113255.0,0.9933418413139248,3.0,min_freq_conf,['None'],"['nap', 'rtp']",0.8,21.0,1.0,PROB_LEN_DIST,1.0,,1.0,319668454559724892528166104377770402880_eps0_s0,,1e-07,3.196684545597249e+38,42.0,5.0,BPI2012_Full,1.2
989.7178409975022,0.8832518167725474,0.6662722089348976,5.647803004631199e-05,0.5266769596220136,197.94356819950045,14481257.270955725,2.362495042383671,0.5611528195036524,0.4813448572163615,0.5744986571258522,13.53614029288292,104.11410858482122,0.6815203885688467,99.0,0.8056375493528227,0.9254463488577316,0.1142490282654762,1.0,0.0,159.93972487561405,231687.0,0.9627097899921536,17.0,min_freq_conf,['None'],"['nap', 'rtp']",0.8,21.0,1.0,PROB_LEN_DIST,1.0,,1.0,224760358370337034075117362179122216196_eps4_s0,,1e-07,2.2476035837033703e+38,42.0,5.0,BPI2012_C,1.2
989.7178409975022,0.8700917467936622,0.6371560814055623,2.8114369254125783e-05,0.5032892528227497,197.94356819950045,14480979.242645472,2.362495042383671,0.5784906634485578,0.4634836006033883,0.5492793979372217,12.348058491945268,90.50373330526054,0.666535466276814,99.0,0.7829574275654049,0.9174541500007608,0.1249668896198272,1.0,0.0,134.58782218582928,233482.0,0.9610641048221296,11.0,min_freq_conf,['None'],"['nap', 'rtp']",0.8,21.0,1.0,PROB_LEN_DIST,1.0,,1.0,224760358370337034075117362179122216196_eps3_s0,,1e-07,2.2476035837033703e+38,42.0,5.0,BPI2012_C,1.2
989.7178409975022,0.8659531692160477,0.6227229788846415,2.8624588521540003e-05,0.4967844437754876,197.94356819950045,14480741.362431396,2.362495042383671,0.5636368502117745,0.4528884658822455,0.5389157352704226,12.1577079705894,88.59961681440473,0.6341777586947188,99.0,0.77758500280057,0.9126246449431852,0.1156529206782579,1.0,0.0,135.97700434364378,232712.0,0.9592878987460134,11.0,min_freq_conf,['None'],"['nap', 'rtp']",0.8,21.0,1.0,PROB_LEN_DIST,1.0,,1.0,224760358370337034075117362179122216196_eps3_s0,,1e-07,2.2476035837033703e+38,42.0,5.0,BPI2012_C,1.2
989.7178409975022,0.8733879811069156,0.6302761248441446,5.55926173004225e-05,0.4956908970153814,197.94356819950045,14480504.189149393,2.362495042383671,0.5797098902516714,0.4559733596510713,0.5417270744467508,13.031223164871337,92.39073230139913,0.6528519012675117,91.0,0.7875142467285015,0.918287787994682,0.1126190796494484,1.0,0.0,138.93465397693217,232457.0,0.9610891410257596,11.0,min_freq_conf,['None'],"['nap', 'rtp']",0.8,21.0,1.0,PROB_LEN_DIST,1.0,,1.0,224760358370337034075117362179122216196_eps3_s0,,1e-07,2.2476035837033703e+38,42.0,5.0,BPI2012_C,1.2
989.7178409975022,0.8736155718119161,0.6310508439947055,0.0,0.4996920613066402,197.94356819950045,14480259.405448653,2.362495042383671,0.5617570290853121,0.4535361904462138,0.542011315563023,13.007522841915488,90.01367856748402,0.6218593316713817,99.0,0.7911666729657013,0.917235252543588,0.1200288254767656,1.0,0.0,138.49343935400248,232891.0,0.9600315200735718,11.0,min_freq_conf,['None'],"['nap', 'rtp']",0.8,21.0,1.0,PROB_LEN_DIST,1.0,,1.0,224760358370337034075117362179122216196_eps3_s0,,1e-07,2.2476035837033703e+38,42.0,5.0,BPI2012_C,1.2
989.7178409975022,0.8693203305898574,0.6318809364958754,5.647803004631199e-05,0.5071607454700792,197.94356819950045,14480017.451019496,2.362495042383671,0.5804845537406947,0.4677121346712266,0.5495175385026305,12.00235953554511,89.02136778272688,0.6655371060657405,99.0,0.7835466591946137,0.9155171860057983,0.1178375873714685,1.0,0.0,131.83192772231996,231687.0,0.9610095560721637,11.0,min_freq_conf,['None'],"['nap', 'rtp']",0.8,21.0,1.0,PROB_LEN_DIST,1.0,,1.0,224760358370337034075117362179122216196_eps3_s0,,1e-07,2.2476035837033703e+38,42.0,5.0,BPI2012_C,1.2
989.7178409975022,0.851948595894462,0.6021418940787888,2.8114369254125783e-05,0.4755985958210678,197.94356819950045,14479784.160578506,2.362495042383671,0.5271852471319514,0.4278989190722816,0.5181033372839896,12.49110916815698,85.66106070019305,0.5881244904270573,99.0,0.7635601196996539,0.8989537794847511,0.115528954192996,1.0,0.0,177.77161129191518,233482.0,0.9508765619659886,7.0,min_freq_conf,['None'],"['nap', 'rtp']",0.8,21.0,1.0,PROB_LEN_DIST,1.0,,1.0,224760358370337034075117362179122216196_eps2_s0,,1e-07,2.2476035837033703e+38,42.0,5.0,BPI2012_C,1.2
989.7178409975022,0.8426073474456336,0.5927947677516131,2.8624588521540003e-05,0.4747969838493769,197.94356819950045,14479507.804027569,2.362495042383671,0.5122001862284195,0.4370093783213868,0.5134816023899197,10.60894512757659,84.78949367441237,0.571318162301417,99.0,0.7512731680462315,0.8922771274375727,0.1142115090042352,1.0,0.0,165.46792078204453,232712.0,0.947254944846324,7.0,min_freq_conf,['None'],"['nap', 'rtp']",0.8,21.0,1.0,PROB_LEN_DIST,1.0,,1.0,224760358370337034075117362179122216196_eps2_s0,,1e-07,2.2476035837033703e+38,42.0,5.0,BPI2012_C,1.2
989.7178409975022,0.8473970766791031,0.5971963601386773,5.55926173004225e-05,0.4793355784843841,197.94356819950045,14479246.50256242,2.362495042383671,0.5272651112469523,0.4368528355165115,0.5182911353631299,11.22004277817905,90.07079065777361,0.5870858350011119,91.0,0.7559409827205207,0.8965135488507358,0.1221676878631115,1.0,0.0,177.2361579462886,232457.0,0.9489576222647912,7.0,min_freq_conf,['None'],"['nap', 'rtp']",0.8,21.0,1.0,PROB_LEN_DIST,1.0,,1.0,224760358370337034075117362179122216196_eps2_s0,,1e-07,2.2476035837033703e+38,42.0,5.0,BPI2012_C,1.2
989.7178409975022,0.8545366848026626,0.6101449288277525,0.0,0.4914063134395503,197.94356819950045,14478967.544304123,2.362495042383671,0.5214587897678812,0.4357288021580281,0.531987797023411,11.670817563310266,84.80669117718935,0.5967900058821882,99.0,0.7657823668297049,0.9006825358904875,0.1264559496194124,1.0,0.0,171.1643668450415,232891.0,0.9518176686071006,7.0,min_freq_conf,['None'],"['nap', 'rtp']",0.8,21.0,1.0,PROB_LEN_DIST,1.0,,1.0,224760358370337034075117362179122216196_eps2_s0,,1e-07,2.2476035837033703e+38,42.0,5.0,BPI2012_C,1.2
989.7178409975022,0.8752872222085921,0.6821328156488625,5.647803004631199e-05,0.5689139956605735,197.94356819950045,14478699.460782036,2.362495042383671,0.5173044865783698,0.3929369202114471,0.6110828110914586,19.37149417214096,85.07497509941459,0.5821472947023608,99.0,0.8056019344007822,0.9138944888548948,0.1159189827740192,1.0,0.0,248.7603016961366,231687.0,0.9563861909386974,7.0,min_freq_conf,['None'],"['nap', 'rtp']",0.8,21.0,1.0,PROB_LEN_DIST,1.0,,1.0,224760358370337034075117362179122216196_eps2_s0,,1e-07,2.2476035837033703e+38,42.0,5.0,BPI2012_C,1.2
989.7178409975022,0.8224673587962932,0.5731335864343916,2.8114369254125783e-05,0.4518308708854313,197.94356819950045,14478345.806266828,2.362495042383671,0.4635592090925631,0.411646525587133,0.4933281925293326,8.31909266859293,84.42727079242468,0.5114847198403104,99.0,0.7233523252726998,0.8767358771062264,0.1180412378162145,1.0,0.0,176.5596756990999,233482.0,0.9335765128934714,5.0,min_freq_conf,['None'],"['nap', 'rtp']",0.8,21.0,1.0,PROB_LEN_DIST,1.0,,1.0,224760358370337034075117362179122216196_eps1_s0,,1e-07,2.2476035837033703e+38,42.0,5.0,BPI2012_C,1.2
989.7178409975022,0.825949360565314,0.5670338429462175,2.8624588521540003e-05,0.451279245912329,197.94356819950045,14478076.069352891,2.362495042383671,0.457298297711392,0.4137870674931531,0.4890423664033302,9.472768671810629,83.99747948348522,0.51338199513382,99.0,0.7281393468046325,0.8803226142123323,0.1132072862237691,1.0,0.0,160.90862908400595,232712.0,0.9336086841221378,5.0,min_freq_conf,['None'],"['nap', 'rtp']",0.8,21.0,1.0,PROB_LEN_DIST,1.0,,1.0,224760358370337034075117362179122216196_eps1_s0,,1e-07,2.2476035837033703e+38,42.0,5.0,BPI2012_C,1.2
989.7178409975022,0.8253742540738715,0.5704079541414214,5.55926173004225e-05,0.4475002050576789,197.94356819950045,14477821.255289536,2.362495042383671,0.4650015786076992,0.408481376649795,0.4889990257294664,8.675905168056488,85.5128630977124,0.5165388036468757,91.0,0.7257145255646738,0.8791975228923871,0.1144561674445867,1.0,0.0,166.2562736067921,232457.0,0.9345595058890164,5.0,min_freq_conf,['None'],"['nap', 'rtp']",0.8,21.0,1.0,PROB_LEN_DIST,1.0,,1.0,224760358370337034075117362179122216196_eps1_s0,,1e-07,2.2476035837033703e+38,42.0,5.0,BPI2012_C,1.2
989.7178409975022,0.821414336242502,0.5731264945073143,0.0,0.4464247653115635,197.94356819950045,14477560.376808072,2.362495042383671,0.4563592320400944,0.4014261385703225,0.4896888615903626,8.532995356246829,82.74566767178476,0.5100417355256155,99.0,0.7207061499297517,0.8782028576164718,0.1175998728722333,1.0,0.0,160.1128842458129,232891.0,0.933017823906356,5.0,min_freq_conf,['None'],"['nap', 'rtp']",0.8,21.0,1.0,PROB_LEN_DIST,1.0,,1.0,224760358370337034075117362179122216196_eps1_s0,,1e-07,2.2476035837033703e+38,42.0,5.0,BPI2012_C,1.2
989.7178409975022,0.8288799447099265,0.5798618129551594,5.647803004631199e-05,0.4528667730371404,197.94356819950045,14477308.545412606,2.362495042383671,0.4652256302875315,0.4123064706538091,0.4954119976094672,8.468447865918279,84.17699205875397,0.5215746074776911,99.0,0.737137567708085,0.8824815203563187,0.1226606797426939,1.0,0.0,164.27886523492634,231687.0,0.9350644831380664,5.0,min_freq_conf,['None'],"['nap', 'rtp']",0.8,21.0,1.0,PROB_LEN_DIST,1.0,,1.0,224760358370337034075117362179122216196_eps1_s0,,1e-07,2.2476035837033703e+38,42.0,5.0,BPI2012_C,1.2
989.7178409975022,0.9643408238253208,0.9231986728110164,2.8114369254125783e-05,0.8430298099080744,197.94356819950045,14477051.15981062,2.362495042383671,0.5855813968430558,0.188608554598741,0.8842172568189112,58.628253143280745,85.33742656931281,0.7633894683572774,99.0,0.9557113311453388,0.9701229960685304,0.1329079885035753,1.0,0.0,11041.083787476644,233482.0,0.9813772270746808,3.0,min_freq_conf,['None'],"['nap', 'rtp']",0.8,21.0,1.0,PROB_LEN_DIST,1.0,,1.0,224760358370337034075117362179122216196_eps0_s0,,1e-07,2.2476035837033703e+38,42.0,5.0,BPI2012_C,1.2
296.15453391708434,0.9824955620931882,0.9620990150643476,9.15851558779353e-05,0.9198619014625488,59.23090678341687,14481217.901434433,3.445844192057848,0.6428656942808751,0.1434797223862622,0.9420421592399942,238.19291242957115,69.63611562736332,0.829798146316445,178.0,0.9784551533638012,0.9862677968211392,0.1397087760269642,1.0,0.0,18802.29080325365,111863.0,0.9929551244550936,3.0,min_freq_conf,['None'],"['nap', 'rtp']",0.8,21.0,1.0,PROB_LEN_DIST,1.0,,1.0,319668454559724892528166104377770402880_eps0_s0,,1e-07,3.196684545597249e+38,42.0,5.0,BPI2012_Full,1.2
300.1566432211548,0.9301791869758826,0.7688919761294298,5.433010974682169e-05,0.610550554691849,60.03132864423096,14460637.29221852,4.1521161161363125,0.679869317730086,0.4268940762510139,0.6782559310810446,50.25382074341178,95.52298478782176,0.7996486652903039,178.0,0.8780029309128327,0.9597986723093598,0.1331650279462337,1.0,0.0,319.1547272801399,113080.0,0.983830640579358,21.0,min_freq_conf,['None'],"['nap', 'rtp']",0.8,21.0,1.0,PROB_LEN_DIST,1.0,,1.0,330287721545115267207492079340830799343_eps5_s0,,1e-10,3.3028772154511527e+38,42.0,5.0,BPI2012_Full,1.2
300.1566432211548,0.9258761950877518,0.7539120887603649,0.0001474899061595,0.5858891481124282,60.03132864423096,14460171.900968213,4.1521161161363125,0.6729380399104751,0.4336303508659188,0.6555863290019663,38.52018656954169,93.2282562982291,0.7883335484227798,178.0,0.8718067383996083,0.9569294132810536,0.1314329523593187,1.0,0.0,218.7331824246794,112370.0,0.9823295500067828,21.0,min_freq_conf,['None'],"['nap', 'rtp']",0.8,21.0,1.0,PROB_LEN_DIST,1.0,,1.0,330287721545115267207492079340830799343_eps5_s0,,1e-10,3.3028772154511527e+38,42.0,5.0,BPI2012_Full,1.2
300.1566432211548,0.9280123961577376,0.762807558178107,0.00021513087128,0.6019695654121441,60.03132864423096,14459820.972368874,4.1521161161363125,0.6630666206532058,0.4226218846026192,0.6697887034553146,50.05258276872337,95.31287623755634,0.7886877016851919,173.0,0.8755887517798918,0.9574410079095018,0.1306806951761245,1.0,0.0,332.4440067112446,111991.0,0.9825597737470804,21.0,min_freq_conf,['None'],"['nap', 'rtp']",0.8,21.0,1.0,PROB_LEN_DIST,1.0,,1.0,330287721545115267207492079340830799343_eps5_s0,,1e-10,3.3028772154511527e+38,42.0,5.0,BPI2012_Full,1.2
300.1566432211548,0.9324959447295864,0.7717769660586092,0.0,0.6129916599394607,60.03132864423096,14459342.69418956,4.1521161161363125,0.6844161083749326,0.4250870420222342,0.6813853041570416,49.7390225995332,96.89797117561102,0.8042341400079345,178.0,0.8815245711968726,0.9611018556644728,0.1418257597833871,1.0,0.0,336.5648240577429,113255.0,0.984599917310868,21.0,min_freq_conf,['None'],"['nap', 'rtp']",0.8,21.0,1.0,PROB_LEN_DIST,1.0,,1.0,330287721545115267207492079340830799343_eps5_s0,,1e-10,3.3028772154511527e+38,42.0,5.0,BPI2012_Full,1.2
300.1566432211548,0.9343974578437162,0.7733039590285861,9.15851558779353e-05,0.6146048402253421,60.03132864423096,14458859.023606963,4.1521161161363125,0.6711071934909988,0.4216298575183198,0.6821515272213858,51.130455546081066,93.53078605048358,0.8137524270066308,178.0,0.8835268425505898,0.9617168168109348,0.132608825340867,1.0,0.0,349.8151400256902,111863.0,0.9856036270228752,21.0,min_freq_conf,['None'],"['nap', 'rtp']",0.8,21.0,1.0,PROB_LEN_DIST,1.0,,1.0,330287721545115267207492079340830799343_eps5_s0,,1e-10,3.3028772154511527e+38,42.0,5.0,BPI2012_Full,1.2
300.1566432211548,0.9239304260924388,0.7413936354645458,5.433010974682169e-05,0.5700488395832443,60.03132864423096,14458364.102905644,4.1521161161363125,0.6791533383074053,0.4230870281729424,0.6422082530002986,37.58553631231189,83.78734267130494,0.7862653482560035,178.0,0.8671110451493367,0.9569126304011631,0.130401536822319,1.0,0.0,191.7617522701621,113080.0,0.9839179562588148,17.0,min_freq_conf,['None'],"['nap', 'rtp']",0.8,21.0,1.0,PROB_LEN_DIST,1.0,,1.0,330287721545115267207492079340830799343_eps4_s0,,1e-10,3.3028772154511527e+38,42.0,5.0,BPI2012_Full,1.2
300.1566432211548,0.9227250818241346,0.7404743374655323,0.0001474899061595,0.5736189820068651,60.03132864423096,14458050.524207445,4.1521161161363125,0.6675545534101153,0.405882993350532,0.6430390990444029,42.68328914232552,81.42701152339578,0.7737873564277945,178.0,0.865847615364937,0.9554195669358848,0.1299793198704719,1.0,0.0,272.5923116821796,112370.0,0.9829853037662054,17.0,min_freq_conf,['None'],"['nap', 'rtp']",0.8,21.0,1.0,PROB_LEN_DIST,1.0,,1.0,330287721545115267207492079340830799343_eps4_s0,,1e-10,3.3028772154511527e+38,42.0,5.0,BPI2012_Full,1.2
300.1566432211548,0.92216817921463,0.7375893514573988,0.00021513087128,0.5648846461242751,60.03132864423096,14457653.386496589,4.1521161161363125,0.667572080923774,0.4198772366925369,0.6359457906364837,37.66972236894071,83.39825037121773,0.7863391896737182,173.0,0.864371454998428,0.9558294287979312,0.1306425407528877,1.0,0.0,194.71574122272432,111991.0,0.9837279589178834,17.0,min_freq_conf,['None'],"['nap', 'rtp']",0.8,21.0,1.0,PROB_LEN_DIST,1.0,,1.0,330287721545115267207492079340830799343_eps4_s0,,1e-10,3.3028772154511527e+38,42.0,5.0,BPI2012_Full,1.2
300.1566432211548,0.9230632313537792,0.7458194148952851,0.0,0.5790518133996689,60.03132864423096,14457337.148542268,4.1521161161363125,0.6837275183810864,0.4174609779707427,0.6490305914024691,42.44793948344886,85.28796792030334,0.7864716702131497,178.0,0.8678793287392607,0.9563866269908652,0.1340926457196474,1.0,0.0,238.0917362924665,113255.0,0.9839227372828524,17.0,min_freq_conf,['None'],"['nap', 'rtp']",0.8,21.0,1.0,PROB_LEN_DIST,1.0,,1.0,330287721545115267207492079340830799343_eps4_s0,,1e-10,3.3028772154511527e+38,42.0,5.0,BPI2012_Full,1.2
300.1566432211548,0.9243106495634196,0.7404734426878703,9.15851558779353e-05,0.571393476660492,60.03132864423096,14456970.864104545,4.1521161161363125,0.6660686017339708,0.4272383918730301,0.6414775811961345,35.51993930712342,82.7857770435512,0.7856541011832802,178.0,0.8672897289594588,0.956532636355474,0.1388134993612766,1.0,0.0,186.5598475281149,111863.0,0.9838830442212504,17.0,min_freq_conf,['None'],"['nap', 'rtp']",0.8,21.0,1.0,PROB_LEN_DIST,1.0,,1.0,330287721545115267207492079340830799343_eps4_s0,,1e-10,3.3028772154511527e+38,42.0,5.0,BPI2012_Full,1.2
300.1566432211548,0.915383104192684,0.7200059682937692,5.433010974682169e-05,0.55410083369846,60.03132864423096,14456665.534294097,4.1521161161363125,0.6527691677230736,0.382180490178274,0.6250264734186315,38.51422652415931,74.59029393829405,0.7354848056793075,178.0,0.8488711674416182,0.9507645558894532,0.132313385605812,1.0,0.0,208.910719640553,113080.0,0.9820200162218402,11.0,min_freq_conf,['None'],"['nap', 'rtp']",0.8,21.0,1.0,PROB_LEN_DIST,1.0,,1.0,330287721545115267207492079340830799343_eps3_s0,,1e-10,3.3028772154511527e+38,42.0,5.0,BPI2012_Full,1.2
300.1566432211548,0.9093145733132396,0.6998235480339493,0.0001474899061595,0.5286694995234456,60.03132864423096,14456343.059783729,4.1521161161363125,0.637040809259943,0.3889930411216883,0.6004946232377587,30.12737749889493,75.48369465209544,0.72965100200955,178.0,0.838033005594638,0.9469726212070438,0.1321474686264991,1.0,0.0,143.76300497166812,112370.0,0.980212896162047,11.0,min_freq_conf,['None'],"['nap', 'rtp']",0.8,21.0,1.0,PROB_LEN_DIST,1.0,,1.0,330287721545115267207492079340830799343_eps3_s0,,1e-10,3.3028772154511527e+38,42.0,5.0,BPI2012_Full,1.2
300.1566432211548,0.9203549963531618,0.7278503011949782,0.00021513087128,0.5636045726556631,60.03132864423096,14456093.226080744,4.1521161161363125,0.6513457686724944,0.3628182679671619,0.633028030582357,39.61010430566967,74.58076468110085,0.7463427751882395,173.0,0.857304024074205,0.9532287157795524,0.1384178958833217,1.0,0.0,225.71240553632376,111991.0,0.9831521134506124,11.0,min_freq_conf,['None'],"['nap', 'rtp']",0.8,21.0,1.0,PROB_LEN_DIST,1.0,,1.0,330287721545115267207492079340830799343_eps3_s0,,1e-10,3.3028772154511527e+38,42.0,5.0,BPI2012_Full,1.2
989.7178409975022,0.9653228446473606,0.9209157565430344,2.8624588521540003e-05,0.8359277839731113,197.94356819950045,14465865.654836094,2.362495042383671,0.5851919015884613,0.188143887352148,0.8796347178306634,54.93973185122013,82.90041647851467,0.7621582939745242,99.0,0.9554032844215108,0.971073687508762,0.1262470688670873,1.0,0.0,10131.620013285428,232712.0,0.9816581519336224,3.0,min_freq_conf,['None'],"['nap', 'rtp']",0.8,21.0,1.0,PROB_LEN_DIST,1.0,,1.0,224760358370337034075117362179122216196_eps0_s0,,1e-07,2.2476035837033703e+38,42.0,5.0,BPI2012_C,1.2
300.1566432211548,0.9135888421362516,0.7122766988454154,0.0,0.5446209762864699,60.03132864423096,14455752.856338603,4.1521161161363125,0.6638868960432124,0.387957020672605,0.6149394655970645,32.06114915385842,75.03453153185546,0.7592418941825657,178.0,0.8459467380366525,0.9488651538866488,0.13442312926054,1.0,0.0,150.074474664405,113255.0,0.981694463595399,11.0,min_freq_conf,['None'],"['nap', 'rtp']",0.8,21.0,1.0,PROB_LEN_DIST,1.0,,1.0,330287721545115267207492079340830799343_eps3_s0,,1e-10,3.3028772154511527e+38,42.0,5.0,BPI2012_Full,1.2
300.1566432211548,0.9133426314387244,0.7111783735532806,9.15851558779353e-05,0.5446074770531548,60.03132864423096,14455495.22812858,4.1521161161363125,0.6412940857492433,0.3917713779130107,0.6134379616601969,31.694261817261577,73.16985633969307,0.7345312671722167,178.0,0.8453847065120415,0.9492331326340993,0.1321393307298421,1.0,0.0,159.15200990997255,111863.0,0.9811903214643332,11.0,min_freq_conf,['None'],"['nap', 'rtp']",0.8,21.0,1.0,PROB_LEN_DIST,1.0,,1.0,330287721545115267207492079340830799343_eps3_s0,,1e-10,3.3028772154511527e+38,42.0,5.0,BPI2012_Full,1.2
300.1566432211548,0.8841198277834499,0.6637188986909576,5.433010974682169e-05,0.4926501094268962,60.03132864423096,14455230.761543987,4.1521161161363125,0.6245844952121749,0.3564271760506684,0.5627742308085243,26.72241800278425,71.4473726991564,0.6798869933717266,178.0,0.8080476949129674,0.9280124975347084,0.134296340867877,1.0,0.0,159.31741615384817,113080.0,0.97276382730268,7.0,min_freq_conf,['None'],"['nap', 'rtp']",0.8,21.0,1.0,PROB_LEN_DIST,1.0,,1.0,330287721545115267207492079340830799343_eps2_s0,,1e-10,3.3028772154511527e+38,42.0,5.0,BPI2012_Full,1.2
300.1566432211548,0.8863455484490232,0.6597356676592852,0.0001474899061595,0.4804277564647941,60.03132864423096,14454972.826978505,4.1521161161363125,0.6220493716263022,0.3457234540917998,0.5545722579268346,27.240542147308588,69.18742995336652,0.6912667539315278,178.0,0.8077135118713559,0.9288922436661212,0.1349597070366144,1.0,0.0,204.88678851909933,112370.0,0.9742876452459296,7.0,min_freq_conf,['None'],"['nap', 'rtp']",0.8,21.0,1.0,PROB_LEN_DIST,1.0,,1.0,330287721545115267207492079340830799343_eps2_s0,,1e-10,3.3028772154511527e+38,42.0,5.0,BPI2012_Full,1.2
300.1566432211548,0.8941154560319705,0.670723740314341,0.00021513087128,0.4713110110292747,60.03132864423096,14454671.052355744,4.1521161161363125,0.6184237598173559,0.3297265669731135,0.5589951031321464,33.96185264363885,71.35071780905128,0.6772319827895303,173.0,0.8186667684881501,0.9325535710576092,0.1383727230131626,1.0,0.0,207.8575016539544,111991.0,0.9742796483557824,7.0,min_freq_conf,['None'],"['nap', 'rtp']",0.8,21.0,1.0,PROB_LEN_DIST,1.0,,1.0,330287721545115267207492079340830799343_eps2_s0,,1e-10,3.3028772154511527e+38,42.0,5.0,BPI2012_Full,1.2
300.1566432211548,0.884311219407243,0.6643276280325318,0.0,0.4851131811379038,60.03132864423096,14454357.419411058,4.1521161161363125,0.6229044813044791,0.3360559000367454,0.5604782453568079,28.82738122344017,73.34054135717452,0.6447145381757854,178.0,0.8075908727529424,0.9269197564015796,0.1384626403450966,1.0,0.0,159.5622864868492,113255.0,0.9713820592816194,7.0,min_freq_conf,['None'],"['nap', 'rtp']",0.8,21.0,1.0,PROB_LEN_DIST,1.0,,1.0,330287721545115267207492079340830799343_eps2_s0,,1e-10,3.3028772154511527e+38,42.0,5.0,BPI2012_Full,1.2
300.1566432211548,0.8894947133423818,0.671742013067394,9.15851558779353e-05,0.4893957274119606,60.03132864423096,14454095.227501333,4.1521161161363125,0.6110023118416981,0.3551484658180474,0.5646865975598392,29.399346761405468,68.98888136260211,0.6775836172473165,178.0,0.8162006687045296,0.928387078660012,0.1408258620649576,1.0,0.0,158.29683126322925,111863.0,0.973141457177572,7.0,min_freq_conf,['None'],"['nap', 'rtp']",0.8,21.0,1.0,PROB_LEN_DIST,1.0,,1.0,330287721545115267207492079340830799343_eps2_s0,,1e-10,3.3028772154511527e+38,42.0,5.0,BPI2012_Full,1.2
300.1566432211548,0.8664989775477678,0.6121394684063513,5.433010974682169e-05,0.4345022332905743,60.03132864423096,14453838.052212637,4.1521161161363125,0.5247317424737223,0.3002705006091996,0.5040115831670734,26.381071858108044,71.81847068481147,0.480495490600891,178.0,0.7727216754373696,0.9144202690432388,0.141159201040864,1.0,0.0,259.9119244199246,113080.0,0.9580714361836374,5.0,min_freq_conf,['None'],"['nap', 'rtp']",0.8,21.0,1.0,PROB_LEN_DIST,1.0,,1.0,330287721545115267207492079340830799343_eps1_s0,,1e-10,3.3028772154511527e+38,42.0,5.0,BPI2012_Full,1.2
300.1566432211548,0.8778300126143778,0.6537519418330507,0.0001474899061595,0.4705004208660488,60.03132864423096,14453479.461106332,4.1521161161363125,0.5079650560879188,0.3000388462897016,0.5515333107621042,36.93570585921407,68.21139450371265,0.481093637654173,178.0,0.7932995098936574,0.9199379736578,0.1308790296316146,1.0,0.0,254.01355643756688,112370.0,0.9611586507158096,5.0,min_freq_conf,['None'],"['nap', 'rtp']",0.8,21.0,1.0,PROB_LEN_DIST,1.0,,1.0,330287721545115267207492079340830799343_eps1_s0,,1e-10,3.3028772154511527e+38,42.0,5.0,BPI2012_Full,1.2
300.1566432211548,0.8855950747922221,0.6643416162923353,0.00021513087128,0.4829641907135233,60.03132864423096,14453119.849884955,4.1521161161363125,0.533301869955765,0.3196145179484017,0.5626353444979564,36.310936242342,71.10560242272913,0.5091609896020078,173.0,0.8044246729652093,0.9244857854473648,0.132543858140707,1.0,0.0,285.0808877963573,111991.0,0.963417287560726,5.0,min_freq_conf,['None'],"['nap', 'rtp']",0.8,21.0,1.0,PROB_LEN_DIST,1.0,,1.0,330287721545115267207492079340830799343_eps1_s0,,1e-10,3.3028772154511527e+38,42.0,5.0,BPI2012_Full,1.2
300.1566432211548,0.8759557584805128,0.6431407706936356,0.0,0.4612071338237578,60.03132864423096,14452726.900781274,4.1521161161363125,0.5195366428870999,0.3204213526394543,0.5375825831606305,32.92434795573354,70.64660247974098,0.4789374977458794,178.0,0.7903810276948638,0.9183698583288874,0.1352431327104568,1.0,0.0,266.9386425167322,113255.0,0.9598977209288572,5.0,min_freq_conf,['None'],"['nap', 'rtp']",0.8,21.0,1.0,PROB_LEN_DIST,1.0,,1.0,330287721545115267207492079340830799343_eps1_s0,,1e-10,3.3028772154511527e+38,42.0,5.0,BPI2012_Full,1.2
300.1566432211548,0.8728832842281732,0.6402772408655031,9.15851558779353e-05,0.4590289927333543,60.03132864423096,14452355.94116388,4.1521161161363125,0.5189608105832951,0.3282549510540289,0.534190760296667,30.562094774097204,67.30391838401556,0.4868300545847529,178.0,0.786170425899745,0.9164064954996768,0.1423874199390411,1.0,0.0,262.124382937327,111863.0,0.959125861785988,5.0,min_freq_conf,['None'],"['nap', 'rtp']",0.8,21.0,1.0,PROB_LEN_DIST,1.0,,1.0,330287721545115267207492079340830799343_eps1_s0,,1e-10,3.3028772154511527e+38,42.0,5.0,BPI2012_Full,1.2
989.7178409975022,0.964399151991495,0.9284242351372052,5.55926173004225e-05,0.8558287294152646,197.94356819950045,14455595.739829252,2.362495042383671,0.5870887088983407,0.1839741060062508,0.8931234624044322,63.90840678103268,88.24045806378126,0.7636479875472537,91.0,0.9577800631540409,0.970574238730902,0.2327864803373813,1.0,0.0,12666.38271761313,232457.0,0.982106402066482,3.0,min_freq_conf,['None'],"['nap', 'rtp']",0.8,21.0,1.0,PROB_LEN_DIST,1.0,,1.0,224760358370337034075117362179122216196_eps0_s0,,1e-07,2.2476035837033703e+38,42.0,5.0,BPI2012_C,1.2
49.12668342329562,0.9366983347130012,0.8554781856071313,0.0847499655599944,0.781143193867852,9.825336684659124,14440050.889409265,11.692270532250404,0.4991720344210892,0.0972486065521807,0.8150307141156823,138.3048526123166,1.2162634246051311,0.7550626808100289,159.0,0.9081385526943342,0.9548831858295136,0.1362108029425144,1.0,0.0,32.944455018267035,168.0,0.9762592571021564,21.0,min_freq_conf,['None'],"['nap', 'rtp']",0.8,21.0,1.0,PROB_LEN_DIST,1.0,,1.0,328331198732312197963297998078190626690_eps5_s0,,0.01,3.283311987323122e+38,42.0,5.0,BPI2012_W,1.2
49.12668342329562,0.961444630843555,0.9151906758368556,0.0620370105540142,0.8540814524290884,9.825336684659124,14439877.917346217,11.692270532250404,0.4858127546939952,0.0659120812548354,0.8845748098202695,158.30223211087286,1.052113950252533,0.7730743929296685,159.0,0.9467432863974956,0.9703967571091544,0.1335180420428514,1.0,0.0,35.16167946532369,131.0,0.9824124636871896,21.0,min_freq_conf,['None'],"['nap', 'rtp']",0.8,21.0,1.0,PROB_LEN_DIST,1.0,,1.0,328331198732312197963297998078190626690_eps5_s0,,0.01,3.283311987323122e+38,42.0,5.0,BPI2012_W,1.2
49.12668342329562,0.9586403386244786,0.9145460674226144,0.0676578872840555,0.8614004469828589,9.825336684659124,14439682.785538564,11.692270532250404,0.4785739029433015,0.0561656304730204,0.8877466042210467,172.25608935579658,1.0537930522114038,0.7653072783913906,159.0,0.9437966771784614,0.9679930739524074,0.1518261730670929,1.0,0.0,38.00269011221826,128.0,0.9812351512053564,21.0,min_freq_conf,['None'],"['nap', 'rtp']",0.8,21.0,1.0,PROB_LEN_DIST,1.0,,1.0,328331198732312197963297998078190626690_eps5_s0,,0.01,3.283311987323122e+38,42.0,5.0,BPI2012_W,1.2
49.12668342329562,0.9489942856909296,0.8855858324710151,0.066106501974713,0.8191003098129238,9.825336684659124,14439470.918599283,11.692270532250404,0.5062065498358207,0.0991761325843017,0.850498070099096,157.5395181570202,1.2867271769791842,0.7741405359556816,159.0,0.9273987114618402,0.9624440450731412,0.1619810927659273,1.0,0.0,34.73760408349335,170.0,0.9792946551227232,21.0,min_freq_conf,['None'],"['nap', 'rtp']",0.8,21.0,1.0,PROB_LEN_DIST,1.0,,1.0,328331198732312197963297998078190626690_eps5_s0,,0.01,3.283311987323122e+38,42.0,5.0,BPI2012_W,1.2
49.12668342329562,0.96017435341685,0.9177670565775292,0.0647025655483507,0.8656582237143224,9.825336684659124,14439276.78040713,11.692270532250404,0.4803454911850908,0.0596788158305691,0.8915582499282381,171.53066803328693,1.0821714457124472,0.7694389625035241,157.0,0.9457222901515174,0.9692449407177296,0.1377295665442943,1.0,0.0,40.74396085366607,129.0,0.9819059507768432,21.0,min_freq_conf,['None'],"['nap', 'rtp']",0.8,21.0,1.0,PROB_LEN_DIST,1.0,,1.0,328331198732312197963297998078190626690_eps5_s0,,0.01,3.283311987323122e+38,42.0,5.0,BPI2012_W,1.2
49.12668342329562,0.936696473415424,0.8554632534841099,0.0847499655599944,0.7811013891340158,9.825336684659124,14439061.39827773,11.692270532250404,0.4991720344210892,0.0972710718980787,0.815003040601745,130.65617374889553,1.1962935216724873,0.7550626808100289,159.0,0.9081339394195108,0.9548824200067202,0.1368210762739181,1.0,0.0,32.802648194134235,168.0,0.9762592408300796,17.0,min_freq_conf,['None'],"['nap', 'rtp']",0.8,21.0,1.0,PROB_LEN_DIST,1.0,,1.0,328331198732312197963297998078190626690_eps4_s0,,0.01,3.283311987323122e+38,42.0,5.0,BPI2012_W,1.2
49.12668342329562,0.9614351990167784,0.9151393590885604,0.0620370105540142,0.8539527825889972,9.825336684659124,14438894.090601897,11.692270532250404,0.4858127546939952,0.0659756128450928,0.8844865064768538,144.038847213611,1.0670384354889393,0.7730743929296685,159.0,0.946723252226194,0.9703914582911226,0.1710466761142015,1.0,0.0,33.16784073039889,131.0,0.982410336356484,17.0,min_freq_conf,['None'],"['nap', 'rtp']",0.8,21.0,1.0,PROB_LEN_DIST,1.0,,1.0,328331198732312197963297998078190626690_eps4_s0,,0.01,3.283311987323122e+38,42.0,5.0,BPI2012_W,1.2
49.12668342329562,0.9586183598652188,0.914432804183125,0.0676578872840555,0.8611220815437127,9.825336684659124,14438712.676548276,11.692270532250404,0.4785739029433015,0.0562818469747689,0.887553082218243,156.6199083328247,1.3011136930435896,0.7653072783913906,159.0,0.9437519032968944,0.96798009420546,0.136326415464282,1.0,0.0,38.73484807647765,128.0,0.9812300451370182,17.0,min_freq_conf,['None'],"['nap', 'rtp']",0.8,21.0,1.0,PROB_LEN_DIST,1.0,,1.0,328331198732312197963297998078190626690_eps4_s0,,0.01,3.283311987323122e+38,42.0,5.0,BPI2012_W,1.2
49.12668342329562,0.948999086583036,0.8856105635601834,0.066106501974713,0.819152422365175,9.825336684659124,14438514.650657538,11.692270532250404,0.5062065498358207,0.0991717613366467,0.8505366633482019,154.46622907929122,1.322948146611452,0.7741405359556816,159.0,0.9274089148694236,0.962446669500106,0.1577091254293918,1.0,0.0,37.20939638279378,170.0,0.9792953924420886,17.0,min_freq_conf,['None'],"['nap', 'rtp']",0.8,21.0,1.0,PROB_LEN_DIST,1.0,,1.0,328331198732312197963297998078190626690_eps4_s0,,0.01,3.283311987323122e+38,42.0,5.0,BPI2012_W,1.2
49.12668342329562,0.96016326261217,0.9177162730511572,0.0647025655483507,0.8655450160585948,9.825336684659124,14438320.297647364,11.692270532250404,0.4803454911850908,0.0597122858194785,0.8914768925643579,168.03641090355814,1.189463309943676,0.7694389625035241,157.0,0.9456988352983804,0.969239691135964,0.14020930044353,1.0,0.0,40.165617134422064,129.0,0.9819031011051516,17.0,min_freq_conf,['None'],"['nap', 'rtp']",0.8,21.0,1.0,PROB_LEN_DIST,1.0,,1.0,328331198732312197963297998078190626690_eps4_s0,,0.01,3.283311987323122e+38,42.0,5.0,BPI2012_W,1.2
49.12668342329562,0.942834651957181,0.8738605854207563,0.0847499655599944,0.8064691301711963,9.825336684659124,14438108.305397652,11.692270532250404,0.4809494906214419,0.0825709919540287,0.8379882216305422,150.0730089712888,1.216834980994463,0.7543738806998209,159.0,0.9184057642973708,0.958478989725752,1.9411044996231797,1.0,0.0,42.77348721213639,168.0,0.9780590040286962,11.0,min_freq_conf,['None'],"['nap', 'rtp']",0.8,21.0,1.0,PROB_LEN_DIST,1.0,,1.0,328331198732312197963297998078190626690_eps3_s0,,0.01,3.283311987323122e+38,42.0,5.0,BPI2012_W,1.2
49.12668342329562,0.9613928069535332,0.9149040322984988,0.0620370105540142,0.853347883281361,9.825336684659124,14437911.915319445,11.692270532250404,0.4858127546939952,0.0663015843777863,0.8840746303411401,121.16733922995628,1.2296396344900131,0.7730743929296685,159.0,0.9466344619250532,0.9703674614290624,0.1322247367352247,1.0,0.0,43.592259127646685,131.0,0.9824013111560328,11.0,min_freq_conf,['None'],"['nap', 'rtp']",0.8,21.0,1.0,PROB_LEN_DIST,1.0,,1.0,328331198732312197963297998078190626690_eps3_s0,,0.01,3.283311987323122e+38,42.0,5.0,BPI2012_W,1.2
49.12668342329562,0.9585930583063336,0.914284929674152,0.0676578872840555,0.8607408028004521,9.825336684659124,14437745.296819184,11.692270532250404,0.4785739029433015,0.0565239170077679,0.8872938845635779,157.75631718710065,1.0994494296610355,0.7653072783913906,159.0,0.9436972249039836,0.9679659755700496,0.14039739780128,1.0,0.0,51.65178148075938,128.0,0.981224678253622,11.0,min_freq_conf,['None'],"['nap', 'rtp']",0.8,21.0,1.0,PROB_LEN_DIST,1.0,,1.0,328331198732312197963297998078190626690_eps3_s0,,0.01,3.283311987323122e+38,42.0,5.0,BPI2012_W,1.2
49.12668342329562,0.9548702634219786,0.9031544213897448,0.066106501974713,0.8431760745142014,9.825336684659124,14437534.265938234,11.692270532250404,0.4893573140703506,0.0852371403110263,0.872400635568675,164.17674862407148,1.2481531873345375,0.7750417472897394,159.0,0.9372704210375424,0.9659114709690684,0.1290378887206316,1.0,0.0,45.743051290512085,170.0,0.981029811324204,11.0,min_freq_conf,['None'],"['nap', 'rtp']",0.8,21.0,1.0,PROB_LEN_DIST,1.0,,1.0,328331198732312197963297998078190626690_eps3_s0,,0.01,3.283311987323122e+38,42.0,5.0,BPI2012_W,1.2
49.12668342329562,0.9601501520890556,0.9176186380173856,0.0647025655483507,0.8652695475297666,9.825336684659124,14437322.588451903,11.692270532250404,0.4803454911850908,0.0599468180708131,0.8912959598937502,148.7236141562462,1.0226037446409464,0.7694389625035241,157.0,0.9456683453258016,0.9692322366474811,0.1260172873735427,1.0,0.0,49.863708132877946,129.0,0.9819012797728336,11.0,min_freq_conf,['None'],"['nap', 'rtp']",0.8,21.0,1.0,PROB_LEN_DIST,1.0,,1.0,328331198732312197963297998078190626690_eps3_s0,,0.01,3.283311987323122e+38,42.0,5.0,BPI2012_W,1.2
49.12668342329562,0.942807754913713,0.8737047221574009,0.0847499655599944,0.8060630349780604,9.825336684659124,14437122.48935722,11.692270532250404,0.4809494906214419,0.0828256675160243,0.8377134430268947,119.53361417539418,1.0811326373368502,0.7543738806998209,159.0,0.9183473697964016,0.9584643350183988,0.1168603785336017,1.0,0.0,58.74589271470904,168.0,0.978053525470892,7.0,min_freq_conf,['None'],"['nap', 'rtp']",0.8,21.0,1.0,PROB_LEN_DIST,1.0,,1.0,328331198732312197963297998078190626690_eps2_s0,,0.01,3.283311987323122e+38,42.0,5.0,BPI2012_W,1.2
49.12668342329562,0.9613309158649352,0.9145453308343424,0.0620370105540142,0.8524222578366588,9.825336684659124,14436942.68260784,11.692270532250404,0.4858127546939952,0.0668478241440532,0.8834451086617933,110.50901730917394,0.971819743514061,0.7730743929296685,159.0,0.946501769637073,0.9703323041801584,0.1164175197482109,1.0,0.0,59.865078734233975,131.0,0.98238842165724,7.0,min_freq_conf,['None'],"['nap', 'rtp']",0.8,21.0,1.0,PROB_LEN_DIST,1.0,,1.0,328331198732312197963297998078190626690_eps2_s0,,0.01,3.283311987323122e+38,42.0,5.0,BPI2012_W,1.2
49.12668342329562,0.9585849347002466,0.9142266602294692,0.0676578872840555,0.8605685808794346,9.825336684659124,14436770.88830654,11.692270532250404,0.4785739029433015,0.0566973196365936,0.8871833013624094,127.34081629104912,0.95612127520144,0.7653072783913906,159.0,0.9436781102115532,0.9679618279174116,0.1148984190076589,1.0,0.0,67.87540956772864,128.0,0.9812233368982296,7.0,min_freq_conf,['None'],"['nap', 'rtp']",0.8,21.0,1.0,PROB_LEN_DIST,1.0,,1.0,328331198732312197963297998078190626690_eps2_s0,,0.01,3.283311987323122e+38,42.0,5.0,BPI2012_W,1.2
49.12668342329562,0.9548514130285468,0.9030369876582748,0.066106501974713,0.8428573093170555,9.825336684659124,14436574.259352136,11.692270532250404,0.4893573140703506,0.0855049499895211,0.8721885533940636,131.77810698375106,1.159952411428094,0.7750417472897394,159.0,0.9372285688694462,0.9659012727460802,0.1174532361328601,1.0,0.0,63.28376066312194,170.0,0.981026121431934,7.0,min_freq_conf,['None'],"['nap', 'rtp']",0.8,21.0,1.0,PROB_LEN_DIST,1.0,,1.0,328331198732312197963297998078190626690_eps2_s0,,0.01,3.283311987323122e+38,42.0,5.0,BPI2012_W,1.2
49.12668342329562,0.9601328903271404,0.9175132553739268,0.0647025655483507,0.8649863459336654,9.825336684659124,14436377.587142017,11.692270532250404,0.4803454911850908,0.0601821007733996,0.8911067893616005,134.6850206758827,0.9619500711560248,0.7694389625035241,157.0,0.9456308192759608,0.9692226373140096,0.115529028698802,1.0,0.0,69.2022648844868,129.0,0.9818977740332802,7.0,min_freq_conf,['None'],"['nap', 'rtp']",0.8,21.0,1.0,PROB_LEN_DIST,1.0,,1.0,328331198732312197963297998078190626690_eps2_s0,,0.01,3.283311987323122e+38,42.0,5.0,BPI2012_W,1.2
49.12668342329562,0.9427995071594562,0.8736556258672221,0.0847499655599944,0.8059305900118299,9.825336684659124,14436172.287767855,11.692270532250404,0.4809494906214419,0.0829164142196364,0.8376251701656712,113.58697463944554,1.0766972228884697,0.7543738806998209,159.0,0.9183296199841304,0.9584597989465056,0.1197188403457403,1.0,0.0,84.6957472320646,168.0,0.9780517889585296,5.0,min_freq_conf,['None'],"['nap', 'rtp']",0.8,21.0,1.0,PROB_LEN_DIST,1.0,,1.0,328331198732312197963297998078190626690_eps1_s0,,0.01,3.283311987323122e+38,42.0,5.0,BPI2012_W,1.2
49.12668342329562,0.9613239504136064,0.9144939730853844,0.0620370105540142,0.8522716224300537,9.825336684659124,14435972.483154869,11.692270532250404,0.4858127546939952,0.0669992400978974,0.8833476557618456,110.44314751774073,0.9696026910096408,0.7730743929296685,159.0,0.9464853858724376,0.970328785835144,0.1153279319405555,1.0,0.0,83.86921267025173,131.0,0.9823873727056937,5.0,min_freq_conf,['None'],"['nap', 'rtp']",0.8,21.0,1.0,PROB_LEN_DIST,1.0,,1.0,328331198732312197963297998078190626690_eps1_s0,,0.01,3.283311987323122e+38,42.0,5.0,BPI2012_W,1.2
49.12668342329562,0.9585660621947708,0.9141133878891704,0.0676578872840555,0.8602701522855931,9.825336684659124,14435776.745776992,11.692270532250404,0.4785739029433015,0.0568810603437279,0.8869817213527054,127.78338069468737,0.9478348661214112,0.7653072783913906,159.0,0.943637418719982,0.9679512555323102,0.1204597577452659,1.0,0.0,96.42387397773564,128.0,0.9812196766022884,5.0,min_freq_conf,['None'],"['nap', 'rtp']",0.8,21.0,1.0,PROB_LEN_DIST,1.0,,1.0,328331198732312197963297998078190626690_eps1_s0,,0.01,3.283311987323122e+38,42.0,5.0,BPI2012_W,1.2
49.12668342329562,0.9548342820291986,0.9029292982648628,0.066106501974713,0.8425687418599713,9.825336684659124,14435551.127403088,11.692270532250404,0.4893573140703506,0.0857007601764976,0.871995289415513,132.07448402792215,1.1611756328493357,0.7750417472897394,159.0,0.9371901539270486,0.965892346987786,0.123443204909563,1.0,0.0,88.868073515594,170.0,0.9810230350414448,5.0,min_freq_conf,['None'],"['nap', 'rtp']",0.8,21.0,1.0,PROB_LEN_DIST,1.0,,1.0,328331198732312197963297998078190626690_eps1_s0,,0.01,3.283311987323122e+38,42.0,5.0,BPI2012_W,1.2
49.12668342329562,0.9601141130461824,0.91740750616836,0.0647025655483507,0.864717080052351,9.825336684659124,14435328.564378288,11.692270532250404,0.4803454911850908,0.0603474322962123,0.8909229509470141,134.5987766198814,0.9489267207682132,0.7694389625035241,157.0,0.9455908183821294,0.9692121244554296,0.1185456998646259,1.0,0.0,98.66492917016149,129.0,0.9818938210181652,5.0,min_freq_conf,['None'],"['nap', 'rtp']",0.8,21.0,1.0,PROB_LEN_DIST,1.0,,1.0,328331198732312197963297998078190626690_eps1_s0,,0.01,3.283311987323122e+38,42.0,5.0,BPI2012_W,1.2
49.12668342329562,0.9427903123125934,0.87359570629099,0.0847499655599944,0.8057652783307236,9.825336684659124,14435093.88998494,11.692270532250404,0.4809494906214419,0.0830401978490726,0.8375157118306462,113.29541907645762,1.0015091765671968,0.7543738806998209,159.0,0.9183088287019662,0.958454932175012,0.1214342173188924,1.0,0.0,148.7986632641405,168.0,0.9780501339156124,3.0,min_freq_conf,['None'],"['nap', 'rtp']",0.8,21.0,1.0,PROB_LEN_DIST,1.0,,1.0,328331198732312197963297998078190626690_eps0_s0,,0.01,3.283311987323122e+38,42.0,5.0,BPI2012_W,1.2
49.12668342329562,0.956647966767296,0.9024109907429172,0.0620370105540142,0.8370151149648386,9.825336684659124,14434830.32559923,11.692270532250404,0.4950460221618691,0.0946046184044338,0.8689659606814171,105.27708345651628,0.908304875716567,0.776077567714441,159.0,0.9388534419337294,0.9673277433740078,0.1165002081543207,1.0,0.0,138.71839146874845,131.0,0.9815215386290272,3.0,min_freq_conf,['None'],"['nap', 'rtp']",0.8,21.0,1.0,PROB_LEN_DIST,1.0,,1.0,328331198732312197963297998078190626690_eps0_s0,,0.01,3.283311987323122e+38,42.0,5.0,BPI2012_W,1.2
49.12668342329562,0.9533999435850796,0.9006124093712377,0.0676578872840555,0.8432710269020416,9.825336684659124,14434584.9690991,11.692270532250404,0.4859031987116659,0.0838771254095343,0.8711441472451695,123.32301447354256,0.8603982962667942,0.7684225431888984,159.0,0.9351982450965358,0.9647642374734678,0.1166003234684467,1.0,0.0,158.7619915790856,128.0,0.9803473281011084,3.0,min_freq_conf,['None'],"['nap', 'rtp']",0.8,21.0,1.0,PROB_LEN_DIST,1.0,,1.0,328331198732312197963297998078190626690_eps0_s0,,0.01,3.283311987323122e+38,42.0,5.0,BPI2012_W,1.2
49.12668342329562,0.9548216099739638,0.9028556180531376,0.066106501974713,0.8423749712589236,9.825336684659124,14434301.552499983,11.692270532250404,0.4893573140703506,0.0858453797371065,0.8718647932778144,131.3497610092163,0.9870355427265168,0.7750417472897394,159.0,0.9371628020395902,0.965885433927166,0.1194051932543516,1.0,0.0,160.60041034407914,170.0,0.981020407534687,3.0,min_freq_conf,['None'],"['nap', 'rtp']",0.8,21.0,1.0,PROB_LEN_DIST,1.0,,1.0,328331198732312197963297998078190626690_eps0_s0,,0.01,3.283311987323122e+38,42.0,5.0,BPI2012_W,1.2
49.12668342329562,0.955490790042502,0.904887965091631,0.0647025655483507,0.8488542539459717,9.825336684659124,14434008.162831744,11.692270532250404,0.4906370715853668,0.088215867648497,0.8760522382260829,128.87363590858877,0.8226364515721798,0.7745136735269241,157.0,0.937863024511107,0.9663762159192648,0.118959879502654,1.0,0.0,160.68189766071737,129.0,0.9811230474589672,3.0,min_freq_conf,['None'],"['nap', 'rtp']",0.8,21.0,1.0,PROB_LEN_DIST,1.0,,1.0,328331198732312197963297998078190626690_eps0_s0,,0.01,3.283311987323122e+38,42.0,5.0,BPI2012_W,1.2
48.53717650286853,0.9137777094463324,0.7093690837632328,0.0079625292740046,0.571681494961291,9.707435300573708,14433462.23786553,2.1857421472668648,0.5325319434859505,0.3269642282081539,0.626447357662817,43.27283867076039,5.613225651904941,0.7613996418239427,159.0,0.8505395658390301,0.9447162861463292,0.119916470721364,1.0,0.0,33.04375735484064,1799.0,0.97674804122817,21.0,min_freq_conf,['None'],"['nap', 'rtp']",0.8,21.0,1.0,PROB_LEN_DIST,1.0,,1.0,213817931676468791773972473451636034641_eps5_s0,,0.001,2.138179316764688e+38,42.0,5.0,BPI2012_W,1.2
48.53717650286853,0.92241068589389,0.7263129535594121,0.0045190630094671,0.5891549199200271,9.707435300573708,14433379.85368226,2.1857421472668648,0.5500134323511385,0.3437753435640497,0.6418103106062768,42.78164548240602,5.485497061163187,0.8027629208019906,159.0,0.8614249277714027,0.9516753169395524,0.1108625419437885,1.0,0.0,30.08587098121643,1825.0,0.9810891439256544,21.0,min_freq_conf,['None'],"['nap', 'rtp']",0.8,21.0,1.0,PROB_LEN_DIST,1.0,,1.0,213817931676468791773972473451636034641_eps5_s0,,0.001,2.138179316764688e+38,42.0,5.0,BPI2012_W,1.2
48.53717650286853,0.9133418308333244,0.7091732765587255,0.005720758991787,0.573264833977783,9.707435300573708,14433301.069959031,2.1857421472668648,0.5304884691855013,0.325533915130663,0.6270712556631082,43.96070600301027,5.6041068360209465,0.7607759841404701,159.0,0.8494543391221845,0.9448246921058884,0.1252270024269819,1.0,0.0,33.04791749455035,1790.0,0.9770602939040997,21.0,min_freq_conf,['None'],"['nap', 'rtp']",0.8,21.0,1.0,PROB_LEN_DIST,1.0,,1.0,213817931676468791773972473451636034641_eps5_s0,,0.001,2.138179316764688e+38,42.0,5.0,BPI2012_W,1.2
48.53717650286853,0.9388182475825948,0.7859025495661727,0.0073952341824157,0.668178824559747,9.707435300573708,14433218.01462156,2.1857421472668648,0.5513655224157457,0.2630362156476823,0.7163467300899538,74.98154867440462,5.735023273155093,0.808731147454078,159.0,0.8907978175222447,0.9623024788406784,0.1140067800879478,1.0,0.0,62.96546985022724,1788.0,0.9858171240088878,21.0,min_freq_conf,['None'],"['nap', 'rtp']",0.8,21.0,1.0,PROB_LEN_DIST,1.0,,1.0,213817931676468791773972473451636034641_eps5_s0,,0.001,2.138179316764688e+38,42.0,5.0,BPI2012_W,1.2
48.53717650286853,0.9312904036348674,0.773093696282485,0.0043698900479278,0.6651499275121749,9.707435300573708,14433073.884354156,2.1857421472668648,0.5381344315624995,0.2671328701968563,0.7099052099290611,73.65459156408906,5.341148864477873,0.7841556244713843,157.0,0.881518038969589,0.9560436681181612,0.117309957742691,1.0,0.0,65.98901431635022,1763.0,0.9822653303096076,21.0,min_freq_conf,['None'],"['nap', 'rtp']",0.8,21.0,1.0,PROB_LEN_DIST,1.0,,1.0,213817931676468791773972473451636034641_eps5_s0,,0.001,2.138179316764688e+38,42.0,5.0,BPI2012_W,1.2
48.53717650286853,0.9105144615156616,0.6937064629209082,0.0079625292740046,0.5255938122126994,9.707435300573708,14432928.47253304,2.1857421472668648,0.5403330192886677,0.3650162607241893,0.5898892305445087,30.888231422752146,5.237609315663576,0.7826697892271662,159.0,0.841362762382137,0.9440610109100652,0.1154551897197961,1.0,0.0,22.242971178144217,1799.0,0.9797632285952652,17.0,min_freq_conf,['None'],"['nap', 'rtp']",0.8,21.0,1.0,PROB_LEN_DIST,1.0,,1.0,213817931676468791773972473451636034641_eps4_s0,,0.001,2.138179316764688e+38,42.0,5.0,BPI2012_W,1.2
48.53717650286853,0.9130927275737042,0.6989287117433041,0.0045190630094671,0.5359865124963213,9.707435300573708,14432869.672461454,2.1857421472668648,0.5496702729000866,0.378043012043374,0.5973007887010676,30.121826369315382,5.211852887645364,0.7953836913308354,159.0,0.8450296208187051,0.9459308979713688,0.1216877195984125,1.0,0.0,20.4730190243572,1825.0,0.980845624705954,17.0,min_freq_conf,['None'],"['nap', 'rtp']",0.8,21.0,1.0,PROB_LEN_DIST,1.0,,1.0,213817931676468791773972473451636034641_eps4_s0,,0.001,2.138179316764688e+38,42.0,5.0,BPI2012_W,1.2
48.53717650286853,0.898696916981735,0.6711891162699892,0.005720758991787,0.5189150794759035,9.707435300573708,14432813.371900264,2.1857421472668648,0.5280737091673772,0.3645740643062827,0.5755150606401818,27.61608752794564,5.176376378163695,0.7470971396205041,159.0,0.8236095532460931,0.935431734608874,0.1174029819667339,1.0,0.0,19.59517006017268,1790.0,0.9743286411426364,17.0,min_freq_conf,['None'],"['nap', 'rtp']",0.8,21.0,1.0,PROB_LEN_DIST,1.0,,1.0,213817931676468791773972473451636034641_eps4_s0,,0.001,2.138179316764688e+38,42.0,5.0,BPI2012_W,1.2
48.53717650286853,0.9115900848501663,0.7017381525458078,0.0073952341824157,0.5412392543042148,9.707435300573708,14432760.539929563,2.1857421472668648,0.5452817884484537,0.3575300479170197,0.6031515670533905,36.05010886862874,5.441806273534894,0.783788798473242,159.0,0.8432698944168273,0.9451259654853764,0.1175446398556232,1.0,0.0,23.706548200920224,1788.0,0.9804054936200344,17.0,min_freq_conf,['None'],"['nap', 'rtp']",0.8,21.0,1.0,PROB_LEN_DIST,1.0,,1.0,213817931676468791773972473451636034641_eps4_s0,,0.001,2.138179316764688e+38,42.0,5.0,BPI2012_W,1.2
48.53717650286853,0.900812000129222,0.6806079239046257,0.0043698900479278,0.5313639771403742,9.707435300573708,14432694.91082642,2.1857421472668648,0.5329504746428351,0.3688389672517843,0.5872716863446493,31.61188674531877,5.177906209602952,0.7541020580772484,157.0,0.8281763071273951,0.936825058335446,0.1137972269207239,1.0,0.0,20.605011332780123,1763.0,0.9748283237403502,17.0,min_freq_conf,['None'],"['nap', 'rtp']",0.8,21.0,1.0,PROB_LEN_DIST,1.0,,1.0,213817931676468791773972473451636034641_eps4_s0,,0.001,2.138179316764688e+38,42.0,5.0,BPI2012_W,1.2
48.53717650286853,0.8870795252908439,0.6378628441750076,0.0079625292740046,0.4675285349598143,9.707435300573708,14432637.101131096,2.1857421472668648,0.5496606758956214,0.3763508108641443,0.5305593553283808,17.703716691583395,4.911611180752516,0.7515911282545805,159.0,0.8010105766509036,0.9288659363964208,0.1171688865870237,1.0,0.0,10.627741247415544,1799.0,0.9753978198939224,11.0,min_freq_conf,['None'],"['nap', 'rtp']",0.8,21.0,1.0,PROB_LEN_DIST,1.0,,1.0,213817931676468791773972473451636034641_eps3_s0,,0.001,2.138179316764688e+38,42.0,5.0,BPI2012_W,1.2
48.53717650286853,0.9015908384349234,0.6722052276516383,0.0045190630094671,0.4942163579636857,9.707435300573708,14432603.424798433,2.1857421472668648,0.5441053725188008,0.3633620887626261,0.5652221764190579,22.672024585306644,4.8652538396418095,0.7273117295426594,159.0,0.8275908679459898,0.9375873343394396,0.1170085668563842,1.0,0.0,14.298343932256104,1825.0,0.976123768948107,11.0,min_freq_conf,['None'],"['nap', 'rtp']",0.8,21.0,1.0,PROB_LEN_DIST,1.0,,1.0,213817931676468791773972473451636034641_eps3_s0,,0.001,2.138179316764688e+38,42.0,5.0,BPI2012_W,1.2
48.53717650286853,0.8867771776331265,0.6699177389634396,0.005720758991787,0.5315782918054578,9.707435300573708,14432561.153932637,2.1857421472668648,0.5252159228564205,0.3305518674587157,0.5849177578998079,35.94421162456274,4.90975665487349,0.6888133673180402,159.0,0.8089340210846327,0.926430943733053,0.1176462415605783,1.0,0.0,23.58680957555771,1790.0,0.9703080864738918,11.0,min_freq_conf,['None'],"['nap', 'rtp']",0.8,21.0,1.0,PROB_LEN_DIST,1.0,,1.0,213817931676468791773972473451636034641_eps3_s0,,0.001,2.138179316764688e+38,42.0,5.0,BPI2012_W,1.2
48.53717650286853,0.9010913417871236,0.6881705902425106,0.0073952341824157,0.5403641199514213,9.707435300573708,14432496.276628118,2.1857421472668648,0.5378879490949339,0.3294827399863906,0.5983059597355578,42.71289326995611,5.208867184817791,0.7273570652317969,159.0,0.8281152525747006,0.9374873495716278,0.1249267943203449,1.0,0.0,24.59625532105565,1788.0,0.9780042282946376,11.0,min_freq_conf,['None'],"['nap', 'rtp']",0.8,21.0,1.0,PROB_LEN_DIST,1.0,,1.0,213817931676468791773972473451636034641_eps3_s0,,0.001,2.138179316764688e+38,42.0,5.0,BPI2012_W,1.2
48.53717650286853,0.8882249300721504,0.6707867149458557,0.0043698900479278,0.530001554624105,9.707435300573708,14432423.298820928,2.1857421472668648,0.5237839120312138,0.3332480367468087,0.5843646529603623,39.12650464847684,4.72694749198854,0.6874823794756132,157.0,0.8112751408261215,0.927840153981868,0.1163769233971834,1.0,0.0,22.87937295623124,1763.0,0.9712271837328258,11.0,min_freq_conf,['None'],"['nap', 'rtp']",0.8,21.0,1.0,PROB_LEN_DIST,1.0,,1.0,213817931676468791773972473451636034641_eps3_s0,,0.001,2.138179316764688e+38,42.0,5.0,BPI2012_W,1.2
48.53717650286853,0.8737913398125887,0.6006484490093721,0.0079625292740046,0.415667980709751,9.707435300573708,14432356.139363404,2.1857421472668648,0.5130259928160755,0.3344948223344045,0.4784646031685293,17.637026263400912,4.71575690060854,0.6822702851632456,159.0,0.7897344086153443,0.9188733546963704,0.1217507477849721,1.0,0.0,11.304499549791217,1799.0,0.9700188403174052,7.0,min_freq_conf,['None'],"['nap', 'rtp']",0.8,21.0,1.0,PROB_LEN_DIST,1.0,,1.0,213817931676468791773972473451636034641_eps2_s0,,0.001,2.138179316764688e+38,42.0,5.0,BPI2012_W,1.2
48.53717650286853,0.8740247608024674,0.6021434693387506,0.0045190630094671,0.4188021844736637,9.707435300573708,14432322.04265631,2.1857421472668648,0.4997722391873039,0.3368801767366363,0.4800642854392046,17.639288131147623,4.576452277600765,0.638932585876498,159.0,0.7892802790931736,0.9148406918921136,0.1142668575048446,1.0,0.0,11.37833183631301,1825.0,0.965227423224692,7.0,min_freq_conf,['None'],"['nap', 'rtp']",0.8,21.0,1.0,PROB_LEN_DIST,1.0,,1.0,213817931676468791773972473451636034641_eps2_s0,,0.001,2.138179316764688e+38,42.0,5.0,BPI2012_W,1.2
989.7178409975022,0.9629511638385584,0.9191362271024236,0.0,0.8327374551557843,197.94356819950045,14442776.594481252,2.362495042383671,0.581835239875957,0.1939442776992291,0.8771253343890536,76.48440073803067,86.73423648439348,0.7624716394498754,99.0,0.9543835579282594,0.9697058012593324,0.11875338293612,1.0,0.0,10348.895612196997,232891.0,0.9816254876820684,3.0,min_freq_conf,['None'],"['nap', 'rtp']",0.8,21.0,1.0,PROB_LEN_DIST,1.0,,1.0,224760358370337034075117362179122216196_eps0_s0,,1e-07,2.2476035837033703e+38,42.0,5.0,BPI2012_C,1.2
48.53717650286853,0.8670287091585692,0.5801293207419571,0.005720758991787,0.4362281508717904,9.707435300573708,14432288.031234216,2.1857421472668648,0.5115557620543737,0.3490594659547749,0.4892256560434741,15.183972474187613,4.655477520078421,0.6816482582837723,159.0,0.7773153687855671,0.91534480736469,0.1132183708250522,1.0,0.0,9.94330171495676,1790.0,0.968898180755312,7.0,min_freq_conf,['None'],"['nap', 'rtp']",0.8,21.0,1.0,PROB_LEN_DIST,1.0,,1.0,213817931676468791773972473451636034641_eps2_s0,,0.001,2.138179316764688e+38,42.0,5.0,BPI2012_W,1.2
48.53717650286853,0.8748828638419587,0.6076293195714935,0.0073952341824157,0.424762566308303,9.707435300573708,14432257.824145809,2.1857421472668648,0.5113867410410954,0.3287611728265155,0.4879162601438072,18.85534754022956,4.855598788708448,0.679566358311024,159.0,0.7923044478706498,0.9193180590726427,0.1178610548377037,1.0,0.0,11.63198964111507,1788.0,0.9700222106805292,7.0,min_freq_conf,['None'],"['nap', 'rtp']",0.8,21.0,1.0,PROB_LEN_DIST,1.0,,1.0,213817931676468791773972473451636034641_eps2_s0,,0.001,2.138179316764688e+38,42.0,5.0,BPI2012_W,1.2
48.53717650286853,0.8733705138190484,0.5969697642272721,0.0043698900479278,0.4153060416218132,9.707435300573708,14432222.019508747,2.1857421472668648,0.5082903095266986,0.3268364517130656,0.4769844778707268,17.038586365059018,4.545928727835417,0.6793628418381731,157.0,0.7844321533210624,0.918417179970645,0.1146313920617103,1.0,0.0,10.91504517942667,1763.0,0.9693856381580332,7.0,min_freq_conf,['None'],"['nap', 'rtp']",0.8,21.0,1.0,PROB_LEN_DIST,1.0,,1.0,213817931676468791773972473451636034641_eps2_s0,,0.001,2.138179316764688e+38,42.0,5.0,BPI2012_W,1.2
48.53717650286853,0.9362540676929036,0.8397508663331675,0.0079625292740046,0.7660526763115939,9.707435300573708,14432189.088462068,2.1857421472668648,0.4440621093631979,0.1084020869187074,0.7979275066404599,99.32933527231216,4.65571554005146,0.4819121091059374,159.0,0.9012421023837368,0.9491918972159944,0.1191795598715543,1.0,0.0,118.06360436603428,1799.0,0.9723422152508028,5.0,min_freq_conf,['None'],"['nap', 'rtp']",0.8,21.0,1.0,PROB_LEN_DIST,1.0,,1.0,213817931676468791773972473451636034641_eps1_s0,,0.001,2.138179316764688e+38,42.0,5.0,BPI2012_W,1.2
48.53717650286853,0.9371357715209706,0.8375935337744853,0.0045190630094671,0.7588683334423569,9.707435300573708,14431966.57671969,2.1857421472668648,0.4428267399896035,0.1192246791816586,0.7933441775255548,84.84101580642164,4.403764024376869,0.4825958870806281,159.0,0.9013779277975548,0.9502354372432013,0.1147499792277813,1.0,0.0,100.5327164568007,1825.0,0.9731844088669394,5.0,min_freq_conf,['None'],"['nap', 'rtp']",0.8,21.0,1.0,PROB_LEN_DIST,1.0,,1.0,213817931676468791773972473451636034641_eps1_s0,,0.001,2.138179316764688e+38,42.0,5.0,BPI2012_W,1.2
48.53717650286853,0.9366424444618756,0.8394303671900144,0.005720758991787,0.766370224562025,9.707435300573708,14431776.360032143,2.1857421472668648,0.4389778365993845,0.1097503481233731,0.7976892843542782,97.01822396367788,4.534927804023027,0.4774568111016709,159.0,0.9015033049731812,0.9496850171541236,0.114307127892971,1.0,0.0,117.62905939482152,1790.0,0.9727207325400304,5.0,min_freq_conf,['None'],"['nap', 'rtp']",0.8,21.0,1.0,PROB_LEN_DIST,1.0,,1.0,213817931676468791773972473451636034641_eps1_s0,,0.001,2.138179316764688e+38,42.0,5.0,BPI2012_W,1.2
48.53717650286853,0.8755763911028435,0.6446289919475079,0.0073952341824157,0.5189746808823533,9.707435300573708,14431556.753003998,2.1857421472668648,0.4357690860537736,0.2718510856244686,0.5663083147717052,39.78047095611692,4.689586391672492,0.4724202825562594,159.0,0.7936651021800263,0.9117904251289312,0.1189458575099706,1.0,0.0,38.68928527459502,1788.0,0.9558131179075964,5.0,min_freq_conf,['None'],"['nap', 'rtp']",0.8,21.0,1.0,PROB_LEN_DIST,1.0,,1.0,213817931676468791773972473451636034641_eps1_s0,,0.001,2.138179316764688e+38,42.0,5.0,BPI2012_W,1.2
48.53717650286853,0.8721379828321858,0.6343274508397956,0.0043698900479278,0.5104643152047705,9.707435300573708,14431473.163499575,2.1857421472668648,0.4355457551421461,0.2769471409318417,0.5555316566138107,38.96214150078595,4.476573877036572,0.4770228361996053,157.0,0.7875327298177177,0.9090773106241548,0.1164295431226491,1.0,0.0,37.7789243478328,1763.0,0.9543739118361017,5.0,min_freq_conf,['None'],"['nap', 'rtp']",0.8,21.0,1.0,PROB_LEN_DIST,1.0,,1.0,213817931676468791773972473451636034641_eps1_s0,,0.001,2.138179316764688e+38,42.0,5.0,BPI2012_W,1.2
300.1566432211548,0.9832372162154412,0.9651222282671684,5.433010974682169e-05,0.9265197618154132,60.03132864423096,14451995.455567172,4.1521161161363125,0.6586718385555564,0.1419880324953504,0.9468707820013316,263.67707753553987,70.54854590073228,0.8321561809554855,178.0,0.9798324901805052,0.9865018954207662,0.1371193192899227,1.0,0.0,20645.75280107185,113080.0,0.9931255749163004,3.0,min_freq_conf,['None'],"['nap', 'rtp']",0.8,21.0,1.0,PROB_LEN_DIST,1.0,,1.0,330287721545115267207492079340830799343_eps0_s0,,1e-10,3.3028772154511527e+38,42.0,5.0,BPI2012_Full,1.2
48.53717650286853,0.9831311611670266,0.9425348461649468,0.0079625292740046,0.8865820437178775,9.707435300573708,14431391.478821008,2.1857421472668648,0.5327709336315078,0.0906273847423596,0.9145422564047844,126.0290128942579,4.417460162192583,0.8229232676677228,159.0,0.9711609024442366,0.9887303534490144,0.1214745622128248,1.0,0.0,1073.6929077655077,1799.0,0.9952627732862463,3.0,min_freq_conf,['None'],"['nap', 'rtp']",0.8,21.0,1.0,PROB_LEN_DIST,1.0,,1.0,213817931676468791773972473451636034641_eps0_s0,,0.001,2.138179316764688e+38,42.0,5.0,BPI2012_W,1.2
48.53717650286853,0.9850410140696766,0.944224781839468,0.0045190630094671,0.8824643484651045,9.707435300573708,14430186.907539744,2.1857421472668648,0.5393982706478899,0.1052782911940375,0.9136669739563698,109.69634593091904,4.458407176658511,0.8299345021880273,159.0,0.9735018715850104,0.99026211068028,0.1214979756623506,1.0,0.0,939.1716520041228,1825.0,0.9961455562593644,3.0,min_freq_conf,['None'],"['nap', 'rtp']",0.8,21.0,1.0,PROB_LEN_DIST,1.0,,1.0,213817931676468791773972473451636034641_eps0_s0,,0.001,2.138179316764688e+38,42.0,5.0,BPI2012_W,1.2
48.53717650286853,0.983557277217928,0.9453112805751708,0.005720758991787,0.8924890298895286,9.707435300573708,14429133.120444492,2.1857421472668648,0.5352923731137581,0.0950749664747683,0.9190923379906276,127.7870096769184,4.326995421200991,0.8263947890116115,159.0,0.9722110300711274,0.9890694768766012,0.1132772453129291,1.0,0.0,1104.1984500996768,1790.0,0.9955713638431716,3.0,min_freq_conf,['None'],"['nap', 'rtp']",0.8,21.0,1.0,PROB_LEN_DIST,1.0,,1.0,213817931676468791773972473451636034641_eps0_s0,,0.001,2.138179316764688e+38,42.0,5.0,BPI2012_W,1.2
48.53717650286853,0.9842112941971524,0.9454132265018194,0.0073952341824157,0.8888443306749456,9.707435300573708,14427896.359200956,2.1857421472668648,0.5348127012094953,0.0961634082113783,0.9173574683317526,136.37931549549103,4.564251519739628,0.8295120205688233,159.0,0.9729212866165587,0.9895770071448144,0.1153549570590257,1.0,0.0,1079.821933971718,1788.0,0.9957372684535992,3.0,min_freq_conf,['None'],"['nap', 'rtp']",0.8,21.0,1.0,PROB_LEN_DIST,1.0,,1.0,213817931676468791773972473451636034641_eps0_s0,,0.001,2.138179316764688e+38,42.0,5.0,BPI2012_W,1.2
48.53717650286853,0.984811045231012,0.9482737440162006,0.0043698900479278,0.8966039084771473,9.707435300573708,14426675.145104809,2.1857421472668648,0.5375695503608142,0.0988850899141809,0.9225381276990104,133.9871562346816,4.202045699581504,0.8303636876233437,157.0,0.974022409291786,0.989966756571784,0.1152450367808342,1.0,0.0,1108.1977924536914,1763.0,0.9959506015777876,3.0,min_freq_conf,['None'],"['nap', 'rtp']",0.8,21.0,1.0,PROB_LEN_DIST,1.0,,1.0,213817931676468791773972473451636034641_eps0_s0,,0.001,2.138179316764688e+38,42.0,5.0,BPI2012_W,1.2
51.61168421432376,0.9027367227269296,0.6961189239704275,0.0010469761675161,0.5378712073077488,10.322336842864752,14425178.404878264,2.18576025031507,0.5995080308472034,0.3658754770788399,0.6004216105755007,25.16443012095988,14.446822116151452,0.7244524039123846,159.0,0.8366231295929423,0.9368932894230548,0.1170901544392108,1.0,0.0,39.32055856846273,9143.0,0.976497786949619,21.0,min_freq_conf,['None'],"['nap', 'rtp']",0.8,21.0,1.0,PROB_LEN_DIST,1.0,,1.0,85523003603945323159451978366047131974_eps5_s0,,0.0001,8.552300360394532e+37,42.0,5.0,BPI2012_W,1.2
51.61168421432376,0.9046846315462156,0.7045593051790532,0.0005434316277207,0.567901912899579,10.322336842864752,14425099.050432635,2.18576025031507,0.5960697901524595,0.3460513060495601,0.6193856461443212,32.76951956003904,14.475216204300525,0.720447330034608,159.0,0.838409213937241,0.9383341538185608,0.1132178660482168,1.0,0.0,64.25781797990203,9208.0,0.9771600621300344,21.0,min_freq_conf,['None'],"['nap', 'rtp']",0.8,21.0,1.0,PROB_LEN_DIST,1.0,,1.0,85523003603945323159451978366047131974_eps5_s0,,0.0001,8.552300360394532e+37,42.0,5.0,BPI2012_W,1.2
51.61168421432376,0.9046925843837176,0.7128253109055616,0.0010761823845935,0.5795281781173455,10.322336842864752,14424987.106976584,2.18576025031507,0.6007798440337967,0.3302264816266595,0.6302585401263417,41.41725017875433,14.622579684481025,0.7235344095157179,159.0,0.8420805651129719,0.936900926496774,0.1172628849744796,1.0,0.0,84.31588643230498,9244.0,0.9761469578741157,21.0,min_freq_conf,['None'],"['nap', 'rtp']",0.8,21.0,1.0,PROB_LEN_DIST,1.0,,1.0,85523003603945323159451978366047131974_eps5_s0,,0.0001,8.552300360394532e+37,42.0,5.0,BPI2012_W,1.2
51.61168421432376,0.9002099039641271,0.686210378916807,0.000636149176982,0.5216618785877959,10.322336842864752,14424846.32940189,2.18576025031507,0.5972180756659704,0.3610200360938133,0.5868087618797447,26.232049575075507,15.453152244910598,0.7169931348901317,159.0,0.8306880093307871,0.9354994375879628,0.115806508809328,1.0,0.0,37.825748750939965,9486.0,0.9759612399907764,21.0,min_freq_conf,['None'],"['nap', 'rtp']",0.8,21.0,1.0,PROB_LEN_DIST,1.0,,1.0,85523003603945323159451978366047131974_eps5_s0,,0.0001,8.552300360394532e+37,42.0,5.0,BPI2012_W,1.2
51.61168421432376,0.8989407368510902,0.691607539117781,0.0008175923315477,0.5484096434138539,10.322336842864752,14424766.396649884,2.18576025031507,0.5987621271296557,0.349896940882534,0.6020441440496422,31.188871996477246,14.696605583652854,0.7119255709049901,157.0,0.8310935898873344,0.9347173503625272,0.1179934926331043,1.0,0.0,68.90036489441991,9268.0,0.975698740120909,21.0,min_freq_conf,['None'],"['nap', 'rtp']",0.8,21.0,1.0,PROB_LEN_DIST,1.0,,1.0,85523003603945323159451978366047131974_eps5_s0,,0.0001,8.552300360394532e+37,42.0,5.0,BPI2012_W,1.2
51.61168421432376,0.8905182156050854,0.6570327554207471,0.0010469761675161,0.4886296347926669,10.322336842864752,14424651.176199682,2.18576025031507,0.5895998738983854,0.3735942573897758,0.5549375981451187,17.561475003138185,13.351972911506891,0.7037057445929191,159.0,0.8132078442091514,0.9278141762608838,0.1153350248932838,1.0,0.0,24.094550378620625,9143.0,0.9727550698769596,17.0,min_freq_conf,['None'],"['nap', 'rtp']",0.8,21.0,1.0,PROB_LEN_DIST,1.0,,1.0,85523003603945323159451978366047131974_eps4_s0,,0.0001,8.552300360394532e+37,42.0,5.0,BPI2012_W,1.2
51.61168421432376,0.8926162865887217,0.6577269799496009,0.0005434316277207,0.49119957628418,10.322336842864752,14424595.73971318,2.18576025031507,0.6002125684670443,0.3754476500966087,0.5568183110973302,17.85663477703929,12.937869384884834,0.730286302662815,159.0,0.8158608901646296,0.9333714504833316,0.1119121555238962,1.0,0.0,23.842275766655803,9208.0,0.9759739032129192,17.0,min_freq_conf,['None'],"['nap', 'rtp']",0.8,21.0,1.0,PROB_LEN_DIST,1.0,,1.0,85523003603945323159451978366047131974_eps4_s0,,0.0001,8.552300360394532e+37,42.0,5.0,BPI2012_W,1.2
51.61168421432376,0.8916859378254962,0.6583860992099612,0.0010761823845935,0.4997063212463792,10.322336842864752,14424540.67432522,2.18576025031507,0.5948966796257484,0.3658382097961364,0.560088902641345,20.4073565620929,13.410931516438724,0.7041631265930332,159.0,0.8138445828848031,0.9284134144609336,0.1178001649677753,1.0,0.0,28.67794982343912,9244.0,0.9727366007270384,17.0,min_freq_conf,['None'],"['nap', 'rtp']",0.8,21.0,1.0,PROB_LEN_DIST,1.0,,1.0,85523003603945323159451978366047131974_eps4_s0,,0.0001,8.552300360394532e+37,42.0,5.0,BPI2012_W,1.2
51.61168421432376,0.8888438384167583,0.6638776353692994,0.000636149176982,0.5049271518543894,10.322336842864752,14424477.731358588,2.18576025031507,0.5897885178166524,0.3711825330975685,0.5690919149805657,19.677433419972655,14.416183097288013,0.7021231478781774,159.0,0.8150356488851639,0.9281485278472528,0.1170777752995491,1.0,0.0,27.3286288511008,9486.0,0.9726481404125872,17.0,min_freq_conf,['None'],"['nap', 'rtp']",0.8,21.0,1.0,PROB_LEN_DIST,1.0,,1.0,85523003603945323159451978366047131974_eps4_s0,,0.0001,8.552300360394532e+37,42.0,5.0,BPI2012_W,1.2
51.61168421432376,0.8867841171001832,0.658021240436579,0.0008175923315477,0.4892299956312511,10.322336842864752,14424415.888393285,2.18576025031507,0.5866458312571875,0.3778507264420969,0.5578386716661761,17.828836189582944,13.18470156751573,0.6929235974062589,157.0,0.8103656426497845,0.9243709378891528,0.1144839990884065,1.0,0.0,23.16682287305593,9268.0,0.9711038241760954,17.0,min_freq_conf,['None'],"['nap', 'rtp']",0.8,21.0,1.0,PROB_LEN_DIST,1.0,,1.0,85523003603945323159451978366047131974_eps4_s0,,0.0001,8.552300360394532e+37,42.0,5.0,BPI2012_W,1.2
51.61168421432376,0.8583142705796442,0.6136089810413717,0.0010469761675161,0.4495920902906053,10.322336842864752,14424361.297032136,2.18576025031507,0.5499756593834967,0.367353638738795,0.5094225918746669,14.390820939093828,12.246033718809484,0.6245488359278137,159.0,0.7722817779453636,0.9061011893339984,0.1152092162519693,1.0,0.0,19.82105179689825,9143.0,0.9602736629631736,11.0,min_freq_conf,['None'],"['nap', 'rtp']",0.8,21.0,1.0,PROB_LEN_DIST,1.0,,1.0,85523003603945323159451978366047131974_eps3_s0,,0.0001,8.552300360394532e+37,42.0,5.0,BPI2012_W,1.2
51.61168421432376,0.8680866283878385,0.6441880794221981,0.0005434316277207,0.4636494832230394,10.322336842864752,14424314.408771863,2.18576025031507,0.5504888070459398,0.3593796474002088,0.5385433859945706,17.79364888370037,11.652704855427146,0.637502502645654,159.0,0.790601162807515,0.9111075915414468,0.1165250223129987,1.0,0.0,24.621710570529103,9208.0,0.9619384272168178,11.0,min_freq_conf,['None'],"['nap', 'rtp']",0.8,21.0,1.0,PROB_LEN_DIST,1.0,,1.0,85523003603945323159451978366047131974_eps3_s0,,0.0001,8.552300360394532e+37,42.0,5.0,BPI2012_W,1.2
51.61168421432376,0.8590173999277637,0.6171814202083212,0.0010761823845935,0.4573705435071428,10.322336842864752,14424259.911647877,2.18576025031507,0.5593346255113267,0.3758200848625153,0.5153196561199224,14.233428291976452,11.826575821265578,0.6329368450863778,159.0,0.7747508545686688,0.907034750046928,0.1136630214750766,1.0,0.0,19.983505439013243,9244.0,0.9609700655914228,11.0,min_freq_conf,['None'],"['nap', 'rtp']",0.8,21.0,1.0,PROB_LEN_DIST,1.0,,1.0,85523003603945323159451978366047131974_eps3_s0,,0.0001,8.552300360394532e+37,42.0,5.0,BPI2012_W,1.2
51.61168421432376,0.873454400259349,0.6442702924674962,0.000636149176982,0.4859252997687739,10.322336842864752,14424213.444245042,2.18576025031507,0.5428066794969233,0.3491656760999671,0.5454794276044848,20.579651921987534,13.322698187083006,0.6204574972831128,159.0,0.7918988693259752,0.9168481076057552,0.1175893563777208,1.0,0.0,31.82162352837622,9486.0,0.9665116860397766,11.0,min_freq_conf,['None'],"['nap', 'rtp']",0.8,21.0,1.0,PROB_LEN_DIST,1.0,,1.0,85523003603945323159451978366047131974_eps3_s0,,0.0001,8.552300360394532e+37,42.0,5.0,BPI2012_W,1.2
51.61168421432376,0.8752352040881276,0.6523199433140313,0.0008175923315477,0.473318757838679,10.322336842864752,14424147.295476869,2.18576025031507,0.5445820204473615,0.36883053399514,0.5476324915297115,18.526505645364523,12.109688322991133,0.624189455878207,157.0,0.7971527003427489,0.915410120623174,0.1141794975847005,1.0,0.0,24.359471736475825,9268.0,0.9632661585671144,11.0,min_freq_conf,['None'],"['nap', 'rtp']",0.8,21.0,1.0,PROB_LEN_DIST,1.0,,1.0,85523003603945323159451978366047131974_eps3_s0,,0.0001,8.552300360394532e+37,42.0,5.0,BPI2012_W,1.2
51.61168421432376,0.8749920035418419,0.671008525961361,0.0010469761675161,0.5508193688279591,10.322336842864752,14424091.869909896,2.18576025031507,0.5499639068862818,0.2616332556095639,0.5978155636923675,46.05306141451001,11.642940813675525,0.6020112963218074,159.0,0.8036681458163053,0.913891869213244,0.1235619951039552,1.0,0.0,71.61754559725523,9143.0,0.9674864711325672,7.0,min_freq_conf,['None'],"['nap', 'rtp']",0.8,21.0,1.0,PROB_LEN_DIST,1.0,,1.0,85523003603945323159451978366047131974_eps2_s0,,0.0001,8.552300360394532e+37,42.0,5.0,BPI2012_W,1.2
51.61168421432376,0.8725020127085248,0.6680209733843749,0.0005434316277207,0.5531375045200565,10.322336842864752,14423962.109289132,2.18576025031507,0.5260691866900612,0.278084242663174,0.5977598669170664,42.42456341162324,11.431317914277315,0.59866144209593,159.0,0.7989794059006536,0.9122892137459738,0.1173801813274622,1.0,0.0,65.84637731686234,9208.0,0.9664481008520158,7.0,min_freq_conf,['None'],"['nap', 'rtp']",0.8,21.0,1.0,PROB_LEN_DIST,1.0,,1.0,85523003603945323159451978366047131974_eps2_s0,,0.0001,8.552300360394532e+37,42.0,5.0,BPI2012_W,1.2
51.61168421432376,0.8707475512514069,0.6645604018267425,0.0010761823845935,0.5461081640696681,10.322336842864752,14423841.960087055,2.18576025031507,0.5571267260269402,0.2654369702654834,0.5919977471257782,45.88300521485508,11.709620755165815,0.6033135089209856,159.0,0.7975707549666982,0.91097965075111,0.1223938204348087,1.0,0.0,73.71691406518221,9244.0,0.966159632220637,7.0,min_freq_conf,['None'],"['nap', 'rtp']",0.8,21.0,1.0,PROB_LEN_DIST,1.0,,1.0,85523003603945323159451978366047131974_eps2_s0,,0.0001,8.552300360394532e+37,42.0,5.0,BPI2012_W,1.2
51.61168421432376,0.8795029719969454,0.6843272441722308,0.000636149176982,0.5650167502139326,10.322336842864752,14423710.191312304,2.18576025031507,0.5335970854421115,0.2624874794980408,0.6126195320776254,53.457092782482505,12.749159641563892,0.6041561746229491,159.0,0.8107583920378276,0.9165647662289078,0.1208250615745782,1.0,0.0,80.96924453228712,9486.0,0.9680540144669648,7.0,min_freq_conf,['None'],"['nap', 'rtp']",0.8,21.0,1.0,PROB_LEN_DIST,1.0,,1.0,85523003603945323159451978366047131974_eps2_s0,,0.0001,8.552300360394532e+37,42.0,5.0,BPI2012_W,1.2
51.61168421432376,0.8734009559898392,0.6724318685182531,0.0008175923315477,0.555818578931077,10.322336842864752,14423562.560787003,2.18576025031507,0.5492617336481845,0.2663436801836629,0.6011621768094488,51.47620850428939,11.756042024120688,0.5965040879616578,157.0,0.8019487667128045,0.9124147319512096,0.1158111803233623,1.0,0.0,79.09307291544974,9268.0,0.966602167737331,7.0,min_freq_conf,['None'],"['nap', 'rtp']",0.8,21.0,1.0,PROB_LEN_DIST,1.0,,1.0,85523003603945323159451978366047131974_eps2_s0,,0.0001,8.552300360394532e+37,42.0,5.0,BPI2012_W,1.2
51.61168421432376,0.8751606718743641,0.6571537541233807,0.0010469761675161,0.5300531361680114,10.322336842864752,14423419.7828506,2.18576025031507,0.4987046545601865,0.2632354310035041,0.5794847312167565,39.58001472055912,11.66611330397427,0.4743628598980576,159.0,0.8029927276177151,0.9020845364111592,0.1223380882292985,1.0,0.0,121.55118078179656,9143.0,0.9501522784340536,5.0,min_freq_conf,['None'],"['nap', 'rtp']",0.8,21.0,1.0,PROB_LEN_DIST,1.0,,1.0,85523003603945323159451978366047131974_eps1_s0,,0.0001,8.552300360394532e+37,42.0,5.0,BPI2012_W,1.2
51.61168421432376,0.8743810252761496,0.6539525774794578,0.0005434316277207,0.5300566776519845,10.322336842864752,14423246.553237667,2.18576025031507,0.499163519544375,0.2741843873382596,0.5772540364358172,36.84444752521813,11.292068364098668,0.476389325858765,159.0,0.8004616052779481,0.9021351875278236,0.1149990856647491,1.0,0.0,108.4628035016358,9208.0,0.9504509063673438,5.0,min_freq_conf,['None'],"['nap', 'rtp']",0.8,21.0,1.0,PROB_LEN_DIST,1.0,,1.0,85523003603945323159451978366047131974_eps1_s0,,0.0001,8.552300360394532e+37,42.0,5.0,BPI2012_W,1.2
51.61168421432376,0.8731663374665156,0.6506888871414936,0.0010761823845935,0.523773959394835,10.322336842864752,14423089.469018036,2.18576025031507,0.5007282239090056,0.2642272756618506,0.5723867766232474,38.752701595425606,11.639744015410542,0.4685924667233078,159.0,0.7992448002213544,0.90120943084228,0.1162254717200994,1.0,0.0,120.45968933217227,9244.0,0.949928962209728,5.0,min_freq_conf,['None'],"['nap', 'rtp']",0.8,21.0,1.0,PROB_LEN_DIST,1.0,,1.0,85523003603945323159451978366047131974_eps1_s0,,0.0001,8.552300360394532e+37,42.0,5.0,BPI2012_W,1.2
51.61168421432376,0.8798915494604976,0.6710825733608832,0.000636149176982,0.5460199920150676,10.322336842864752,14422918.1679609,2.18576025031507,0.5000415711222079,0.263299216715432,0.5955712406178107,47.066571824252605,12.81816633604467,0.4762901900495666,159.0,0.8106332831253539,0.9064694329149404,0.1252172160893678,1.0,0.0,133.94050042890012,9486.0,0.9527286172444954,5.0,min_freq_conf,['None'],"['nap', 'rtp']",0.8,21.0,1.0,PROB_LEN_DIST,1.0,,1.0,85523003603945323159451978366047131974_eps1_s0,,0.0001,8.552300360394532e+37,42.0,5.0,BPI2012_W,1.2
51.61168421432376,0.8743757596883523,0.6581029455440632,0.0008175923315477,0.5344987228760056,10.322336842864752,14422723.882041056,2.18576025031507,0.5176349663022041,0.2700970002450674,0.5819593507760842,45.46994477324188,11.743497988209128,0.4730758387369608,157.0,0.8023562828850108,0.9017765309470436,0.1287961136549711,1.0,0.0,123.82435988076033,9268.0,0.950147614742707,5.0,min_freq_conf,['None'],"['nap', 'rtp']",0.8,21.0,1.0,PROB_LEN_DIST,1.0,,1.0,85523003603945323159451978366047131974_eps1_s0,,0.0001,8.552300360394532e+37,42.0,5.0,BPI2012_W,1.2
989.7178409975022,0.9637680748258916,0.9184371464798996,5.647803004631199e-05,0.8315060011327772,197.94356819950045,14432264.038752737,2.362495042383671,0.5829985428675722,0.1899634903516817,0.8761435102028103,54.97684760205448,83.34443174302578,0.7603919575285214,99.0,0.9539838580189718,0.9703826357242012,0.1120904311537742,1.0,0.0,10294.044732796028,231687.0,0.9818471979891362,3.0,min_freq_conf,['None'],"['nap', 'rtp']",0.8,21.0,1.0,PROB_LEN_DIST,1.0,,1.0,224760358370337034075117362179122216196_eps0_s0,,1e-07,2.2476035837033703e+38,42.0,5.0,BPI2012_C,1.2
51.61168421432376,0.9862481975906714,0.9474097773144152,0.0010469761675161,0.8918271783977723,10.322336842864752,14422542.386238256,2.18576025031507,0.6309121503940737,0.0911558512617846,0.9197319582597508,126.99134954251348,11.727257607504724,0.8292326766772282,159.0,0.9751085277995966,0.9911759540745874,0.1163174267858266,1.0,0.0,2284.960584273562,9143.0,0.996750541331783,3.0,min_freq_conf,['None'],"['nap', 'rtp']",0.8,21.0,1.0,PROB_LEN_DIST,1.0,,1.0,85523003603945323159451978366047131974_eps0_s0,,0.0001,8.552300360394532e+37,42.0,5.0,BPI2012_W,1.2
65.96015664190054,0.820971627676205,0.648340514959333,0.119432918395574,0.5932879659694593,13.192031328380107,14420043.328234443,5.013313779607415,0.3778950956975201,0.3339558602321409,0.6132626715921412,10.722055559977887,0.4241489544510841,0.6269709543568465,119.0,0.7383301514891494,0.8865758702295078,0.096098568290472,1.0,0.0,8.39968717098236,111.0,0.949102268267924,21.0,min_freq_conf,['None'],"['nap', 'rtp']",0.8,21.0,1.0,PROB_LEN_DIST,1.0,,1.0,333449236874200529952529357768513077421_eps5_s0,,0.01,3.3344923687420052e+38,42.0,5.0,BPI2013_Incidents,1.2
65.96015664190054,0.8206380032598924,0.6383157226450601,0.1289745627980922,0.5650524940469064,13.192031328380107,14420023.362745764,5.013313779607415,0.3276482064210527,0.3308418328486174,0.5943753531550361,8.851450128480792,0.4344960246235132,0.6179782723900371,126.0,0.7359887610577703,0.8861906008533377,0.0964999143034219,1.0,0.0,5.2972117103636265,111.0,0.9488394688830504,21.0,min_freq_conf,['None'],"['nap', 'rtp']",0.8,21.0,1.0,PROB_LEN_DIST,1.0,,1.0,333449236874200529952529357768513077421_eps5_s0,,0.01,3.3344923687420052e+38,42.0,5.0,BPI2013_Incidents,1.2
65.96015664190054,0.8232888197326029,0.6497023293542288,0.1244029075804776,0.5920457214818272,13.192031328380107,14420008.352522796,5.013313779607415,0.328790577125449,0.3352364746181626,0.6129977134906764,10.208240818232298,0.4366405885666609,0.6233991000346141,126.0,0.740443788909181,0.888343957379913,0.0966858547180891,1.0,0.0,7.803009390830994,111.0,0.9497898541812968,21.0,min_freq_conf,['None'],"['nap', 'rtp']",0.8,21.0,1.0,PROB_LEN_DIST,1.0,,1.0,333449236874200529952529357768513077421_eps5_s0,,0.01,3.3344923687420052e+38,42.0,5.0,BPI2013_Incidents,1.2
65.96015664190054,0.817838547700347,0.6399753999068937,0.1196115419548662,0.5705580906232811,13.192031328380107,14419989.493685134,5.013313779607415,0.3286004366530768,0.3434512346577945,0.5975719339429643,7.661514010280371,0.4212839379906654,0.6294277929155313,126.0,0.7347319590565146,0.8840268319180652,0.0950043182820081,1.0,0.0,5.056398201733828,110.0,0.9476399584594336,21.0,min_freq_conf,['None'],"['nap', 'rtp']",0.8,21.0,1.0,PROB_LEN_DIST,1.0,,1.0,333449236874200529952529357768513077421_eps5_s0,,0.01,3.3344923687420052e+38,42.0,5.0,BPI2013_Incidents,1.2
65.96015664190054,0.8188202127082298,0.6408397037797896,0.1214377580721586,0.5749344227506029,13.192031328380107,14419975.940455643,5.013313779607415,0.3549908255853986,0.3310728790941317,0.5997776947461374,9.106381554156542,0.4231741521507501,0.6192377986867935,126.0,0.7347240466992799,0.8851058732388919,0.0942857451736927,1.0,0.0,6.492789534851909,111.0,0.948116118815982,21.0,min_freq_conf,['None'],"['nap', 'rtp']",0.8,21.0,1.0,PROB_LEN_DIST,1.0,,1.0,333449236874200529952529357768513077421_eps5_s0,,0.01,3.3344923687420052e+38,42.0,5.0,BPI2013_Incidents,1.2
65.96015664190054,0.820971627676205,0.648340514959333,0.119432918395574,0.5932879659694593,13.192031328380107,14419959.515835024,5.013313779607415,0.3778950956975201,0.3339558602321409,0.6132626715921412,10.768628595396876,0.4104084204882383,0.6269709543568465,119.0,0.7383301514891494,0.8865758702295078,0.0955467615276575,1.0,0.0,8.334613488987088,111.0,0.949102268267924,17.0,min_freq_conf,['None'],"['nap', 'rtp']",0.8,21.0,1.0,PROB_LEN_DIST,1.0,,1.0,333449236874200529952529357768513077421_eps4_s0,,0.01,3.3344923687420052e+38,42.0,5.0,BPI2013_Incidents,1.2
65.96015664190054,0.8206380032598924,0.6383157226450601,0.1289745627980922,0.5650524940469064,13.192031328380107,14419939.582052251,5.013313779607415,0.3276482064210527,0.3308418328486174,0.5943753531550361,8.797736732289195,0.4436290245503187,0.6179782723900371,126.0,0.7359887610577703,0.8861906008533377,0.0934723578393459,1.0,0.0,5.367847939953208,111.0,0.9488394688830504,17.0,min_freq_conf,['None'],"['nap', 'rtp']",0.8,21.0,1.0,PROB_LEN_DIST,1.0,,1.0,333449236874200529952529357768513077421_eps4_s0,,0.01,3.3344923687420052e+38,42.0,5.0,BPI2013_Incidents,1.2
65.96015664190054,0.8232888197326029,0.6497023293542288,0.1244029075804776,0.5920457214818272,13.192031328380107,14419924.57128253,5.013313779607415,0.328790577125449,0.3352364746181626,0.6129977134906764,10.098281728103755,0.4184590149670839,0.6233991000346141,126.0,0.740443788909181,0.888343957379913,0.0917937252670526,1.0,0.0,7.778898272663355,111.0,0.9497898541812968,17.0,min_freq_conf,['None'],"['nap', 'rtp']",0.8,21.0,1.0,PROB_LEN_DIST,1.0,,1.0,333449236874200529952529357768513077421_eps4_s0,,0.01,3.3344923687420052e+38,42.0,5.0,BPI2013_Incidents,1.2
65.96015664190054,0.817838547700347,0.6399753999068937,0.1196115419548662,0.5705580906232811,13.192031328380107,14419905.88167636,5.013313779607415,0.3286004366530768,0.3434512346577945,0.5975719339429643,7.656514121219516,0.4089228063821792,0.6294277929155313,126.0,0.7347319590565146,0.8840268319180652,0.0930580124258995,1.0,0.0,5.119812201708555,110.0,0.9476399584594336,17.0,min_freq_conf,['None'],"['nap', 'rtp']",0.8,21.0,1.0,PROB_LEN_DIST,1.0,,1.0,333449236874200529952529357768513077421_eps4_s0,,0.01,3.3344923687420052e+38,42.0,5.0,BPI2013_Incidents,1.2
65.96015664190054,0.8188202127082298,0.6408397037797896,0.1214377580721586,0.5749344227506029,13.192031328380107,14419892.302078376,5.013313779607415,0.3549908255853986,0.3310728790941317,0.5997776947461374,9.268430968746545,0.4182967655360698,0.6192377986867935,126.0,0.7347240466992799,0.8851058732388919,0.0956497509032487,1.0,0.0,6.340537106618285,111.0,0.948116118815982,17.0,min_freq_conf,['None'],"['nap', 'rtp']",0.8,21.0,1.0,PROB_LEN_DIST,1.0,,1.0,333449236874200529952529357768513077421_eps4_s0,,0.01,3.3344923687420052e+38,42.0,5.0,BPI2013_Incidents,1.2
65.96015664190054,0.847185451454668,0.7239675222135208,0.119432918395574,0.6695990015071328,13.192031328380107,14419875.862070208,5.013313779607415,0.3778950956975201,0.2468203960464551,0.6922925304357364,16.183193240314722,0.3982487972825765,0.6269709543568465,119.0,0.7893722929790218,0.8965731686985277,0.0907274968922138,1.0,0.0,13.459627389907835,111.0,0.9511709949385986,11.0,min_freq_conf,['None'],"['nap', 'rtp']",0.8,21.0,1.0,PROB_LEN_DIST,1.0,,1.0,333449236874200529952529357768513077421_eps3_s0,,0.01,3.3344923687420052e+38,42.0,5.0,BPI2013_Incidents,1.2
65.96015664190054,0.8462481460447266,0.7071828516314181,0.1289745627980922,0.6278833216589523,13.192031328380107,14419845.4221868,5.013313779607415,0.3276482064210527,0.2537792888042894,0.662996590375329,12.613440429791808,0.4067123308777809,0.6179782723900371,126.0,0.7849571663453816,0.8959382921104097,0.0936439596116542,1.0,0.0,8.49505746923387,111.0,0.9507506987332176,11.0,min_freq_conf,['None'],"['nap', 'rtp']",0.8,21.0,1.0,PROB_LEN_DIST,1.0,,1.0,333449236874200529952529357768513077421_eps3_s0,,0.01,3.3344923687420052e+38,42.0,5.0,BPI2013_Incidents,1.2
65.96015664190054,0.8502028488404743,0.725732855578421,0.1244029075804776,0.6680910505028426,13.192031328380107,14419823.503782189,5.013313779607415,0.328790577125449,0.2489523248663781,0.6921213795716362,15.152935832738876,0.4106842819601297,0.6233991000346141,126.0,0.7923658437240789,0.8986516587786884,0.1001676339656114,1.0,0.0,12.8594264164567,111.0,0.9519291424063804,11.0,min_freq_conf,['None'],"['nap', 'rtp']",0.8,21.0,1.0,PROB_LEN_DIST,1.0,,1.0,333449236874200529952529357768513077421_eps3_s0,,0.01,3.3344923687420052e+38,42.0,5.0,BPI2013_Incidents,1.2
65.96015664190054,0.844594999758165,0.7105270750068629,0.1196115419548662,0.6347505330426532,13.192031328380107,14419794.649502128,5.013313779607415,0.3286004366530768,0.2592056341415804,0.6677847685306872,11.332258246839046,0.3918322343379259,0.6294277929155313,126.0,0.7854788436068348,0.8942375168300424,0.0949466917663812,1.0,0.0,8.171242302283645,110.0,0.9498608076904148,11.0,min_freq_conf,['None'],"['nap', 'rtp']",0.8,21.0,1.0,PROB_LEN_DIST,1.0,,1.0,333449236874200529952529357768513077421_eps3_s0,,0.01,3.3344923687420052e+38,42.0,5.0,BPI2013_Incidents,1.2
65.96015664190054,0.8447510464265632,0.7127312188226944,0.1214377580721586,0.6447005263277612,13.192031328380107,14419774.339141091,5.013313779607415,0.3549908255853986,0.2505325464544599,0.67376768828512,13.423215689137578,0.4090169761329889,0.6192377986867935,126.0,0.784620460902807,0.8949674996242704,0.0987343713641166,1.0,0.0,10.169961418956518,111.0,0.9502103865679964,11.0,min_freq_conf,['None'],"['nap', 'rtp']",0.8,21.0,1.0,PROB_LEN_DIST,1.0,,1.0,333449236874200529952529357768513077421_eps3_s0,,0.01,3.3344923687420052e+38,42.0,5.0,BPI2013_Incidents,1.2
65.96015664190054,0.8720475908578473,0.766287480724343,0.119432918395574,0.7108038845910919,13.192031328380107,14419749.90622908,5.013313779607415,0.32943986175209,0.2135040599146239,0.7351076929008935,18.050057603046294,0.3988660238683224,0.6369294605809128,119.0,0.823411392727046,0.9147831823334708,0.0978688560426235,1.0,0.0,16.098347472026944,111.0,0.9601317836314563,7.0,min_freq_conf,['None'],"['nap', 'rtp']",0.8,21.0,1.0,PROB_LEN_DIST,1.0,,1.0,333449236874200529952529357768513077421_eps2_s0,,0.01,3.3344923687420052e+38,42.0,5.0,BPI2013_Incidents,1.2
65.96015664190054,0.8705568002039993,0.7459735142110473,0.1289745627980922,0.6625545398425384,13.192031328380107,14419714.93076346,5.013313779607415,0.2741655475416533,0.2246122888733263,0.7006750105952972,14.006509393453598,0.3918137550354004,0.6291070482246953,126.0,0.817685935178362,0.914047058546272,0.0992788672447204,1.0,0.0,9.921722766011952,111.0,0.9596606546097632,7.0,min_freq_conf,['None'],"['nap', 'rtp']",0.8,21.0,1.0,PROB_LEN_DIST,1.0,,1.0,333449236874200529952529357768513077421_eps2_s0,,0.01,3.3344923687420052e+38,42.0,5.0,BPI2013_Incidents,1.2
65.96015664190054,0.8753104823430298,0.7680707526059353,0.1244029075804776,0.7092204797090189,13.192031328380107,14419690.18742928,5.013313779607415,0.2750302681818151,0.2162814237179213,0.7349971142633948,17.129247970879078,0.3828916884958744,0.6346140533056421,126.0,0.8268765984148936,0.917220329828935,0.0991567112505436,1.0,0.0,15.337135752663016,111.0,0.9610479739501488,7.0,min_freq_conf,['None'],"['nap', 'rtp']",0.8,21.0,1.0,PROB_LEN_DIST,1.0,,1.0,333449236874200529952529357768513077421_eps2_s0,,0.01,3.3344923687420052e+38,42.0,5.0,BPI2013_Incidents,1.2
65.96015664190054,0.8692558155513863,0.749673026663684,0.1196115419548662,0.6697022836905581,13.192031328380107,14419656.91630742,5.013313779607415,0.2748412903664542,0.2269866578340926,0.7058132288101783,12.57268721051514,0.3774127922952175,0.6378816460560329,126.0,0.8186201579720679,0.9128092637372964,0.0969101712107658,1.0,0.0,9.610408572480084,110.0,0.958982947817311,7.0,min_freq_conf,['None'],"['nap', 'rtp']",0.8,21.0,1.0,PROB_LEN_DIST,1.0,,1.0,333449236874200529952529357768513077421_eps2_s0,,0.01,3.3344923687420052e+38,42.0,5.0,BPI2013_Incidents,1.2
65.96015664190054,0.8690022646601258,0.7526939292327801,0.1214377580721586,0.6822792775665918,13.192031328380107,14419633.93069448,5.013313779607415,0.2981259734463632,0.2200907383682322,0.7136477992630824,15.13788183964789,0.4053936060518026,0.6315575712448386,126.0,0.8176214257310997,0.9129522750861442,0.0999078899621963,1.0,0.0,12.048653941601517,111.0,0.9590694899927276,7.0,min_freq_conf,['None'],"['nap', 'rtp']",0.8,21.0,1.0,PROB_LEN_DIST,1.0,,1.0,333449236874200529952529357768513077421_eps2_s0,,0.01,3.3344923687420052e+38,42.0,5.0,BPI2013_Incidents,1.2
65.96015664190054,0.8720475908578473,0.766287480724343,0.119432918395574,0.7108038845910919,13.192031328380107,14419605.904407363,5.013313779607415,0.32943986175209,0.2135040599146239,0.7351076929008935,18.162299264222383,0.3840514551848173,0.6369294605809128,119.0,0.823411392727046,0.9147831823334708,0.1017533130943775,1.0,0.0,16.273547573015094,111.0,0.9601317836314563,5.0,min_freq_conf,['None'],"['nap', 'rtp']",0.8,21.0,1.0,PROB_LEN_DIST,1.0,,1.0,333449236874200529952529357768513077421_eps1_s0,,0.01,3.3344923687420052e+38,42.0,5.0,BPI2013_Incidents,1.2
65.96015664190054,0.8705568002039993,0.7459735142110473,0.1289745627980922,0.6625545398425384,13.192031328380107,14419570.643153794,5.013313779607415,0.2741655475416533,0.2246122888733263,0.7006750105952972,14.258203953504562,0.3961712438613176,0.6291070482246953,126.0,0.817685935178362,0.914047058546272,0.0988555122166872,1.0,0.0,10.44565145112574,111.0,0.9596606546097632,5.0,min_freq_conf,['None'],"['nap', 'rtp']",0.8,21.0,1.0,PROB_LEN_DIST,1.0,,1.0,333449236874200529952529357768513077421_eps1_s0,,0.01,3.3344923687420052e+38,42.0,5.0,BPI2013_Incidents,1.2
65.96015664190054,0.8753104823430298,0.7680707526059353,0.1244029075804776,0.7092204797090189,13.192031328380107,14419545.117063817,5.013313779607415,0.2750302681818151,0.2162814237179213,0.7349971142633948,17.40531543083489,0.3964255861938,0.6346140533056421,126.0,0.8268765984148936,0.917220329828935,0.1235210336744785,1.0,0.0,15.426321336999536,111.0,0.9610479739501488,5.0,min_freq_conf,['None'],"['nap', 'rtp']",0.8,21.0,1.0,PROB_LEN_DIST,1.0,,1.0,333449236874200529952529357768513077421_eps1_s0,,0.01,3.3344923687420052e+38,42.0,5.0,BPI2013_Incidents,1.2
65.96015664190054,0.8692558155513863,0.749673026663684,0.1196115419548662,0.6697022836905581,13.192031328380107,14419511.423313316,5.013313779607415,0.2748412903664542,0.2269866578340926,0.7058132288101783,12.703777614980936,0.3798856120556593,0.6378816460560329,126.0,0.8186201579720679,0.9128092637372964,0.0908170659095048,1.0,0.0,10.056601690128446,110.0,0.958982947817311,5.0,min_freq_conf,['None'],"['nap', 'rtp']",0.8,21.0,1.0,PROB_LEN_DIST,1.0,,1.0,333449236874200529952529357768513077421_eps1_s0,,0.01,3.3344923687420052e+38,42.0,5.0,BPI2013_Incidents,1.2
65.96015664190054,0.8690022646601258,0.7526939292327801,0.1214377580721586,0.6822792775665918,13.192031328380107,14419487.892089384,5.013313779607415,0.2981259734463632,0.2200907383682322,0.7136477992630824,15.0457174628973,0.3980298191308975,0.6315575712448386,126.0,0.8176214257310997,0.9129522750861442,0.0902359019964933,1.0,0.0,12.11631214991212,111.0,0.9590694899927276,5.0,min_freq_conf,['None'],"['nap', 'rtp']",0.8,21.0,1.0,PROB_LEN_DIST,1.0,,1.0,333449236874200529952529357768513077421_eps1_s0,,0.01,3.3344923687420052e+38,42.0,5.0,BPI2013_Incidents,1.2
65.96015664190054,0.8720410170603436,0.7662578925647995,0.119432918395574,0.7107348532630333,13.192031328380107,14419459.905835085,5.013313779607415,0.32943986175209,0.213534467157,0.7350589196938293,18.06972272694111,0.3599275723099708,0.6369294605809128,119.0,0.8233988870678655,0.9147793265307114,0.096656059846282,1.0,0.0,25.50153534859419,111.0,0.9601298866925552,3.0,min_freq_conf,['None'],"['nap', 'rtp']",0.8,21.0,1.0,PROB_LEN_DIST,1.0,,1.0,333449236874200529952529357768513077421_eps0_s0,,0.01,3.3344923687420052e+38,42.0,5.0,BPI2013_Incidents,1.2
65.96015664190054,0.8705382762536141,0.7458882050870209,0.1289745627980922,0.6623463284777558,13.192031328380107,14419415.54106442,5.013313779607415,0.2741655475416533,0.22471704059969,0.7005313818824239,14.073440473526716,0.3882030919194221,0.6291070482246953,126.0,0.8176504897064771,0.914036230627234,0.0970169100910425,1.0,0.0,15.899814017117023,111.0,0.9596554731945522,3.0,min_freq_conf,['None'],"['nap', 'rtp']",0.8,21.0,1.0,PROB_LEN_DIST,1.0,,1.0,333449236874200529952529357768513077421_eps0_s0,,0.01,3.3344923687420052e+38,42.0,5.0,BPI2013_Incidents,1.2
65.96015664190054,0.8753031763339372,0.7680390066220624,0.1244029075804776,0.7091463088046237,13.192031328380107,14419384.767808769,5.013313779607415,0.2750302681818151,0.2163213836570889,0.7349450321604634,17.185031985864043,0.369592186063528,0.6346140533056421,126.0,0.8268629771609742,0.9172159996370106,0.0940913222730159,1.0,0.0,23.98964344710112,111.0,0.9610458942065438,3.0,min_freq_conf,['None'],"['nap', 'rtp']",0.8,21.0,1.0,PROB_LEN_DIST,1.0,,1.0,333449236874200529952529357768513077421_eps0_s0,,0.01,3.3344923687420052e+38,42.0,5.0,BPI2013_Incidents,1.2
65.96015664190054,0.8691738439545614,0.749257873453308,0.1196115419548662,0.6687238836708077,13.192031328380107,14419342.802245652,5.013313779607415,0.2748412903664542,0.2272897428932539,0.7051243192244616,12.55703908763826,0.3574283551424742,0.6378816460560329,126.0,0.8184525024374462,0.9127649399889454,0.0977444238960743,1.0,0.0,14.890213407576084,110.0,0.9589643178182704,3.0,min_freq_conf,['None'],"['nap', 'rtp']",0.8,21.0,1.0,PROB_LEN_DIST,1.0,,1.0,333449236874200529952529357768513077421_eps0_s0,,0.01,3.3344923687420052e+38,42.0,5.0,BPI2013_Incidents,1.2
65.96015664190054,0.8689473745971926,0.752415539839834,0.1214377580721586,0.6816198455219793,13.192031328380107,14419314.571471743,5.013313779607415,0.2981259734463632,0.2203060389662262,0.7131846542564786,14.947814239189029,0.374475160613656,0.6315575712448386,126.0,0.8175090003525717,0.9129225131774686,0.0974536146968603,1.0,0.0,18.28398721665144,111.0,0.9590569027113294,3.0,min_freq_conf,['None'],"['nap', 'rtp']",0.8,21.0,1.0,PROB_LEN_DIST,1.0,,1.0,333449236874200529952529357768513077421_eps0_s0,,0.01,3.3344923687420052e+38,42.0,5.0,BPI2013_Incidents,1.2
66.04440128803253,0.8477728708371971,0.713933423963848,0.0208160442600276,0.6682317134762876,13.208880257606506,14418952.898120085,1.039934927597642,0.4018041700764634,0.4949084699129847,0.6842433851822527,8.382851615548134,1.860181201249361,0.6615491009681881,119.0,0.786169761658638,0.902565834078643,0.0946455802768468,1.0,0.0,15.497711714357138,935.0,0.9594424828043936,21.0,min_freq_conf,['None'],"['nap', 'rtp']",0.8,21.0,1.0,PROB_LEN_DIST,1.0,,1.0,77090508450172428794642679151270518728_eps5_s0,,0.001,7.709050845017243e+37,42.0,5.0,BPI2013_Incidents,1.2
66.04440128803253,0.8432116345577241,0.694180657693672,0.0219925808161102,0.6365266282527846,13.208880257606506,14418926.74378641,1.039934927597642,0.357855211155882,0.5077150467481903,0.6586426654290166,6.207551628351212,1.88646637275815,0.6509009009009009,126.0,0.7750300342266558,0.8993581194220114,0.0936473477631807,1.0,0.0,9.31439002417028,927.0,0.957751263516822,21.0,min_freq_conf,['None'],"['nap', 'rtp']",0.8,21.0,1.0,PROB_LEN_DIST,1.0,,1.0,77090508450172428794642679151270518728_eps5_s0,,0.001,7.709050845017243e+37,42.0,5.0,BPI2013_Incidents,1.2
66.04440128803253,0.8513185487716536,0.7165157479762974,0.0251990308065074,0.6695042807336373,13.208880257606506,14418908.9427405,1.039934927597642,0.3516443789296847,0.4783167570940466,0.68653616382193,8.73023354075849,1.842971134930849,0.6560055382485289,126.0,0.7888150072689937,0.905144149129382,0.0950396247208118,1.0,0.0,16.58707315661013,938.0,0.960322055529464,21.0,min_freq_conf,['None'],"['nap', 'rtp']",0.8,21.0,1.0,PROB_LEN_DIST,1.0,,1.0,77090508450172428794642679151270518728_eps5_s0,,0.001,7.709050845017243e+37,42.0,5.0,BPI2013_Incidents,1.2
66.04440128803253,0.8469767285335168,0.7021847884482678,0.0213791657933347,0.6468186537915557,13.208880257606506,14418881.37760543,1.039934927597642,0.3523959876188905,0.5075880113229239,0.6680797682367707,5.6207828018814325,1.8533464539796116,0.6575141479773632,126.0,0.7799546230216391,0.9022987751663556,0.0974551476538181,1.0,0.0,9.846834629774094,939.0,0.9593386856914624,21.0,min_freq_conf,['None'],"['nap', 'rtp']",0.8,21.0,1.0,PROB_LEN_DIST,1.0,,1.0,77090508450172428794642679151270518728_eps5_s0,,0.001,7.709050845017243e+37,42.0,5.0,BPI2013_Incidents,1.2
66.04440128803253,0.8374504178922794,0.6877919450495217,0.0238949434779665,0.6371629982548875,13.208880257606506,14418863.6431078,1.039934927597642,0.3862073988712356,0.5144641665135319,0.6550247591359817,6.034359311684966,1.8764247372746468,0.653151018750423,126.0,0.7687443886308403,0.8957368230125043,0.0956686995923519,1.0,0.0,9.994637278839946,935.0,0.9563820414077594,21.0,min_freq_conf,['None'],"['nap', 'rtp']",0.8,21.0,1.0,PROB_LEN_DIST,1.0,,1.0,77090508450172428794642679151270518728_eps5_s0,,0.001,7.709050845017243e+37,42.0,5.0,BPI2013_Incidents,1.2
66.04440128803253,0.8477728708371971,0.713933423963848,0.0208160442600276,0.6682317134762876,13.208880257606506,14418845.33490786,1.039934927597642,0.4018041700764634,0.4949084699129847,0.6842433851822527,8.391926715150476,1.7876524087041616,0.6615491009681881,119.0,0.786169761658638,0.902565834078643,0.0958977285772562,1.0,0.0,15.445145851001143,935.0,0.9594424828043936,17.0,min_freq_conf,['None'],"['nap', 'rtp']",0.8,21.0,1.0,PROB_LEN_DIST,1.0,,1.0,77090508450172428794642679151270518728_eps4_s0,,0.001,7.709050845017243e+37,42.0,5.0,BPI2013_Incidents,1.2
66.04440128803253,0.8432116345577241,0.694180657693672,0.0219925808161102,0.6365266282527846,13.208880257606506,14418819.29229728,1.039934927597642,0.357855211155882,0.5077150467481903,0.6586426654290166,6.281341131776571,1.8426612615585327,0.6509009009009009,126.0,0.7750300342266558,0.8993581194220114,0.0995244998484849,1.0,0.0,9.405991166830065,927.0,0.957751263516822,17.0,min_freq_conf,['None'],"['nap', 'rtp']",0.8,21.0,1.0,PROB_LEN_DIST,1.0,,1.0,77090508450172428794642679151270518728_eps4_s0,,0.001,7.709050845017243e+37,42.0,5.0,BPI2013_Incidents,1.2
66.04440128803253,0.8513185487716536,0.7165157479762974,0.0251990308065074,0.6695042807336373,13.208880257606506,14418801.338488933,1.039934927597642,0.3516443789296847,0.4783167570940466,0.68653616382193,8.949556147679687,1.772311918437481,0.6560055382485289,126.0,0.7888150072689937,0.905144149129382,0.1013148408383131,1.0,0.0,16.48907306790352,938.0,0.960322055529464,17.0,min_freq_conf,['None'],"['nap', 'rtp']",0.8,21.0,1.0,PROB_LEN_DIST,1.0,,1.0,77090508450172428794642679151270518728_eps4_s0,,0.001,7.709050845017243e+37,42.0,5.0,BPI2013_Incidents,1.2
66.04440128803253,0.8469767285335168,0.7021847884482678,0.0213791657933347,0.6468186537915557,13.208880257606506,14418773.703100223,1.039934927597642,0.3523959876188905,0.5075880113229239,0.6680797682367707,5.70478524826467,1.8542190119624136,0.6575141479773632,126.0,0.7799546230216391,0.9022987751663556,0.1000020112842321,1.0,0.0,9.692693224176764,939.0,0.9593386856914624,17.0,min_freq_conf,['None'],"['nap', 'rtp']",0.8,21.0,1.0,PROB_LEN_DIST,1.0,,1.0,77090508450172428794642679151270518728_eps4_s0,,0.001,7.709050845017243e+37,42.0,5.0,BPI2013_Incidents,1.2
66.04440128803253,0.8374504178922794,0.6877919450495217,0.0238949434779665,0.6371629982548875,13.208880257606506,14418756.014444992,1.039934927597642,0.3862073988712356,0.5144641665135319,0.6550247591359817,6.014758635312319,1.8389730677008629,0.653151018750423,126.0,0.7687443886308403,0.8957368230125043,0.0993053708225488,1.0,0.0,9.872800400480628,935.0,0.9563820414077594,17.0,min_freq_conf,['None'],"['nap', 'rtp']",0.8,21.0,1.0,PROB_LEN_DIST,1.0,,1.0,77090508450172428794642679151270518728_eps4_s0,,0.001,7.709050845017243e+37,42.0,5.0,BPI2013_Incidents,1.2
66.04440128803253,0.8529505009791553,0.7224571138363662,0.0208160442600276,0.6764125094885456,13.208880257606506,14418737.852297964,1.039934927597642,0.4012394812379651,0.4829636101220327,0.6928222215946948,9.147532491013408,1.706047847867012,0.6625864453665283,119.0,0.7931967509883115,0.905856659879788,0.1000826805830001,1.0,0.0,16.26907942816615,935.0,0.9606124811110562,11.0,min_freq_conf,['None'],"['nap', 'rtp']",0.8,21.0,1.0,PROB_LEN_DIST,1.0,,1.0,77090508450172428794642679151270518728_eps3_s0,,0.001,7.709050845017243e+37,42.0,5.0,BPI2013_Incidents,1.2
66.04440128803253,0.8549108764763609,0.7176541854330648,0.0219925808161102,0.6582099462825026,13.208880257606506,14418710.300466305,1.039934927597642,0.359453562243372,0.4778211909452793,0.6820434714446296,8.151814276352525,1.7822771817445755,0.6578563857975622,126.0,0.792766918774312,0.9069857316004628,0.0995542090386152,1.0,0.0,10.996431086212397,927.0,0.9608156157114852,11.0,min_freq_conf,['None'],"['nap', 'rtp']",0.8,21.0,1.0,PROB_LEN_DIST,1.0,,1.0,77090508450172428794642679151270518728_eps3_s0,,0.001,7.709050845017243e+37,42.0,5.0,BPI2013_Incidents,1.2
66.04440128803253,0.8567945869165294,0.7251613240651785,0.0251990308065074,0.6780734719606449,13.208880257606506,14418688.929342158,1.039934927597642,0.3516739949780705,0.4669968895319669,0.6953814026060288,9.534584673121572,1.7558817621320486,0.6578746971270336,126.0,0.7958299052892807,0.908653990334494,0.0985889099538326,1.0,0.0,17.342982472851872,938.0,0.9615634937218428,11.0,min_freq_conf,['None'],"['nap', 'rtp']",0.8,21.0,1.0,PROB_LEN_DIST,1.0,,1.0,77090508450172428794642679151270518728_eps3_s0,,0.001,7.709050845017243e+37,42.0,5.0,BPI2013_Incidents,1.2
66.04440128803253,0.8611254435215403,0.7277416300515338,0.0213791657933347,0.6700997512913108,13.208880257606506,14418659.869199412,1.039934927597642,0.3547408634165986,0.4744071607746894,0.6935098071804695,7.31681258790195,1.7195068839937449,0.6650597359044226,126.0,0.8004565301060725,0.9115695940405012,0.0983733143657445,1.0,0.0,11.600031297653912,939.0,0.9629260630031696,11.0,min_freq_conf,['None'],"['nap', 'rtp']",0.8,21.0,1.0,PROB_LEN_DIST,1.0,,1.0,77090508450172428794642679151270518728_eps3_s0,,0.001,7.709050845017243e+37,42.0,5.0,BPI2013_Incidents,1.2
66.04440128803253,0.8517115674252309,0.7185603573332969,0.0238949434779665,0.6654112746944756,13.208880257606506,14418638.807686856,1.039934927597642,0.388248084018997,0.4745465808930769,0.6855383602187427,8.37074140459299,1.7648620158433914,0.660258579841603,126.0,0.7912073343891697,0.9048547390046244,0.0974212270230054,1.0,0.0,12.264003228396176,935.0,0.9597726182494012,11.0,min_freq_conf,['None'],"['nap', 'rtp']",0.8,21.0,1.0,PROB_LEN_DIST,1.0,,1.0,77090508450172428794642679151270518728_eps3_s0,,0.001,7.709050845017243e+37,42.0,5.0,BPI2013_Incidents,1.2
66.04440128803253,0.868109877553979,0.7768225544095461,0.0208160442600276,0.7332444544734552,13.208880257606506,14418615.986520007,1.039934927597642,0.3882978779225475,0.4179948003420081,0.751134075249748,13.024059321731327,1.6485420130193231,0.5760719225449515,119.0,0.8234293483476101,0.9113300233714748,0.0983682591468095,1.0,0.0,30.44781786389649,935.0,0.9665385396370216,7.0,min_freq_conf,['None'],"['nap', 'rtp']",0.8,21.0,1.0,PROB_LEN_DIST,1.0,,1.0,77090508450172428794642679151270518728_eps2_s0,,0.001,7.709050845017243e+37,42.0,5.0,BPI2013_Incidents,1.2
66.04440128803253,0.8682438992498204,0.7665996405104426,0.0219925808161102,0.7045315105781181,13.208880257606506,14418570.442321084,1.039934927597642,0.3435075174412396,0.4219439380393611,0.7320535279775126,10.789323009550571,1.6235623192042112,0.5708134605193429,126.0,0.8204386885489263,0.9108560723673772,0.0999213848263025,1.0,0.0,19.81751910597086,927.0,0.9658610956259408,7.0,min_freq_conf,['None'],"['nap', 'rtp']",0.8,21.0,1.0,PROB_LEN_DIST,1.0,,1.0,77090508450172428794642679151270518728_eps2_s0,,0.001,7.709050845017243e+37,42.0,5.0,BPI2013_Incidents,1.2
66.04440128803253,0.8731413387320531,0.7817013290030856,0.0251990308065074,0.7361890131262151,13.208880257606506,14418537.78497009,1.039934927597642,0.337288671818491,0.403365314370844,0.75533227803822,13.34297644533217,1.6448266431689262,0.5708549671166494,126.0,0.8277597606656666,0.9147908014586636,0.094746233895421,1.0,0.0,30.99050034955144,938.0,0.9678477544160772,7.0,min_freq_conf,['None'],"['nap', 'rtp']",0.8,21.0,1.0,PROB_LEN_DIST,1.0,,1.0,77090508450172428794642679151270518728_eps2_s0,,0.001,7.709050845017243e+37,42.0,5.0,BPI2013_Incidents,1.2
66.04440128803253,0.879976462858258,0.7874024356484189,0.0213791657933347,0.7255182234579601,13.208880257606506,14418491.398182316,1.039934927597642,0.3419718591289878,0.3969404905973995,0.7539139279708609,10.562971409410238,1.6541580762714148,0.5790540068469224,126.0,0.8377721689137682,0.9190217384970084,0.0978732611984014,1.0,0.0,21.161492977291346,939.0,0.9687261379663606,7.0,min_freq_conf,['None'],"['nap', 'rtp']",0.8,21.0,1.0,PROB_LEN_DIST,1.0,,1.0,77090508450172428794642679151270518728_eps2_s0,,0.001,7.709050845017243e+37,42.0,5.0,BPI2013_Incidents,1.2
66.04440128803253,0.8713519953139603,0.780558464496075,0.0238949434779665,0.7275623617579946,13.208880257606506,14418457.59892279,1.039934927597642,0.3729936966086051,0.4007190242040427,0.750823550603484,12.321528857573869,1.686197366565466,0.5757124483855682,126.0,0.8290070624537678,0.9131179651186832,0.0989640653133392,1.0,0.0,24.85149319283664,935.0,0.9657502282112386,7.0,min_freq_conf,['None'],"['nap', 'rtp']",0.8,21.0,1.0,PROB_LEN_DIST,1.0,,1.0,77090508450172428794642679151270518728_eps2_s0,,0.001,7.709050845017243e+37,42.0,5.0,BPI2013_Incidents,1.2
66.04440128803253,0.8885464885949188,0.8129549986040058,0.0208160442600276,0.7684405716818608,13.208880257606506,14418418.31124646,1.039934927597642,0.3210654023909048,0.3697134272924035,0.7880878055931644,15.641829423606396,1.5471222419291737,0.6113416320885201,119.0,0.8518663684478114,0.9236510737176116,0.0986865125596523,1.0,0.0,41.99712693691254,935.0,0.9622098786821316,5.0,min_freq_conf,['None'],"['nap', 'rtp']",0.8,21.0,1.0,PROB_LEN_DIST,1.0,,1.0,77090508450172428794642679151270518728_eps1_s0,,0.001,7.709050845017243e+37,42.0,5.0,BPI2013_Incidents,1.2
66.04440128803253,0.8777773141308378,0.7828426281946224,0.0219925808161102,0.7190865638556393,13.208880257606506,14418358.700655453,1.039934927597642,0.2751287660235896,0.4038089741178107,0.7482180101799765,11.844967240467668,1.5694887172430754,0.6066507684154743,126.0,0.8342766329498316,0.9174052488623508,0.0977824218571186,1.0,0.0,24.47577907890081,927.0,0.9605497072323614,5.0,min_freq_conf,['None'],"['nap', 'rtp']",0.8,21.0,1.0,PROB_LEN_DIST,1.0,,1.0,77090508450172428794642679151270518728_eps1_s0,,0.001,7.709050845017243e+37,42.0,5.0,BPI2013_Incidents,1.2
66.04440128803253,0.8967112195588639,0.8202447084472637,0.0251990308065074,0.7737058884828835,13.208880257606506,14418320.386102704,1.039934927597642,0.2665578210817402,0.3531969667270532,0.7946619749957606,16.366462530568242,1.585686469450593,0.6083073727933541,126.0,0.8591358669022054,0.9299182275500302,0.0979105625301599,1.0,0.0,41.93390436284244,938.0,0.9649043168815808,5.0,min_freq_conf,['None'],"['nap', 'rtp']",0.8,21.0,1.0,PROB_LEN_DIST,1.0,,1.0,77090508450172428794642679151270518728_eps1_s0,,0.001,7.709050845017243e+37,42.0,5.0,BPI2013_Incidents,1.2
66.04440128803253,0.8977905582819792,0.8116751469790995,0.0213791657933347,0.7451767911775123,13.208880257606506,14418260.068856783,1.039934927597642,0.269842257587442,0.3639450021010889,0.7768015817938704,11.655057571828364,1.6084404177963734,0.6127296862991686,126.0,0.8580257423875514,0.9308132006008736,0.0912781152874231,1.0,0.0,27.32064300775528,939.0,0.965290002220222,5.0,min_freq_conf,['None'],"['nap', 'rtp']",0.8,21.0,1.0,PROB_LEN_DIST,1.0,,1.0,77090508450172428794642679151270518728_eps1_s0,,0.001,7.709050845017243e+37,42.0,5.0,BPI2013_Incidents,1.2
66.04440128803253,0.8759132511882738,0.7861907719770869,0.0238949434779665,0.732074024760692,13.208880257606506,14418219.088353632,1.039934927597642,0.2991281425533739,0.3986790865051325,0.7560042069206117,12.257622543722391,1.5731582045555117,0.6091518310431192,126.0,0.8330324038401362,0.9161011446962612,0.0986305121332407,1.0,0.0,27.917023235931996,935.0,0.9598273503634134,5.0,min_freq_conf,['None'],"['nap', 'rtp']",0.8,21.0,1.0,PROB_LEN_DIST,1.0,,1.0,77090508450172428794642679151270518728_eps1_s0,,0.001,7.709050845017243e+37,42.0,5.0,BPI2013_Incidents,1.2
51.61168421432376,0.986635405101193,0.9467582630898436,0.0005434316277207,0.8853759108420169,10.322336842864752,14420118.24287728,2.18576025031507,0.6352309977272199,0.1054748436708633,0.9164440333331376,110.26133780367672,11.078203650191426,0.8333381002774362,159.0,0.9755520682491126,0.991509980799748,0.1198762599378824,1.0,0.0,1938.539018901065,9208.0,0.9968873549115812,3.0,min_freq_conf,['None'],"['nap', 'rtp']",0.8,21.0,1.0,PROB_LEN_DIST,1.0,,1.0,85523003603945323159451978366047131974_eps0_s0,,0.0001,8.552300360394532e+37,42.0,5.0,BPI2012_W,1.2
66.04440128803253,0.9260274848764816,0.8789250924045287,0.0208160442600276,0.8306888551847947,13.208880257606506,14418176.888223153,1.039934927597642,0.3545136061899216,0.3155610430874356,0.8532253575057989,19.367323108017445,1.5375066380947828,0.6952282157676348,119.0,0.9089224661004132,0.948638684516443,0.0935750380158424,1.0,0.0,109.316034398973,935.0,0.9767782994447788,3.0,min_freq_conf,['None'],"['nap', 'rtp']",0.8,21.0,1.0,PROB_LEN_DIST,1.0,,1.0,77090508450172428794642679151270518728_eps0_s0,,0.001,7.709050845017243e+37,42.0,5.0,BPI2013_Incidents,1.2
66.04440128803253,0.9237443857594924,0.8552716387487024,0.0219925808161102,0.7800534287553091,13.208880257606506,14418046.258350397,1.039934927597642,0.3019917671627083,0.3285221438094229,0.8162514999328914,15.018829321488738,1.51868193782866,0.6886592474827768,126.0,0.9000124408764348,0.9474967418328408,0.0981498789042234,1.0,0.0,67.38699502684176,927.0,0.9759524642932746,3.0,min_freq_conf,['None'],"['nap', 'rtp']",0.8,21.0,1.0,PROB_LEN_DIST,1.0,,1.0,77090508450172428794642679151270518728_eps0_s0,,0.001,7.709050845017243e+37,42.0,5.0,BPI2013_Incidents,1.2
66.04440128803253,0.9318650822912404,0.881902377280477,0.0251990308065074,0.8308387940787111,13.208880257606506,14417961.910843195,1.039934927597642,0.2983828917455745,0.2992912366011256,0.855247147899142,19.22834539227188,1.502407407388091,0.690619591554171,126.0,0.9141538476705164,0.952862045935626,0.0911858398467302,1.0,0.0,109.1431346014142,938.0,0.9783546887135388,3.0,min_freq_conf,['None'],"['nap', 'rtp']",0.8,21.0,1.0,PROB_LEN_DIST,1.0,,1.0,77090508450172428794642679151270518728_eps0_s0,,0.001,7.709050845017243e+37,42.0,5.0,BPI2013_Incidents,1.2
66.04440128803253,0.9315063798257744,0.8668927836273589,0.0213791657933347,0.7924789541126224,13.208880257606506,14417831.638647769,1.039934927597642,0.2990469060039059,0.311689538229414,0.8286264582356092,13.92015442624688,1.5797051917761564,0.6919583595332914,126.0,0.9101300066532496,0.9531256299188304,0.0983327571302652,1.0,0.0,67.84992402978241,939.0,0.9785540434175436,3.0,min_freq_conf,['None'],"['nap', 'rtp']",0.8,21.0,1.0,PROB_LEN_DIST,1.0,,1.0,77090508450172428794642679151270518728_eps0_s0,,0.001,7.709050845017243e+37,42.0,5.0,BPI2013_Incidents,1.2
66.04440128803253,0.9213999599783872,0.8621589679865567,0.0238949434779665,0.7997716721719613,13.208880257606506,14417747.858777905,1.039934927597642,0.3262084220643357,0.3224835286851241,0.82957901835301,16.138190193101764,1.6389996241778135,0.6881472957422324,126.0,0.9005607066261754,0.9451736117735606,0.1038677878677845,1.0,0.0,79.37768849171698,935.0,0.9748123946457582,3.0,min_freq_conf,['None'],"['nap', 'rtp']",0.8,21.0,1.0,PROB_LEN_DIST,1.0,,1.0,77090508450172428794642679151270518728_eps0_s0,,0.001,7.709050845017243e+37,42.0,5.0,BPI2013_Incidents,1.2
68.58961171656847,0.8114214971072481,0.6378770868185231,0.0026970954356846,0.5922494514829393,13.717922343313694,14417319.488562264,1.0485257133841517,0.3281915429498296,0.5599427945201001,0.6049243788103329,3.436386216431856,11.778249172493815,0.6257952973720609,119.0,0.7299170305679896,0.8797755525478778,0.096449039876461,1.0,0.0,15.152433287352324,7733.0,0.9493139452462108,21.0,min_freq_conf,['None'],"['nap', 'rtp']",0.8,21.0,1.0,PROB_LEN_DIST,1.0,,1.0,198450485312529325908087794400801505691_eps5_s0,,0.0001,1.9845048531252932e+38,42.0,5.0,BPI2013_Incidents,1.2
68.58961171656847,0.8150467790097007,0.6482396229423885,0.0029809220985691,0.5946449645721253,13.717922343313694,14417288.697524007,1.0485257133841517,0.3486328881944195,0.538869988323427,0.6137431801060609,3.853450074791908,12.034104811027646,0.6255299417064123,126.0,0.7353043991913049,0.8816351612890186,0.0981554742902517,1.0,0.0,15.593163626268506,7766.0,0.9499801310755044,21.0,min_freq_conf,['None'],"['nap', 'rtp']",0.8,21.0,1.0,PROB_LEN_DIST,1.0,,1.0,198450485312529325908087794400801505691_eps5_s0,,0.0001,1.9845048531252932e+38,42.0,5.0,BPI2013_Incidents,1.2
68.58961171656847,0.8205704496997572,0.6610149433974065,0.0024229837313949,0.6133458013648081,13.717922343313694,14417256.796062954,1.0485257133841517,0.3533588245714148,0.5489360867169812,0.6282312303519892,4.061646969988942,11.717062454670668,0.629975770162686,126.0,0.7454866912234043,0.8855664727814125,0.0912853106856346,1.0,0.0,19.94503702968359,7751.0,0.9521161974060812,21.0,min_freq_conf,['None'],"['nap', 'rtp']",0.8,21.0,1.0,PROB_LEN_DIST,1.0,,1.0,198450485312529325908087794400801505691_eps5_s0,,0.0001,1.9845048531252932e+38,42.0,5.0,BPI2013_Incidents,1.2
68.58961171656847,0.8172665677131882,0.6480945772098652,0.0027946621952071,0.589060286292315,13.717922343313694,14417220.6702836,1.0485257133841517,0.3537860462873085,0.5677468002314324,0.6076824990364834,3.1602685637772083,12.275132337585092,0.6364144484035492,126.0,0.7377133032840513,0.8836228734936448,0.0927208177745342,1.0,0.0,14.656675962731242,8015.0,0.95132100122097,21.0,min_freq_conf,['None'],"['nap', 'rtp']",0.8,21.0,1.0,PROB_LEN_DIST,1.0,,1.0,198450485312529325908087794400801505691_eps5_s0,,0.0001,1.9845048531252932e+38,42.0,5.0,BPI2013_Incidents,1.2
68.58961171656847,0.8107364202204982,0.631058194391683,0.0018276585663033,0.577645545630945,13.717922343313694,14417190.172978124,1.0485257133841517,0.3887681137154852,0.5620721642147052,0.5933070071197742,2.9811641443520784,12.123845165595412,0.6334529208691532,126.0,0.7232741011905308,0.8790765351565153,0.0965618733316659,1.0,0.0,13.47032679989934,7795.0,0.9495243641544636,21.0,min_freq_conf,['None'],"['nap', 'rtp']",0.8,21.0,1.0,PROB_LEN_DIST,1.0,,1.0,198450485312529325908087794400801505691_eps5_s0,,0.0001,1.9845048531252932e+38,42.0,5.0,BPI2013_Incidents,1.2
68.58961171656847,0.8096643805625466,0.6328658144760153,0.0026970954356846,0.5841991460647695,13.717922343313694,14417161.180263808,1.0485257133841517,0.3207200162475779,0.5491924438028053,0.5981499617755618,3.610471161082387,10.767298875376582,0.6170816044260028,119.0,0.7270638132772531,0.8786707373764141,0.0955711174756288,1.0,0.0,15.436285687610509,7733.0,0.9488329595410848,17.0,min_freq_conf,['None'],"['nap', 'rtp']",0.8,21.0,1.0,PROB_LEN_DIST,1.0,,1.0,198450485312529325908087794400801505691_eps4_s0,,0.0001,1.9845048531252932e+38,42.0,5.0,BPI2013_Incidents,1.2
68.58961171656847,0.8114261882574804,0.6409684038370008,0.0029809220985691,0.5869915193517267,13.717922343313694,14417130.95558134,1.0485257133841517,0.3393374189931121,0.5286219942193596,0.6062612566897739,4.037126587703824,11.466785626485944,0.6146661367249603,126.0,0.7299247869427549,0.8792124643659319,0.0965541955083608,1.0,0.0,15.197382209822536,7766.0,0.9487354750820272,17.0,min_freq_conf,['None'],"['nap', 'rtp']",0.8,21.0,1.0,PROB_LEN_DIST,1.0,,1.0,198450485312529325908087794400801505691_eps4_s0,,0.0001,1.9845048531252932e+38,42.0,5.0,BPI2013_Incidents,1.2
68.58961171656847,0.8194291087266461,0.6583226651233879,0.0024229837313949,0.6102168758073487,13.717922343313694,14417099.840106811,1.0485257133841517,0.3434322063130747,0.5383148360281855,0.625428533531359,4.1392030250281096,10.798518143594263,0.6195915541709934,126.0,0.7438178670359177,0.8846741928225456,0.0922123454511165,1.0,0.0,22.43658322840929,7751.0,0.9516659752966512,17.0,min_freq_conf,['None'],"['nap', 'rtp']",0.8,21.0,1.0,PROB_LEN_DIST,1.0,,1.0,198450485312529325908087794400801505691_eps4_s0,,0.0001,1.9845048531252932e+38,42.0,5.0,BPI2013_Incidents,1.2
68.58961171656847,0.8182574207855969,0.6587206713714656,0.0027946621952071,0.607898033391429,13.717922343313694,14417062.066572305,1.0485257133841517,0.343628760630183,0.5354888594866416,0.625053413819704,4.0410616882145405,11.496628263965247,0.6252357996227206,126.0,0.739647315230728,0.884246919885018,0.0936453193426132,1.0,0.0,18.65790251083672,8015.0,0.9515378914486432,17.0,min_freq_conf,['None'],"['nap', 'rtp']",0.8,21.0,1.0,PROB_LEN_DIST,1.0,,1.0,198450485312529325908087794400801505691_eps4_s0,,0.0001,1.9845048531252932e+38,42.0,5.0,BPI2013_Incidents,1.2
68.58961171656847,0.810368498517678,0.635325971817934,0.0018276585663033,0.584321174902689,13.717922343313694,14417027.474951057,1.0485257133841517,0.3803318033016277,0.5413080654280301,0.6003290382446451,3.859884617850184,11.29078278876841,0.6258038313138834,126.0,0.7229421710395285,0.8785891584850214,0.0983758028596639,1.0,0.0,16.022631403058767,7795.0,0.9491042192127924,17.0,min_freq_conf,['None'],"['nap', 'rtp']",0.8,21.0,1.0,PROB_LEN_DIST,1.0,,1.0,198450485312529325908087794400801505691_eps4_s0,,0.0001,1.9845048531252932e+38,42.0,5.0,BPI2013_Incidents,1.2
68.58961171656847,0.7914634660851487,0.5840387097375421,0.0026970954356846,0.5287038113066413,13.717922343313694,14416995.89684382,1.0485257133841517,0.2817335314576871,0.5130177290630901,0.5434101871450598,3.154069935902953,9.475721457973124,0.5602351313969571,119.0,0.6983846325972095,0.8670288022531961,0.0939322169870138,1.0,0.0,11.594939291477203,7733.0,0.9423874948859504,11.0,min_freq_conf,['None'],"['nap', 'rtp']",0.8,21.0,1.0,PROB_LEN_DIST,1.0,,1.0,198450485312529325908087794400801505691_eps3_s0,,0.0001,1.9845048531252932e+38,42.0,5.0,BPI2013_Incidents,1.2
68.58961171656847,0.7953895278013463,0.5905732078852445,0.0029809220985691,0.5222187405163322,13.717922343313694,14416971.267706804,1.0485257133841517,0.2933951521908607,0.4970239710177508,0.5451059072469949,3.947765301913023,9.789754657074807,0.5575649178590355,126.0,0.7039909547165033,0.8683921693953136,0.0968883372843265,1.0,0.0,12.43049531430006,7766.0,0.941890588862638,11.0,min_freq_conf,['None'],"['nap', 'rtp']",0.8,21.0,1.0,PROB_LEN_DIST,1.0,,1.0,198450485312529325908087794400801505691_eps3_s0,,0.0001,1.9845048531252932e+38,42.0,5.0,BPI2013_Incidents,1.2
68.58961171656847,0.8195070504039103,0.6490349769890265,0.0024229837313949,0.5966804712779897,13.717922343313694,14416944.687511642,1.0485257133841517,0.3057853296337433,0.4782478841401277,0.6123265187099837,5.4813535660505295,9.669113701209426,0.5615784008307373,126.0,0.7425071658987981,0.8851034590246574,0.0924440398812294,1.0,0.0,29.743870075792078,7751.0,0.9505900314051348,11.0,min_freq_conf,['None'],"['nap', 'rtp']",0.8,21.0,1.0,PROB_LEN_DIST,1.0,,1.0,198450485312529325908087794400801505691_eps3_s0,,0.0001,1.9845048531252932e+38,42.0,5.0,BPI2013_Incidents,1.2
68.58961171656847,0.8001522369611589,0.6075147631941796,0.0027946621952071,0.5303468027123288,13.717922343313694,14416899.393443836,1.0485257133841517,0.3007354520225249,0.5132027480292569,0.5562364437320682,3.589464273303747,10.079042062163351,0.5677356249563335,126.0,0.7084429103938903,0.8724897324125662,0.0901507847011089,1.0,0.0,13.222911903634667,8015.0,0.944771276496442,11.0,min_freq_conf,['None'],"['nap', 'rtp']",0.8,21.0,1.0,PROB_LEN_DIST,1.0,,1.0,198450485312529325908087794400801505691_eps3_s0,,0.0001,1.9845048531252932e+38,42.0,5.0,BPI2013_Incidents,1.2
68.58961171656847,0.8011779353749443,0.621415174703676,0.0018276585663033,0.5712549713848785,13.717922343313694,14416872.091457166,1.0485257133841517,0.3348387185933703,0.4699929645152752,0.5882322215675072,5.879367116838694,10.1113112680614,0.5798416029242537,126.0,0.7104558497215996,0.8717187120036575,0.0998651478439569,1.0,0.0,22.693343499675397,7795.0,0.945134172599954,11.0,min_freq_conf,['None'],"['nap', 'rtp']",0.8,21.0,1.0,PROB_LEN_DIST,1.0,,1.0,198450485312529325908087794400801505691_eps3_s0,,0.0001,1.9845048531252932e+38,42.0,5.0,BPI2013_Incidents,1.2
68.58961171656847,0.7971142661254093,0.6088239812628069,0.0026970954356846,0.5664086915900592,13.717922343313694,14416832.990804432,1.0485257133841517,0.2369656948798557,0.3599163126539543,0.5826340816327654,8.318595226854086,8.879637451842427,0.4584370677731673,119.0,0.696610134620411,0.8607153099991868,0.0937694925814867,1.0,0.0,38.59425421990454,7733.0,0.9415326856282888,7.0,min_freq_conf,['None'],"['nap', 'rtp']",0.8,21.0,1.0,PROB_LEN_DIST,1.0,,1.0,198450485312529325908087794400801505691_eps2_s0,,0.0001,1.9845048531252932e+38,42.0,5.0,BPI2013_Incidents,1.2
68.58961171656847,0.7562705648775351,0.50120694964093,0.0029809220985691,0.4540651142960538,13.717922343313694,14416776.810557,1.0485257133841517,0.2341356454315634,0.4145749850476038,0.4711342190258181,4.375760588794947,9.146934874355791,0.4650238473767885,126.0,0.6324355320214251,0.8324539012179011,0.090859180316329,1.0,0.0,12.565204583108423,7766.0,0.9292198534869958,7.0,min_freq_conf,['None'],"['nap', 'rtp']",0.8,21.0,1.0,PROB_LEN_DIST,1.0,,1.0,198450485312529325908087794400801505691_eps2_s0,,0.0001,1.9845048531252932e+38,42.0,5.0,BPI2013_Incidents,1.2
68.58961171656847,0.7613212446152027,0.4937893918773778,0.0024229837313949,0.4438797207346941,13.717922343313694,14416750.31530677,1.0485257133841517,0.2517016878768567,0.4200684898020603,0.4559293385636092,3.745673703029752,8.906104816123843,0.4483904465212876,126.0,0.6422502891221522,0.8370491282304708,0.0910278037190437,1.0,0.0,13.44499633461237,7751.0,0.9308302295380152,7.0,min_freq_conf,['None'],"['nap', 'rtp']",0.8,21.0,1.0,PROB_LEN_DIST,1.0,,1.0,198450485312529325908087794400801505691_eps2_s0,,0.0001,1.9845048531252932e+38,42.0,5.0,BPI2013_Incidents,1.2
68.58961171656847,0.7545796137141234,0.5111341660676737,0.0027946621952071,0.4705594901592024,13.717922343313694,14416723.822470369,1.0485257133841517,0.2588578579476838,0.4416286097125677,0.4846780021681072,3.650297040119767,9.26132083684206,0.4943757423321456,126.0,0.6204184268026218,0.8358700959758816,0.0939245708286762,1.0,0.0,12.8210302721709,8015.0,0.933512282989118,7.0,min_freq_conf,['None'],"['nap', 'rtp']",0.8,21.0,1.0,PROB_LEN_DIST,1.0,,1.0,198450485312529325908087794400801505691_eps2_s0,,0.0001,1.9845048531252932e+38,42.0,5.0,BPI2013_Incidents,1.2
68.58961171656847,0.7595307591493172,0.552297120479036,0.0018276585663033,0.5056664711543957,13.717922343313694,14416697.67788303,1.0485257133841517,0.265903057666759,0.3806504586639535,0.5230232714426519,5.852615332230926,9.24637696146965,0.4475055845122859,126.0,0.6509980518785645,0.83405141337844,0.0982422642409801,1.0,0.0,31.02193208783865,7795.0,0.9236624204741456,7.0,min_freq_conf,['None'],"['nap', 'rtp']",0.8,21.0,1.0,PROB_LEN_DIST,1.0,,1.0,198450485312529325908087794400801505691_eps2_s0,,0.0001,1.9845048531252932e+38,42.0,5.0,BPI2013_Incidents,1.2
68.58961171656847,0.7229122725103194,0.4890469257169536,0.0026970954356846,0.4552114343194712,13.717922343313694,14416651.15500506,1.0485257133841517,0.2319953160170263,0.4399719343017699,0.466865429826035,3.394232429563999,8.728013098239899,0.2728907330567081,119.0,0.5808313404722605,0.8091029395209148,0.0996434353291988,1.0,0.0,13.611840590834618,7733.0,0.905837393690476,5.0,min_freq_conf,['None'],"['nap', 'rtp']",0.8,21.0,1.0,PROB_LEN_DIST,1.0,,1.0,198450485312529325908087794400801505691_eps1_s0,,0.0001,1.9845048531252932e+38,42.0,5.0,BPI2013_Incidents,1.2
68.58961171656847,0.7156960126919963,0.5016433211059058,0.0029809220985691,0.4563432341228967,13.717922343313694,14416625.00860692,1.0485257133841517,0.1838188426251026,0.4324016820465661,0.4727172071677539,3.3886359967291355,8.970805577933788,0.2956412294647589,126.0,0.607662761800087,0.8035017275508664,0.0959596410393714,1.0,0.0,13.83569267578423,7766.0,0.8942907381311258,5.0,min_freq_conf,['None'],"['nap', 'rtp']",0.8,21.0,1.0,PROB_LEN_DIST,1.0,,1.0,198450485312529325908087794400801505691_eps1_s0,,0.0001,1.9845048531252932e+38,42.0,5.0,BPI2013_Incidents,1.2
68.58961171656847,0.7345905983170882,0.4899233727664984,0.0024229837313949,0.4495878802350412,13.717922343313694,14416598.411459155,1.0485257133841517,0.2105326912993784,0.4319846178937861,0.461235212959349,3.37360199727118,8.733662571758032,0.3336794738663897,126.0,0.6049492991510443,0.8264322460365181,0.0942361429333686,1.0,0.0,15.593136731535196,7751.0,0.9123576976338852,5.0,min_freq_conf,['None'],"['nap', 'rtp']",0.8,21.0,1.0,PROB_LEN_DIST,1.0,,1.0,198450485312529325908087794400801505691_eps1_s0,,0.0001,1.9845048531252932e+38,42.0,5.0,BPI2013_Incidents,1.2
68.58961171656847,0.7070323782899488,0.4880088636071963,0.0027946621952071,0.4515762765614402,13.717922343313694,14416570.300052743,1.0485257133841517,0.2001957070632162,0.4396985193592722,0.4644435081423189,3.3139774091541767,9.267477026209235,0.2522881296723258,126.0,0.5683126940982358,0.7998938128179253,0.0967281199991703,1.0,0.0,13.22840649075806,8015.0,0.901173205675551,5.0,min_freq_conf,['None'],"['nap', 'rtp']",0.8,21.0,1.0,PROB_LEN_DIST,1.0,,1.0,198450485312529325908087794400801505691_eps1_s0,,0.0001,1.9845048531252932e+38,42.0,5.0,BPI2013_Incidents,1.2
1007.369895869866,0.8761611630331615,0.6535906443956613,2.8114369254125783e-05,0.5178988576072112,201.4739791739732,14416832.174382923,2.4639344420284037,0.5738138462529062,0.4724611424915603,0.5636317720323275,11.698855752125382,131.75231735035777,0.6665073519075599,99.0,0.7968395225758602,0.9193243024966388,0.1377018149942159,1.0,0.0,165.9045249223709,233482.0,0.9594032873328306,21.0,min_freq_conf,['None'],"['nap', 'rtp']",0.8,21.0,1.0,PROB_LEN_DIST,1.0,,1.0,85786624389934247284509876354467652603_eps5_s0,,1e-10,8.578662438993424e+37,42.0,5.0,BPI2012_C,1.2
68.58961171656847,0.718959541993811,0.529334103619485,0.0018276585663033,0.4843476899666927,13.717922343313694,14416544.08298872,1.0485257133841517,0.1910903746771129,0.3825185056520633,0.5008114302140784,5.291978161782026,9.189454067498446,0.2346848981249576,126.0,0.6047762396837643,0.8037283371808277,0.0986921656876802,1.0,0.0,26.64448945038021,7795.0,0.9051741969469622,5.0,min_freq_conf,['None'],"['nap', 'rtp']",0.8,21.0,1.0,PROB_LEN_DIST,1.0,,1.0,198450485312529325908087794400801505691_eps1_s0,,0.0001,1.9845048531252932e+38,42.0,5.0,BPI2013_Incidents,1.2
1007.369895869866,0.8763750286504645,0.6544606958918399,2.8624588521540003e-05,0.5195201549854002,201.4739791739732,14416522.36769919,2.4639344420284037,0.572952483238442,0.4753306317952901,0.5638174454594287,11.602332156151531,125.14663269929588,0.6767711464147703,99.0,0.7958268679485594,0.920870873014264,0.1316928844898939,1.0,0.0,161.79251014441252,232712.0,0.9605068162227852,21.0,min_freq_conf,['None'],"['nap', 'rtp']",0.8,21.0,1.0,PROB_LEN_DIST,1.0,,1.0,85786624389934247284509876354467652603_eps5_s0,,1e-10,8.578662438993424e+37,42.0,5.0,BPI2012_C,1.2
1007.369895869866,0.877752452173199,0.6531029293943037,5.55926173004225e-05,0.5150500200162756,201.4739791739732,14416223.383636829,2.4639344420284037,0.5725912424382478,0.4690364389719152,0.5611334669392221,12.191621489822865,129.835474986583,0.6623026462085835,91.0,0.7976968434237768,0.9205325011581906,0.121290773153305,1.0,0.0,174.87453346699476,232457.0,0.9598878454411844,21.0,min_freq_conf,['None'],"['nap', 'rtp']",0.8,21.0,1.0,PROB_LEN_DIST,1.0,,1.0,85786624389934247284509876354467652603_eps5_s0,,1e-10,8.578662438993424e+37,42.0,5.0,BPI2012_C,1.2
68.58961171656847,0.9349388720685536,0.8937294032342258,0.0026970954356846,0.8462608962536723,13.717922343313694,14416502.517851995,1.0485257133841517,0.2878965827984774,0.3257892169110208,0.8687284671557706,19.275543877854943,8.474974881857634,0.7053250345781467,119.0,0.9213309990936902,0.954228690766722,0.0902713295072317,1.0,0.0,582.3732223846018,7733.0,0.9795977990151956,3.0,min_freq_conf,['None'],"['nap', 'rtp']",0.8,21.0,1.0,PROB_LEN_DIST,1.0,,1.0,198450485312529325908087794400801505691_eps0_s0,,0.0001,1.9845048531252932e+38,42.0,5.0,BPI2013_Incidents,1.2
1007.369895869866,0.8807581461761818,0.6634169165437173,0.0,0.5252235522808604,201.4739791739732,14415906.027887864,2.4639344420284037,0.5741912048204852,0.4769051155460798,0.5724267334259526,12.312985183671117,124.6493115387857,0.6701212851180639,99.0,0.803646164989612,0.922903140777702,0.1191384103149175,1.0,0.0,163.40561580099163,232891.0,0.9608571591187722,21.0,min_freq_conf,['None'],"['nap', 'rtp']",0.8,21.0,1.0,PROB_LEN_DIST,1.0,,1.0,85786624389934247284509876354467652603_eps5_s0,,1e-10,8.578662438993424e+37,42.0,5.0,BPI2012_C,1.2
51.61168421432376,0.9854909681508496,0.9478793662321106,0.0010761823845935,0.8952353926680757,10.322336842864752,14418057.90823238,2.18576025031507,0.6305162990253516,0.0954768465265544,0.9217714019165604,128.13226743228734,11.02067806199193,0.8303879920702351,159.0,0.9745575455014344,0.990633764343382,0.1158020533621311,1.0,0.0,2326.685210091993,9244.0,0.9965471820970788,3.0,min_freq_conf,['None'],"['nap', 'rtp']",0.8,21.0,1.0,PROB_LEN_DIST,1.0,,1.0,85523003603945323159451978366047131974_eps0_s0,,0.0001,8.552300360394532e+37,42.0,5.0,BPI2012_W,1.2
68.58961171656847,0.9312032079748722,0.8684546090936108,0.0029809220985691,0.7940549448951129,13.717922343313694,14415891.978843125,1.0485257133841517,0.3068766533945753,0.3393268120505999,0.8301445712497075,15.261647656559944,8.795690512284636,0.6977344992050875,126.0,0.9106410824394632,0.9522410322721544,0.0962064675986766,1.0,0.0,363.57164375670254,7766.0,0.97845102330525,3.0,min_freq_conf,['None'],"['nap', 'rtp']",0.8,21.0,1.0,PROB_LEN_DIST,1.0,,1.0,198450485312529325908087794400801505691_eps0_s0,,0.0001,1.9845048531252932e+38,42.0,5.0,BPI2013_Incidents,1.2
1007.369895869866,0.8801511488624187,0.6624538978060376,5.647803004631199e-05,0.5263762941813218,201.4739791739732,14415605.234228056,2.4639344420284037,0.5733965214039382,0.4769395579836377,0.5716061760742231,12.259215435013177,124.81374358944596,0.6735287473172936,99.0,0.8033331936119047,0.9222378034086616,0.1181716248393058,1.0,0.0,174.92683723010123,231687.0,0.9605563022736362,21.0,min_freq_conf,['None'],"['nap', 'rtp']",0.8,21.0,1.0,PROB_LEN_DIST,1.0,,1.0,85786624389934247284509876354467652603_eps5_s0,,1e-10,8.578662438993424e+37,42.0,5.0,BPI2012_C,1.2
1007.369895869866,0.876670802618786,0.6533808663849315,2.8114369254125783e-05,0.5170487974439001,201.4739791739732,14415292.802421816,2.4639344420284037,0.5602613194899995,0.4753211041533354,0.5601679149199168,12.70996405556798,105.62519644014536,0.6708088504034412,99.0,0.7960931239440461,0.9216347105745484,0.1174932923167944,1.0,0.0,153.88452249206605,233482.0,0.9607669345680102,17.0,min_freq_conf,['None'],"['nap', 'rtp']",0.8,21.0,1.0,PROB_LEN_DIST,1.0,,1.0,85786624389934247284509876354467652603_eps4_s0,,1e-10,8.578662438993424e+37,42.0,5.0,BPI2012_C,1.2
68.58961171656847,0.9435925842004776,0.9003225814736787,0.0024229837313949,0.8499853620871518,13.717922343313694,14415503.935992472,1.0485257133841517,0.3059477083218877,0.3128950125809797,0.8743391333545509,19.13083073869348,8.597539708018303,0.7031498788508135,126.0,0.9295692240108276,0.960716623836306,0.0924708899110555,1.0,0.0,584.4555427301675,7751.0,0.9824076205790514,3.0,min_freq_conf,['None'],"['nap', 'rtp']",0.8,21.0,1.0,PROB_LEN_DIST,1.0,,1.0,198450485312529325908087794400801505691_eps0_s0,,0.0001,1.9845048531252932e+38,42.0,5.0,BPI2013_Incidents,1.2
1007.369895869866,0.8795524952618148,0.6624041650105846,2.8624588521540003e-05,0.5287388351517242,201.4739791739732,14415020.143706895,2.4639344420284037,0.5575344122672975,0.478442467711378,0.5749458770058107,13.361948331817985,104.61420718207955,0.6726492056676685,99.0,0.8008772232072461,0.9234385035212548,0.1189619228243827,1.0,0.0,158.74157941527665,232712.0,0.9613282288069128,17.0,min_freq_conf,['None'],"['nap', 'rtp']",0.8,21.0,1.0,PROB_LEN_DIST,1.0,,1.0,85786624389934247284509876354467652603_eps4_s0,,1e-10,8.578662438993424e+37,42.0,5.0,BPI2012_C,1.2
68.58961171656847,0.9408498345435968,0.8825021930014156,0.0027946621952071,0.8083385709270362,13.717922343313694,14414891.349696416,1.0485257133841517,0.3050213591556618,0.3225842531253036,0.8445099559906211,14.323794888332486,8.83163121342659,0.7020890099909174,126.0,0.9228213664123642,0.959295767423712,0.1012951638549566,1.0,0.0,387.9838243499398,8015.0,0.9817830312290337,3.0,min_freq_conf,['None'],"['nap', 'rtp']",0.8,21.0,1.0,PROB_LEN_DIST,1.0,,1.0,198450485312529325908087794400801505691_eps0_s0,,0.0001,1.9845048531252932e+38,42.0,5.0,BPI2013_Incidents,1.2
1007.369895869866,0.8784423902266969,0.6611471628756481,5.55926173004225e-05,0.5249701292134007,201.4739791739732,14414743.001205696,2.4639344420284037,0.5624727656634988,0.4743089627147339,0.5715257614273184,13.694931991398336,107.20648944936691,0.6819268401156326,91.0,0.7998232524533947,0.9232250708399004,0.1193465124815702,1.0,0.0,160.76354791596532,232457.0,0.9619848190049398,17.0,min_freq_conf,['None'],"['nap', 'rtp']",0.8,21.0,1.0,PROB_LEN_DIST,1.0,,1.0,85786624389934247284509876354467652603_eps4_s0,,1e-10,8.578662438993424e+37,42.0,5.0,BPI2012_C,1.2
1007.369895869866,0.8812577808505904,0.6659128600392281,0.0,0.5301819473269189,201.4739791739732,14414460.900543127,2.4639344420284037,0.5620568856098684,0.4791368749290106,0.5775688867624345,13.996503930538893,105.00988330505788,0.6719699728298927,99.0,0.8028850739034437,0.924143649116306,0.1167671233415603,1.0,0.0,159.87776464410126,232891.0,0.9612520603541264,17.0,min_freq_conf,['None'],"['nap', 'rtp']",0.8,21.0,1.0,PROB_LEN_DIST,1.0,,1.0,85786624389934247284509876354467652603_eps4_s0,,1e-10,8.578662438993424e+37,42.0,5.0,BPI2012_C,1.2
68.58961171656847,0.9327323610167084,0.8807551393242518,0.0018276585663033,0.8186824890100427,13.717922343313694,14414479.745426811,1.0485257133841517,0.3334859816575024,0.3354203859743239,0.8485181613985889,16.067375579848886,8.727858670055866,0.7010085967643674,126.0,0.9164322604120124,0.9524119049851536,0.1000226344913244,1.0,0.0,437.7917698137462,7795.0,0.9785445288028118,3.0,min_freq_conf,['None'],"['nap', 'rtp']",0.8,21.0,1.0,PROB_LEN_DIST,1.0,,1.0,198450485312529325908087794400801505691_eps0_s0,,0.0001,1.9845048531252932e+38,42.0,5.0,BPI2013_Incidents,1.2
1007.369895869866,0.8832518167725474,0.6662722089348976,5.647803004631199e-05,0.5266769596220136,201.4739791739732,14414181.589262867,2.4639344420284037,0.5611528195036524,0.4813448572163615,0.5744986571258522,13.659638430923223,103.72971319034696,0.6815203885688467,99.0,0.8056375493528227,0.9254463488577316,0.1192748378962278,1.0,0.0,156.54577245004475,231687.0,0.9627097899921536,17.0,min_freq_conf,['None'],"['nap', 'rtp']",0.8,21.0,1.0,PROB_LEN_DIST,1.0,,1.0,85786624389934247284509876354467652603_eps4_s0,,1e-10,8.578662438993424e+37,42.0,5.0,BPI2012_C,1.2
1007.369895869866,0.8700917467936622,0.6371560814055623,2.8114369254125783e-05,0.5032892528227497,201.4739791739732,14413907.225769708,2.4639344420284037,0.5784906634485578,0.4634836006033883,0.5492793979372217,12.252441523596644,93.2873325292021,0.666535466276814,99.0,0.7829574275654049,0.9174541500007608,0.1260054633021354,1.0,0.0,133.16647889651358,233482.0,0.9610641048221296,11.0,min_freq_conf,['None'],"['nap', 'rtp']",0.8,21.0,1.0,PROB_LEN_DIST,1.0,,1.0,85786624389934247284509876354467652603_eps3_s0,,1e-10,8.578662438993424e+37,42.0,5.0,BPI2012_C,1.2
1007.369895869866,0.8659531692160477,0.6227229788846415,2.8624588521540003e-05,0.4967844437754876,201.4739791739732,14413668.083111731,2.4639344420284037,0.5636368502117745,0.4528884658822455,0.5389157352704226,12.293140083551409,88.31277629546821,0.6341777586947188,99.0,0.77758500280057,0.9126246449431852,0.120164068415761,1.0,0.0,135.87124906480312,232712.0,0.9592878987460134,11.0,min_freq_conf,['None'],"['nap', 'rtp']",0.8,21.0,1.0,PROB_LEN_DIST,1.0,,1.0,85786624389934247284509876354467652603_eps3_s0,,1e-10,8.578662438993424e+37,42.0,5.0,BPI2012_C,1.2
520.805045440793,0.813793572195257,0.6330809429216914,0.000207468879668,0.5773931043873144,104.1610090881586,14413672.915122136,10.06754018738866,0.3309364992958059,0.555682901546046,0.5949692773055251,3.247560102492571,235.53539208695287,0.6327109266943292,119.0,0.7292925399191376,0.8825232467391031,0.1066373940557241,1.0,0.0,235.9804278742522,174930.0,0.9515589888979804,21.0,min_freq_conf,['None'],"['nap', 'rtp']",0.8,21.0,1.0,PROB_LEN_DIST,1.0,,1.0,263323574929751772136832983559399959090_eps5_s0,,1e-07,2.6332357492975178e+38,42.0,5.0,BPI2013_Incidents,1.2
1007.369895869866,0.8733879811069156,0.6302761248441446,5.55926173004225e-05,0.4956908970153814,201.4739791739732,14413431.178453196,2.4639344420284037,0.5797098902516714,0.4559733596510713,0.5417270744467508,13.04700719192624,92.6799301262945,0.6528519012675117,91.0,0.7875142467285015,0.918287787994682,0.1232286505401134,1.0,0.0,140.00839329883456,232457.0,0.9610891410257596,11.0,min_freq_conf,['None'],"['nap', 'rtp']",0.8,21.0,1.0,PROB_LEN_DIST,1.0,,1.0,85786624389934247284509876354467652603_eps3_s0,,1e-10,8.578662438993424e+37,42.0,5.0,BPI2012_C,1.2
51.61168421432376,0.9866027816807014,0.949559445872634,0.000636149176982,0.8938363042652352,10.322336842864752,14415591.622267967,2.18576025031507,0.6332086331693493,0.0966654028352207,0.922091998277796,136.9801500812173,12.570820074528456,0.8356349563972751,159.0,0.9760451923904834,0.9914329101214384,0.1199498903006315,1.0,0.0,2336.012667387724,9486.0,0.996846866818262,3.0,min_freq_conf,['None'],"['nap', 'rtp']",0.8,21.0,1.0,PROB_LEN_DIST,1.0,,1.0,85523003603945323159451978366047131974_eps0_s0,,0.0001,8.552300360394532e+37,42.0,5.0,BPI2012_W,1.2
1007.369895869866,0.8736155718119161,0.6310508439947055,0.0,0.4996920613066402,201.4739791739732,14413184.99951852,2.4639344420284037,0.5617570290853121,0.4535361904462138,0.542011315563023,13.322029799222946,89.82424005493522,0.6218593316713817,99.0,0.7911666729657013,0.917235252543588,0.1205396335572004,1.0,0.0,138.94642863236368,232891.0,0.9600315200735718,11.0,min_freq_conf,['None'],"['nap', 'rtp']",0.8,21.0,1.0,PROB_LEN_DIST,1.0,,1.0,85786624389934247284509876354467652603_eps3_s0,,1e-10,8.578662438993424e+37,42.0,5.0,BPI2012_C,1.2
520.805045440793,0.8167532582171451,0.6337751038538404,0.0003974562798092,0.5718164823420537,104.1610090881586,14413197.731849564,10.06754018738866,0.3538541096052329,0.5422497946546901,0.5922548374685832,3.6644135899841785,230.00065630860627,0.6193031266560678,126.0,0.7317935573333281,0.8844733296117306,0.1019710749387741,1.0,0.0,235.41642452403903,170029.0,0.9519818230237896,21.0,min_freq_conf,['None'],"['nap', 'rtp']",0.8,21.0,1.0,PROB_LEN_DIST,1.0,,1.0,263323574929751772136832983559399959090_eps5_s0,,1e-07,2.6332357492975178e+38,42.0,5.0,BPI2013_Incidents,1.2
1007.369895869866,0.8693203305898574,0.6318809364958754,5.647803004631199e-05,0.5071607454700792,201.4739791739732,14412942.428447274,2.4639344420284037,0.5804845537406947,0.4677121346712266,0.5495175385026305,11.988279908895493,88.94363190419972,0.6655371060657405,99.0,0.7835466591946137,0.9155171860057983,0.1167153567075729,1.0,0.0,132.9070356078446,231687.0,0.9610095560721637,11.0,min_freq_conf,['None'],"['nap', 'rtp']",0.8,21.0,1.0,PROB_LEN_DIST,1.0,,1.0,85786624389934247284509876354467652603_eps3_s0,,1e-10,8.578662438993424e+37,42.0,5.0,BPI2012_C,1.2
1007.369895869866,0.851948595894462,0.6021418940787888,2.8114369254125783e-05,0.4755985958210678,201.4739791739732,14412708.153686805,2.4639344420284037,0.5271852471319514,0.4278989190722816,0.5181033372839896,12.482702039182186,87.37925534322858,0.5881244904270573,99.0,0.7635601196996539,0.8989537794847511,0.1151878703385591,1.0,0.0,178.2911732569337,233482.0,0.9508765619659886,7.0,min_freq_conf,['None'],"['nap', 'rtp']",0.8,21.0,1.0,PROB_LEN_DIST,1.0,,1.0,85786624389934247284509876354467652603_eps2_s0,,1e-10,8.578662438993424e+37,42.0,5.0,BPI2012_C,1.2
300.1566432211548,0.9841381941025285,0.964323028956088,0.0001474899061595,0.923230479177668,60.03132864423096,14431015.009203266,4.1521161161363125,0.6467008155667536,0.1417503396285085,0.9448864374879132,242.12036179937425,69.42131076194346,0.8312162386386681,178.0,0.979978726775917,0.9872912667202546,0.1366101298481226,1.0,0.0,18411.337420176715,112370.0,0.9934279259621076,3.0,min_freq_conf,['None'],"['nap', 'rtp']",0.8,21.0,1.0,PROB_LEN_DIST,1.0,,1.0,330287721545115267207492079340830799343_eps0_s0,,1e-10,3.3028772154511527e+38,42.0,5.0,BPI2012_Full,1.2
520.805045440793,0.8138804509120349,0.634078850013829,6.922810661128418e-05,0.5779263044247086,104.1610090881586,14412728.22038242,10.06754018738866,0.3498591276274926,0.5530332077826835,0.5956182944826386,3.248843174427748,237.70807045139367,0.6267220491519557,126.0,0.7303144182176604,0.8825489913354071,0.0961941480636596,1.0,0.0,240.5717873685062,174689.0,0.9513934314670014,21.0,min_freq_conf,['None'],"['nap', 'rtp']",0.8,21.0,1.0,PROB_LEN_DIST,1.0,,1.0,263323574929751772136832983559399959090_eps5_s0,,1e-07,2.6332357492975178e+38,42.0,5.0,BPI2013_Incidents,1.2
1007.369895869866,0.8426073474456336,0.5927947677516131,2.8624588521540003e-05,0.4747969838493769,201.4739791739732,14412429.540430434,2.4639344420284037,0.5122001862284195,0.4370093783213868,0.5134816023899197,10.74233560822904,83.47773245163262,0.571318162301417,99.0,0.7512731680462315,0.8922771274375727,0.1134363375604152,1.0,0.0,166.65943280048668,232712.0,0.947254944846324,7.0,min_freq_conf,['None'],"['nap', 'rtp']",0.8,21.0,1.0,PROB_LEN_DIST,1.0,,1.0,85786624389934247284509876354467652603_eps2_s0,,1e-10,8.578662438993424e+37,42.0,5.0,BPI2012_C,1.2
1007.369895869866,0.8473970766791031,0.5971963601386773,5.55926173004225e-05,0.4793355784843841,201.4739791739732,14412168.23357374,2.4639344420284037,0.5272651112469523,0.4368528355165115,0.5182911353631299,11.47218345105648,92.41470772773027,0.5870858350011119,91.0,0.7559409827205207,0.8965135488507358,0.1165434159338474,1.0,0.0,177.36053008027375,232457.0,0.9489576222647912,7.0,min_freq_conf,['None'],"['nap', 'rtp']",0.8,21.0,1.0,PROB_LEN_DIST,1.0,,1.0,85786624389934247284509876354467652603_eps2_s0,,1e-10,8.578662438993424e+37,42.0,5.0,BPI2012_C,1.2
520.805045440793,0.8134751627869032,0.6355101080209764,0.0002095996646405,0.5771022488160027,104.1610090881586,14412246.284866422,10.06754018738866,0.3530378912637779,0.5579372228503281,0.5958908781406113,3.225870616734028,231.21847576461727,0.6287291273667296,126.0,0.7312698324881477,0.88151939084504,0.0989103820174932,1.0,0.0,232.3179570827633,174472.0,0.9507147987868938,21.0,min_freq_conf,['None'],"['nap', 'rtp']",0.8,21.0,1.0,PROB_LEN_DIST,1.0,,1.0,263323574929751772136832983559399959090_eps5_s0,,1e-07,2.6332357492975178e+38,42.0,5.0,BPI2013_Incidents,1.2
1007.369895869866,0.8545366848026626,0.6101449288277525,0.0,0.4914063134395503,201.4739791739732,14411886.56234202,2.4639344420284037,0.5214587897678812,0.4357288021580281,0.531987797023411,11.670778164640067,86.7689194213599,0.5967900058821882,99.0,0.7657823668297049,0.9006825358904875,0.1201141308993101,1.0,0.0,185.2086245696992,232891.0,0.9518176686071006,7.0,min_freq_conf,['None'],"['nap', 'rtp']",0.8,21.0,1.0,PROB_LEN_DIST,1.0,,1.0,85786624389934247284509876354467652603_eps2_s0,,1e-10,8.578662438993424e+37,42.0,5.0,BPI2012_C,1.2
520.805045440793,0.8185508348831927,0.6329841356824724,0.0,0.5704984422361771,104.1610090881586,14411779.108491331,10.06754018738866,0.3796320693890573,0.5476097085676321,0.5905575917032047,3.235881371423602,232.32034181058407,0.626548432952007,126.0,0.7338769910377778,0.885537206127792,0.1019040718674659,1.0,0.0,236.1917082760483,172753.0,0.9523800439447888,21.0,min_freq_conf,['None'],"['nap', 'rtp']",0.8,21.0,1.0,PROB_LEN_DIST,1.0,,1.0,263323574929751772136832983559399959090_eps5_s0,,1e-07,2.6332357492975178e+38,42.0,5.0,BPI2013_Incidents,1.2
1007.369895869866,0.8752872222085921,0.6821328156488625,5.647803004631199e-05,0.5689139956605735,201.4739791739732,14411602.483328387,2.4639344420284037,0.5173044865783698,0.3929369202114471,0.6110828110914586,19.565271612256765,84.92095361463726,0.5821472947023608,99.0,0.8056019344007822,0.9138944888548948,0.1133462581783533,1.0,0.0,250.27753888070583,231687.0,0.9563861909386974,7.0,min_freq_conf,['None'],"['nap', 'rtp']",0.8,21.0,1.0,PROB_LEN_DIST,1.0,,1.0,85786624389934247284509876354467652603_eps2_s0,,1e-10,8.578662438993424e+37,42.0,5.0,BPI2012_C,1.2
1007.369895869866,0.8224673587962932,0.5731335864343916,2.8114369254125783e-05,0.4518308708854313,201.4739791739732,14411247.297752945,2.4639344420284037,0.4635592090925631,0.411646525587133,0.4933281925293326,8.399759344756603,86.61611261591315,0.5114847198403104,99.0,0.7233523252726998,0.8767358771062264,0.1156679410487413,1.0,0.0,162.74886727146804,233482.0,0.9335765128934714,5.0,min_freq_conf,['None'],"['nap', 'rtp']",0.8,21.0,1.0,PROB_LEN_DIST,1.0,,1.0,85786624389934247284509876354467652603_eps1_s0,,1e-10,8.578662438993424e+37,42.0,5.0,BPI2012_C,1.2
520.805045440793,0.8083325513623503,0.6193801872437138,0.000207468879668,0.5592700324452512,104.1610090881586,14411306.943676414,10.06754018738866,0.3108010095203504,0.5369380182066233,0.5785068901556348,3.31444981880486,155.67845464870334,0.611134163208852,119.0,0.7220559881462563,0.8791694640744683,0.097003050148487,1.0,0.0,160.5727436169982,174930.0,0.9494878168377968,17.0,min_freq_conf,['None'],"['nap', 'rtp']",0.8,21.0,1.0,PROB_LEN_DIST,1.0,,1.0,263323574929751772136832983559399959090_eps4_s0,,1e-07,2.6332357492975178e+38,42.0,5.0,BPI2013_Incidents,1.2
1007.369895869866,0.825949360565314,0.5670338429462175,2.8624588521540003e-05,0.451279245912329,201.4739791739732,14410989.109062225,2.4639344420284037,0.457298297711392,0.4137870674931531,0.4890423664033302,9.46389178186655,83.4657929148525,0.51338199513382,99.0,0.7281393468046325,0.8803226142123323,0.1171407531946897,1.0,0.0,160.05686650797725,232712.0,0.9336086841221378,5.0,min_freq_conf,['None'],"['nap', 'rtp']",0.8,21.0,1.0,PROB_LEN_DIST,1.0,,1.0,85786624389934247284509876354467652603_eps1_s0,,1e-10,8.578662438993424e+37,42.0,5.0,BPI2012_C,1.2
520.805045440793,0.8112498881342507,0.6219794930233776,0.0003974562798092,0.554152609158317,104.1610090881586,14410986.976833507,10.06754018738866,0.3366750020814288,0.522619589551122,0.577425414370673,3.685971254482865,152.5549171473831,0.6022125066242713,126.0,0.7238121018258088,0.8811922799858889,0.0981749519705772,1.0,0.0,157.23203110136092,170029.0,0.9499764810653388,17.0,min_freq_conf,['None'],"['nap', 'rtp']",0.8,21.0,1.0,PROB_LEN_DIST,1.0,,1.0,263323574929751772136832983559399959090_eps4_s0,,1e-07,2.6332357492975178e+38,42.0,5.0,BPI2013_Incidents,1.2
51.61168421432376,0.986500888317536,0.9506355784954568,0.0008175923315477,0.8990392651651479,10.322336842864752,14413105.6038703,2.18576025031507,0.6318672800694405,0.0989975843848848,0.9249657866692248,135.00986431725323,11.45953330770135,0.8333803213983648,157.0,0.9761181345644044,0.9913079009437996,0.1227069776505231,1.0,0.0,2372.908438300714,9268.0,0.9967716754869153,3.0,min_freq_conf,['None'],"['nap', 'rtp']",0.8,21.0,1.0,PROB_LEN_DIST,1.0,,1.0,85523003603945323159451978366047131974_eps0_s0,,0.0001,8.552300360394532e+37,42.0,5.0,BPI2012_W,1.2
1007.369895869866,0.8253742540738715,0.5704079541414214,5.55926173004225e-05,0.4475002050576789,201.4739791739732,14410735.701509932,2.4639344420284037,0.4650015786076992,0.408481376649795,0.4889990257294664,8.641104217618704,87.95966817438602,0.5165388036468757,91.0,0.7257145255646738,0.8791975228923871,0.1227133832871913,1.0,0.0,165.6336662583053,232457.0,0.9345595058890164,5.0,min_freq_conf,['None'],"['nap', 'rtp']",0.8,21.0,1.0,PROB_LEN_DIST,1.0,,1.0,85786624389934247284509876354467652603_eps1_s0,,1e-10,8.578662438993424e+37,42.0,5.0,BPI2012_C,1.2
520.805045440793,0.8087535999320841,0.6229816172728856,6.922810661128418e-05,0.5627132797127865,104.1610090881586,14410673.08965454,10.06754018738866,0.3348926005250962,0.5365580622036324,0.5825990271904161,3.2699119355529547,159.3769656289369,0.6103842159916927,126.0,0.7229024796709533,0.8798065150695871,0.1092105843126773,1.0,0.0,163.15057586319745,174689.0,0.950073010056302,17.0,min_freq_conf,['None'],"['nap', 'rtp']",0.8,21.0,1.0,PROB_LEN_DIST,1.0,,1.0,263323574929751772136832983559399959090_eps4_s0,,1e-07,2.6332357492975178e+38,42.0,5.0,BPI2013_Incidents,1.2
100.39084547385572,0.8743989513321606,0.6244753472655181,0.0001928640308582,0.4589082655170653,20.078169094771148,14410321.433115644,2.406409038230777,0.6024795503134067,0.3568200424569306,0.5214717579572519,14.07598133571446,36.68929485417903,0.6892133902741424,159.0,0.7868905755353727,0.9209979580994416,0.1217667795717716,1.0,0.0,46.536442160606384,49213.0,0.9712122058573228,21.0,min_freq_conf,['None'],"['nap', 'rtp']",0.8,21.0,1.0,PROB_LEN_DIST,1.0,,1.0,120620636695382079610453502051126986369_eps5_s0,,1e-07,1.2062063669538208e+38,42.0,5.0,BPI2012_W,1.2
1007.369895869866,0.821414336242502,0.5731264945073143,0.0,0.4464247653115635,201.4739791739732,14410473.034228075,2.4639344420284037,0.4563592320400944,0.4014261385703225,0.4896888615903626,8.529626509174705,84.27400519885123,0.5100417355256155,99.0,0.7207061499297517,0.8782028576164718,0.1181123573333025,1.0,0.0,160.95375166460872,232891.0,0.933017823906356,5.0,min_freq_conf,['None'],"['nap', 'rtp']",0.8,21.0,1.0,PROB_LEN_DIST,1.0,,1.0,85786624389934247284509876354467652603_eps1_s0,,1e-10,8.578662438993424e+37,42.0,5.0,BPI2012_C,1.2
100.39084547385572,0.876776658164774,0.6209305159197896,5.72033292337614e-05,0.4580876650908788,20.078169094771148,14410223.70064254,2.406409038230777,0.6090169775596286,0.3564851944066794,0.5195175243688404,13.027172964066269,36.69415958970785,0.6878700340359809,159.0,0.7827402441583733,0.9222693886031526,0.113649733364582,1.0,0.0,45.12787076085806,50226.0,0.971296332816895,21.0,min_freq_conf,['None'],"['nap', 'rtp']",0.8,21.0,1.0,PROB_LEN_DIST,1.0,,1.0,120620636695382079610453502051126986369_eps5_s0,,1e-07,1.2062063669538208e+38,42.0,5.0,BPI2012_W,1.2
520.805045440793,0.8088971127718037,0.6241649464374909,0.0002095996646405,0.5613666659903189,104.1610090881586,14410346.864452375,10.06754018738866,0.3381057830231438,0.5399015676927013,0.5820526874094022,3.298659158870578,153.62496092543006,0.610144623768602,126.0,0.7246500650270935,0.8785921753288772,0.1010793019086122,1.0,0.0,159.9828534461558,174472.0,0.9489188878016436,17.0,min_freq_conf,['None'],"['nap', 'rtp']",0.8,21.0,1.0,PROB_LEN_DIST,1.0,,1.0,263323574929751772136832983559399959090_eps4_s0,,1e-07,2.6332357492975178e+38,42.0,5.0,BPI2013_Incidents,1.2
100.39084547385572,0.8784297888929306,0.625451532439777,0.000113282356273,0.4546221500361361,20.078169094771148,14410128.410066804,2.406409038230777,0.6275085995543752,0.3544206875302734,0.5209839738450891,14.060028629377484,36.72260986082256,0.6923534409515718,159.0,0.789112007441309,0.9238724588479712,0.1215514335781335,1.0,0.0,48.14311729930341,49668.0,0.9721152831012034,21.0,min_freq_conf,['None'],"['nap', 'rtp']",0.8,21.0,1.0,PROB_LEN_DIST,1.0,,1.0,120620636695382079610453502051126986369_eps5_s0,,1e-07,1.2062063669538208e+38,42.0,5.0,BPI2012_W,1.2
1007.369895869866,0.8288799447099265,0.5798618129551594,5.647803004631199e-05,0.4528667730371404,201.4739791739732,14410218.851281349,2.4639344420284037,0.4652256302875315,0.4123064706538091,0.4954119976094672,8.541594088077545,84.77349218167365,0.5215746074776911,99.0,0.737137567708085,0.8824815203563187,0.1311094313859939,1.0,0.0,166.0791731942445,231687.0,0.9350644831380664,5.0,min_freq_conf,['None'],"['nap', 'rtp']",0.8,21.0,1.0,PROB_LEN_DIST,1.0,,1.0,85786624389934247284509876354467652603_eps1_s0,,1e-10,8.578662438993424e+37,42.0,5.0,BPI2012_C,1.2
100.39084547385572,0.8772549193421072,0.6251011152340145,5.3012431415166855e-05,0.4621895184904667,20.078169094771148,14410029.040808933,2.406409038230777,0.6150579165012108,0.3456333213248708,0.5247912321266852,14.65176541544497,39.793584141880274,0.7120364725528137,159.0,0.7883292964176802,0.9260080726515592,0.1265735123306512,1.0,0.0,50.97595765814185,50781.0,0.9742884877553624,21.0,min_freq_conf,['None'],"['nap', 'rtp']",0.8,21.0,1.0,PROB_LEN_DIST,1.0,,1.0,120620636695382079610453502051126986369_eps5_s0,,1e-07,1.2062063669538208e+38,42.0,5.0,BPI2012_W,1.2
100.39084547385572,0.8792437667414229,0.6281085088454251,5.6385678037778406e-05,0.4621791373483641,20.078169094771148,14409923.18383888,2.406409038230777,0.6272598441792291,0.354071305168097,0.5248938565460927,14.204523580148816,36.72754874639213,0.6883563574851987,157.0,0.7901833133667014,0.9241110715229296,0.1149059850722551,1.0,0.0,46.89348412491381,50077.0,0.972014600915104,21.0,min_freq_conf,['None'],"['nap', 'rtp']",0.8,21.0,1.0,PROB_LEN_DIST,1.0,,1.0,120620636695382079610453502051126986369_eps5_s0,,1e-07,1.2062063669538208e+38,42.0,5.0,BPI2012_W,1.2
100.39084547385572,0.8763722306425674,0.6285338122954184,0.0001928640308582,0.4638641018585765,20.078169094771148,14409824.941779893,2.406409038230777,0.6045486053858589,0.3609123406124764,0.526941440319978,14.641094908118248,32.29672256298363,0.690205262432842,159.0,0.7850370522600943,0.9208520767761132,0.1178369931876659,1.0,0.0,43.37289750762284,49213.0,0.9701971568661608,17.0,min_freq_conf,['None'],"['nap', 'rtp']",0.8,21.0,1.0,PROB_LEN_DIST,1.0,,1.0,120620636695382079610453502051126986369_eps4_s0,,1e-07,1.2062063669538208e+38,42.0,5.0,BPI2012_W,1.2
520.805045440793,0.812613623212124,0.6189193630512536,0.0,0.5536036553620106,104.1610090881586,14410029.541138472,10.06754018738866,0.3628636114880029,0.530072185542224,0.575400910602697,3.362952847033739,155.15448180027306,0.6086779936370406,126.0,0.725156114937162,0.8816707621604976,0.097127454355359,1.0,0.0,161.13630788214505,172753.0,0.9500744006969508,17.0,min_freq_conf,['None'],"['nap', 'rtp']",0.8,21.0,1.0,PROB_LEN_DIST,1.0,,1.0,263323574929751772136832983559399959090_eps4_s0,,1e-07,2.6332357492975178e+38,42.0,5.0,BPI2013_Incidents,1.2
100.39084547385572,0.8736538726422967,0.6286838252052327,5.72033292337614e-05,0.4636490953385515,20.078169094771148,14409734.208354844,2.406409038230777,0.6082127948955945,0.3585336216171476,0.5274133731298662,13.671223018318416,32.67408913560212,0.6865543574636044,159.0,0.7882783637729235,0.9196925128198636,0.1179018337279558,1.0,0.0,42.796407032758,50226.0,0.9715327388756212,17.0,min_freq_conf,['None'],"['nap', 'rtp']",0.8,21.0,1.0,PROB_LEN_DIST,1.0,,1.0,120620636695382079610453502051126986369_eps4_s0,,1e-07,1.2062063669538208e+38,42.0,5.0,BPI2012_W,1.2
100.39084547385572,0.879307997697544,0.6337738511988672,0.000113282356273,0.4651855259334416,20.078169094771148,14409644.6462936,2.406409038230777,0.6203053368469347,0.357836614868453,0.5330329811873615,15.774036467075348,33.85828255675733,0.6910506938544322,159.0,0.7921132276990002,0.923963560753011,0.1111542917788028,1.0,0.0,46.49140194058418,49668.0,0.9719285798099556,17.0,min_freq_conf,['None'],"['nap', 'rtp']",0.8,21.0,1.0,PROB_LEN_DIST,1.0,,1.0,120620636695382079610453502051126986369_eps4_s0,,1e-07,1.2062063669538208e+38,42.0,5.0,BPI2012_W,1.2
520.805045440793,0.794430189614281,0.5810065232670091,0.000207468879668,0.5063238652865807,104.1610090881586,14409709.471448272,10.06754018738866,0.2695481641541514,0.4634483087658279,0.5313232181549842,4.064661979675293,101.19712209329008,0.5488243430152144,119.0,0.6993933127924329,0.8694928018393201,0.0984721723943948,1.0,0.0,115.58791119977832,174930.0,0.9441361266287912,11.0,min_freq_conf,['None'],"['nap', 'rtp']",0.8,21.0,1.0,PROB_LEN_DIST,1.0,,1.0,263323574929751772136832983559399959090_eps3_s0,,1e-07,2.6332357492975178e+38,42.0,5.0,BPI2013_Incidents,1.2
100.39084547385572,0.8853162272945396,0.6427663434442369,5.3012431415166855e-05,0.4650841780738227,20.078169094771148,14409548.0951419,2.406409038230777,0.6072056278673426,0.348269126097986,0.5340836774619429,17.14063294418156,35.77279567345977,0.7099954939433297,159.0,0.7995269262973715,0.9288841289006972,0.1240291763097047,1.0,0.0,50.49468262121081,50781.0,0.9746609278764976,17.0,min_freq_conf,['None'],"['nap', 'rtp']",0.8,21.0,1.0,PROB_LEN_DIST,1.0,,1.0,120620636695382079610453502051126986369_eps4_s0,,1e-07,1.2062063669538208e+38,42.0,5.0,BPI2012_W,1.2
100.39084547385572,0.8780456597811909,0.6309862677596751,5.6385678037778406e-05,0.4685898099551957,20.078169094771148,14409444.257314429,2.406409038230777,0.621690082635518,0.364101279946748,0.5315772560136128,14.404127836227415,32.58524091541767,0.715280518748238,157.0,0.7851809511394428,0.9252361614685364,0.1150283645838499,1.0,0.0,41.321651795879006,50077.0,0.9730400218868096,17.0,min_freq_conf,['None'],"['nap', 'rtp']",0.8,21.0,1.0,PROB_LEN_DIST,1.0,,1.0,120620636695382079610453502051126986369_eps4_s0,,1e-07,1.2062063669538208e+38,42.0,5.0,BPI2012_W,1.2
100.39084547385572,0.8414039161688823,0.573352234988352,0.0001928640308582,0.4180490177053933,20.078169094771148,14409355.518904092,2.406409038230777,0.5525214478504757,0.3297187582655627,0.4757149370736114,11.023714881390331,29.63895566016436,0.5929742388758782,159.0,0.7490273733360072,0.8960525843905718,0.1205660961568355,1.0,0.0,38.49627321399748,49213.0,0.9545493914825413,11.0,min_freq_conf,['None'],"['nap', 'rtp']",0.8,21.0,1.0,PROB_LEN_DIST,1.0,,1.0,120620636695382079610453502051126986369_eps3_s0,,1e-07,1.2062063669538208e+38,42.0,5.0,BPI2012_W,1.2
520.805045440793,0.8015266606954674,0.5777492941241096,0.0003974562798092,0.4922805461650315,104.1610090881586,14409488.21149372,10.06754018738866,0.2837066843470431,0.4573013093417076,0.521006450862397,4.346580736339092,102.26525036431848,0.5288155802861685,126.0,0.7060655428253694,0.872969362605118,0.1001501735299825,1.0,0.0,114.6868651304394,170029.0,0.9453960120550926,11.0,min_freq_conf,['None'],"['nap', 'rtp']",0.8,21.0,1.0,PROB_LEN_DIST,1.0,,1.0,263323574929751772136832983559399959090_eps3_s0,,1e-07,2.6332357492975178e+38,42.0,5.0,BPI2013_Incidents,1.2
100.39084547385572,0.8532261947137424,0.5911347327702249,5.72033292337614e-05,0.4280488319463131,20.078169094771148,14409275.938860005,2.406409038230777,0.5391992717268697,0.3287563032778115,0.4885018769160109,12.406984947621822,28.96996116638184,0.5807854017103795,159.0,0.7633909034474425,0.9041226525893572,0.1261346153914928,1.0,0.0,42.27391632087529,50226.0,0.9574079401354668,11.0,min_freq_conf,['None'],"['nap', 'rtp']",0.8,21.0,1.0,PROB_LEN_DIST,1.0,,1.0,120620636695382079610453502051126986369_eps3_s0,,1e-07,1.2062063669538208e+38,42.0,5.0,BPI2012_W,1.2
100.39084547385572,0.8551088365260153,0.5943293902972782,0.000113282356273,0.4343384254423527,20.078169094771148,14409191.786902525,2.406409038230777,0.5575961278784998,0.3386778358079269,0.4957328834867004,14.377587227150798,28.847711151465774,0.6041064854148966,159.0,0.7629002075927447,0.9078345153399132,0.1213826090097427,1.0,0.0,45.49042908102274,49668.0,0.9612439010122736,11.0,min_freq_conf,['None'],"['nap', 'rtp']",0.8,21.0,1.0,PROB_LEN_DIST,1.0,,1.0,120620636695382079610453502051126986369_eps3_s0,,1e-07,1.2062063669538208e+38,42.0,5.0,BPI2012_W,1.2
520.805045440793,0.7944959097654078,0.5847887484966237,6.922810661128418e-05,0.5047932754618929,104.1610090881586,14409266.506493168,10.06754018738866,0.280529132074536,0.4671085652840828,0.5312763113741745,3.933311289176345,103.3516982216388,0.5417099342332987,126.0,0.7053421133243235,0.8684221661845322,0.1001930218189954,1.0,0.0,115.82050621323287,174689.0,0.9440955198520636,11.0,min_freq_conf,['None'],"['nap', 'rtp']",0.8,21.0,1.0,PROB_LEN_DIST,1.0,,1.0,263323574929751772136832983559399959090_eps3_s0,,1e-07,2.6332357492975178e+38,42.0,5.0,BPI2013_Incidents,1.2
100.39084547385572,0.8506001944125842,0.592417169589906,5.3012431415166855e-05,0.428850028667982,20.078169094771148,14409102.648627788,2.406409038230777,0.5344821813767565,0.3251155314231958,0.4908529879260586,12.669635277241468,31.373737536370754,0.5678691653192673,159.0,0.7611179273501629,0.9021071141811428,0.1187744196504354,1.0,0.0,42.914927419275045,50781.0,0.9561779555640572,11.0,min_freq_conf,['None'],"['nap', 'rtp']",0.8,21.0,1.0,PROB_LEN_DIST,1.0,,1.0,120620636695382079610453502051126986369_eps3_s0,,1e-07,1.2062063669538208e+38,42.0,5.0,BPI2012_W,1.2
100.39084547385572,0.8554442701582726,0.6077801798694462,5.6385678037778406e-05,0.4449822326120038,20.078169094771148,14409015.261264753,2.406409038230777,0.5807406283483248,0.3378255719443841,0.5069899112497287,13.93999775312841,29.09701188094914,0.6036368762334368,157.0,0.768266357454772,0.906398689190686,0.1167996954172849,1.0,0.0,41.23520091548562,50077.0,0.9600311389968738,11.0,min_freq_conf,['None'],"['nap', 'rtp']",0.8,21.0,1.0,PROB_LEN_DIST,1.0,,1.0,120620636695382079610453502051126986369_eps3_s0,,1e-07,1.2062063669538208e+38,42.0,5.0,BPI2012_W,1.2
100.39084547385572,0.7950087967454788,0.5316927849652807,0.0001928640308582,0.3769580640231595,20.078169094771148,14408930.556988252,2.406409038230777,0.4549443705818919,0.2710002892659471,0.4348748435308773,10.32699922658503,28.44899315573275,0.5287229645956744,159.0,0.6987639295125189,0.8610554435913726,0.1177391279488802,1.0,0.0,51.42734978534281,49213.0,0.9427570465293492,7.0,min_freq_conf,['None'],"['nap', 'rtp']",0.8,21.0,1.0,PROB_LEN_DIST,1.0,,1.0,120620636695382079610453502051126986369_eps2_s0,,1e-07,1.2062063669538208e+38,42.0,5.0,BPI2012_W,1.2
520.805045440793,0.7979267292649194,0.5906659893314996,0.0002095996646405,0.5049202202030818,104.1610090881586,14409042.979805186,10.06754018738866,0.2745770033352874,0.4685458538981803,0.5348592106935203,3.8753084633499375,101.3314134925604,0.532033815412562,126.0,0.7080349171302148,0.8687175630336742,0.0974040310829877,1.0,0.0,115.00754615291952,174472.0,0.9423621843789912,11.0,min_freq_conf,['None'],"['nap', 'rtp']",0.8,21.0,1.0,PROB_LEN_DIST,1.0,,1.0,263323574929751772136832983559399959090_eps3_s0,,1e-07,2.6332357492975178e+38,42.0,5.0,BPI2013_Incidents,1.2
100.39084547385572,0.8109774158091232,0.543983517480223,5.72033292337614e-05,0.3866171094337406,20.078169094771148,14408839.910631252,2.406409038230777,0.4625153407648062,0.2831525253049309,0.4408404744148154,12.688226521015167,28.45670230872929,0.5148871664330864,159.0,0.7170750171839536,0.8716050615188057,0.1193922162055969,1.0,0.0,52.87486937455833,50226.0,0.9500083309941552,7.0,min_freq_conf,['None'],"['nap', 'rtp']",0.8,21.0,1.0,PROB_LEN_DIST,1.0,,1.0,120620636695382079610453502051126986369_eps2_s0,,1e-07,1.2062063669538208e+38,42.0,5.0,BPI2012_W,1.2
520.805045440793,0.8025633941724978,0.580652331791506,0.0,0.4971153295270079,104.1610090881586,14408822.348376412,10.06754018738866,0.306015808566646,0.4707786911473199,0.5241798910825621,3.924606403335929,105.51698902249336,0.5429499763081297,126.0,0.7105216933925461,0.8726327559091726,0.1069251280277967,1.0,0.0,114.49142298474908,172753.0,0.9443953001188716,11.0,min_freq_conf,['None'],"['nap', 'rtp']",0.8,21.0,1.0,PROB_LEN_DIST,1.0,,1.0,263323574929751772136832983559399959090_eps3_s0,,1e-07,2.6332357492975178e+38,42.0,5.0,BPI2013_Incidents,1.2
100.39084547385572,0.8522197250983842,0.6458496723830677,0.000113282356273,0.5158442300779124,20.078169094771148,14408745.450761164,2.406409038230777,0.4619036606575418,0.2471731280770128,0.5644958803940565,37.76461522467434,27.977722875773907,0.5059190031152648,159.0,0.7821926102457191,0.9013105778030372,0.1158236004412174,1.0,0.0,90.40839635208248,49668.0,0.9610488427939824,7.0,min_freq_conf,['None'],"['nap', 'rtp']",0.8,21.0,1.0,PROB_LEN_DIST,1.0,,1.0,120620636695382079610453502051126986369_eps2_s0,,1e-07,1.2062063669538208e+38,42.0,5.0,BPI2012_W,1.2
100.39084547385572,0.8177641501158728,0.563388555252874,5.3012431415166855e-05,0.4029210668001959,20.078169094771148,14408588.866663031,2.406409038230777,0.4367445102789591,0.2887593493341903,0.4622001561057589,13.206776151433589,30.680700918659568,0.5305749198186975,159.0,0.7329481738522539,0.8777331697193418,0.126220267266035,1.0,0.0,52.68938899971545,50781.0,0.9515846289393798,7.0,min_freq_conf,['None'],"['nap', 'rtp']",0.8,21.0,1.0,PROB_LEN_DIST,1.0,,1.0,120620636695382079610453502051126986369_eps2_s0,,1e-07,1.2062063669538208e+38,42.0,5.0,BPI2012_W,1.2
100.39084547385572,0.8118839208372979,0.5534189256992554,5.6385678037778406e-05,0.4025645505344722,20.078169094771148,14408491.828440782,2.406409038230777,0.4553649863169714,0.2944729324816437,0.4574312089519744,12.193244302645326,28.446907302364707,0.4734141528051875,157.0,0.7171712716827167,0.8665809929260648,0.1169589683413505,1.0,0.0,56.73893340118229,50077.0,0.9419615192630628,7.0,min_freq_conf,['None'],"['nap', 'rtp']",0.8,21.0,1.0,PROB_LEN_DIST,1.0,,1.0,120620636695382079610453502051126986369_eps2_s0,,1e-07,1.2062063669538208e+38,42.0,5.0,BPI2012_W,1.2
520.805045440793,0.7443044711752077,0.5415368389101681,0.000207468879668,0.4436772234836489,104.1610090881586,14408597.98665688,10.06754018738866,0.1980052706762186,0.3521194852796804,0.4816390293695579,5.22423804178834,93.75884895212948,0.1985477178423236,119.0,0.6490273554816709,0.81220220180519,0.1019251514226198,1.0,0.0,119.50271160528064,174930.0,0.906107549851799,7.0,min_freq_conf,['None'],"['nap', 'rtp']",0.8,21.0,1.0,PROB_LEN_DIST,1.0,,1.0,263323574929751772136832983559399959090_eps2_s0,,1e-07,2.6332357492975178e+38,42.0,5.0,BPI2013_Incidents,1.2
100.39084547385572,0.795410085796934,0.5093236777704472,0.0001928640308582,0.3541478378770623,20.078169094771148,14408393.995305266,2.406409038230777,0.4021457404463542,0.2637686090776919,0.4123989414058191,8.998925922438502,27.98186055198312,0.3085548973687835,159.0,0.6932517823172037,0.8440481348491072,0.1172575745731592,1.0,0.0,53.59342144988477,49213.0,0.91861373271504,5.0,min_freq_conf,['None'],"['nap', 'rtp']",0.8,21.0,1.0,PROB_LEN_DIST,1.0,,1.0,120620636695382079610453502051126986369_eps1_s0,,1e-07,1.2062063669538208e+38,42.0,5.0,BPI2012_W,1.2
100.39084547385572,0.8046345266880995,0.508537229921741,5.72033292337614e-05,0.3473962056528626,20.078169094771148,14408302.980688522,2.406409038230777,0.4003772540343792,0.2595963585086002,0.4043359042759781,11.658988939598204,27.589289236813784,0.3012899350742213,159.0,0.7024179905329763,0.8633037039639104,0.1180998403578996,1.0,0.0,62.96089127101004,50226.0,0.9286394812313716,5.0,min_freq_conf,['None'],"['nap', 'rtp']",0.8,21.0,1.0,PROB_LEN_DIST,1.0,,1.0,120620636695382079610453502051126986369_eps1_s0,,1e-07,1.2062063669538208e+38,42.0,5.0,BPI2012_W,1.2
520.805045440793,0.7326995897620783,0.5137129498718811,0.0003974562798092,0.4071008846945445,104.1610090881586,14408379.03609446,10.06754018738866,0.1903770064973802,0.357988497082338,0.4446922482045597,4.8440633546561,94.77657811157404,0.1744170641229464,126.0,0.6313099866686342,0.8038053177677666,0.1056985352188348,1.0,0.0,108.05829494819044,170029.0,0.9016687873543596,7.0,min_freq_conf,['None'],"['nap', 'rtp']",0.8,21.0,1.0,PROB_LEN_DIST,1.0,,1.0,263323574929751772136832983559399959090_eps2_s0,,1e-07,2.6332357492975178e+38,42.0,5.0,BPI2013_Incidents,1.2
100.39084547385572,0.7985300351507848,0.518432511018744,0.000113282356273,0.3704336126698875,20.078169094771148,14408200.339925574,2.406409038230777,0.434421150046305,0.2815247553685715,0.4262097910990864,10.702331081032751,27.97142551653087,0.3079864061172472,159.0,0.6985356508585754,0.8571731877069392,0.1182655449956655,1.0,0.0,56.85265755280852,49668.0,0.9266285122313072,5.0,min_freq_conf,['None'],"['nap', 'rtp']",0.8,21.0,1.0,PROB_LEN_DIST,1.0,,1.0,120620636695382079610453502051126986369_eps1_s0,,1e-07,1.2062063669538208e+38,42.0,5.0,BPI2012_W,1.2
100.39084547385572,0.8022143218330308,0.5075810312586266,5.3012431415166855e-05,0.3385786395568511,20.078169094771148,14408104.38730435,2.406409038230777,0.3944247557037414,0.2347863089865439,0.397592041116139,11.331726791337132,30.6729059368372,0.2892888382325655,159.0,0.6970071034980078,0.8598985182243127,0.1188530977815389,1.0,0.0,60.50377355888486,50781.0,0.9269304146600766,5.0,min_freq_conf,['None'],"['nap', 'rtp']",0.8,21.0,1.0,PROB_LEN_DIST,1.0,,1.0,120620636695382079610453502051126986369_eps1_s0,,1e-07,1.2062063669538208e+38,42.0,5.0,BPI2012_W,1.2
520.805045440793,0.744548127571334,0.5270899937825222,6.922810661128418e-05,0.4248347565161504,104.1610090881586,14408170.944697622,10.06754018738866,0.2121929162542329,0.3872048937368174,0.45911901518479,4.610808039084077,96.08361193723977,0.2184839044652128,126.0,0.644600521072874,0.8158462835966346,0.0924293510615825,1.0,0.0,117.83281640522182,174689.0,0.9101973630984908,7.0,min_freq_conf,['None'],"['nap', 'rtp']",0.8,21.0,1.0,PROB_LEN_DIST,1.0,,1.0,263323574929751772136832983559399959090_eps2_s0,,1e-07,2.6332357492975178e+38,42.0,5.0,BPI2013_Incidents,1.2
100.39084547385572,0.7955398790201978,0.4977880467726208,5.6385678037778406e-05,0.3348075026155093,20.078169094771148,14408001.447476069,2.406409038230777,0.3776839564462083,0.2394345946407291,0.3900421706120666,10.819018434733152,27.732651641592383,0.3098674936566112,157.0,0.6816474193528234,0.8591652877437883,0.1211640406399965,1.0,0.0,55.67260107770562,50077.0,0.927340010884675,5.0,min_freq_conf,['None'],"['nap', 'rtp']",0.8,21.0,1.0,PROB_LEN_DIST,1.0,,1.0,120620636695382079610453502051126986369_eps1_s0,,1e-07,1.2062063669538208e+38,42.0,5.0,BPI2012_W,1.2
520.805045440793,0.7391752410337328,0.4923271040212436,0.0002095996646405,0.3896388413585325,104.1610090881586,14407952.012918737,10.06754018738866,0.1892370674976237,0.3587711554188309,0.4214972768534759,4.507568756118417,92.84884211048484,0.206246070006288,126.0,0.6392506099306687,0.8079300313208063,0.1002361848950386,1.0,0.0,112.65306086838244,174472.0,0.9060370486920064,7.0,min_freq_conf,['None'],"['nap', 'rtp']",0.8,21.0,1.0,PROB_LEN_DIST,1.0,,1.0,263323574929751772136832983559399959090_eps2_s0,,1e-07,2.6332357492975178e+38,42.0,5.0,BPI2013_Incidents,1.2
520.805045440793,0.7223736604590941,0.5105115932702826,0.0,0.4273654465138869,104.1610090881586,14407741.59941804,10.06754018738866,0.2268221125963123,0.3776306707344136,0.4549053795369959,4.604198962450028,94.17978915944695,0.2074730928044405,126.0,0.6288464509021329,0.8021506491120927,0.1059736367315054,1.0,0.0,110.13578193448484,172753.0,0.9020921224842708,7.0,min_freq_conf,['None'],"['nap', 'rtp']",0.8,21.0,1.0,PROB_LEN_DIST,1.0,,1.0,263323574929751772136832983559399959090_eps2_s0,,1e-07,2.6332357492975178e+38,42.0,5.0,BPI2013_Incidents,1.2
520.805045440793,0.7653347043473512,0.5536412261775263,0.000207468879668,0.4921685436277488,104.1610090881586,14407532.253527433,10.06754018738866,0.2341702911851525,0.3727473335141655,0.5093747166305267,5.511802725493908,90.33750333450736,0.319432918395574,119.0,0.6710567024688271,0.8306094715214457,0.111661959439516,1.0,0.0,205.63969954103231,174930.0,0.9174398043616532,5.0,min_freq_conf,['None'],"['nap', 'rtp']",0.8,21.0,1.0,PROB_LEN_DIST,1.0,,1.0,263323574929751772136832983559399959090_eps1_s0,,1e-07,2.6332357492975178e+38,42.0,5.0,BPI2013_Incidents,1.2
520.805045440793,0.7568429746775208,0.5326778782387473,0.0003974562798092,0.4673005153739952,104.1610090881586,14407230.349129768,10.06754018738866,0.2548247680710564,0.3805821949629423,0.489536188928934,4.610985228791833,90.77895694412292,0.3171701112877583,126.0,0.6564263877152039,0.8304994294012454,0.1123490445315837,1.0,0.0,141.33811392448845,170029.0,0.9177066575584284,5.0,min_freq_conf,['None'],"['nap', 'rtp']",0.8,21.0,1.0,PROB_LEN_DIST,1.0,,1.0,263323574929751772136832983559399959090_eps1_s0,,1e-07,2.6332357492975178e+38,42.0,5.0,BPI2013_Incidents,1.2
520.805045440793,0.7341460265919323,0.5621742343083468,6.922810661128418e-05,0.5127911267806116,104.1610090881586,14406993.200117905,10.06754018738866,0.2980641417107319,0.4923567059197727,0.526358989669639,2.6706419736146927,92.44937210716309,0.3502249913464866,126.0,0.6421368045225541,0.8149100203684424,0.1007534265518188,1.0,0.0,116.78249473124744,174689.0,0.9070292021151586,5.0,min_freq_conf,['None'],"['nap', 'rtp']",0.8,21.0,1.0,PROB_LEN_DIST,1.0,,1.0,263323574929751772136832983559399959090_eps1_s0,,1e-07,2.6332357492975178e+38,42.0,5.0,BPI2013_Incidents,1.2
520.805045440793,0.7383838337618831,0.5318952930245451,0.0002095996646405,0.4656249633358864,104.1610090881586,14406780.897156307,10.06754018738866,0.2239833282656687,0.3436925984484356,0.4893658905354446,4.098159363493323,91.37888435833156,0.2836582128135261,126.0,0.6365054073806841,0.8121142593338011,0.1004018653184175,1.0,0.0,163.251838196069,174472.0,0.9079797641307558,5.0,min_freq_conf,['None'],"['nap', 'rtp']",0.8,21.0,1.0,PROB_LEN_DIST,1.0,,1.0,263323574929751772136832983559399959090_eps1_s0,,1e-07,2.6332357492975178e+38,42.0,5.0,BPI2013_Incidents,1.2
520.805045440793,0.7134160980129828,0.4783365538126852,0.0,0.4210239938699633,104.1610090881586,14406521.764610894,10.06754018738866,0.2500621330319979,0.4035470740996811,0.4383804308095754,2.4424311127513647,91.84730079211296,0.3075204765450484,126.0,0.5966129095477481,0.7988039231129147,0.0977623388171196,1.0,0.0,108.88893854804336,172753.0,0.8998646445106349,5.0,min_freq_conf,['None'],"['nap', 'rtp']",0.8,21.0,1.0,PROB_LEN_DIST,1.0,,1.0,263323574929751772136832983559399959090_eps1_s0,,1e-07,2.6332357492975178e+38,42.0,5.0,BPI2013_Incidents,1.2
100.39084547385572,0.9867416242489748,0.948563206544671,0.0001928640308582,0.893245062977604,20.078169094771148,14407906.769526854,2.406409038230777,0.6512391415576602,0.0912714515892294,0.9210465346259158,126.9085526484996,27.33330754004419,0.829811268769803,159.0,0.975871464892331,0.9915167011240964,0.1205708850175142,1.0,0.0,5141.682689100504,49213.0,0.996955060983396,3.0,min_freq_conf,['None'],"['nap', 'rtp']",0.8,21.0,1.0,PROB_LEN_DIST,1.0,,1.0,120620636695382079610453502051126986369_eps0_s0,,1e-07,1.2062063669538208e+38,42.0,5.0,BPI2012_W,1.2
520.805045440793,0.9361167977771736,0.8953903362889664,0.000207468879668,0.8479698772077374,104.1610090881586,14406318.154299747,10.06754018738866,0.2885697181593522,0.3272668738024772,0.870447508333262,19.40767175331712,87.35533048026264,0.7062240663900415,119.0,0.9228271361077892,0.9550117207942812,0.0962466821074485,1.0,0.0,5033.265002196655,174930.0,0.9800349294324746,3.0,min_freq_conf,['None'],"['nap', 'rtp']",0.8,21.0,1.0,PROB_LEN_DIST,1.0,,1.0,263323574929751772136832983559399959090_eps0_s0,,1e-07,2.6332357492975178e+38,42.0,5.0,BPI2013_Incidents,1.2
1007.369895869866,0.9643408238253208,0.9231986728110164,2.8114369254125783e-05,0.8430298099080744,201.4739791739732,14409958.99001053,2.4639344420284037,0.5855813968430558,0.188608554598741,0.8842172568189112,59.190464336425066,85.94546139985323,0.7633894683572774,99.0,0.9557113311453388,0.9701229960685304,0.1195743009448051,1.0,0.0,11177.922643307596,233482.0,0.9813772270746808,3.0,min_freq_conf,['None'],"['nap', 'rtp']",0.8,21.0,1.0,PROB_LEN_DIST,1.0,,1.0,85786624389934247284509876354467652603_eps0_s0,,1e-10,8.578662438993424e+37,42.0,5.0,BPI2012_C,1.2
100.39084547385572,0.9868822248227158,0.9472226615879934,5.72033292337614e-05,0.8859288983973028,20.078169094771148,14402610.393632405,2.406409038230777,0.6388081344427243,0.1056769573752778,0.9169794343440052,110.43006012402476,26.98365123011172,0.8336241169236049,159.0,0.9759006861801456,0.9916888700373846,0.1194917596876621,1.0,0.0,4721.664892751724,50226.0,0.997009254990736,3.0,min_freq_conf,['None'],"['nap', 'rtp']",0.8,21.0,1.0,PROB_LEN_DIST,1.0,,1.0,120620636695382079610453502051126986369_eps0_s0,,1e-07,1.2062063669538208e+38,42.0,5.0,BPI2012_W,1.2
520.805045440793,0.9324577816289564,0.8700787865577394,0.0003974562798092,0.7956805452189064,104.1610090881586,14401177.718709944,10.06754018738866,0.3080802426218226,0.3406065750087263,0.8317921982178776,15.389100790023804,91.99932107888162,0.6989931107578167,126.0,0.9120061711505736,0.9531919620072564,0.102460827678442,1.0,0.0,3438.236953457817,170029.0,0.9790614801721196,3.0,min_freq_conf,['None'],"['nap', 'rtp']",0.8,21.0,1.0,PROB_LEN_DIST,1.0,,1.0,263323574929751772136832983559399959090_eps0_s0,,1e-07,2.6332357492975178e+38,42.0,5.0,BPI2013_Incidents,1.2
520.805045440793,0.9445134984541022,0.901757602734868,6.922810661128418e-05,0.8514661581343032,104.1610090881586,14397631.6774613,10.06754018738866,0.3081702578549377,0.3142716887950388,0.8758253611454518,19.407905315980315,93.80408043041824,0.7043267566632052,126.0,0.9307430877149094,0.9613183637601638,0.0973375048488378,1.0,0.0,5421.589984027669,174689.0,0.9827398671025755,3.0,min_freq_conf,['None'],"['nap', 'rtp']",0.8,21.0,1.0,PROB_LEN_DIST,1.0,,1.0,263323574929751772136832983559399959090_eps0_s0,,1e-07,2.6332357492975178e+38,42.0,5.0,BPI2013_Incidents,1.2
100.39084547385572,0.985996855178922,0.9490844106804917,0.000113282356273,0.8966860744975068,20.078169094771148,14397750.865854464,2.406409038230777,0.652234427775553,0.0954268364351096,0.9231683926621348,128.06701612845063,27.20146306045353,0.8310393656188049,159.0,0.9753031090476294,0.9909754657451564,0.1531284805387258,1.0,0.0,5505.282656194642,49668.0,0.99672529592837,3.0,min_freq_conf,['None'],"['nap', 'rtp']",0.8,21.0,1.0,PROB_LEN_DIST,1.0,,1.0,120620636695382079610453502051126986369_eps0_s0,,1e-07,1.2062063669538208e+38,42.0,5.0,BPI2012_W,1.2
300.1566432211548,0.98257885281037,0.9658676919857504,0.00021513087128,0.9286555712472092,60.03132864423096,14412291.644680336,4.1521161161363125,0.6483816723090591,0.1396324242202132,0.9482753506946576,270.2925398666412,72.90085225738585,0.8327895302975977,173.0,0.9800186371719706,0.9863853615338076,0.1386197078973055,1.0,0.0,21223.26229022816,111991.0,0.9933023859683144,3.0,min_freq_conf,['None'],"['nap', 'rtp']",0.8,21.0,1.0,PROB_LEN_DIST,1.0,,1.0,330287721545115267207492079340830799343_eps0_s0,,1e-10,3.3028772154511527e+38,42.0,5.0,BPI2012_Full,1.2
49.61893187277019,0.8620254395711011,0.7237942956364285,0.0416918794626648,0.6256573304569554,9.923786374554036,14390121.066537682,4.942195625975728,0.4790972420390079,0.1490745009335267,0.6697216730604922,12.484462419524789,0.5314664393663406,0.5747912380491347,77.0,0.8077888674690917,0.8980853647682284,0.0945242624729871,1.0,0.0,7.143755031749606,116.0,0.9418718067645284,21.0,min_freq_conf,['None'],"['nap', 'rtp']",0.8,21.0,1.0,PROB_LEN_DIST,1.0,,1.0,321501599124620540445484228554109217615_eps5_s0,,0.01,3.2150159912462054e+38,42.0,5.0,BPI2012_WC,1.2
49.61893187277019,0.861257012411035,0.7236444911195227,0.033608711978971,0.6178305744092308,9.923786374554036,14390100.523629077,4.942195625975728,0.4900910220580525,0.1707858349979392,0.6668839618271184,11.473731672391295,0.5213934574276209,0.5789210163975467,77.0,0.8072295861340772,0.8976626988321575,0.0952802505344152,1.0,0.0,5.821684068068862,113.0,0.9430383177664688,21.0,min_freq_conf,['None'],"['nap', 'rtp']",0.8,21.0,1.0,PROB_LEN_DIST,1.0,,1.0,321501599124620540445484228554109217615_eps5_s0,,0.01,3.2150159912462054e+38,42.0,5.0,BPI2012_WC,1.2
49.61893187277019,0.8607214103403131,0.7259611455142191,0.0405480810961621,0.6312603979233371,9.923786374554036,14390082.297642224,4.942195625975728,0.4770474336595535,0.1578819565556456,0.6735961155678591,12.47504736110568,0.5287582706660032,0.5745551491102983,77.0,0.8074759247554275,0.8966217599978165,0.0933387596160173,1.0,0.0,7.022525994107127,115.0,0.9410751465926984,21.0,min_freq_conf,['None'],"['nap', 'rtp']",0.8,21.0,1.0,PROB_LEN_DIST,1.0,,1.0,321501599124620540445484228554109217615_eps5_s0,,0.01,3.2150159912462054e+38,42.0,5.0,BPI2012_WC,1.2
49.61893187277019,0.8661691780576309,0.7300645438283133,0.0391610016849689,0.6250906560559437,9.923786374554036,14390061.880157126,4.942195625975728,0.4831143812090924,0.1528201890831829,0.6727741287600435,13.831919083371758,0.5545954704284668,0.5843937017023997,77.0,0.81417426073924,0.9005670591748389,0.097524581477046,1.0,0.0,6.896869476884604,113.0,0.9434917574730722,21.0,min_freq_conf,['None'],"['nap', 'rtp']",0.8,21.0,1.0,PROB_LEN_DIST,1.0,,1.0,321501599124620540445484228554109217615_eps5_s0,,0.01,3.2150159912462054e+38,42.0,5.0,BPI2012_WC,1.2
49.61893187277019,0.8638461085744393,0.7307049609510555,0.0398101928883958,0.6367820197868158,9.923786374554036,14390040.1851156,4.942195625975728,0.4832239808613134,0.161489602675052,0.6788177042190316,13.346868604421616,0.5361234080046415,0.5797744499907561,75.0,0.811911932541968,0.8987734220386805,0.0949947964400053,1.0,0.0,7.216791409999132,118.0,0.942797956607212,21.0,min_freq_conf,['None'],"['nap', 'rtp']",0.8,21.0,1.0,PROB_LEN_DIST,1.0,,1.0,321501599124620540445484228554109217615_eps5_s0,,0.01,3.2150159912462054e+38,42.0,5.0,BPI2012_WC,1.2
49.61893187277019,0.8620254395711011,0.7237942956364285,0.0416918794626648,0.6256573304569554,9.923786374554036,14390018.688402556,4.942195625975728,0.4790972420390079,0.1490745009335267,0.6697216730604922,12.481517296284435,0.5295133013278246,0.5747912380491347,77.0,0.8077888674690917,0.8980853647682284,0.0932542271912098,1.0,0.0,10.471464835107328,116.0,0.9418718067645284,17.0,min_freq_conf,['None'],"['nap', 'rtp']",0.8,21.0,1.0,PROB_LEN_DIST,1.0,,1.0,321501599124620540445484228554109217615_eps4_s0,,0.01,3.2150159912462054e+38,42.0,5.0,BPI2012_WC,1.2
49.61893187277019,0.861257012411035,0.7236444911195227,0.033608711978971,0.6178305744092308,9.923786374554036,14389994.802269828,4.942195625975728,0.4900910220580525,0.1707858349979392,0.6668839618271184,11.47575056552887,0.5221115797758102,0.5789210163975467,77.0,0.8072295861340772,0.8976626988321575,0.0958525575697422,1.0,0.0,5.883139744400978,113.0,0.9430383177664688,17.0,min_freq_conf,['None'],"['nap', 'rtp']",0.8,21.0,1.0,PROB_LEN_DIST,1.0,,1.0,321501599124620540445484228554109217615_eps4_s0,,0.01,3.2150159912462054e+38,42.0,5.0,BPI2012_WC,1.2
49.61893187277019,0.8607214103403131,0.7259611455142191,0.0405480810961621,0.6312603979233371,9.923786374554036,14389976.521390138,4.942195625975728,0.4770474336595535,0.1578819565556456,0.6735961155678591,12.544584827497602,0.5353126395493746,0.5745551491102983,77.0,0.8074759247554275,0.8966217599978165,0.0932861119508743,1.0,0.0,7.08883130736649,115.0,0.9410751465926984,17.0,min_freq_conf,['None'],"['nap', 'rtp']",0.8,21.0,1.0,PROB_LEN_DIST,1.0,,1.0,321501599124620540445484228554109217615_eps4_s0,,0.01,3.2150159912462054e+38,42.0,5.0,BPI2012_WC,1.2
49.61893187277019,0.8661691780576309,0.7300645438283133,0.0391610016849689,0.6250906560559437,9.923786374554036,14389955.96189222,4.942195625975728,0.4831143812090924,0.1528201890831829,0.6727741287600435,13.825566535815597,0.5384544488042593,0.5843937017023997,77.0,0.81417426073924,0.9005670591748389,0.0980495177209377,1.0,0.0,6.825274081900716,113.0,0.9434917574730722,17.0,min_freq_conf,['None'],"['nap', 'rtp']",0.8,21.0,1.0,PROB_LEN_DIST,1.0,,1.0,321501599124620540445484228554109217615_eps4_s0,,0.01,3.2150159912462054e+38,42.0,5.0,BPI2012_WC,1.2
49.61893187277019,0.8638461085744393,0.7307049609510555,0.0398101928883958,0.6367820197868158,9.923786374554036,14389934.360521335,4.942195625975728,0.4832239808613134,0.161489602675052,0.6788177042190316,13.227510964497924,0.5418443772941828,0.5797744499907561,75.0,0.811911932541968,0.8987734220386805,0.0935986079275608,1.0,0.0,7.20822443626821,118.0,0.942797956607212,17.0,min_freq_conf,['None'],"['nap', 'rtp']",0.8,21.0,1.0,PROB_LEN_DIST,1.0,,1.0,321501599124620540445484228554109217615_eps4_s0,,0.01,3.2150159912462054e+38,42.0,5.0,BPI2012_WC,1.2
49.61893187277019,0.8619999571165603,0.7236249439407639,0.0416918794626648,0.6252022089741441,9.923786374554036,14389912.987085229,4.942195625975728,0.4790972420390079,0.1492515779762479,0.6694134588283431,12.51094058342278,0.5473066568374634,0.5747912380491347,77.0,0.8077326792791866,0.8980720185629805,0.0980943776667118,1.0,0.0,7.761288195848465,116.0,0.941867201156513,11.0,min_freq_conf,['None'],"['nap', 'rtp']",0.8,21.0,1.0,PROB_LEN_DIST,1.0,,1.0,321501599124620540445484228554109217615_eps3_s0,,0.01,3.2150159912462054e+38,42.0,5.0,BPI2012_WC,1.2
49.61893187277019,0.8611772332535622,0.7232289950972978,0.033608711978971,0.6167965540080709,9.923786374554036,14389891.750546774,4.942195625975728,0.4900910220580525,0.171073566725755,0.6661775400270562,11.375858338549731,0.5114482101053,0.5789210163975467,77.0,0.8070672531950396,0.8976178020871021,0.0973711051046848,1.0,0.0,6.186219397932291,113.0,0.9430211396088124,11.0,min_freq_conf,['None'],"['nap', 'rtp']",0.8,21.0,1.0,PROB_LEN_DIST,1.0,,1.0,321501599124620540445484228554109217615_eps3_s0,,0.01,3.2150159912462054e+38,42.0,5.0,BPI2012_WC,1.2
49.61893187277019,0.8607141176170318,0.7258957858200334,0.0405480810961621,0.6310649367571696,9.923786374554036,14389873.277318183,4.942195625975728,0.4770474336595535,0.1579757172984379,0.6734710727754623,12.480661284178495,0.5103271529078484,0.5745551491102983,77.0,0.8074584085860443,0.896617800145031,0.0952477678656578,1.0,0.0,7.469608150422573,115.0,0.9410750740096194,11.0,min_freq_conf,['None'],"['nap', 'rtp']",0.8,21.0,1.0,PROB_LEN_DIST,1.0,,1.0,321501599124620540445484228554109217615_eps3_s0,,0.01,3.2150159912462054e+38,42.0,5.0,BPI2012_WC,1.2
49.61893187277019,0.8661698065529201,0.7300299783804038,0.0391610016849689,0.6249365433801022,9.923786374554036,14389852.409373844,4.942195625975728,0.4831143812090924,0.1529660724844929,0.6726919116172148,13.75231072679162,0.5592910572886467,0.5843937017023997,77.0,0.8141694831598536,0.9005691371136667,0.097445348277688,1.0,0.0,7.336438225582242,113.0,0.9434931959540148,11.0,min_freq_conf,['None'],"['nap', 'rtp']",0.8,21.0,1.0,PROB_LEN_DIST,1.0,,1.0,321501599124620540445484228554109217615_eps3_s0,,0.01,3.2150159912462054e+38,42.0,5.0,BPI2012_WC,1.2
49.61893187277019,0.8638502093393583,0.7306911726991052,0.0398101928883958,0.6367078462284455,9.923786374554036,14389830.3453488,4.942195625975728,0.4832239808613134,0.1616234583601506,0.6787839633975113,13.171037470921874,0.5451347511261702,0.5797744499907561,75.0,0.8119130864258861,0.8987763961587288,0.0971021614968776,1.0,0.0,7.593461884185672,118.0,0.9427991802755936,11.0,min_freq_conf,['None'],"['nap', 'rtp']",0.8,21.0,1.0,PROB_LEN_DIST,1.0,,1.0,321501599124620540445484228554109217615_eps3_s0,,0.01,3.2150159912462054e+38,42.0,5.0,BPI2012_WC,1.2
49.61893187277019,0.80575867419259,0.5965206806934235,0.0416918794626648,0.5135289033947724,9.923786374554036,14389808.627577288,4.942195625975728,0.3669142607319187,0.2261823693209889,0.5466960919576924,9.019461946561933,0.4964851625263691,0.5107709064504418,77.0,0.7179257388619259,0.8593577783376496,0.0960310716181993,1.0,0.0,6.883792795240879,116.0,0.9186472794493422,7.0,min_freq_conf,['None'],"['nap', 'rtp']",0.8,21.0,1.0,PROB_LEN_DIST,1.0,,1.0,321501599124620540445484228554109217615_eps2_s0,,0.01,3.2150159912462054e+38,42.0,5.0,BPI2012_WC,1.2
49.61893187277019,0.8121914195644581,0.6118918524179999,0.033608711978971,0.5246749650479551,9.923786374554036,14389791.823273225,4.942195625975728,0.3801829142781063,0.2434407259218987,0.5618118965234868,8.73429997637868,0.5250895507633686,0.531793716359995,77.0,0.7289357991632575,0.8641342041269627,0.0966643635183572,1.0,0.0,5.7646222952753305,113.0,0.922454140474585,7.0,min_freq_conf,['None'],"['nap', 'rtp']",0.8,21.0,1.0,PROB_LEN_DIST,1.0,,1.0,321501599124620540445484228554109217615_eps2_s0,,0.01,3.2150159912462054e+38,42.0,5.0,BPI2012_WC,1.2
49.61893187277019,0.8047044404422676,0.5991390827844925,0.0405480810961621,0.5190728293790293,9.923786374554036,14389776.391101504,4.942195625975728,0.3696720804199534,0.2342092994610306,0.5506127239857345,8.950222937390208,0.496342433616519,0.5106330212660425,77.0,0.7184275714375137,0.8581110772374974,0.0915246587246656,1.0,0.0,6.486273154616356,115.0,0.9180159867105764,7.0,min_freq_conf,['None'],"['nap', 'rtp']",0.8,21.0,1.0,PROB_LEN_DIST,1.0,,1.0,321501599124620540445484228554109217615_eps2_s0,,0.01,3.2150159912462054e+38,42.0,5.0,BPI2012_WC,1.2
49.61893187277019,0.8113002173438921,0.6090157338501936,0.0391610016849689,0.5182281343569263,9.923786374554036,14389760.057865636,4.942195625975728,0.3720040492141085,0.2267063180405508,0.5552131237279814,10.04923208989203,0.5243037436157465,0.5200743710417756,77.0,0.7286405240527114,0.8625383526363223,0.1008393578231334,1.0,0.0,6.326029447838664,113.0,0.9204552272296836,7.0,min_freq_conf,['None'],"['nap', 'rtp']",0.8,21.0,1.0,PROB_LEN_DIST,1.0,,1.0,321501599124620540445484228554109217615_eps2_s0,,0.01,3.2150159912462054e+38,42.0,5.0,BPI2012_WC,1.2
49.61893187277019,0.808130085110806,0.5864194504967729,0.0398101928883958,0.5075386488465208,9.923786374554036,14389742.763042644,4.942195625975728,0.3598779266315756,0.2175070712344344,0.538799210354835,9.862141616642475,0.5143197886645794,0.5156221112959881,75.0,0.7169218734574395,0.8629314452341159,0.0958170816302299,1.0,0.0,6.802095603197813,118.0,0.922999819244443,7.0,min_freq_conf,['None'],"['nap', 'rtp']",0.8,21.0,1.0,PROB_LEN_DIST,1.0,,1.0,321501599124620540445484228554109217615_eps2_s0,,0.01,3.2150159912462054e+38,42.0,5.0,BPI2012_WC,1.2
49.61893187277019,0.7326689180722806,0.4933446949043027,0.0416918794626648,0.4189510009030981,9.923786374554036,14389725.173255656,4.942195625975728,0.3152618125289775,0.2605239894767504,0.4449204520844708,5.941378261893988,0.4836791697889566,0.4358586469805156,77.0,0.6170570160713839,0.8121496904691731,0.0945141986012458,1.0,0.0,4.75321494974196,116.0,0.897877545710435,5.0,min_freq_conf,['None'],"['nap', 'rtp']",0.8,21.0,1.0,PROB_LEN_DIST,1.0,,1.0,321501599124620540445484228554109217615_eps1_s0,,0.01,3.2150159912462054e+38,42.0,5.0,BPI2012_WC,1.2
49.61893187277019,0.7305237820458076,0.4977404675680493,0.033608711978971,0.424520512244365,9.923786374554036,14389713.594458451,4.942195625975728,0.3229317666057579,0.2756955493912598,0.4517526242961576,5.961342299357057,0.4796528443694114,0.446113405933158,77.0,0.6159403712638578,0.8112798550697842,0.0937425754964351,1.0,0.0,3.662963965907693,113.0,0.8992151492686202,5.0,min_freq_conf,['None'],"['nap', 'rtp']",0.8,21.0,1.0,PROB_LEN_DIST,1.0,,1.0,321501599124620540445484228554109217615_eps1_s0,,0.01,3.2150159912462054e+38,42.0,5.0,BPI2012_WC,1.2
49.61893187277019,0.7277913450649238,0.4881106675723882,0.0405480810961621,0.4181625521287686,9.923786374554036,14389703.09285672,4.942195625975728,0.3160128147540759,0.2674921416964327,0.44180533882081,5.784196795895696,0.4902529455721378,0.4320168640337281,77.0,0.6107035945826045,0.8087962161878124,0.1014993675053119,1.0,0.0,4.2043252941221,115.0,0.8965130177698084,5.0,min_freq_conf,['None'],"['nap', 'rtp']",0.8,21.0,1.0,PROB_LEN_DIST,1.0,,1.0,321501599124620540445484228554109217615_eps1_s0,,0.01,3.2150159912462054e+38,42.0,5.0,BPI2012_WC,1.2
49.61893187277019,0.7449117081946883,0.512461167790216,0.0391610016849689,0.4299122985505099,9.923786374554036,14389692.206874575,4.942195625975728,0.3223152026497707,0.2579304579042756,0.4595113217994246,7.080081569030881,0.5184351392090321,0.453489047702051,77.0,0.6353350231540671,0.8197480126063124,0.1003801710903644,1.0,0.0,4.52328322827816,113.0,0.9019504010673772,5.0,min_freq_conf,['None'],"['nap', 'rtp']",0.8,21.0,1.0,PROB_LEN_DIST,1.0,,1.0,321501599124620540445484228554109217615_eps1_s0,,0.01,3.2150159912462054e+38,42.0,5.0,BPI2012_WC,1.2
49.61893187277019,0.7339451268165946,0.5004641230418999,0.0398101928883958,0.4300626258436153,9.923786374554036,14389679.679530358,4.942195625975728,0.3232057415689479,0.2648097130531747,0.4542263174398926,6.962375584989786,0.5013957414776087,0.4433968077894866,75.0,0.620422615957144,0.8124983352912429,0.099310228601098,1.0,0.0,4.581224711611867,118.0,0.8990325439287999,5.0,min_freq_conf,['None'],"['nap', 'rtp']",0.8,21.0,1.0,PROB_LEN_DIST,1.0,,1.0,321501599124620540445484228554109217615_eps1_s0,,0.01,3.2150159912462054e+38,42.0,5.0,BPI2012_WC,1.2
49.61893187277019,0.951452884175539,0.8757361392209968,0.0416918794626648,0.7590612534625956,9.923786374554036,14389667.237222454,4.942195625975728,0.4061857779570542,0.0387611931467873,0.8179187396034898,18.381529979407787,0.4777191840112209,0.6425632336923636,77.0,0.930668646368314,0.961912278643424,0.102037888020277,1.0,0.0,41.42950784601271,116.0,0.9736443912514664,3.0,min_freq_conf,['None'],"['nap', 'rtp']",0.8,21.0,1.0,PROB_LEN_DIST,1.0,,1.0,321501599124620540445484228554109217615_eps0_s0,,0.01,3.2150159912462054e+38,42.0,5.0,BPI2012_WC,1.2
49.61893187277019,0.954933450744097,0.8692672295543881,0.033608711978971,0.734591593153966,9.923786374554036,14389606.530671988,4.942195625975728,0.4109662104532697,0.0488764495475359,0.8027454989650855,16.176489582285285,0.4537146352231502,0.6482037801977719,77.0,0.9320279202914404,0.9658982134702744,0.0946705006062984,1.0,0.0,34.17461175657809,113.0,0.9773840228270292,3.0,min_freq_conf,['None'],"['nap', 'rtp']",0.8,21.0,1.0,PROB_LEN_DIST,1.0,,1.0,321501599124620540445484228554109217615_eps0_s0,,0.01,3.2150159912462054e+38,42.0,5.0,BPI2012_WC,1.2
49.61893187277019,0.9528481319868062,0.8782130614080046,0.0405480810961621,0.7630215151626163,9.923786374554036,14389555.324242905,4.942195625975728,0.4078276860845753,0.0399018344721364,0.8210268383705327,17.901358790695667,0.4617536012083292,0.644243288486577,77.0,0.9324408199162816,0.9631181369462388,0.0951674599200487,1.0,0.0,39.79843180067837,115.0,0.9746349978171518,3.0,min_freq_conf,['None'],"['nap', 'rtp']",0.8,21.0,1.0,PROB_LEN_DIST,1.0,,1.0,321501599124620540445484228554109217615_eps0_s0,,0.01,3.2150159912462054e+38,42.0,5.0,BPI2012_WC,1.2
49.61893187277019,0.9529344900047968,0.8737914521022936,0.0391610016849689,0.7493148470348795,9.923786374554036,14389496.75779239,4.942195625975728,0.4114150044212787,0.0467053170276294,0.812244056766079,19.30415580049157,0.488954409956932,0.653303120097612,77.0,0.9317045543590752,0.9632608944856964,0.0994696654379367,1.0,0.0,39.56294378079474,113.0,0.9748027693016232,3.0,min_freq_conf,['None'],"['nap', 'rtp']",0.8,21.0,1.0,PROB_LEN_DIST,1.0,,1.0,321501599124620540445484228554109217615_eps0_s0,,0.01,3.2150159912462054e+38,42.0,5.0,BPI2012_WC,1.2
49.61893187277019,0.9541134715345096,0.8813374690647252,0.0398101928883958,0.768934948539197,9.923786374554036,14389436.985612,4.942195625975728,0.4121647066353682,0.0427178499322479,0.8255531422283857,18.800338158383965,0.4673225916922092,0.6443581684846243,75.0,0.9343121525070304,0.9638924941793484,0.1001514326781034,1.0,0.0,41.32422390021384,118.0,0.9755395766631516,3.0,min_freq_conf,['None'],"['nap', 'rtp']",0.8,21.0,1.0,PROB_LEN_DIST,1.0,,1.0,321501599124620540445484228554109217615_eps0_s0,,0.01,3.2150159912462054e+38,42.0,5.0,BPI2012_WC,1.2
50.080388966947794,0.8041427523121191,0.544006474925174,0.0047198354108677,0.4608473833902691,10.01607779338956,14389124.557265248,1.0538712926208973,0.4805119942446277,0.3086457277496196,0.4849109198097021,6.695938428863883,2.834816223010421,0.5845334624228489,77.0,0.7077910822774521,0.8625611729539785,0.0952009577304124,1.0,0.0,9.936508774757383,1233.0,0.9327281201479632,21.0,min_freq_conf,['None'],"['nap', 'rtp']",0.8,21.0,1.0,PROB_LEN_DIST,1.0,,1.0,264291511710194072304592848665926655427_eps5_s0,,0.001,2.642915117101941e+38,42.0,5.0,BPI2012_WC,1.2
50.080388966947794,0.8118830764979019,0.5473419864370284,0.0036925772937789,0.4618727352130989,10.01607779338956,14389104.694404872,1.0538712926208973,0.495113141740794,0.3172659442986215,0.4878387318457284,6.355784500017762,2.8390983156859875,0.6057078482914007,77.0,0.7147923193122975,0.8692465325697251,0.0930416118353605,1.0,0.0,8.933344084769487,1259.0,0.9369453107946776,21.0,min_freq_conf,['None'],"['nap', 'rtp']",0.8,21.0,1.0,PROB_LEN_DIST,1.0,,1.0,264291511710194072304592848665926655427_eps5_s0,,0.001,2.642915117101941e+38,42.0,5.0,BPI2012_WC,1.2
50.080388966947794,0.8070078468572606,0.553375171543297,0.0047120094240188,0.4730491457393031,10.01607779338956,14389086.16613388,1.0538712926208973,0.4788851555611113,0.3164418643282931,0.4963749462260662,6.684503443539143,2.838602578267455,0.5893111786223573,77.0,0.7131770121054058,0.8649123867526848,0.0927982740104198,1.0,0.0,10.031670762225986,1252.0,0.9348240517109604,21.0,min_freq_conf,['None'],"['nap', 'rtp']",0.8,21.0,1.0,PROB_LEN_DIST,1.0,,1.0,264291511710194072304592848665926655427_eps5_s0,,0.001,2.642915117101941e+38,42.0,5.0,BPI2012_WC,1.2
50.080388966947794,0.795687442502155,0.5021041531268574,0.0040671663471035,0.4030500552862612,10.01607779338956,14389066.199136987,1.0538712926208973,0.4839271687012024,0.3367160991168984,0.4298427883323604,5.956298980861902,3.0457314532250166,0.5820696066469119,77.0,0.6915465045934848,0.8584497917618698,0.0995249059051275,1.0,0.0,6.382139801979065,1271.0,0.9315457234190428,21.0,min_freq_conf,['None'],"['nap', 'rtp']",0.8,21.0,1.0,PROB_LEN_DIST,1.0,,1.0,264291511710194072304592848665926655427_eps5_s0,,0.001,2.642915117101941e+38,42.0,5.0,BPI2012_WC,1.2
50.080388966947794,0.8138992887128788,0.5503344559810891,0.0036359154495593,0.4680394373439232,10.01607779338956,14389050.402635908,1.0538712926208973,0.4900816176236376,0.3119325445364533,0.4912507645005841,7.271664094179869,2.978342404589057,0.605410735194429,75.0,0.7197839913828499,0.8714176169675538,0.0946373715996742,1.0,0.0,9.849803635850549,1281.0,0.9382106604626672,21.0,min_freq_conf,['None'],"['nap', 'rtp']",0.8,21.0,1.0,PROB_LEN_DIST,1.0,,1.0,264291511710194072304592848665926655427_eps5_s0,,0.001,2.642915117101941e+38,42.0,5.0,BPI2012_WC,1.2
50.080388966947794,0.7981961671607744,0.5281415037100797,0.0047198354108677,0.4560817059778009,10.01607779338956,14389029.91008945,1.0538712926208973,0.4733072564011925,0.3199829813011977,0.4790045648478924,6.117690043523908,2.74773433804512,0.5847755052644318,77.0,0.6954135772545686,0.8594047708727629,0.098224326968193,1.0,0.0,10.732139324769378,1233.0,0.9315468999809712,17.0,min_freq_conf,['None'],"['nap', 'rtp']",0.8,21.0,1.0,PROB_LEN_DIST,1.0,,1.0,264291511710194072304592848665926655427_eps4_s0,,0.001,2.642915117101941e+38,42.0,5.0,BPI2012_WC,1.2
50.080388966947794,0.7958116324743739,0.4882618409458177,0.0036925772937789,0.4139061613355905,10.01607779338956,14389009.899978396,1.0538712926208973,0.495113141740794,0.354169586713674,0.4333625584082633,5.092343784868717,2.797393364831805,0.6057078482914007,77.0,0.6827962033438423,0.8604402080774282,0.0933350548148155,1.0,0.0,5.792690195143223,1259.0,0.93371174424652,17.0,min_freq_conf,['None'],"['nap', 'rtp']",0.8,21.0,1.0,PROB_LEN_DIST,1.0,,1.0,264291511710194072304592848665926655427_eps4_s0,,0.001,2.642915117101941e+38,42.0,5.0,BPI2012_WC,1.2
50.080388966947794,0.8001543286959063,0.5349729981658363,0.0047120094240188,0.4652318514963117,10.01607779338956,14388995.82160514,1.0538712926208973,0.4660895856245676,0.3261292928680098,0.4875930836136522,5.957813575863838,2.846071183681488,0.5863971727943456,77.0,0.6992711520053845,0.8611102381462489,0.0965909529477357,1.0,0.0,10.836452256888151,1252.0,0.9333194116742256,17.0,min_freq_conf,['None'],"['nap', 'rtp']",0.8,21.0,1.0,PROB_LEN_DIST,1.0,,1.0,264291511710194072304592848665926655427_eps4_s0,,0.001,2.642915117101941e+38,42.0,5.0,BPI2012_WC,1.2
50.080388966947794,0.8137123334595874,0.5613858417569655,0.0040671663471035,0.4791101440848477,10.01607779338956,14388975.774238748,1.0538712926208973,0.4875017022224973,0.2973884532458072,0.5085718492697207,7.814607389271259,2.9235795736312866,0.5900877345883446,77.0,0.7191012839917673,0.8700031722022156,0.0954464040696621,1.0,0.0,12.081704560667276,1271.0,0.9366361065474496,17.0,min_freq_conf,['None'],"['nap', 'rtp']",0.8,21.0,1.0,PROB_LEN_DIST,1.0,,1.0,264291511710194072304592848665926655427_eps4_s0,,0.001,2.642915117101941e+38,42.0,5.0,BPI2012_WC,1.2
50.080388966947794,0.8033280465246959,0.4994430682596161,0.0036359154495593,0.4228008323646992,10.01607779338956,14388952.549121307,1.0538712926208973,0.4934577146946344,0.3511106911147913,0.4414124806355039,5.820096056908369,2.830957563593984,0.617366118198065,75.0,0.6944332460828219,0.8675879731197088,0.0985343605279922,1.0,0.0,6.318945657461882,1281.0,0.9379929690053896,17.0,min_freq_conf,['None'],"['nap', 'rtp']",0.8,21.0,1.0,PROB_LEN_DIST,1.0,,1.0,264291511710194072304592848665926655427_eps4_s0,,0.001,2.642915117101941e+38,42.0,5.0,BPI2012_WC,1.2
50.080388966947794,0.7400561328144852,0.4458807093099881,0.0047198354108677,0.3871446966924744,10.01607779338956,14388937.176860424,1.0538712926208973,0.4543574004298568,0.3672364931179845,0.4024962026601953,3.307431973516941,2.520241281017661,0.5315865908265763,77.0,0.6030599572215068,0.8204851173953176,0.0947235617786645,1.0,0.0,3.9064588882029057,1233.0,0.9145382307006592,11.0,min_freq_conf,['None'],"['nap', 'rtp']",0.8,21.0,1.0,PROB_LEN_DIST,1.0,,1.0,264291511710194072304592848665926655427_eps3_s0,,0.001,2.642915117101941e+38,42.0,5.0,BPI2012_WC,1.2
50.080388966947794,0.7423795907407668,0.4519193144573972,0.0036925772937789,0.3955811771092556,10.01607779338956,14388927.045727426,1.0538712926208973,0.4686713623326767,0.3730702029535185,0.4119491816007607,3.149634385481477,2.590324206277728,0.5507572912755038,77.0,0.6034015401183876,0.8232823426024499,0.0978310946375131,1.0,0.0,3.831856133416295,1259.0,0.917378340109533,11.0,min_freq_conf,['None'],"['nap', 'rtp']",0.8,21.0,1.0,PROB_LEN_DIST,1.0,,1.0,264291511710194072304592848665926655427_eps3_s0,,0.001,2.642915117101941e+38,42.0,5.0,BPI2012_WC,1.2
50.080388966947794,0.7593487848836313,0.4781386963447309,0.0047120094240188,0.3813989077403488,10.01607779338956,14388917.076718075,1.0538712926208973,0.4532962042811997,0.3632678819175116,0.4072701097252104,3.719054732471705,2.570733545348048,0.536983073966148,77.0,0.6373502871241864,0.8332831044447043,0.1012223195284605,1.0,0.0,4.416358336806297,1252.0,0.9227297899295164,11.0,min_freq_conf,['None'],"['nap', 'rtp']",0.8,21.0,1.0,PROB_LEN_DIST,1.0,,1.0,264291511710194072304592848665926655427_eps3_s0,,0.001,2.642915117101941e+38,42.0,5.0,BPI2012_WC,1.2
50.080388966947794,0.7444012491417795,0.4488868720330763,0.0040671663471035,0.3831643056123959,10.01607779338956,14388905.968585435,1.0538712926208973,0.4549661990385009,0.3589836242000929,0.4018285871368917,3.595455303788185,2.7024861220270395,0.5216431352042299,77.0,0.6068164284162175,0.8250412462815209,0.0958879608660936,1.0,0.0,4.117694007232785,1271.0,0.9182603421802196,11.0,min_freq_conf,['None'],"['nap', 'rtp']",0.8,21.0,1.0,PROB_LEN_DIST,1.0,,1.0,264291511710194072304592848665926655427_eps3_s0,,0.001,2.642915117101941e+38,42.0,5.0,BPI2012_WC,1.2
50.080388966947794,0.7684078580453626,0.4825405183295986,0.0036359154495593,0.3899009965551491,10.01607779338956,14388895.13990552,1.0538712926208973,0.4773229242610406,0.3613751503661667,0.4124845729918382,3.89890693128109,2.6565154641866684,0.5883404202871757,75.0,0.6490436735055926,0.8406708309868245,0.0958974845707416,1.0,0.0,4.474957603961229,1281.0,0.9273808068056602,11.0,min_freq_conf,['None'],"['nap', 'rtp']",0.8,21.0,1.0,PROB_LEN_DIST,1.0,,1.0,264291511710194072304592848665926655427_eps3_s0,,0.001,2.642915117101941e+38,42.0,5.0,BPI2012_WC,1.2
50.080388966947794,0.6727064604204069,0.4251356848177097,0.0047198354108677,0.3631302132332332,10.01607779338956,14388883.69918378,1.0538712926208973,0.365701519369308,0.3282845699924495,0.3801649653203466,2.204878067597747,2.39999445527792,0.3841219895921578,77.0,0.5582406216299662,0.7630598911331904,0.1020142901688814,1.0,0.0,3.2156570851802826,1233.0,0.8775361560233345,7.0,min_freq_conf,['None'],"['nap', 'rtp']",0.8,21.0,1.0,PROB_LEN_DIST,1.0,,1.0,264291511710194072304592848665926655427_eps2_s0,,0.001,2.642915117101941e+38,42.0,5.0,BPI2012_WC,1.2
50.080388966947794,0.672580221748774,0.4284371016234464,0.0036925772937789,0.3675977105541405,10.01607779338956,14388875.473712722,1.0538712926208973,0.365592558281248,0.3309573971991321,0.3854459971485138,2.088007040321827,2.4567127991467714,0.3862811365627738,77.0,0.5569400029483438,0.7631208324659495,0.0994452964514494,1.0,0.0,3.193308368325233,1259.0,0.8779418608144,7.0,min_freq_conf,['None'],"['nap', 'rtp']",0.8,21.0,1.0,PROB_LEN_DIST,1.0,,1.0,264291511710194072304592848665926655427_eps2_s0,,0.001,2.642915117101941e+38,42.0,5.0,BPI2012_WC,1.2
50.080388966947794,0.6841439100641266,0.4384618899092165,0.0047120094240188,0.3792448047482586,10.01607779338956,14388867.30694248,1.0538712926208973,0.3716435638666827,0.3456993408420074,0.3952431738129005,2.3812639955431223,2.4109246842563152,0.3911587823175646,77.0,0.5679361000610954,0.7749945680165982,0.0974283590912818,1.0,0.0,3.4237972665578127,1252.0,0.8834549995953466,7.0,min_freq_conf,['None'],"['nap', 'rtp']",0.8,21.0,1.0,PROB_LEN_DIST,1.0,,1.0,264291511710194072304592848665926655427_eps2_s0,,0.001,2.642915117101941e+38,42.0,5.0,BPI2012_WC,1.2
50.080388966947794,0.6756158714391681,0.4191026006082539,0.0040671663471035,0.3489481925984846,10.01607779338956,14388858.689514762,1.0538712926208973,0.3505702786678203,0.3106969878143882,0.3690124843785928,2.3822774048894644,2.558616556227207,0.3479751321829062,77.0,0.5582024284529229,0.7661150626589193,0.0968491677194833,1.0,0.0,3.487044382840395,1271.0,0.8777746189654384,7.0,min_freq_conf,['None'],"['nap', 'rtp']",0.8,21.0,1.0,PROB_LEN_DIST,1.0,,1.0,264291511710194072304592848665926655427_eps2_s0,,0.001,2.642915117101941e+38,42.0,5.0,BPI2012_WC,1.2
50.080388966947794,0.6758709293364814,0.4325384935963782,0.0036359154495593,0.3699027356838509,10.01607779338956,14388849.865747128,1.0538712926208973,0.3603971038154774,0.3267065224992297,0.3874120300241851,2.3444695994257927,2.5429841205477715,0.3753620509028162,75.0,0.5613245247279575,0.766827634196899,0.0937142446637153,1.0,0.0,3.4281548112630844,1281.0,0.8796659574971181,7.0,min_freq_conf,['None'],"['nap', 'rtp']",0.8,21.0,1.0,PROB_LEN_DIST,1.0,,1.0,264291511710194072304592848665926655427_eps2_s0,,0.001,2.642915117101941e+38,42.0,5.0,BPI2012_WC,1.2
50.080388966947794,0.6505499721953507,0.399555401112685,0.0047198354108677,0.339852354766912,10.01607779338956,14388841.165576244,1.0538712926208973,0.2541897055651247,0.3277145023272436,0.3552733513596902,1.7708197683095932,2.33330811932683,0.3160474403969502,77.0,0.5348032819821079,0.7462521649205796,0.0981809087097644,1.0,0.0,3.2474176231771708,1233.0,0.860730378721813,5.0,min_freq_conf,['None'],"['nap', 'rtp']",0.8,21.0,1.0,PROB_LEN_DIST,1.0,,1.0,264291511710194072304592848665926655427_eps1_s0,,0.001,2.642915117101941e+38,42.0,5.0,BPI2012_WC,1.2
50.080388966947794,0.6442166189621858,0.4002522550035194,0.0036925772937789,0.3420024147486248,10.01607779338956,14388833.411715264,1.0538712926208973,0.2438057163255498,0.3266977526037611,0.3580830530844516,1.7100247088819742,2.3285157717764378,0.3128051070221554,77.0,0.5299130780776234,0.7417828567202426,0.0959732066839933,1.0,0.0,3.310446472838521,1259.0,0.8587402260345413,5.0,min_freq_conf,['None'],"['nap', 'rtp']",0.8,21.0,1.0,PROB_LEN_DIST,1.0,,1.0,264291511710194072304592848665926655427_eps1_s0,,0.001,2.642915117101941e+38,42.0,5.0,BPI2012_WC,1.2
50.080388966947794,0.6486761992610223,0.4014161796984058,0.0047120094240188,0.3442699714820491,10.01607779338956,14388825.657114873,1.0538712926208973,0.2504176553417552,0.332284613863354,0.3588557055155181,1.6928945630788803,2.3551514483988285,0.3144026288052576,77.0,0.5318579360605481,0.7452622151615584,0.0936535354703664,1.0,0.0,3.2338520139455795,1252.0,0.860527739489301,5.0,min_freq_conf,['None'],"['nap', 'rtp']",0.8,21.0,1.0,PROB_LEN_DIST,1.0,,1.0,264291511710194072304592848665926655427_eps1_s0,,0.001,2.642915117101941e+38,42.0,5.0,BPI2012_WC,1.2
50.080388966947794,0.6532877264244215,0.3976495206620225,0.0040671663471035,0.329168361105247,10.01607779338956,14388817.98102084,1.0538712926208973,0.2432807140841753,0.3118085516247358,0.3477411911626691,1.8592181261628864,2.489225961267948,0.3061995235605136,77.0,0.5375078595765819,0.7490035112866309,0.0956814624369144,1.0,0.0,3.581724364310503,1271.0,0.8629107809277446,5.0,min_freq_conf,['None'],"['nap', 'rtp']",0.8,21.0,1.0,PROB_LEN_DIST,1.0,,1.0,264291511710194072304592848665926655427_eps1_s0,,0.001,2.642915117101941e+38,42.0,5.0,BPI2012_WC,1.2
50.080388966947794,0.6530618683004406,0.4059094873577368,0.0036359154495593,0.3454431108730786,10.01607779338956,14388809.651092,1.0538712926208973,0.2523664173032819,0.3248174291177256,0.3615201020779872,1.7852195333689451,2.4730655811727047,0.3147840019720219,75.0,0.5373449817254722,0.7480742068915031,0.0967033710330724,1.0,0.0,3.455501593649388,1281.0,0.8622409737298079,5.0,min_freq_conf,['None'],"['nap', 'rtp']",0.8,21.0,1.0,PROB_LEN_DIST,1.0,,1.0,264291511710194072304592848665926655427_eps1_s0,,0.001,2.642915117101941e+38,42.0,5.0,BPI2012_WC,1.2
50.080388966947794,0.97368157088489,0.9015338801415635,0.0047198354108677,0.7844649763395593,10.01607779338956,14388801.496644428,1.0538712926208973,0.4230716631955665,0.0538218481760913,0.8437606543687319,18.321099320426583,2.3082053884863853,0.659929807575941,77.0,0.9548664557078108,0.9823868883182572,0.0948591027408838,1.0,0.0,235.96374070085585,1233.0,0.990794659601598,3.0,min_freq_conf,['None'],"['nap', 'rtp']",0.8,21.0,1.0,PROB_LEN_DIST,1.0,,1.0,264291511710194072304592848665926655427_eps0_s0,,0.001,2.642915117101941e+38,42.0,5.0,BPI2012_WC,1.2
520.805045440793,0.9417576687278614,0.8839530850683835,0.0002095996646405,0.8098305322823557,104.1610090881586,14392096.468039287,10.06754018738866,0.3056299147050008,0.323873270713424,0.8459892149317361,14.124399585649371,93.17232399061322,0.7028575420945993,126.0,0.9240747137048884,0.9599994275187324,0.0970626100897789,1.0,0.0,3554.143187141046,174472.0,0.982215979748502,3.0,min_freq_conf,['None'],"['nap', 'rtp']",0.8,21.0,1.0,PROB_LEN_DIST,1.0,,1.0,263323574929751772136832983559399959090_eps0_s0,,1e-07,2.6332357492975178e+38,42.0,5.0,BPI2013_Incidents,1.2
1007.369895869866,0.9653228446473606,0.9209157565430344,2.8624588521540003e-05,0.8359277839731113,201.4739791739732,14398635.495497668,2.4639344420284037,0.5851919015884613,0.188143887352148,0.8796347178306634,55.156822834163904,83.8798027485609,0.7621582939745242,99.0,0.9554032844215108,0.971073687508762,0.1219899412244558,1.0,0.0,10143.139164986089,232712.0,0.9816581519336224,3.0,min_freq_conf,['None'],"['nap', 'rtp']",0.8,21.0,1.0,PROB_LEN_DIST,1.0,,1.0,85786624389934247284509876354467652603_eps0_s0,,1e-10,8.578662438993424e+37,42.0,5.0,BPI2012_C,1.2
50.080388966947794,0.9728786580742614,0.8896733569462905,0.0036925772937789,0.7543826204024722,10.01607779338956,14388544.477579504,1.0538712926208973,0.4235429506966552,0.0608890404706358,0.8230184643197536,16.256051898002625,2.259599050506949,0.6614094379772186,77.0,0.951318413776794,0.9824440434095724,0.097337307408452,1.0,0.0,197.1651959270239,1259.0,0.9913086914669552,3.0,min_freq_conf,['None'],"['nap', 'rtp']",0.8,21.0,1.0,PROB_LEN_DIST,1.0,,1.0,264291511710194072304592848665926655427_eps0_s0,,0.001,2.642915117101941e+38,42.0,5.0,BPI2012_WC,1.2
50.080388966947794,0.9752214841385192,0.9039639219491016,0.0047120094240188,0.788008319689514,10.01607779338956,14388328.374379013,1.0538712926208973,0.4214745948426843,0.0525304919102408,0.8467331630466031,17.91833228431642,2.2792599592357874,0.6586273172546345,77.0,0.9566864936095476,0.9835076161170238,0.0975385718047618,1.0,0.0,237.6284880526364,1252.0,0.9914474487916008,3.0,min_freq_conf,['None'],"['nap', 'rtp']",0.8,21.0,1.0,PROB_LEN_DIST,1.0,,1.0,264291511710194072304592848665926655427_eps0_s0,,0.001,2.642915117101941e+38,42.0,5.0,BPI2012_WC,1.2
50.080388966947794,0.9737649282471944,0.8970282313628715,0.0040671663471035,0.7720050101544247,10.01607779338956,14388070.131702336,1.0538712926208973,0.4267061472480924,0.0603111554599632,0.8354189279579605,19.353639602661133,2.4479516353458166,0.6678868165707977,77.0,0.9538438754801604,0.9827104221231756,0.1002678554505109,1.0,0.0,224.14396254904568,1271.0,0.9912129117536173,3.0,min_freq_conf,['None'],"['nap', 'rtp']",0.8,21.0,1.0,PROB_LEN_DIST,1.0,,1.0,264291511710194072304592848665926655427_eps0_s0,,0.001,2.642915117101941e+38,42.0,5.0,BPI2012_WC,1.2
50.080388966947794,0.976025584204258,0.9065391204693608,0.0036359154495593,0.7935516524570546,10.01607779338956,14387823.754756236,1.0538712926208973,0.4258374943216404,0.0554355578388329,0.8507867474809391,19.01178785972297,2.316716942936182,0.6587785789116903,75.0,0.9580447916261065,0.984020368723344,0.1001594457775354,1.0,0.0,246.84927148930728,1281.0,0.9915678976898612,3.0,min_freq_conf,['None'],"['nap', 'rtp']",0.8,21.0,1.0,PROB_LEN_DIST,1.0,,1.0,264291511710194072304592848665926655427_eps0_s0,,0.001,2.642915117101941e+38,42.0,5.0,BPI2012_WC,1.2
54.59240191988647,0.7644096172033552,0.5096801454804617,0.0002420428415829,0.3967931574475835,10.918480383977291,14387298.50521546,1.0706887226551771,0.5017980750244068,0.3157575941500853,0.4324910261822122,4.719490392133594,15.611571667715909,0.4704707733268788,77.0,0.6612471523403947,0.8308550361922931,0.1010791379958391,1.0,0.0,24.888083554804325,10405.0,0.9118194346223384,21.0,min_freq_conf,['None'],"['nap', 'rtp']",0.8,21.0,1.0,PROB_LEN_DIST,1.0,,1.0,259939277903571725723656442776121431231_eps5_s0,,0.0001,2.5993927790357173e+38,42.0,5.0,BPI2012_WC,1.2
54.59240191988647,0.7554185375445915,0.5124820634494288,0.0,0.4016966494464868,10.918480383977291,14387252.884213507,1.0706887226551771,0.4777613149185963,0.3127978815703368,0.4373801136635709,5.067994283512235,15.956503126770258,0.4354111903867818,77.0,0.6554526334180796,0.8223714542154218,0.0925075095146894,1.0,0.0,25.66455183364451,10798.0,0.9070594847267496,21.0,min_freq_conf,['None'],"['nap', 'rtp']",0.8,21.0,1.0,PROB_LEN_DIST,1.0,,1.0,259939277903571725723656442776121431231_eps5_s0,,0.0001,2.5993927790357173e+38,42.0,5.0,BPI2012_WC,1.2
54.59240191988647,0.757778503645408,0.5128850181976049,0.0001240002480004,0.4017318789789453,10.918480383977291,14387205.771724869,1.0706887226551771,0.4575049511555514,0.3060621356290368,0.4373624062074612,5.039627939462662,15.76636197604239,0.4233368466736933,77.0,0.6567571199395036,0.8237871863313345,0.0930960085242986,1.0,0.0,26.160476053133607,10597.0,0.907626544157668,21.0,min_freq_conf,['None'],"['nap', 'rtp']",0.8,21.0,1.0,PROB_LEN_DIST,1.0,,1.0,259939277903571725723656442776121431231_eps5_s0,,0.0001,2.5993927790357173e+38,42.0,5.0,BPI2012_WC,1.2
54.59240191988647,0.7690531717471749,0.5206362336895133,0.0,0.4009127542835766,10.918480383977291,14387158.40718096,1.0706887226551771,0.5013653348201332,0.3050064444259426,0.4406966002880332,5.536430763080716,16.032255604863167,0.47173319388763,77.0,0.669666695189933,0.8339949931622986,0.0959457103163003,1.0,0.0,26.310660442337397,10346.0,0.9137304584795132,21.0,min_freq_conf,['None'],"['nap', 'rtp']",0.8,21.0,1.0,PROB_LEN_DIST,1.0,,1.0,259939277903571725723656442776121431231_eps5_s0,,0.0001,2.5993927790357173e+38,42.0,5.0,BPI2012_WC,1.2
54.59240191988647,0.7579268914919242,0.5126975059975114,0.000246502742343,0.4011001420984068,10.918480383977291,14387110.125304315,1.0706887226551771,0.4812914487022305,0.3128201467437514,0.4358731281692707,5.29867909103632,16.1474913302809,0.4616380107228693,75.0,0.6574880487764162,0.8241016837459736,0.0967329684644937,1.0,0.0,26.1395812202245,10649.0,0.9079597779878256,21.0,min_freq_conf,['None'],"['nap', 'rtp']",0.8,21.0,1.0,PROB_LEN_DIST,1.0,,1.0,259939277903571725723656442776121431231_eps5_s0,,0.0001,2.5993927790357173e+38,42.0,5.0,BPI2012_WC,1.2
54.59240191988647,0.7461276462730312,0.4626255018077529,0.0002420428415829,0.3537553298112486,10.918480383977291,14387062.132873448,1.0706887226551771,0.4808553941787371,0.3295389135362845,0.3866561056816317,3.3897183649241924,13.924704676494002,0.439247246762677,77.0,0.6324705058246324,0.818358396526384,0.0952482875436544,1.0,0.0,19.054168665781617,10405.0,0.9060405778297972,17.0,min_freq_conf,['None'],"['nap', 'rtp']",0.8,21.0,1.0,PROB_LEN_DIST,1.0,,1.0,259939277903571725723656442776121431231_eps4_s0,,0.0001,2.5993927790357173e+38,42.0,5.0,BPI2012_WC,1.2
54.59240191988647,0.7535711473203283,0.5253026390060561,0.0,0.4485639147957398,10.918480383977291,14387025.3631602,1.0706887226551771,0.4668044974872077,0.2999273429176741,0.4753608915233174,5.504944952204824,14.358440542593598,0.4120040055075729,77.0,0.6555882215490197,0.8204516092437485,0.0956481881439685,1.0,0.0,28.59574745595455,10798.0,0.9060602666758788,17.0,min_freq_conf,['None'],"['nap', 'rtp']",0.8,21.0,1.0,PROB_LEN_DIST,1.0,,1.0,259939277903571725723656442776121431231_eps4_s0,,0.0001,2.5993927790357173e+38,42.0,5.0,BPI2012_WC,1.2
54.59240191988647,0.7579722349773635,0.5267079799548332,0.0001240002480004,0.4538127713743731,10.918480383977291,14386976.50389044,1.0706887226551771,0.4545074014285015,0.2879674394896173,0.4782397946718298,5.721892790868878,14.18369710445404,0.4147808295616591,77.0,0.6604709135169335,0.8231646143888331,0.1010488215833902,1.0,0.0,32.35198514163494,10597.0,0.9085943917208656,17.0,min_freq_conf,['None'],"['nap', 'rtp']",0.8,21.0,1.0,PROB_LEN_DIST,1.0,,1.0,259939277903571725723656442776121431231_eps4_s0,,0.0001,2.5993927790357173e+38,42.0,5.0,BPI2012_WC,1.2
54.59240191988647,0.7753631768444286,0.5447804486760269,0.0,0.4547595730725413,10.918480383977291,14386923.833167052,1.0706887226551771,0.5012782386073027,0.2848736139537154,0.4848587904894307,6.504276186227799,14.328127795830367,0.4656324443669746,77.0,0.6798202168139108,0.8379734711113415,0.0967387780547142,1.0,0.0,33.417663441970944,10346.0,0.9157279774163471,17.0,min_freq_conf,['None'],"['nap', 'rtp']",0.8,21.0,1.0,PROB_LEN_DIST,1.0,,1.0,259939277903571725723656442776121431231_eps4_s0,,0.0001,2.5993927790357173e+38,42.0,5.0,BPI2012_WC,1.2
54.59240191988647,0.7411722631349339,0.4644067413419159,0.000246502742343,0.3540087702106843,10.918480383977291,14386869.175348183,1.0706887226551771,0.4592364665770406,0.3270458082835792,0.3863740974745621,3.2714382223784924,14.352857602760196,0.4195476674678006,75.0,0.6305071386936735,0.8118874448850383,0.0939974077045917,1.0,0.0,19.51771991513669,10649.0,0.901570666969814,17.0,min_freq_conf,['None'],"['nap', 'rtp']",0.8,21.0,1.0,PROB_LEN_DIST,1.0,,1.0,259939277903571725723656442776121431231_eps4_s0,,0.0001,2.5993927790357173e+38,42.0,5.0,BPI2012_WC,1.2
54.59240191988647,0.7286346893546687,0.4503537524069758,0.0002420428415829,0.3854441710083549,10.918480383977291,14386831.63267298,1.0706887226551771,0.4719138832333702,0.2922595289855313,0.4055727814866169,4.480332182720304,12.090335646644236,0.3986445600871354,77.0,0.6009032419647837,0.8072068940826189,0.0966380275785923,1.0,0.0,20.40105945430696,10405.0,0.9030369041658268,11.0,min_freq_conf,['None'],"['nap', 'rtp']",0.8,21.0,1.0,PROB_LEN_DIST,1.0,,1.0,259939277903571725723656442776121431231_eps3_s0,,0.0001,2.5993927790357173e+38,42.0,5.0,BPI2012_WC,1.2
54.59240191988647,0.7091112922366349,0.409220429369083,0.0,0.3459607161881842,10.918480383977291,14386794.253833998,1.0706887226551771,0.4458556912024721,0.3240456580177967,0.3614772070321828,2.938365550711751,12.422142321243882,0.3700087620478157,77.0,0.5813331994841041,0.7915749207260663,0.0970755442976951,1.0,0.0,13.964694246649742,10798.0,0.8966373127664387,11.0,min_freq_conf,['None'],"['nap', 'rtp']",0.8,21.0,1.0,PROB_LEN_DIST,1.0,,1.0,259939277903571725723656442776121431231_eps3_s0,,0.0001,2.5993927790357173e+38,42.0,5.0,BPI2012_WC,1.2
54.59240191988647,0.7056123901218673,0.4124221012492527,0.0001240002480004,0.3547517407999843,10.918480383977291,14386764.522131482,1.0706887226551771,0.4460172289865248,0.3287792560617492,0.3694036961312065,2.90796322375536,11.850069427862763,0.3736127472254944,77.0,0.5695872481882082,0.7907374576297397,0.0970382243394851,1.0,0.0,13.768203420564532,10597.0,0.8980384251404698,11.0,min_freq_conf,['None'],"['nap', 'rtp']",0.8,21.0,1.0,PROB_LEN_DIST,1.0,,1.0,259939277903571725723656442776121431231_eps3_s0,,0.0001,2.5993927790357173e+38,42.0,5.0,BPI2012_WC,1.2
54.59240191988647,0.708453894795833,0.4036306676693257,0.0,0.3355387855393771,10.918480383977291,14386735.600319576,1.0706887226551771,0.4562037448732012,0.3200591499772169,0.3532070928347725,3.0521320682018995,12.285282773897052,0.3613967811283481,77.0,0.5695369907689136,0.7959334403956241,0.1014377530664205,1.0,0.0,13.56315465271473,10346.0,0.8960245581723049,11.0,min_freq_conf,['None'],"['nap', 'rtp']",0.8,21.0,1.0,PROB_LEN_DIST,1.0,,1.0,259939277903571725723656442776121431231_eps3_s0,,0.0001,2.5993927790357173e+38,42.0,5.0,BPI2012_WC,1.2
54.59240191988647,0.702585241830899,0.4122889647807832,0.000246502742343,0.3524375169386012,10.918480383977291,14386706.298865544,1.0706887226551771,0.4606514237841169,0.3308845900054256,0.3680254783955708,2.728634595870972,12.50611098855734,0.3955136500893572,75.0,0.5660742001121822,0.7904315162241169,0.0994997564703226,1.0,0.0,13.50808396562934,10649.0,0.8956753299141066,11.0,min_freq_conf,['None'],"['nap', 'rtp']",0.8,21.0,1.0,PROB_LEN_DIST,1.0,,1.0,259939277903571725723656442776121431231_eps3_s0,,0.0001,2.5993927790357173e+38,42.0,5.0,BPI2012_WC,1.2
54.59240191988647,0.6453018078420857,0.3903943790860819,0.0002420428415829,0.331208207097442,10.918480383977291,14386677.14940819,1.0706887226551771,0.3670499641100195,0.3209658528118238,0.3464800900932577,1.5566031616181135,11.6482956930995,0.249304126830449,77.0,0.5268665813806974,0.7310992479171762,0.0967288929969072,1.0,0.0,11.936546795070171,10405.0,0.8488047261151074,7.0,min_freq_conf,['None'],"['nap', 'rtp']",0.8,21.0,1.0,PROB_LEN_DIST,1.0,,1.0,259939277903571725723656442776121431231_eps2_s0,,0.0001,2.5993927790357173e+38,42.0,5.0,BPI2012_WC,1.2
54.59240191988647,0.650655613375994,0.4019075019566185,0.0,0.3443498278972594,10.918480383977291,14386651.601926455,1.0706887226551771,0.383696473705697,0.3306861404786913,0.3602310561561895,1.5499941688030958,11.555506382137535,0.3094254600075103,77.0,0.5306992892012428,0.7389211464387572,0.0973284114152193,1.0,0.0,12.227099612355232,10798.0,0.8600365642553205,7.0,min_freq_conf,['None'],"['nap', 'rtp']",0.8,21.0,1.0,PROB_LEN_DIST,1.0,,1.0,259939277903571725723656442776121431231_eps2_s0,,0.0001,2.5993927790357173e+38,42.0,5.0,BPI2012_WC,1.2
54.59240191988647,0.6524264370795204,0.4024350731741097,0.0001240002480004,0.3452638356986489,10.918480383977291,14386625.8704838,1.0706887226551771,0.3674207737420921,0.3323586339494855,0.3598818843509485,1.5634948536753654,11.4354988951236,0.3155186310372621,77.0,0.5339904102452369,0.7391621555817119,0.0979900304228067,1.0,0.0,12.092901930212976,10597.0,0.8585077524560585,7.0,min_freq_conf,['None'],"['nap', 'rtp']",0.8,21.0,1.0,PROB_LEN_DIST,1.0,,1.0,259939277903571725723656442776121431231_eps2_s0,,0.0001,2.5993927790357173e+38,42.0,5.0,BPI2012_WC,1.2
54.59240191988647,0.656125092922315,0.3982468946730582,0.0,0.3303033870443682,10.918480383977291,14386600.36713546,1.0706887226551771,0.3778744227014274,0.3144574274305656,0.3487332761267195,1.6883329395204782,11.60868176817894,0.2946952530358491,77.0,0.5378385740475199,0.7422430913858178,0.0952946320176124,1.0,0.0,12.343753969296811,10346.0,0.858770357287091,7.0,min_freq_conf,['None'],"['nap', 'rtp']",0.8,21.0,1.0,PROB_LEN_DIST,1.0,,1.0,259939277903571725723656442776121431231_eps2_s0,,0.0001,2.5993927790357173e+38,42.0,5.0,BPI2012_WC,1.2
54.59240191988647,0.6500620280323803,0.402110540995288,0.000246502742343,0.3418852146843451,10.918480383977291,14386574.336723313,1.0706887226551771,0.3652722953243777,0.3255795529797934,0.3576678178914107,1.4868743680417538,11.909902390092611,0.2858199297467184,75.0,0.5342261502782348,0.7364609897827618,0.0946365967392921,1.0,0.0,12.034076645970345,10649.0,0.8536410428673511,7.0,min_freq_conf,['None'],"['nap', 'rtp']",0.8,21.0,1.0,PROB_LEN_DIST,1.0,,1.0,259939277903571725723656442776121431231_eps2_s0,,0.0001,2.5993927790357173e+38,42.0,5.0,BPI2012_WC,1.2
54.59240191988647,0.634017392804945,0.3782111605533215,0.0002420428415829,0.3182819564286734,10.918480383977291,14386548.50083734,1.0706887226551771,0.3086200748907252,0.3049559550387125,0.3337828629522437,1.573953678831458,11.335126832127573,0.2247972891201742,77.0,0.5147805914499314,0.721783560760399,0.0949573423713445,1.0,0.0,12.605735313147306,10405.0,0.8459937393268236,5.0,min_freq_conf,['None'],"['nap', 'rtp']",0.8,21.0,1.0,PROB_LEN_DIST,1.0,,1.0,259939277903571725723656442776121431231_eps1_s0,,0.0001,2.5993927790357173e+38,42.0,5.0,BPI2012_WC,1.2
54.59240191988647,0.624088717264994,0.3754270688268075,0.0,0.3173429303176302,10.918480383977291,14386522.595643405,1.0706887226551771,0.2893683202229903,0.3014901717919321,0.3334277459996713,1.5239018835127354,11.511131728067994,0.2124796595318563,77.0,0.5047640794098771,0.7137877787498526,0.0991218481212854,1.0,0.0,12.860321648418903,10798.0,0.8422202136302964,5.0,min_freq_conf,['None'],"['nap', 'rtp']",0.8,21.0,1.0,PROB_LEN_DIST,1.0,,1.0,259939277903571725723656442776121431231_eps1_s0,,0.0001,2.5993927790357173e+38,42.0,5.0,BPI2012_WC,1.2
54.59240191988647,0.6299084650002067,0.3787217877291119,0.0001240002480004,0.3211683796556125,10.918480383977291,14386496.3012712,1.0706887226551771,0.2939841165435668,0.307958703090135,0.3358741439778595,1.4464236535131931,11.19787489809096,0.2223324446648893,77.0,0.5114548388966093,0.7177841440630073,0.0964316204190254,1.0,0.0,12.484003476798534,10597.0,0.8435096394933682,5.0,min_freq_conf,['None'],"['nap', 'rtp']",0.8,21.0,1.0,PROB_LEN_DIST,1.0,,1.0,259939277903571725723656442776121431231_eps1_s0,,0.0001,2.5993927790357173e+38,42.0,5.0,BPI2012_WC,1.2
54.59240191988647,0.6349969278755305,0.3747211380723253,0.0,0.3065028976769627,10.918480383977291,14386470.779738424,1.0706887226551771,0.302271440056824,0.2879054016233816,0.3250628742689024,1.6809979248791933,11.666763797402382,0.2097495787577712,77.0,0.5142482898280918,0.7238654504137698,0.0966029353439807,1.0,0.0,12.930389434099196,10346.0,0.8482244318480225,5.0,min_freq_conf,['None'],"['nap', 'rtp']",0.8,21.0,1.0,PROB_LEN_DIST,1.0,,1.0,259939277903571725723656442776121431231_eps1_s0,,0.0001,2.5993927790357173e+38,42.0,5.0,BPI2012_WC,1.2
54.59240191988647,0.6303626369439057,0.3794192155835597,0.000246502742343,0.3188669336596494,10.918480383977291,14386444.107788147,1.0706887226551771,0.2896435802830058,0.2982918029076235,0.3348967867407267,1.586759079247713,11.827710956335068,0.2132864978122881,75.0,0.5119621515312242,0.7184272345381079,0.1018657051026821,1.0,0.0,12.936460012570024,10649.0,0.8443808331661433,5.0,min_freq_conf,['None'],"['nap', 'rtp']",0.8,21.0,1.0,PROB_LEN_DIST,1.0,,1.0,259939277903571725723656442776121431231_eps1_s0,,0.0001,2.5993927790357173e+38,42.0,5.0,BPI2012_WC,1.2
100.39084547385572,0.9869720656764126,0.9501238236571796,5.3012431415166855e-05,0.8944798815676765,20.078169094771148,14392089.83713385,2.406409038230777,0.6362696479736963,0.0969172819789529,0.9227085108339632,137.71660808101296,29.655265271663666,0.8359795372014738,159.0,0.9765348158172696,0.9917082295349566,0.1226784642785787,1.0,0.0,5621.619515797123,50781.0,0.9970333238423276,3.0,min_freq_conf,['None'],"['nap', 'rtp']",0.8,21.0,1.0,PROB_LEN_DIST,1.0,,1.0,120620636695382079610453502051126986369_eps0_s0,,1e-07,1.2062063669538208e+38,42.0,5.0,BPI2012_W,1.2
54.59240191988647,0.9773085319549566,0.9054986536755516,0.0002420428415829,0.787963003714055,10.918480383977291,14386417.331570975,1.0706887226551771,0.5041712093197276,0.05392388872664,0.8475140055019637,18.243875060230494,11.262416237965226,0.6626527895437493,77.0,0.9587896282059624,0.9855789473446191,0.0976930316537618,1.0,0.0,659.6364315710962,10405.0,0.9929729627335072,3.0,min_freq_conf,['None'],"['nap', 'rtp']",0.8,21.0,1.0,PROB_LEN_DIST,1.0,,1.0,259939277903571725723656442776121431231_eps0_s0,,0.0001,2.5993927790357173e+38,42.0,5.0,BPI2012_WC,1.2
54.59240191988647,0.9744432829031644,0.8916381726781978,0.0,0.7563047698438952,10.918480383977291,14385727.771978648,1.0706887226551771,0.4681016088968675,0.0621863443754636,0.824999541943932,16.25982166454196,11.502096282318234,0.6630992614845412,77.0,0.953056034194946,0.9838723278618844,0.0961660277098417,1.0,0.0,551.5488775987178,10798.0,0.9923287559948092,3.0,min_freq_conf,['None'],"['nap', 'rtp']",0.8,21.0,1.0,PROB_LEN_DIST,1.0,,1.0,259939277903571725723656442776121431231_eps0_s0,,0.0001,2.5993927790357173e+38,42.0,5.0,BPI2012_WC,1.2
54.59240191988647,0.9781957405074222,0.907698780439084,0.0001240002480004,0.7916120504225758,10.918480383977291,14385148.044970864,1.0706887226551771,0.4911855622813224,0.052641116063059,0.850482735903344,18.115374056622382,11.441185288131235,0.6608593217186435,77.0,0.960128181706649,0.986116106125926,0.1004692763090133,1.0,0.0,636.7187571506947,10597.0,0.993223128281769,3.0,min_freq_conf,['None'],"['nap', 'rtp']",0.8,21.0,1.0,PROB_LEN_DIST,1.0,,1.0,259939277903571725723656442776121431231_eps0_s0,,0.0001,2.5993927790357173e+38,42.0,5.0,BPI2012_WC,1.2
520.805045440793,0.9333825175119876,0.8817399636337222,0.0,0.8197242250031608,104.1610090881586,14388434.608714445,10.06754018738866,0.335246781182862,0.336462121967442,0.8495479519108812,16.359819004312158,96.11448241956532,0.7016178162864686,126.0,0.9172216670837716,0.9529256317647028,0.1062813196331262,1.0,0.0,4119.0811668057,172753.0,0.9788112638052132,3.0,min_freq_conf,['None'],"['nap', 'rtp']",0.8,21.0,1.0,PROB_LEN_DIST,1.0,,1.0,263323574929751772136832983559399959090_eps0_s0,,1e-07,2.6332357492975178e+38,42.0,5.0,BPI2013_Incidents,1.2
54.59240191988647,0.9763409540239728,0.9002217734539752,0.0,0.7750849165113466,10.918480383977291,14384481.349089855,1.0706887226551771,0.508842705575127,0.0603942010994943,0.8386035527477953,19.407400174066424,12.726064084097745,0.6700947068735111,77.0,0.9567400291093756,0.9850170514232408,0.1295565422624349,1.0,0.0,648.4151198733598,10346.0,0.992809740289266,3.0,min_freq_conf,['None'],"['nap', 'rtp']",0.8,21.0,1.0,PROB_LEN_DIST,1.0,,1.0,259939277903571725723656442776121431231_eps0_s0,,0.0001,2.5993927790357173e+38,42.0,5.0,BPI2012_WC,1.2
54.59240191988647,0.9781617009782038,0.9090348434960064,0.000246502742343,0.7960192899967004,10.918480383977291,14383800.321833154,1.0706887226551771,0.5007384263973227,0.0555004785320093,0.8533108834468257,19.14204152673483,12.400487173348663,0.6605040981080914,75.0,0.960368206080923,0.9859414756943587,2.0140760745853186,1.0,0.0,715.4053117800504,10649.0,0.99290275178237,3.0,min_freq_conf,['None'],"['nap', 'rtp']",0.8,21.0,1.0,PROB_LEN_DIST,1.0,,1.0,259939277903571725723656442776121431231_eps0_s0,,0.0001,2.5993927790357173e+38,42.0,5.0,BPI2012_WC,1.2
187.31383944116533,0.7004985130505778,0.4303069296892987,6.0510710395740045e-05,0.3619932927071813,37.46276788823307,14382769.417375328,1.1679426357150078,0.4552731354287161,0.3516418665163003,0.379337357050486,13.760091282427313,77.87178931199014,0.3876921215055064,77.0,0.577766959086087,0.7846752108872521,0.112830426543951,1.0,0.0,76.42478160373867,86584.0,0.8887156453088391,21.0,min_freq_conf,['None'],"['nap', 'rtp']",0.8,21.0,1.0,PROB_LEN_DIST,1.0,,1.0,107690538010319360236428960832644145000_eps5_s0,,1e-07,1.0769053801031936e+38,42.0,5.0,BPI2012_WC,1.2
187.31383944116533,0.6980729889478458,0.4387000713737704,0.0,0.3744161319092147,37.46276788823307,14382600.907363236,1.1679426357150078,0.4664733143361574,0.3600079484568373,0.3923077453039671,2.83619324490428,82.52100029960275,0.3926023282012768,77.0,0.5784043757177141,0.780903230649392,0.1159532647579908,1.0,0.0,80.97630809806287,88327.0,0.8866339169109007,21.0,min_freq_conf,['None'],"['nap', 'rtp']",0.8,21.0,1.0,PROB_LEN_DIST,1.0,,1.0,107690538010319360236428960832644145000_eps5_s0,,1e-07,1.0769053801031936e+38,42.0,5.0,BPI2012_WC,1.2
187.31383944116533,0.7096496826231384,0.4461736620126241,0.0,0.3696271197420113,37.46276788823307,14382434.038376337,1.1679426357150078,0.4619291185413,0.3566952269791519,0.3881898612679819,4.349494706839323,77.33157227188349,0.3974207948415897,77.0,0.5926962049186619,0.7896977155733607,0.1300471201539039,1.0,0.0,88.17425851337612,87953.0,0.8913796494277471,21.0,min_freq_conf,['None'],"['nap', 'rtp']",0.8,21.0,1.0,PROB_LEN_DIST,1.0,,1.0,107690538010319360236428960832644145000_eps5_s0,,1e-07,1.0769053801031936e+38,42.0,5.0,BPI2012_WC,1.2
187.31383944116533,0.7127093706940044,0.4420437256414962,0.0,0.3648479713739133,37.46276788823307,14382263.663768604,1.1679426357150078,0.4708293937441032,0.3489223001292154,0.3849677725863607,2.976765029132366,81.94229304417968,0.4154319911684387,77.0,0.592444582625976,0.7944085407227007,0.1288311444222927,1.0,0.0,85.42753605917096,86381.0,0.8941835296345959,21.0,min_freq_conf,['None'],"['nap', 'rtp']",0.8,21.0,1.0,PROB_LEN_DIST,1.0,,1.0,107690538010319360236428960832644145000_eps5_s0,,1e-07,1.0769053801031936e+38,42.0,5.0,BPI2012_WC,1.2
187.31383944116533,0.7035978123481633,0.4328769134953245,0.0,0.3650589124202974,37.46276788823307,14382092.808342528,1.1679426357150078,0.4543957521220081,0.3487102788768443,0.3818150351567583,2.3353854659944773,86.56557724252343,0.3874406852776237,75.0,0.5818766548056433,0.7859219246120432,0.1109500024467706,1.0,0.0,82.62412887625396,87204.0,0.889294781463342,21.0,min_freq_conf,['None'],"['nap', 'rtp']",0.8,21.0,1.0,PROB_LEN_DIST,1.0,,1.0,107690538010319360236428960832644145000_eps5_s0,,1e-07,1.0769053801031936e+38,42.0,5.0,BPI2012_WC,1.2
187.31383944116533,0.7061721610510369,0.4332581717386541,6.0510710395740045e-05,0.3610924329049524,37.46276788823307,14381920.681762416,1.1679426357150078,0.4633141909172816,0.351524055495065,0.3773806364823706,2.7505905125290155,57.83839521184564,0.4095364879583686,77.0,0.5828850692789348,0.788808745258102,0.116947965696454,1.0,0.0,58.01815224997699,86584.0,0.8942216105935102,17.0,min_freq_conf,['None'],"['nap', 'rtp']",0.8,21.0,1.0,PROB_LEN_DIST,1.0,,1.0,107690538010319360236428960832644145000_eps4_s0,,1e-07,1.0769053801031936e+38,42.0,5.0,BPI2012_WC,1.2
187.31383944116533,0.6902950894297255,0.4282622306858565,0.0,0.3671996241294737,37.46276788823307,14381801.50544942,1.1679426357150078,0.4728011918186442,0.3536505178748693,0.3838913374425376,2.569437190890312,55.68147428706288,0.3982350732256853,77.0,0.563353520272382,0.7774972754616906,0.113512335345149,1.0,0.0,61.71126820519567,88327.0,0.8881260052980485,17.0,min_freq_conf,['None'],"['nap', 'rtp']",0.8,21.0,1.0,PROB_LEN_DIST,1.0,,1.0,107690538010319360236428960832644145000_eps4_s0,,1e-07,1.0769053801031936e+38,42.0,5.0,BPI2012_WC,1.2
187.31383944116533,0.7030087935940278,0.4186290039359707,0.0,0.35766326879159,37.46276788823307,14381681.08343993,1.1679426357150078,0.4625173934422287,0.345215733077314,0.3730242579670832,2.482073724269867,54.89129835739732,0.3924607849215698,77.0,0.5726829495003514,0.7883585828990092,0.1215333230793476,1.0,0.0,55.98347237706184,87953.0,0.8918797287445775,17.0,min_freq_conf,['None'],"['nap', 'rtp']",0.8,21.0,1.0,PROB_LEN_DIST,1.0,,1.0,107690538010319360236428960832644145000_eps4_s0,,1e-07,1.0769053801031936e+38,42.0,5.0,BPI2012_WC,1.2
187.31383944116533,0.7140028788101462,0.430930618203605,0.0,0.3550857031601288,37.46276788823307,14381567.263146397,1.1679426357150078,0.4690790318629326,0.3402332206877012,0.3748221594993536,4.319155778735876,63.59432734362781,0.417291267212829,77.0,0.5862621959617206,0.7994226943430957,1.2081689275801182,1.0,0.0,58.59928161278367,86381.0,0.8987327717952449,17.0,min_freq_conf,['None'],"['nap', 'rtp']",0.8,21.0,1.0,PROB_LEN_DIST,1.0,,1.0,107690538010319360236428960832644145000_eps4_s0,,1e-07,1.0769053801031936e+38,42.0,5.0,BPI2012_WC,1.2
187.31383944116533,0.7035788170749293,0.435236705394773,0.0,0.3683582179158917,37.46276788823307,14381439.180825908,1.1679426357150078,0.4736265374965732,0.3503705671438173,0.3865586460938698,2.433353364467621,55.45805295370519,0.411228199913724,75.0,0.5788685278638418,0.7876825156899768,0.1142197716981172,1.0,0.0,56.233844976872206,87204.0,0.8938797067592671,17.0,min_freq_conf,['None'],"['nap', 'rtp']",0.8,21.0,1.0,PROB_LEN_DIST,1.0,,1.0,107690538010319360236428960832644145000_eps4_s0,,1e-07,1.0769053801031936e+38,42.0,5.0,BPI2012_WC,1.2
187.31383944116533,0.7060625271257148,0.4122920903388872,6.0510710395740045e-05,0.3355142830165391,37.46276788823307,14381324.57719236,1.1679426357150078,0.4292812845113365,0.3248344200520319,0.3582704286142936,6.992865230888128,44.41586904786527,0.3668159264189761,77.0,0.5776136142526682,0.794325335661371,8.539724869653583,1.0,0.0,49.54112411104143,86584.0,0.8953835398009734,11.0,min_freq_conf,['None'],"['nap', 'rtp']",0.8,21.0,1.0,PROB_LEN_DIST,1.0,,1.0,107690538010319360236428960832644145000_eps3_s0,,1e-07,1.0769053801031936e+38,42.0,5.0,BPI2012_WC,1.2
187.31383944116533,0.6880494265438717,0.4150472571221333,0.0,0.3523874295903392,37.46276788823307,14381214.783563668,1.1679426357150078,0.4217483834019379,0.3394270465453032,0.3680258429261581,2.412850046530366,44.2138821426779,0.3519839779697084,77.0,0.5609096821208991,0.7876232506177809,0.0991459377110004,1.0,0.0,45.9253022223711,88327.0,0.8919570490677,11.0,min_freq_conf,['None'],"['nap', 'rtp']",0.8,21.0,1.0,PROB_LEN_DIST,1.0,,1.0,107690538010319360236428960832644145000_eps3_s0,,1e-07,1.0769053801031936e+38,42.0,5.0,BPI2012_WC,1.2
503.5221854709089,0.813793572195257,0.6330809429216914,0.000207468879668,0.5773931043873144,100.70443709418176,14381612.502518889,1.216058997437358,0.3309364992958059,0.555682901546046,0.5949692773055251,5.419079709798098,244.20299244858325,0.6327109266943292,119.0,0.7292925399191376,0.8825232467391031,0.1081495508551597,1.0,0.0,258.5345730949193,174930.0,0.9515589888979804,21.0,min_freq_conf,['None'],"['nap', 'rtp']",0.8,21.0,1.0,PROB_LEN_DIST,1.0,,1.0,294097064866296417184695134036072869759_eps5_s0,,1e-10,2.9409706486629643e+38,42.0,5.0,BPI2013_Incidents,1.2
187.31383944116533,0.6805098014292699,0.3913153473125998,0.0,0.3297550214456591,37.46276788823307,14381121.8213292,1.1679426357150078,0.406229481239476,0.3178965756633585,0.3446556498633718,2.603524388745427,46.60118157602847,0.3114886229772459,77.0,0.5592569274325712,0.7720264197664359,0.0982317421585321,1.0,0.0,48.51367979682982,87953.0,0.8877127853119541,11.0,min_freq_conf,['None'],"['nap', 'rtp']",0.8,21.0,1.0,PROB_LEN_DIST,1.0,,1.0,107690538010319360236428960832644145000_eps3_s0,,1e-07,1.0769053801031936e+38,42.0,5.0,BPI2012_WC,1.2
187.31383944116533,0.6930771221194051,0.41803599300175,0.0,0.3460638284373099,37.46276788823307,14381023.686829852,1.1679426357150078,0.4294596903894647,0.3312496333047507,0.3650578432844337,2.767792623490095,48.40800841152668,0.3486142583231654,77.0,0.5656801212596425,0.7843934770062009,0.103627560660243,1.0,0.0,49.7795845810324,86381.0,0.8908405320080209,11.0,min_freq_conf,['None'],"['nap', 'rtp']",0.8,21.0,1.0,PROB_LEN_DIST,1.0,,1.0,107690538010319360236428960832644145000_eps3_s0,,1e-07,1.0769053801031936e+38,42.0,5.0,BPI2012_WC,1.2
187.31383944116533,0.7048043275815413,0.4355216157684751,0.0,0.3461916062850556,37.46276788823307,14380922.317166865,1.1679426357150078,0.4356776520967386,0.32826327342397,0.3682647345131456,2.872440392151475,47.35346195101738,0.3928021199235841,75.0,0.5897627405653283,0.7956617276852997,0.102163191884756,1.0,0.0,49.94494565948844,87204.0,0.9001696030823646,11.0,min_freq_conf,['None'],"['nap', 'rtp']",0.8,21.0,1.0,PROB_LEN_DIST,1.0,,1.0,107690538010319360236428960832644145000_eps3_s0,,1e-07,1.0769053801031936e+38,42.0,5.0,BPI2012_WC,1.2
187.31383944116533,0.6528784004365961,0.3943980806989919,6.0510710395740045e-05,0.3271005805385993,37.46276788823307,14380821.718938284,1.1679426357150078,0.3961092638329889,0.315731114588652,0.3450738137057228,2.1171191968023777,42.35607378557325,0.3189519544959457,77.0,0.5365921459611843,0.7461839716530864,0.1049360707402229,1.0,0.0,45.17846087925136,86584.0,0.86892502649555,7.0,min_freq_conf,['None'],"['nap', 'rtp']",0.8,21.0,1.0,PROB_LEN_DIST,1.0,,1.0,107690538010319360236428960832644145000_eps2_s0,,1e-07,1.0769053801031936e+38,42.0,5.0,BPI2012_WC,1.2
100.39084547385572,0.9867941824050546,0.9510666549352316,5.6385678037778406e-05,0.8995463991384514,20.078169094771148,14386300.39697003,2.406409038230777,0.6523186011124169,0.0992425443767216,0.9254427097006402,135.93004554137588,30.516550263389945,0.8338877925007048,157.0,0.9764770084089712,0.9915407535388652,0.1218471974134445,1.0,0.0,5488.023307913914,50077.0,0.9969373831864898,3.0,min_freq_conf,['None'],"['nap', 'rtp']",0.8,21.0,1.0,PROB_LEN_DIST,1.0,,1.0,120620636695382079610453502051126986369_eps0_s0,,1e-07,1.2062063669538208e+38,42.0,5.0,BPI2012_W,1.2
187.31383944116533,0.7366514686871859,0.539842145414878,0.0,0.4583850745766682,37.46276788823307,14380731.603920365,1.1679426357150078,0.3749041599597185,0.2465372413439118,0.4899460599459338,5.638801004737616,43.692684633657336,0.3017273751408186,77.0,0.6500949294073682,0.805607681975282,0.121335806325078,1.0,0.0,57.41395800001919,88327.0,0.8961809917182337,7.0,min_freq_conf,['None'],"['nap', 'rtp']",0.8,21.0,1.0,PROB_LEN_DIST,1.0,,1.0,107690538010319360236428960832644145000_eps2_s0,,1e-07,1.0769053801031936e+38,42.0,5.0,BPI2012_WC,1.2
503.5221854709089,0.8167532582171451,0.6337751038538404,0.0003974562798092,0.5718164823420537,100.70443709418176,14381103.894204237,1.216058997437358,0.3538541096052329,0.5422497946546901,0.5922548374685832,3.6322949044406414,236.71648963727057,0.6193031266560678,126.0,0.7317935573333281,0.8844733296117306,0.1108964215964078,1.0,0.0,243.198018277064,170029.0,0.9519818230237896,21.0,min_freq_conf,['None'],"['nap', 'rtp']",0.8,21.0,1.0,PROB_LEN_DIST,1.0,,1.0,294097064866296417184695134036072869759_eps5_s0,,1e-10,2.9409706486629643e+38,42.0,5.0,BPI2013_Incidents,1.2
187.31383944116533,0.7045838535584026,0.4742939459236663,0.0,0.3988057761983068,37.46276788823307,14380624.4009635,1.1679426357150078,0.3841021900371287,0.2841504886427213,0.422562293310918,4.178041340783238,44.64291149005294,0.3131006262012524,77.0,0.6057996108825562,0.7857980520104306,0.1025346722453832,1.0,0.0,55.60924154706299,87953.0,0.8914983518225722,7.0,min_freq_conf,['None'],"['nap', 'rtp']",0.8,21.0,1.0,PROB_LEN_DIST,1.0,,1.0,107690538010319360236428960832644145000_eps2_s0,,1e-07,1.0769053801031936e+38,42.0,5.0,BPI2012_WC,1.2
187.31383944116533,0.7458629025474165,0.5418940548191492,0.0,0.4564012141770553,37.46276788823307,14380519.52089044,1.1679426357150078,0.3853273940932946,0.2394900369207395,0.4882719024877874,6.422606101259589,47.39674592576921,0.2888269130207425,77.0,0.6572157721710933,0.8129214703028007,0.8415052331984043,1.0,0.0,62.20816169679165,86381.0,0.9006367078874048,7.0,min_freq_conf,['None'],"['nap', 'rtp']",0.8,21.0,1.0,PROB_LEN_DIST,1.0,,1.0,107690538010319360236428960832644145000_eps2_s0,,1e-07,1.0769053801031936e+38,42.0,5.0,BPI2012_WC,1.2
187.31383944116533,0.744238558823503,0.5532473209915735,0.0,0.4742346799152597,37.46276788823307,14380402.291405007,1.1679426357150078,0.3628718596044476,0.2376637002264974,0.5035196430581732,6.311049213632941,46.32890430092812,0.2688112405250508,75.0,0.6614423225960857,0.8101415762830533,0.1044175941497087,1.0,0.0,58.32120104320347,87204.0,0.8976538035125475,7.0,min_freq_conf,['None'],"['nap', 'rtp']",0.8,21.0,1.0,PROB_LEN_DIST,1.0,,1.0,107690538010319360236428960832644145000_eps2_s0,,1e-07,1.0769053801031936e+38,42.0,5.0,BPI2012_WC,1.2
187.31383944116533,0.6959543867825924,0.4862056218011927,6.0510710395740045e-05,0.4169928999323931,37.46276788823307,14380290.848512571,1.1679426357150078,0.2275907135829636,0.2505483060846361,0.4406044976952821,5.129679853096604,45.81167703866959,0.1969018516277381,77.0,0.6012683149350095,0.7650481998280309,0.1096996683627367,1.0,0.0,60.35726776346564,86584.0,0.8704671036149925,5.0,min_freq_conf,['None'],"['nap', 'rtp']",0.8,21.0,1.0,PROB_LEN_DIST,1.0,,1.0,107690538010319360236428960832644145000_eps1_s0,,1e-07,1.0769053801031936e+38,42.0,5.0,BPI2012_WC,1.2
503.5221854709089,0.8138804509120349,0.634078850013829,6.922810661128418e-05,0.5779263044247086,100.70443709418176,14380619.8923084,1.216058997437358,0.3498591276274926,0.5530332077826835,0.5956182944826386,3.583404090255499,254.34450217150152,0.6267220491519557,126.0,0.7303144182176604,0.8825489913354071,0.1233625411987304,1.0,0.0,253.4233297035098,174689.0,0.9513934314670014,21.0,min_freq_conf,['None'],"['nap', 'rtp']",0.8,21.0,1.0,PROB_LEN_DIST,1.0,,1.0,294097064866296417184695134036072869759_eps5_s0,,1e-10,2.9409706486629643e+38,42.0,5.0,BPI2013_Incidents,1.2
187.31383944116533,0.6873241105135751,0.4860633400583445,0.0,0.4133972674693649,37.46276788823307,14380179.072551878,1.1679426357150078,0.2473079472702596,0.2487678532231565,0.4400384593163523,5.126990528777242,44.77165696769953,0.1892602328201277,77.0,0.5962774592749819,0.7593908334767178,0.112161299213767,1.0,0.0,59.25494168698788,88327.0,0.8682438303018574,5.0,min_freq_conf,['None'],"['nap', 'rtp']",0.8,21.0,1.0,PROB_LEN_DIST,1.0,,1.0,107690538010319360236428960832644145000_eps1_s0,,1e-07,1.0769053801031936e+38,42.0,5.0,BPI2012_WC,1.2
108.2495444174856,0.8743989513321606,0.6244753472655181,0.0001928640308582,0.4589082655170653,21.64990888349712,14380132.998299874,2.4717628601938486,0.6024795503134067,0.3568200424569306,0.5214717579572519,14.751592261716723,39.99076719395816,0.6892133902741424,159.0,0.7868905755353727,0.9209979580994416,0.1536220274865627,1.0,0.0,47.80902873724699,49213.0,0.9712122058573228,21.0,min_freq_conf,['None'],"['nap', 'rtp']",0.8,21.0,1.0,PROB_LEN_DIST,1.0,,1.0,210552822244408690081678733044714913885_eps5_s0,,1e-10,2.1055282224440867e+38,42.0,5.0,BPI2012_W,1.2
187.31383944116533,0.6887087040156187,0.4847328311640196,0.0,0.4167802859327447,37.46276788823307,14380069.432083435,1.1679426357150078,0.219703968499067,0.2481848664665752,0.4401565031805088,5.068387296050787,44.46618370898068,0.1897823795647591,77.0,0.5962330640465181,0.7607873242008776,0.1085369158536195,1.0,0.0,57.24615039676428,87953.0,0.8683541254965923,5.0,min_freq_conf,['None'],"['nap', 'rtp']",0.8,21.0,1.0,PROB_LEN_DIST,1.0,,1.0,107690538010319360236428960832644145000_eps1_s0,,1e-07,1.0769053801031936e+38,42.0,5.0,BPI2012_WC,1.2
108.2495444174856,0.876776658164774,0.6209305159197896,5.72033292337614e-05,0.4580876650908788,21.64990888349712,14380029.902867,2.4717628601938486,0.6090169775596286,0.3564851944066794,0.5195175243688404,14.00262944586575,39.398485977202654,0.6878700340359809,159.0,0.7827402441583733,0.9222693886031526,0.12483143620193,1.0,0.0,49.10995713062584,50226.0,0.971296332816895,21.0,min_freq_conf,['None'],"['nap', 'rtp']",0.8,21.0,1.0,PROB_LEN_DIST,1.0,,1.0,210552822244408690081678733044714913885_eps5_s0,,1e-10,2.1055282224440867e+38,42.0,5.0,BPI2012_W,1.2
187.31383944116533,0.6888824454709344,0.4732600671527155,0.0,0.3967046389093802,37.46276788823307,14379962.157021672,1.1679426357150078,0.2341733809281941,0.2403579196366127,0.423189100424808,5.361457545310259,47.08919687569141,0.1876706757306374,77.0,0.5930908591374873,0.7620375024085123,0.1330038085579872,1.0,0.0,61.93095836415887,86381.0,0.8699563214401977,5.0,min_freq_conf,['None'],"['nap', 'rtp']",0.8,21.0,1.0,PROB_LEN_DIST,1.0,,1.0,107690538010319360236428960832644145000_eps1_s0,,1e-07,1.0769053801031936e+38,42.0,5.0,BPI2012_WC,1.2
108.2495444174856,0.8784297888929306,0.625451532439777,0.000113282356273,0.4546221500361361,21.64990888349712,14379926.917482102,2.4717628601938486,0.6275085995543752,0.3544206875302734,0.5209839738450891,14.08498689904809,38.32707612961531,0.6923534409515718,159.0,0.789112007441309,0.9238724588479712,0.132086431607604,1.0,0.0,48.30653236247599,49668.0,0.9721152831012034,21.0,min_freq_conf,['None'],"['nap', 'rtp']",0.8,21.0,1.0,PROB_LEN_DIST,1.0,,1.0,210552822244408690081678733044714913885_eps5_s0,,1e-10,2.1055282224440867e+38,42.0,5.0,BPI2012_W,1.2
187.31383944116533,0.6999095209747852,0.4984825864203492,0.0,0.4270750688396976,37.46276788823307,14379847.226774463,1.1679426357150078,0.2369662448989611,0.2382588352163733,0.4522853999406311,5.371520480141044,44.091173412278295,0.1891292290626733,75.0,0.6096694346717209,0.7692465835389317,0.1522421482950449,1.0,0.0,60.92604262009263,87204.0,0.8736994456221303,5.0,min_freq_conf,['None'],"['nap', 'rtp']",0.8,21.0,1.0,PROB_LEN_DIST,1.0,,1.0,107690538010319360236428960832644145000_eps1_s0,,1e-07,1.0769053801031936e+38,42.0,5.0,BPI2012_WC,1.2
108.2495444174856,0.8772549193421072,0.6251011152340145,5.3012431415166855e-05,0.4621895184904667,21.64990888349712,14379825.693615995,2.4717628601938486,0.6150579165012108,0.3456333213248708,0.5247912321266852,15.4490480478853,40.59245761483908,0.7120364725528137,159.0,0.7883292964176802,0.9260080726515592,0.1238039042800664,1.0,0.0,52.40121589973569,50781.0,0.9742884877553624,21.0,min_freq_conf,['None'],"['nap', 'rtp']",0.8,21.0,1.0,PROB_LEN_DIST,1.0,,1.0,210552822244408690081678733044714913885_eps5_s0,,1e-10,2.1055282224440867e+38,42.0,5.0,BPI2012_W,1.2
503.5221854709089,0.8134751627869032,0.6355101080209764,0.0002095996646405,0.5771022488160027,100.70443709418176,14380108.068473903,1.216058997437358,0.3530378912637779,0.5579372228503281,0.5958908781406113,3.127522623166442,241.5458697453141,0.6287291273667296,126.0,0.7312698324881477,0.88151939084504,0.1436909809708595,1.0,0.0,240.64763756282628,174472.0,0.9507147987868938,21.0,min_freq_conf,['None'],"['nap', 'rtp']",0.8,21.0,1.0,PROB_LEN_DIST,1.0,,1.0,294097064866296417184695134036072869759_eps5_s0,,1e-10,2.9409706486629643e+38,42.0,5.0,BPI2013_Incidents,1.2
108.2495444174856,0.8792437667414229,0.6281085088454251,5.6385678037778406e-05,0.4621791373483641,21.64990888349712,14379716.766947333,2.4717628601938486,0.6272598441792291,0.354071305168097,0.5248938565460927,14.481078265234828,37.44246817938984,0.6883563574851987,157.0,0.7901833133667014,0.9241110715229296,0.1322215441614389,1.0,0.0,47.205419071018696,50077.0,0.972014600915104,21.0,min_freq_conf,['None'],"['nap', 'rtp']",0.8,21.0,1.0,PROB_LEN_DIST,1.0,,1.0,210552822244408690081678733044714913885_eps5_s0,,1e-10,2.1055282224440867e+38,42.0,5.0,BPI2012_W,1.2
108.2495444174856,0.8763722306425674,0.6285338122954184,0.0001928640308582,0.4638641018585765,21.64990888349712,14379617.1226775,2.4717628601938486,0.6045486053858589,0.3609123406124764,0.526941440319978,15.278455840423703,33.73825535364449,0.690205262432842,159.0,0.7850370522600943,0.9208520767761132,0.1308890264481306,1.0,0.0,43.95766120031476,49213.0,0.9701971568661608,17.0,min_freq_conf,['None'],"['nap', 'rtp']",0.8,21.0,1.0,PROB_LEN_DIST,1.0,,1.0,210552822244408690081678733044714913885_eps4_s0,,1e-10,2.1055282224440867e+38,42.0,5.0,BPI2012_W,1.2
108.2495444174856,0.8736538726422967,0.6286838252052327,5.72033292337614e-05,0.4636490953385515,21.64990888349712,14379523.63309664,2.4717628601938486,0.6082127948955945,0.3585336216171476,0.5274133731298662,14.24923810362816,33.349143566563725,0.6865543574636044,159.0,0.7882783637729235,0.9196925128198636,0.1266281846910715,1.0,0.0,45.4675520118326,50226.0,0.9715327388756212,17.0,min_freq_conf,['None'],"['nap', 'rtp']",0.8,21.0,1.0,PROB_LEN_DIST,1.0,,1.0,210552822244408690081678733044714913885_eps4_s0,,1e-10,2.1055282224440867e+38,42.0,5.0,BPI2012_W,1.2
108.2495444174856,0.879307997697544,0.6337738511988672,0.000113282356273,0.4651855259334416,21.64990888349712,14379430.11222922,2.4717628601938486,0.6203053368469347,0.357836614868453,0.5330329811873615,15.921253530308604,34.311263259500265,0.6910506938544322,159.0,0.7921132276990002,0.923963560753011,0.1311842743307352,1.0,0.0,48.18544430471957,49668.0,0.9719285798099556,17.0,min_freq_conf,['None'],"['nap', 'rtp']",0.8,21.0,1.0,PROB_LEN_DIST,1.0,,1.0,210552822244408690081678733044714913885_eps4_s0,,1e-10,2.1055282224440867e+38,42.0,5.0,BPI2012_W,1.2
108.2495444174856,0.8853162272945396,0.6427663434442369,5.3012431415166855e-05,0.4650841780738227,21.64990888349712,14379331.223131891,2.4717628601938486,0.6072056278673426,0.348269126097986,0.5340836774619429,17.29322333075106,38.32855620793998,0.7099954939433297,159.0,0.7995269262973715,0.9288841289006972,0.1260720249265432,1.0,0.0,54.14167623221874,50781.0,0.9746609278764976,17.0,min_freq_conf,['None'],"['nap', 'rtp']",0.8,21.0,1.0,PROB_LEN_DIST,1.0,,1.0,210552822244408690081678733044714913885_eps4_s0,,1e-10,2.1055282224440867e+38,42.0,5.0,BPI2012_W,1.2
503.5221854709089,0.8185508348831927,0.6329841356824724,0.0,0.5704984422361771,100.70443709418176,14379622.237430507,1.216058997437358,0.3796320693890573,0.5476097085676321,0.5905575917032047,3.43644174747169,241.56821798346937,0.626548432952007,126.0,0.7338769910377778,0.885537206127792,0.1134637147188186,1.0,0.0,243.2995778117329,172753.0,0.9523800439447888,21.0,min_freq_conf,['None'],"['nap', 'rtp']",0.8,21.0,1.0,PROB_LEN_DIST,1.0,,1.0,294097064866296417184695134036072869759_eps5_s0,,1e-10,2.9409706486629643e+38,42.0,5.0,BPI2013_Incidents,1.2
108.2495444174856,0.8780456597811909,0.6309862677596751,5.6385678037778406e-05,0.4685898099551957,21.64990888349712,14379220.87245788,2.4717628601938486,0.621690082635518,0.364101279946748,0.5315772560136128,14.692574732005596,32.61902850307524,0.715280518748238,157.0,0.7851809511394428,0.9252361614685364,0.118927689269185,1.0,0.0,43.1404144000262,50077.0,0.9730400218868096,17.0,min_freq_conf,['None'],"['nap', 'rtp']",0.8,21.0,1.0,PROB_LEN_DIST,1.0,,1.0,210552822244408690081678733044714913885_eps4_s0,,1e-10,2.1055282224440867e+38,42.0,5.0,BPI2012_W,1.2
108.2495444174856,0.8414039161688823,0.573352234988352,0.0001928640308582,0.4180490177053933,21.64990888349712,14379127.254446847,2.4717628601938486,0.5525214478504757,0.3297187582655627,0.4757149370736114,12.516096264123917,31.873976163566116,0.5929742388758782,159.0,0.7490273733360072,0.8960525843905718,0.1230413317680358,1.0,0.0,39.7464846521616,49213.0,0.9545493914825413,11.0,min_freq_conf,['None'],"['nap', 'rtp']",0.8,21.0,1.0,PROB_LEN_DIST,1.0,,1.0,210552822244408690081678733044714913885_eps3_s0,,1e-10,2.1055282224440867e+38,42.0,5.0,BPI2012_W,1.2
108.2495444174856,0.8532261947137424,0.5911347327702249,5.72033292337614e-05,0.4280488319463131,21.64990888349712,14379042.638354627,2.4717628601938486,0.5391992717268697,0.3287563032778115,0.4885018769160109,15.315533369779589,30.137907158583403,0.5807854017103795,159.0,0.7633909034474425,0.9041226525893572,4.390910319983959,1.0,0.0,47.20575752109289,50226.0,0.9574079401354668,11.0,min_freq_conf,['None'],"['nap', 'rtp']",0.8,21.0,1.0,PROB_LEN_DIST,1.0,,1.0,210552822244408690081678733044714913885_eps3_s0,,1e-10,2.1055282224440867e+38,42.0,5.0,BPI2012_W,1.2
108.2495444174856,0.8551088365260153,0.5943293902972782,0.000113282356273,0.4343384254423527,21.64990888349712,14378945.201900976,2.4717628601938486,0.5575961278784998,0.3386778358079269,0.4957328834867004,19.41062641888857,29.67572747543454,0.6041064854148966,159.0,0.7629002075927447,0.9078345153399132,0.1161655727773904,1.0,0.0,45.1289083622396,49668.0,0.9612439010122736,11.0,min_freq_conf,['None'],"['nap', 'rtp']",0.8,21.0,1.0,PROB_LEN_DIST,1.0,,1.0,210552822244408690081678733044714913885_eps3_s0,,1e-10,2.1055282224440867e+38,42.0,5.0,BPI2012_W,1.2
503.5221854709089,0.8083325513623503,0.6193801872437138,0.000207468879668,0.5592700324452512,100.70443709418176,14379133.4862097,1.216058997437358,0.3108010095203504,0.5369380182066233,0.5785068901556348,3.7049162667244673,162.84191608428955,0.611134163208852,119.0,0.7220559881462563,0.8791694640744683,0.4076314568519592,1.0,0.0,164.78674598038197,174930.0,0.9494878168377968,17.0,min_freq_conf,['None'],"['nap', 'rtp']",0.8,21.0,1.0,PROB_LEN_DIST,1.0,,1.0,294097064866296417184695134036072869759_eps4_s0,,1e-10,2.9409706486629643e+38,42.0,5.0,BPI2013_Incidents,1.2
108.2495444174856,0.8506001944125842,0.592417169589906,5.3012431415166855e-05,0.428850028667982,21.64990888349712,14378850.520122718,2.4717628601938486,0.5344821813767565,0.3251155314231958,0.4908529879260586,15.986047388985751,33.13157999701798,0.5678691653192673,159.0,0.7611179273501629,0.9021071141811428,0.1305992826819419,1.0,0.0,44.58035007864237,50781.0,0.9561779555640572,11.0,min_freq_conf,['None'],"['nap', 'rtp']",0.8,21.0,1.0,PROB_LEN_DIST,1.0,,1.0,210552822244408690081678733044714913885_eps3_s0,,1e-10,2.1055282224440867e+38,42.0,5.0,BPI2012_W,1.2
108.2495444174856,0.8554442701582726,0.6077801798694462,5.6385678037778406e-05,0.4449822326120038,21.64990888349712,14378756.338971352,2.4717628601938486,0.5807406283483248,0.3378255719443841,0.5069899112497287,21.551615001633763,29.33069597743452,0.6036368762334368,157.0,0.768266357454772,0.906398689190686,0.1230915039777755,1.0,0.0,41.930149376392365,50077.0,0.9600311389968738,11.0,min_freq_conf,['None'],"['nap', 'rtp']",0.8,21.0,1.0,PROB_LEN_DIST,1.0,,1.0,210552822244408690081678733044714913885_eps3_s0,,1e-10,2.1055282224440867e+38,42.0,5.0,BPI2012_W,1.2
108.2495444174856,0.7950087967454788,0.5316927849652807,0.0001928640308582,0.3769580640231595,21.64990888349712,14378659.030849844,2.4717628601938486,0.4549443705818919,0.2710002892659471,0.4348748435308773,14.66441253386438,29.022754669189453,0.5287229645956744,159.0,0.6987639295125189,0.8610554435913726,0.1364175770431757,1.0,0.0,52.38737899623811,49213.0,0.9427570465293492,7.0,min_freq_conf,['None'],"['nap', 'rtp']",0.8,21.0,1.0,PROB_LEN_DIST,1.0,,1.0,210552822244408690081678733044714913885_eps2_s0,,1e-10,2.1055282224440867e+38,42.0,5.0,BPI2012_W,1.2
503.5221854709089,0.8112498881342507,0.6219794930233776,0.0003974562798092,0.554152609158317,100.70443709418176,14378801.411800776,1.216058997437358,0.3366750020814288,0.522619589551122,0.577425414370673,7.687394414097071,159.17765082791448,0.6022125066242713,126.0,0.7238121018258088,0.8811922799858889,3.057149088010192,1.0,0.0,160.18639678508043,170029.0,0.9499764810653388,17.0,min_freq_conf,['None'],"['nap', 'rtp']",0.8,21.0,1.0,PROB_LEN_DIST,1.0,,1.0,294097064866296417184695134036072869759_eps4_s0,,1e-10,2.9409706486629643e+38,42.0,5.0,BPI2013_Incidents,1.2
108.2495444174856,0.8109774158091232,0.543983517480223,5.72033292337614e-05,0.3866171094337406,21.64990888349712,14378562.492460156,2.4717628601938486,0.4625153407648062,0.2831525253049309,0.4408404744148154,15.230707045644522,29.240072440356016,0.5148871664330864,159.0,0.7170750171839536,0.8716050615188057,0.1895297728478908,1.0,0.0,57.87411001883447,50226.0,0.9500083309941552,7.0,min_freq_conf,['None'],"['nap', 'rtp']",0.8,21.0,1.0,PROB_LEN_DIST,1.0,,1.0,210552822244408690081678733044714913885_eps2_s0,,1e-10,2.1055282224440867e+38,42.0,5.0,BPI2012_W,1.2
108.2495444174856,0.8522197250983842,0.6458496723830677,0.000113282356273,0.5158442300779124,21.64990888349712,14378459.613854611,2.4717628601938486,0.4619036606575418,0.2471731280770128,0.5644958803940565,41.296830270439386,30.007405208423734,0.5059190031152648,159.0,0.7821926102457191,0.9013105778030372,0.1211243141442537,1.0,0.0,92.77651060186328,49668.0,0.9610488427939824,7.0,min_freq_conf,['None'],"['nap', 'rtp']",0.8,21.0,1.0,PROB_LEN_DIST,1.0,,1.0,210552822244408690081678733044714913885_eps2_s0,,1e-10,2.1055282224440867e+38,42.0,5.0,BPI2012_W,1.2
108.2495444174856,0.8177641501158728,0.563388555252874,5.3012431415166855e-05,0.4029210668001959,21.64990888349712,14378295.004327975,2.4717628601938486,0.4367445102789591,0.2887593493341903,0.4622001561057589,13.601783456280828,31.76861172914505,0.5305749198186975,159.0,0.7329481738522539,0.8777331697193418,0.1320569906383752,1.0,0.0,53.82056957669556,50781.0,0.9515846289393798,7.0,min_freq_conf,['None'],"['nap', 'rtp']",0.8,21.0,1.0,PROB_LEN_DIST,1.0,,1.0,210552822244408690081678733044714913885_eps2_s0,,1e-10,2.1055282224440867e+38,42.0,5.0,BPI2012_W,1.2
503.5221854709089,0.8087535999320841,0.6229816172728856,6.922810661128418e-05,0.5627132797127865,100.70443709418176,14378470.964836393,1.216058997437358,0.3348926005250962,0.5365580622036324,0.5825990271904161,4.4625075198709965,162.71539710648358,0.6103842159916927,126.0,0.7229024796709533,0.8798065150695871,2.464018683880568,1.0,0.0,165.24224318750203,174689.0,0.950073010056302,17.0,min_freq_conf,['None'],"['nap', 'rtp']",0.8,21.0,1.0,PROB_LEN_DIST,1.0,,1.0,294097064866296417184695134036072869759_eps4_s0,,1e-10,2.9409706486629643e+38,42.0,5.0,BPI2013_Incidents,1.2
108.2495444174856,0.8118839208372979,0.5534189256992554,5.6385678037778406e-05,0.4025645505344722,21.64990888349712,14378195.248042976,2.4717628601938486,0.4553649863169714,0.2944729324816437,0.4574312089519744,16.269835095852613,29.06816936470568,0.4734141528051875,157.0,0.7171712716827167,0.8665809929260648,0.1218490321189165,1.0,0.0,57.47044670768082,50077.0,0.9419615192630628,7.0,min_freq_conf,['None'],"['nap', 'rtp']",0.8,21.0,1.0,PROB_LEN_DIST,1.0,,1.0,210552822244408690081678733044714913885_eps2_s0,,1e-10,2.1055282224440867e+38,42.0,5.0,BPI2012_W,1.2
108.2495444174856,0.795410085796934,0.5093236777704472,0.0001928640308582,0.3541478378770623,21.64990888349712,14378091.942325966,2.4717628601938486,0.4021457404463542,0.2637686090776919,0.4123989414058191,9.072282020002604,28.69104216992855,0.3085548973687835,159.0,0.6932517823172037,0.8440481348491072,0.1650318559259176,1.0,0.0,54.08201470784843,49213.0,0.91861373271504,5.0,min_freq_conf,['None'],"['nap', 'rtp']",0.8,21.0,1.0,PROB_LEN_DIST,1.0,,1.0,210552822244408690081678733044714913885_eps1_s0,,1e-10,2.1055282224440867e+38,42.0,5.0,BPI2012_W,1.2
108.2495444174856,0.8046345266880995,0.508537229921741,5.72033292337614e-05,0.3473962056528626,21.64990888349712,14377999.581434844,2.4717628601938486,0.4003772540343792,0.2595963585086002,0.4043359042759781,12.03349701873958,29.198665458709,0.3012899350742213,159.0,0.7024179905329763,0.8633037039639104,0.1442724727094173,1.0,0.0,63.80280290916562,50226.0,0.9286394812313716,5.0,min_freq_conf,['None'],"['nap', 'rtp']",0.8,21.0,1.0,PROB_LEN_DIST,1.0,,1.0,210552822244408690081678733044714913885_eps1_s0,,1e-10,2.1055282224440867e+38,42.0,5.0,BPI2012_W,1.2
503.5221854709089,0.8088971127718037,0.6241649464374909,0.0002095996646405,0.5613666659903189,100.70443709418176,14378135.725450788,1.216058997437358,0.3381057830231438,0.5399015676927013,0.5820526874094022,3.547486737370491,160.54082785733044,0.610144623768602,126.0,0.7246500650270935,0.8785921753288772,0.1389937922358513,1.0,0.0,166.75323071703315,174472.0,0.9489188878016436,17.0,min_freq_conf,['None'],"['nap', 'rtp']",0.8,21.0,1.0,PROB_LEN_DIST,1.0,,1.0,294097064866296417184695134036072869759_eps4_s0,,1e-10,2.9409706486629643e+38,42.0,5.0,BPI2013_Incidents,1.2
108.2495444174856,0.7985300351507848,0.518432511018744,0.000113282356273,0.3704336126698875,21.64990888349712,14377893.978100974,2.4717628601938486,0.434421150046305,0.2815247553685715,0.4262097910990864,10.920264933258297,30.40085685439408,0.3079864061172472,159.0,0.6985356508585754,0.8571731877069392,0.1438041422516107,1.0,0.0,57.05550326220691,49668.0,0.9266285122313072,5.0,min_freq_conf,['None'],"['nap', 'rtp']",0.8,21.0,1.0,PROB_LEN_DIST,1.0,,1.0,210552822244408690081678733044714913885_eps1_s0,,1e-10,2.1055282224440867e+38,42.0,5.0,BPI2012_W,1.2
108.2495444174856,0.8022143218330308,0.5075810312586266,5.3012431415166855e-05,0.3385786395568511,21.64990888349712,14377795.087501902,2.4717628601938486,0.3944247557037414,0.2347863089865439,0.397592041116139,11.517825212329626,32.43708033673465,0.2892888382325655,159.0,0.6970071034980078,0.8598985182243127,0.1281898189336061,1.0,0.0,61.81628401391208,50781.0,0.9269304146600766,5.0,min_freq_conf,['None'],"['nap', 'rtp']",0.8,21.0,1.0,PROB_LEN_DIST,1.0,,1.0,210552822244408690081678733044714913885_eps1_s0,,1e-10,2.1055282224440867e+38,42.0,5.0,BPI2012_W,1.2
108.2495444174856,0.7955398790201978,0.4977880467726208,5.6385678037778406e-05,0.3348075026155093,21.64990888349712,14377688.82249061,2.4717628601938486,0.3776839564462083,0.2394345946407291,0.3900421706120666,11.15992108732462,29.322780711576343,0.3098674936566112,157.0,0.6816474193528234,0.8591652877437883,0.1262363269925117,1.0,0.0,58.09045643173158,50077.0,0.927340010884675,5.0,min_freq_conf,['None'],"['nap', 'rtp']",0.8,21.0,1.0,PROB_LEN_DIST,1.0,,1.0,210552822244408690081678733044714913885_eps1_s0,,1e-10,2.1055282224440867e+38,42.0,5.0,BPI2012_W,1.2
503.5221854709089,0.812613623212124,0.6189193630512536,0.0,0.5536036553620106,100.70443709418176,14377804.36767281,1.216058997437358,0.3628636114880029,0.530072185542224,0.575400910602697,3.81824916228652,157.62554400786755,0.6086779936370406,126.0,0.725156114937162,0.8816707621604976,0.1100686267018318,1.0,0.0,169.38706661388278,172753.0,0.9500744006969508,17.0,min_freq_conf,['None'],"['nap', 'rtp']",0.8,21.0,1.0,PROB_LEN_DIST,1.0,,1.0,294097064866296417184695134036072869759_eps4_s0,,1e-10,2.9409706486629643e+38,42.0,5.0,BPI2013_Incidents,1.2
503.5221854709089,0.794430189614281,0.5810065232670091,0.000207468879668,0.5063238652865807,100.70443709418176,14377473.00857587,1.216058997437358,0.2695481641541514,0.4634483087658279,0.5313232181549842,4.481736859306693,106.32741011865436,0.5488243430152144,119.0,0.6993933127924329,0.8694928018393201,0.1256772801280021,1.0,0.0,119.79659742861986,174930.0,0.9441361266287912,11.0,min_freq_conf,['None'],"['nap', 'rtp']",0.8,21.0,1.0,PROB_LEN_DIST,1.0,,1.0,294097064866296417184695134036072869759_eps3_s0,,1e-10,2.9409706486629643e+38,42.0,5.0,BPI2013_Incidents,1.2
187.31383944116533,0.9773340425020696,0.905582007979528,6.0510710395740045e-05,0.7880889560276171,37.46276788823307,14379736.287374668,1.1679426357150078,0.5064615424590934,0.0539402059510472,0.8476276767208358,18.924823090434074,42.41217910125852,0.6628343216749365,77.0,0.9588316655407504,0.9855961944978944,0.1147864460945129,1.0,0.0,2643.813041813672,86584.0,0.9929819464929448,3.0,min_freq_conf,['None'],"['nap', 'rtp']",0.8,21.0,1.0,PROB_LEN_DIST,1.0,,1.0,107690538010319360236428960832644145000_eps0_s0,,1e-07,1.0769053801031936e+38,42.0,5.0,BPI2012_WC,1.2
503.5221854709089,0.8015266606954674,0.5777492941241096,0.0003974562798092,0.4922805461650315,100.70443709418176,14377241.897245454,1.216058997437358,0.2837066843470431,0.4573013093417076,0.521006450862397,5.844515644013882,104.25937014073132,0.5288155802861685,126.0,0.7060655428253694,0.872969362605118,0.1310584340244531,1.0,0.0,119.3224568720907,170029.0,0.9453960120550926,11.0,min_freq_conf,['None'],"['nap', 'rtp']",0.8,21.0,1.0,PROB_LEN_DIST,1.0,,1.0,294097064866296417184695134036072869759_eps3_s0,,1e-10,2.9409706486629643e+38,42.0,5.0,BPI2013_Incidents,1.2
503.5221854709089,0.7944959097654078,0.5847887484966237,6.922810661128418e-05,0.5047932754618929,100.70443709418176,14377012.040152412,1.216058997437358,0.280529132074536,0.4671085652840828,0.5312763113741745,3.834222270175815,101.75630331411958,0.5417099342332987,126.0,0.7053421133243235,0.8684221661845322,0.0937028434127569,1.0,0.0,113.36298589780928,174689.0,0.9440955198520636,11.0,min_freq_conf,['None'],"['nap', 'rtp']",0.8,21.0,1.0,PROB_LEN_DIST,1.0,,1.0,294097064866296417184695134036072869759_eps3_s0,,1e-10,2.9409706486629643e+38,42.0,5.0,BPI2013_Incidents,1.2
503.5221854709089,0.7979267292649194,0.5906659893314996,0.0002095996646405,0.5049202202030818,100.70443709418176,14376792.70097542,1.216058997437358,0.2745770033352874,0.4685458538981803,0.5348592106935203,3.966840758919716,100.67742249183355,0.532033815412562,126.0,0.7080349171302148,0.8687175630336742,0.1078127324581146,1.0,0.0,112.8859365489334,174472.0,0.9423621843789912,11.0,min_freq_conf,['None'],"['nap', 'rtp']",0.8,21.0,1.0,PROB_LEN_DIST,1.0,,1.0,294097064866296417184695134036072869759_eps3_s0,,1e-10,2.9409706486629643e+38,42.0,5.0,BPI2013_Incidents,1.2
503.5221854709089,0.8025633941724978,0.580652331791506,0.0,0.4971153295270079,100.70443709418176,14376574.762685584,1.216058997437358,0.306015808566646,0.4707786911473199,0.5241798910825621,3.865014553070069,101.79964200407268,0.5429499763081297,126.0,0.7105216933925461,0.8726327559091726,0.0953949876129627,1.0,0.0,113.1169643010944,172753.0,0.9443953001188716,11.0,min_freq_conf,['None'],"['nap', 'rtp']",0.8,21.0,1.0,PROB_LEN_DIST,1.0,,1.0,294097064866296417184695134036072869759_eps3_s0,,1e-10,2.9409706486629643e+38,42.0,5.0,BPI2013_Incidents,1.2
503.5221854709089,0.7443044711752077,0.5415368389101681,0.000207468879668,0.4436772234836489,100.70443709418176,14376355.56928244,1.216058997437358,0.1980052706762186,0.3521194852796804,0.4816390293695579,5.262743266299367,93.91009104810657,0.1985477178423236,119.0,0.6490273554816709,0.81220220180519,0.096661664545536,1.0,0.0,117.19731267169118,174930.0,0.906107549851799,7.0,min_freq_conf,['None'],"['nap', 'rtp']",0.8,21.0,1.0,PROB_LEN_DIST,1.0,,1.0,294097064866296417184695134036072869759_eps2_s0,,1e-10,2.9409706486629643e+38,42.0,5.0,BPI2013_Incidents,1.2
503.5221854709089,0.7326995897620783,0.5137129498718811,0.0003974562798092,0.4071008846945445,100.70443709418176,14376138.787987716,1.216058997437358,0.1903770064973802,0.357988497082338,0.4446922482045597,4.852503448724747,97.42779470048843,0.1744170641229464,126.0,0.6313099866686342,0.8038053177677666,0.0968837197870016,1.0,0.0,110.9801292475313,170029.0,0.9016687873543596,7.0,min_freq_conf,['None'],"['nap', 'rtp']",0.8,21.0,1.0,PROB_LEN_DIST,1.0,,1.0,294097064866296417184695134036072869759_eps2_s0,,1e-10,2.9409706486629643e+38,42.0,5.0,BPI2013_Incidents,1.2
503.5221854709089,0.744548127571334,0.5270899937825222,6.922810661128418e-05,0.4248347565161504,100.70443709418176,14375925.128527649,1.216058997437358,0.2121929162542329,0.3872048937368174,0.45911901518479,4.478063300251961,98.16350101865828,0.2184839044652128,126.0,0.644600521072874,0.8158462835966346,0.0955655090510845,1.0,0.0,118.80236421339214,174689.0,0.9101973630984908,7.0,min_freq_conf,['None'],"['nap', 'rtp']",0.8,21.0,1.0,PROB_LEN_DIST,1.0,,1.0,294097064866296417184695134036072869759_eps2_s0,,1e-10,2.9409706486629643e+38,42.0,5.0,BPI2013_Incidents,1.2
503.5221854709089,0.7391752410337328,0.4923271040212436,0.0002095996646405,0.3896388413585325,100.70443709418176,14375703.286400504,1.216058997437358,0.1892370674976237,0.3587711554188309,0.4214972768534759,4.474976601079106,95.57459044083951,0.206246070006288,126.0,0.6392506099306687,0.8079300313208063,0.1003130953758955,1.0,0.0,112.5642114430666,174472.0,0.9060370486920064,7.0,min_freq_conf,['None'],"['nap', 'rtp']",0.8,21.0,1.0,PROB_LEN_DIST,1.0,,1.0,294097064866296417184695134036072869759_eps2_s0,,1e-10,2.9409706486629643e+38,42.0,5.0,BPI2013_Incidents,1.2
503.5221854709089,0.7223736604590941,0.5105115932702826,0.0,0.4273654465138869,100.70443709418176,14375490.27786418,1.216058997437358,0.2268221125963123,0.3776306707344136,0.4549053795369959,4.573508875444531,96.91191887296736,0.2074730928044405,126.0,0.6288464509021329,0.8021506491120927,0.0987395532429218,1.0,0.0,111.0101765859872,172753.0,0.9020921224842708,7.0,min_freq_conf,['None'],"['nap', 'rtp']",0.8,21.0,1.0,PROB_LEN_DIST,1.0,,1.0,294097064866296417184695134036072869759_eps2_s0,,1e-10,2.9409706486629643e+38,42.0,5.0,BPI2013_Incidents,1.2
1007.369895869866,0.964399151991495,0.9284242351372052,5.55926173004225e-05,0.8558287294152646,201.4739791739732,14388352.869098073,2.4639344420284037,0.5870887088983407,0.1839741060062508,0.8931234624044322,64.042590117082,85.14912297204137,0.7636479875472537,91.0,0.9577800631540409,0.970574238730902,0.1276447772979736,1.0,0.0,12955.143070874736,232457.0,0.982106402066482,3.0,min_freq_conf,['None'],"['nap', 'rtp']",0.8,21.0,1.0,PROB_LEN_DIST,1.0,,1.0,85786624389934247284509876354467652603_eps0_s0,,1e-10,8.578662438993424e+37,42.0,5.0,BPI2012_C,1.2
503.5221854709089,0.7653347043473512,0.5536412261775263,0.000207468879668,0.4921685436277488,100.70443709418176,14375277.380023332,1.216058997437358,0.2341702911851525,0.3727473335141655,0.5093747166305267,5.593062708154321,96.24213685840368,0.319432918395574,119.0,0.6710567024688271,0.8306094715214457,0.1078105494379997,1.0,0.0,212.8532096929848,174930.0,0.9174398043616532,5.0,min_freq_conf,['None'],"['nap', 'rtp']",0.8,21.0,1.0,PROB_LEN_DIST,1.0,,1.0,294097064866296417184695134036072869759_eps1_s0,,1e-10,2.9409706486629643e+38,42.0,5.0,BPI2013_Incidents,1.2
503.5221854709089,0.7568429746775208,0.5326778782387473,0.0003974562798092,0.4673005153739952,100.70443709418176,14374962.274545472,1.216058997437358,0.2548247680710564,0.3805821949629423,0.489536188928934,4.600045623257756,95.29039552621543,0.3171701112877583,126.0,0.6564263877152039,0.8304994294012454,0.101435612887144,1.0,0.0,146.19963028468192,170029.0,0.9177066575584284,5.0,min_freq_conf,['None'],"['nap', 'rtp']",0.8,21.0,1.0,PROB_LEN_DIST,1.0,,1.0,294097064866296417184695134036072869759_eps1_s0,,1e-10,2.9409706486629643e+38,42.0,5.0,BPI2013_Incidents,1.2
187.31383944116533,0.9744432829031644,0.8916381726781978,0.0,0.7563047698438952,37.46276788823307,14377030.709803293,1.1679426357150078,0.4681016088968675,0.0621863443754636,0.824999541943932,16.629509277641773,40.72172550484538,0.6630992614845412,77.0,0.953056034194946,0.9838723278618844,0.0986333265900611,1.0,0.0,2272.404143122956,88327.0,0.9923287559948092,3.0,min_freq_conf,['None'],"['nap', 'rtp']",0.8,21.0,1.0,PROB_LEN_DIST,1.0,,1.0,107690538010319360236428960832644145000_eps0_s0,,1e-07,1.0769053801031936e+38,42.0,5.0,BPI2012_WC,1.2
503.5221854709089,0.7341460265919323,0.5621742343083468,6.922810661128418e-05,0.5127911267806116,100.70443709418176,14374715.773239948,1.216058997437358,0.2980641417107319,0.4923567059197727,0.526358989669639,2.67670445330441,97.05977146141232,0.3502249913464866,126.0,0.6421368045225541,0.8149100203684424,0.1190237738192081,1.0,0.0,119.1816547550261,174689.0,0.9070292021151586,5.0,min_freq_conf,['None'],"['nap', 'rtp']",0.8,21.0,1.0,PROB_LEN_DIST,1.0,,1.0,294097064866296417184695134036072869759_eps1_s0,,1e-10,2.9409706486629643e+38,42.0,5.0,BPI2013_Incidents,1.2
503.5221854709089,0.7383838337618831,0.5318952930245451,0.0002095996646405,0.4656249633358864,100.70443709418176,14374496.438589009,1.216058997437358,0.2239833282656687,0.3436925984484356,0.4893658905354446,4.075955707579851,92.28876204416156,0.2836582128135261,126.0,0.6365054073806841,0.8121142593338011,0.0998838078230619,1.0,0.0,163.7976599279791,174472.0,0.9079797641307558,5.0,min_freq_conf,['None'],"['nap', 'rtp']",0.8,21.0,1.0,PROB_LEN_DIST,1.0,,1.0,294097064866296417184695134036072869759_eps1_s0,,1e-10,2.9409706486629643e+38,42.0,5.0,BPI2013_Incidents,1.2
503.5221854709089,0.7134160980129828,0.4783365538126852,0.0,0.4210239938699633,100.70443709418176,14374235.874974515,1.216058997437358,0.2500621330319979,0.4035470740996811,0.4383804308095754,2.525542240589857,93.45786267705262,0.3075204765450484,126.0,0.5966129095477481,0.7988039231129147,0.101150719448924,1.0,0.0,109.09693133458497,172753.0,0.8998646445106349,5.0,min_freq_conf,['None'],"['nap', 'rtp']",0.8,21.0,1.0,PROB_LEN_DIST,1.0,,1.0,294097064866296417184695134036072869759_eps1_s0,,1e-10,2.9409706486629643e+38,42.0,5.0,BPI2013_Incidents,1.2
108.2495444174856,0.9867416242489748,0.948563206544671,0.0001928640308582,0.893245062977604,21.64990888349712,14377589.727719024,2.4717628601938486,0.6512391415576602,0.0912714515892294,0.9210465346259158,128.65085904486477,27.02289103716612,0.829811268769803,159.0,0.975871464892331,0.9915167011240964,0.1194495502859354,1.0,0.0,5102.599129382521,49213.0,0.996955060983396,3.0,min_freq_conf,['None'],"['nap', 'rtp']",0.8,21.0,1.0,PROB_LEN_DIST,1.0,,1.0,210552822244408690081678733044714913885_eps0_s0,,1e-10,2.1055282224440867e+38,42.0,5.0,BPI2012_W,1.2
187.31383944116533,0.9782282508288532,0.907799582934886,0.0,0.791707079627479,37.46276788823307,14374700.536270132,1.1679426357150078,0.4936781568206355,0.0526443583097594,0.8505858184306968,18.066687121987343,40.23124962858856,0.6609833219666439,77.0,0.9601802040779002,0.9861380446313414,0.1077209282666444,1.0,0.0,2549.11707604304,87953.0,0.993234494971169,3.0,min_freq_conf,['None'],"['nap', 'rtp']",0.8,21.0,1.0,PROB_LEN_DIST,1.0,,1.0,107690538010319360236428960832644145000_eps0_s0,,1e-07,1.0769053801031936e+38,42.0,5.0,BPI2012_WC,1.2
300.1566432211548,0.9824109929909924,0.96358989254906,0.0,0.9229862177003796,60.03132864423096,14390724.706104334,4.1521161161363125,0.6605990429563384,0.1464129444309838,0.944338293965718,256.1809506863356,70.52543981559575,0.8313737512172251,178.0,0.9793061514757142,0.9863386042583392,0.143371095880866,1.0,0.0,20083.238557592034,113255.0,0.9933418413139248,3.0,min_freq_conf,['None'],"['nap', 'rtp']",0.8,21.0,1.0,PROB_LEN_DIST,1.0,,1.0,330287721545115267207492079340830799343_eps0_s0,,1e-10,3.3028772154511527e+38,42.0,5.0,BPI2012_Full,1.2
187.31383944116533,0.9763409540239728,0.9002217734539752,0.0,0.7750849165113466,37.46276788823307,14372092.701899923,1.1679426357150078,0.508842705575127,0.0603942010994943,0.8386035527477953,19.39453082717955,44.25778949633241,0.6700947068735111,77.0,0.9567400291093756,0.9850170514232408,0.1225014999508857,1.0,0.0,2579.482477404177,86381.0,0.992809740289266,3.0,min_freq_conf,['None'],"['nap', 'rtp']",0.8,21.0,1.0,PROB_LEN_DIST,1.0,,1.0,107690538010319360236428960832644145000_eps0_s0,,1e-07,1.0769053801031936e+38,42.0,5.0,BPI2012_WC,1.2
503.5221854709089,0.9361167977771736,0.8953903362889664,0.000207468879668,0.8479698772077374,100.70443709418176,14374030.394044364,1.216058997437358,0.2885697181593522,0.3272668738024772,0.870447508333262,19.52101007662713,96.00785833969712,0.7062240663900415,119.0,0.9228271361077892,0.9550117207942812,0.1214884128421545,1.0,0.0,5312.874598802999,174930.0,0.9800349294324746,3.0,min_freq_conf,['None'],"['nap', 'rtp']",0.8,21.0,1.0,PROB_LEN_DIST,1.0,,1.0,294097064866296417184695134036072869759_eps0_s0,,1e-10,2.9409706486629643e+38,42.0,5.0,BPI2013_Incidents,1.2
108.2495444174856,0.9868822248227158,0.9472226615879934,5.72033292337614e-05,0.8859288983973028,21.64990888349712,14372331.013826724,2.4717628601938486,0.6388081344427243,0.1056769573752778,0.9169794343440052,109.75251798145472,27.882855297997597,0.8336241169236049,159.0,0.9759006861801456,0.9916888700373846,0.1295356638729572,1.0,0.0,4777.393082631752,50226.0,0.997009254990736,3.0,min_freq_conf,['None'],"['nap', 'rtp']",0.8,21.0,1.0,PROB_LEN_DIST,1.0,,1.0,210552822244408690081678733044714913885_eps0_s0,,1e-10,2.1055282224440867e+38,42.0,5.0,BPI2012_W,1.2
187.31383944116533,0.978251850942746,0.9091834471695764,0.0,0.7962070587091503,37.46276788823307,14369449.088226182,1.1679426357150078,0.5039064949824422,0.0555168744649332,0.8534947781479263,19.05993532948196,42.772610031068325,0.6606889751648487,75.0,0.9604761831697692,0.9860226708295488,0.1061159241944551,1.0,0.0,2688.5441868770868,87204.0,0.992943298878478,3.0,min_freq_conf,['None'],"['nap', 'rtp']",0.8,21.0,1.0,PROB_LEN_DIST,1.0,,1.0,107690538010319360236428960832644145000_eps0_s0,,1e-07,1.0769053801031936e+38,42.0,5.0,BPI2012_WC,1.2
195.8341329228133,0.7004985130505778,0.4303069296892987,6.0510710395740045e-05,0.3619932927071813,39.166826584562656,14365735.911952756,1.227258486673236,0.4552731354287161,0.3516418665163003,0.379337357050486,2.6768857054412365,74.10771805234253,0.3876921215055064,77.0,0.577766959086087,0.7846752108872521,0.1113555841147899,1.0,0.0,74.86916083842516,86584.0,0.8887156453088391,21.0,min_freq_conf,['None'],"['nap', 'rtp']",0.8,21.0,1.0,PROB_LEN_DIST,1.0,,1.0,259622638979622280832216508785624218414_eps5_s0,,1e-10,2.596226389796223e+38,42.0,5.0,BPI2012_WC,1.2
195.8341329228133,0.6980729889478458,0.4387000713737704,0.0,0.3744161319092147,39.166826584562656,14365583.797729433,1.227258486673236,0.4664733143361574,0.3600079484568373,0.3923077453039671,2.6740576438605785,77.20930400304496,0.3926023282012768,77.0,0.5784043757177141,0.780903230649392,0.104885846376419,1.0,0.0,78.82549946568906,88327.0,0.8866339169109007,21.0,min_freq_conf,['None'],"['nap', 'rtp']",0.8,21.0,1.0,PROB_LEN_DIST,1.0,,1.0,259622638979622280832216508785624218414_eps5_s0,,1e-10,2.596226389796223e+38,42.0,5.0,BPI2012_WC,1.2
195.8341329228133,0.7096496826231384,0.4461736620126241,0.0,0.3696271197420113,39.166826584562656,14365424.658517787,1.227258486673236,0.4619291185413,0.3566952269791519,0.3881898612679819,2.5917183198034763,77.26952797174454,0.3974207948415897,77.0,0.5926962049186619,0.7896977155733607,2.678451292216778,1.0,0.0,81.54334328137338,87953.0,0.8913796494277471,21.0,min_freq_conf,['None'],"['nap', 'rtp']",0.8,21.0,1.0,PROB_LEN_DIST,1.0,,1.0,259622638979622280832216508785624218414_eps5_s0,,1e-10,2.596226389796223e+38,42.0,5.0,BPI2012_WC,1.2
195.8341329228133,0.7127093706940044,0.4420437256414962,0.0,0.3648479713739133,39.166826584562656,14365260.237525202,1.227258486673236,0.4708293937441032,0.3489223001292154,0.3849677725863607,3.064157208427787,79.33078465610743,0.4154319911684387,77.0,0.592444582625976,0.7944085407227007,0.1275571100413799,1.0,0.0,79.3725576363504,86381.0,0.8941835296345959,21.0,min_freq_conf,['None'],"['nap', 'rtp']",0.8,21.0,1.0,PROB_LEN_DIST,1.0,,1.0,259622638979622280832216508785624218414_eps5_s0,,1e-10,2.596226389796223e+38,42.0,5.0,BPI2012_WC,1.2
195.8341329228133,0.7035978123481633,0.4328769134953245,0.0,0.3650589124202974,39.166826584562656,14365097.952989964,1.227258486673236,0.4543957521220081,0.3487102788768443,0.3818150351567583,3.6586079634726048,75.40251806005836,0.3874406852776237,75.0,0.5818766548056433,0.7859219246120432,0.1172407791018486,1.0,0.0,79.53752481378615,87204.0,0.889294781463342,21.0,min_freq_conf,['None'],"['nap', 'rtp']",0.8,21.0,1.0,PROB_LEN_DIST,1.0,,1.0,259622638979622280832216508785624218414_eps5_s0,,1e-10,2.596226389796223e+38,42.0,5.0,BPI2012_WC,1.2
503.5221854709089,0.9324577816289564,0.8700787865577394,0.0003974562798092,0.7956805452189064,100.70443709418176,14368601.483755104,1.216058997437358,0.3080802426218226,0.3406065750087263,0.8317921982178776,15.468349918723106,97.97111629322173,0.6989931107578167,126.0,0.9120061711505736,0.9531919620072564,0.1131742876023054,1.0,0.0,3654.432288233191,170029.0,0.9790614801721196,3.0,min_freq_conf,['None'],"['nap', 'rtp']",0.8,21.0,1.0,PROB_LEN_DIST,1.0,,1.0,294097064866296417184695134036072869759_eps0_s0,,1e-10,2.9409706486629643e+38,42.0,5.0,BPI2013_Incidents,1.2
195.8341329228133,0.7061721610510369,0.4332581717386541,6.0510710395740045e-05,0.3610924329049524,39.166826584562656,14364938.871152196,1.227258486673236,0.4633141909172816,0.351524055495065,0.3773806364823706,2.549033399671316,54.09864299744368,0.4095364879583686,77.0,0.5828850692789348,0.788808745258102,0.1283122226595878,1.0,0.0,55.89713975600898,86584.0,0.8942216105935102,17.0,min_freq_conf,['None'],"['nap', 'rtp']",0.8,21.0,1.0,PROB_LEN_DIST,1.0,,1.0,259622638979622280832216508785624218414_eps4_s0,,1e-10,2.596226389796223e+38,42.0,5.0,BPI2012_WC,1.2
1007.369895869866,0.9629511638385584,0.9191362271024236,0.0,0.8327374551557843,201.4739791739732,14375248.086470217,2.4639344420284037,0.581835239875957,0.1939442776992291,0.8771253343890536,56.955124692991376,86.42068154923618,0.7624716394498754,99.0,0.9543835579282594,0.9697058012593324,0.1331881340593099,1.0,0.0,10299.164535002785,232891.0,0.9816254876820684,3.0,min_freq_conf,['None'],"['nap', 'rtp']",0.8,21.0,1.0,PROB_LEN_DIST,1.0,,1.0,85786624389934247284509876354467652603_eps0_s0,,1e-10,8.578662438993424e+37,42.0,5.0,BPI2012_C,1.2
195.8341329228133,0.6902950894297255,0.4282622306858565,0.0,0.3671996241294737,39.166826584562656,14364825.824113453,1.227258486673236,0.4728011918186442,0.3536505178748693,0.3838913374425376,2.727209072560072,53.1560715418309,0.3982350732256853,77.0,0.563353520272382,0.7774972754616906,0.1179756689816713,1.0,0.0,54.35992596670985,88327.0,0.8881260052980485,17.0,min_freq_conf,['None'],"['nap', 'rtp']",0.8,21.0,1.0,PROB_LEN_DIST,1.0,,1.0,259622638979622280832216508785624218414_eps4_s0,,1e-10,2.596226389796223e+38,42.0,5.0,BPI2012_WC,1.2
195.8341329228133,0.7030087935940278,0.4186290039359707,0.0,0.35766326879159,39.166826584562656,14364715.165872457,1.227258486673236,0.4625173934422287,0.345215733077314,0.3730242579670832,2.490027530118823,51.84033902361989,0.3924607849215698,77.0,0.5726829495003514,0.7883585828990092,0.0994012765586376,1.0,0.0,53.55703865922988,87953.0,0.8918797287445775,17.0,min_freq_conf,['None'],"['nap', 'rtp']",0.8,21.0,1.0,PROB_LEN_DIST,1.0,,1.0,259622638979622280832216508785624218414_eps4_s0,,1e-10,2.596226389796223e+38,42.0,5.0,BPI2012_WC,1.2
195.8341329228133,0.7140028788101462,0.430930618203605,0.0,0.3550857031601288,39.166826584562656,14364606.885999028,1.227258486673236,0.4690790318629326,0.3402332206877012,0.3748221594993536,2.6516664046794176,54.78741582296789,0.417291267212829,77.0,0.5862621959617206,0.7994226943430957,0.1038328036665916,1.0,0.0,55.34581457823515,86381.0,0.8987327717952449,17.0,min_freq_conf,['None'],"['nap', 'rtp']",0.8,21.0,1.0,PROB_LEN_DIST,1.0,,1.0,259622638979622280832216508785624218414_eps4_s0,,1e-10,2.596226389796223e+38,42.0,5.0,BPI2012_WC,1.2
195.8341329228133,0.7035788170749293,0.435236705394773,0.0,0.3683582179158917,39.166826584562656,14364493.679694075,1.227258486673236,0.4736265374965732,0.3503705671438173,0.3865586460938698,2.4847664162516594,52.12161379493773,0.411228199913724,75.0,0.5788685278638418,0.7876825156899768,0.0977679975330829,1.0,0.0,53.45162266306579,87204.0,0.8938797067592671,17.0,min_freq_conf,['None'],"['nap', 'rtp']",0.8,21.0,1.0,PROB_LEN_DIST,1.0,,1.0,259622638979622280832216508785624218414_eps4_s0,,1e-10,2.596226389796223e+38,42.0,5.0,BPI2012_WC,1.2
37.4481101706624,0.8014804906502878,0.4949270736387489,0.4667811385550125,0.2759968705706603,7.489622034132481,14364316.785629516,1.210103889927268,0.233978896954664,0.2010392182362509,0.3608786100039906,4.768213704228401,0.4599723815917969,0.4877162858274996,53.0,0.7007192115731224,0.8588577760793531,0.0946721583604812,1.0,0.0,0.6931038871407509,192.0,0.9191044645028548,21.0,min_freq_conf,['None'],"['nap', 'rtp']",0.8,21.0,1.0,PROB_LEN_DIST,1.0,,1.0,262278826590376297896729739137885756266_eps5_s0,,0.01,2.622788265903763e+38,42.0,5.0,Nasa,1.2
37.4481101706624,0.7445782188273421,0.4236678732354978,0.5453053184504267,0.2046871842485303,7.489622034132481,14364310.45522632,1.210103889927268,0.2006819104811572,0.1271851253664267,0.290069404768129,4.686677735298872,0.4146537221968174,0.4306631648063033,53.0,0.6310446391504466,0.8139096876608599,0.0935885962098836,1.0,0.0,0.6537448726594448,157.0,0.894067223297625,21.0,min_freq_conf,['None'],"['nap', 'rtp']",0.8,21.0,1.0,PROB_LEN_DIST,1.0,,1.0,262278826590376297896729739137885756266_eps5_s0,,0.01,2.622788265903763e+38,42.0,5.0,Nasa,1.2
37.4481101706624,0.8002366897140749,0.4945041176732414,0.4684755538078385,0.2759090363712469,7.489622034132481,14364304.3100206,1.210103889927268,0.2365433750313194,0.2001154827260491,0.3606886916174699,4.840761201456189,0.4190698973834514,0.4888583038406082,53.0,0.6994657209005821,0.8578940160869433,0.0937336515635252,1.0,0.0,0.6904916055500507,192.0,0.9189597136469162,21.0,min_freq_conf,['None'],"['nap', 'rtp']",0.8,21.0,1.0,PROB_LEN_DIST,1.0,,1.0,262278826590376297896729739137885756266_eps5_s0,,0.01,2.622788265903763e+38,42.0,5.0,Nasa,1.2
195.8341329228133,0.7060625271257148,0.4122920903388872,6.0510710395740045e-05,0.3355142830165391,39.166826584562656,14364385.231029402,1.227258486673236,0.4292812845113365,0.3248344200520319,0.3582704286142936,2.9253290500491858,43.00131388939917,0.3668159264189761,77.0,0.5776136142526682,0.794325335661371,0.0947053711861372,1.0,0.0,45.51800036802888,86584.0,0.8953835398009734,11.0,min_freq_conf,['None'],"['nap', 'rtp']",0.8,21.0,1.0,PROB_LEN_DIST,1.0,,1.0,259622638979622280832216508785624218414_eps3_s0,,1e-10,2.596226389796223e+38,42.0,5.0,BPI2012_WC,1.2
37.4481101706624,0.8056444132182022,0.503301968427894,0.4601500840988485,0.284134910144214,7.489622034132481,14364297.968620056,1.210103889927268,0.2358917667176565,0.2043399525307478,0.3697319079346214,4.8944675996899605,0.4563654083758592,0.498576788717816,51.0,0.7064549818576682,0.8620366302089868,0.0902959890663623,1.0,0.0,0.7039949670433998,193.0,0.921354980055004,21.0,min_freq_conf,['None'],"['nap', 'rtp']",0.8,21.0,1.0,PROB_LEN_DIST,1.0,,1.0,262278826590376297896729739137885756266_eps5_s0,,0.01,2.622788265903763e+38,42.0,5.0,Nasa,1.2
37.4481101706624,0.742751410826651,0.419410706486546,0.54624239216724,0.2013024975001993,7.489622034132481,14364291.531138057,1.210103889927268,0.1844358132674295,0.1274856502709262,0.2860011639323611,4.600909357890487,0.4096912052482366,0.4277586663138396,53.0,0.6283864973048646,0.8125280488328892,0.0950810443609952,1.0,0.0,0.6449370626360178,157.0,0.8932463385085816,21.0,min_freq_conf,['None'],"['nap', 'rtp']",0.8,21.0,1.0,PROB_LEN_DIST,1.0,,1.0,262278826590376297896729739137885756266_eps5_s0,,0.01,2.622788265903763e+38,42.0,5.0,Nasa,1.2
37.4481101706624,0.8014804906502878,0.4949270736387489,0.4667811385550125,0.2759968705706603,7.489622034132481,14364285.482370092,1.210103889927268,0.233978896954664,0.2010392182362509,0.3608786100039906,4.7774092592298985,0.4435795601457357,0.4877162858274996,53.0,0.7007192115731224,0.8588577760793531,0.0941729042679071,1.0,0.0,0.7268960047513247,192.0,0.9191044645028548,17.0,min_freq_conf,['None'],"['nap', 'rtp']",0.8,21.0,1.0,PROB_LEN_DIST,1.0,,1.0,262278826590376297896729739137885756266_eps4_s0,,0.01,2.622788265903763e+38,42.0,5.0,Nasa,1.2
37.4481101706624,0.7445782188273421,0.4236678732354978,0.5453053184504267,0.2046871842485303,7.489622034132481,14364279.129503977,1.210103889927268,0.2006819104811572,0.1271851253664267,0.290069404768129,4.687782155349851,0.3922824952751398,0.4306631648063033,53.0,0.6310446391504466,0.8139096876608599,0.0941375903785228,1.0,0.0,0.6935099977999926,157.0,0.894067223297625,17.0,min_freq_conf,['None'],"['nap', 'rtp']",0.8,21.0,1.0,PROB_LEN_DIST,1.0,,1.0,262278826590376297896729739137885756266_eps4_s0,,0.01,2.622788265903763e+38,42.0,5.0,Nasa,1.2
37.4481101706624,0.8002366897140749,0.4945041176732414,0.4684755538078385,0.2759090363712469,7.489622034132481,14364272.956162002,1.210103889927268,0.2365433750313194,0.2001154827260491,0.3606886916174699,4.823079776018858,0.4441753383725881,0.4888583038406082,53.0,0.6994657209005821,0.8578940160869433,0.092817397788167,1.0,0.0,0.726080073043704,192.0,0.9189597136469162,17.0,min_freq_conf,['None'],"['nap', 'rtp']",0.8,21.0,1.0,PROB_LEN_DIST,1.0,,1.0,262278826590376297896729739137885756266_eps4_s0,,0.01,2.622788265903763e+38,42.0,5.0,Nasa,1.2
37.4481101706624,0.8056444132182022,0.503301968427894,0.4601500840988485,0.284134910144214,7.489622034132481,14364266.572634175,1.210103889927268,0.2358917667176565,0.2043399525307478,0.3697319079346214,4.892382862046361,0.4442662540823221,0.498576788717816,51.0,0.7064549818576682,0.8620366302089868,0.0919414665549993,1.0,0.0,0.7449217420071363,193.0,0.921354980055004,17.0,min_freq_conf,['None'],"['nap', 'rtp']",0.8,21.0,1.0,PROB_LEN_DIST,1.0,,1.0,262278826590376297896729739137885756266_eps4_s0,,0.01,2.622788265903763e+38,42.0,5.0,Nasa,1.2
37.4481101706624,0.742751410826651,0.419410706486546,0.54624239216724,0.2013024975001993,7.489622034132481,14364260.09924354,1.210103889927268,0.1844358132674295,0.1274856502709262,0.2860011639323611,4.644641771912575,0.4025826882570982,0.4277586663138396,53.0,0.6283864973048646,0.8125280488328892,0.0961830988526344,1.0,0.0,0.6820485312491655,157.0,0.8932463385085816,17.0,min_freq_conf,['None'],"['nap', 'rtp']",0.8,21.0,1.0,PROB_LEN_DIST,1.0,,1.0,262278826590376297896729739137885756266_eps4_s0,,0.01,2.622788265903763e+38,42.0,5.0,Nasa,1.2
37.4481101706624,0.8014804906502878,0.4949270736387489,0.4667811385550125,0.2759968705706603,7.489622034132481,14364253.981499964,1.210103889927268,0.233978896954664,0.2010392182362509,0.3608786100039906,4.785844463855028,0.4329049810767174,0.4877162858274996,53.0,0.7007192115731224,0.8588577760793531,0.0951767414808273,1.0,0.0,0.8648981899023056,192.0,0.9191044645028548,11.0,min_freq_conf,['None'],"['nap', 'rtp']",0.8,21.0,1.0,PROB_LEN_DIST,1.0,,1.0,262278826590376297896729739137885756266_eps3_s0,,0.01,2.622788265903763e+38,42.0,5.0,Nasa,1.2
37.4481101706624,0.7445782188273421,0.4236678732354978,0.5453053184504267,0.2046871842485303,7.489622034132481,14364247.502808351,1.210103889927268,0.2006819104811572,0.1271851253664267,0.290069404768129,4.802566975355148,0.3924759458750486,0.4306631648063033,53.0,0.6310446391504466,0.8139096876608599,0.0942281577736139,1.0,0.0,0.8417839650064707,157.0,0.894067223297625,11.0,min_freq_conf,['None'],"['nap', 'rtp']",0.8,21.0,1.0,PROB_LEN_DIST,1.0,,1.0,262278826590376297896729739137885756266_eps3_s0,,0.01,2.622788265903763e+38,42.0,5.0,Nasa,1.2
37.4481101706624,0.8002366897140749,0.4945041176732414,0.4684755538078385,0.2759090363712469,7.489622034132481,14364241.07511638,1.210103889927268,0.2365433750313194,0.2001154827260491,0.3606886916174699,4.771866710856557,0.3979179002344608,0.4888583038406082,53.0,0.6994657209005821,0.8578940160869433,0.0966797657310962,1.0,0.0,0.8588078934699297,192.0,0.9189597136469162,11.0,min_freq_conf,['None'],"['nap', 'rtp']",0.8,21.0,1.0,PROB_LEN_DIST,1.0,,1.0,262278826590376297896729739137885756266_eps3_s0,,0.01,2.622788265903763e+38,42.0,5.0,Nasa,1.2
37.4481101706624,0.8056444132182022,0.503301968427894,0.4601500840988485,0.284134910144214,7.489622034132481,14364234.648530276,1.210103889927268,0.2358917667176565,0.2043399525307478,0.3697319079346214,4.950578583404422,0.4453487936407327,0.498576788717816,51.0,0.7064549818576682,0.8620366302089868,0.0937821790575981,1.0,0.0,0.8752286843955517,193.0,0.921354980055004,11.0,min_freq_conf,['None'],"['nap', 'rtp']",0.8,21.0,1.0,PROB_LEN_DIST,1.0,,1.0,262278826590376297896729739137885756266_eps3_s0,,0.01,2.622788265903763e+38,42.0,5.0,Nasa,1.2
37.4481101706624,0.742751410826651,0.419410706486546,0.54624239216724,0.2013024975001993,7.489622034132481,14364227.979529511,1.210103889927268,0.1844358132674295,0.1274856502709262,0.2860011639323611,4.647685384377837,0.3977028299123049,0.4277586663138396,53.0,0.6283864973048646,0.8125280488328892,0.0946356486529111,1.0,0.0,0.8128570672124624,157.0,0.8932463385085816,11.0,min_freq_conf,['None'],"['nap', 'rtp']",0.8,21.0,1.0,PROB_LEN_DIST,1.0,,1.0,262278826590376297896729739137885756266_eps3_s0,,0.01,2.622788265903763e+38,42.0,5.0,Nasa,1.2
37.4481101706624,0.8014804906502878,0.4949270736387489,0.4667811385550125,0.2759968705706603,7.489622034132481,14364221.719768696,1.210103889927268,0.233978896954664,0.2010392182362509,0.3608786100039906,4.734815835952759,0.3983905799686908,0.4877162858274996,53.0,0.7007192115731224,0.8588577760793531,0.0960971750319004,1.0,0.0,1.0828386526554823,192.0,0.9191044645028548,7.0,min_freq_conf,['None'],"['nap', 'rtp']",0.8,21.0,1.0,PROB_LEN_DIST,1.0,,1.0,262278826590376297896729739137885756266_eps2_s0,,0.01,2.622788265903763e+38,42.0,5.0,Nasa,1.2
37.4481101706624,0.7445782188273421,0.4236678732354978,0.5453053184504267,0.2046871842485303,7.489622034132481,14364215.107738355,1.210103889927268,0.2006819104811572,0.1271851253664267,0.290069404768129,4.719467835500836,0.3683845289051533,0.4306631648063033,53.0,0.6310446391504466,0.8139096876608599,0.097458180040121,1.0,0.0,1.074862826615572,157.0,0.894067223297625,7.0,min_freq_conf,['None'],"['nap', 'rtp']",0.8,21.0,1.0,PROB_LEN_DIST,1.0,,1.0,262278826590376297896729739137885756266_eps2_s0,,0.01,2.622788265903763e+38,42.0,5.0,Nasa,1.2
195.8341329228133,0.6880494265438717,0.4150472571221333,0.0,0.3523874295903392,39.166826584562656,14364293.39962745,1.227258486673236,0.4217483834019379,0.3394270465453032,0.3680258429261581,2.4312273040413857,43.13646880723536,0.3519839779697084,77.0,0.5609096821208991,0.7876232506177809,0.121557692065835,1.0,0.0,44.05803599394858,88327.0,0.8919570490677,11.0,min_freq_conf,['None'],"['nap', 'rtp']",0.8,21.0,1.0,PROB_LEN_DIST,1.0,,1.0,259622638979622280832216508785624218414_eps3_s0,,1e-10,2.596226389796223e+38,42.0,5.0,BPI2012_WC,1.2
37.4481101706624,0.8002366897140749,0.4945041176732414,0.4684755538078385,0.2759090363712469,7.489622034132481,14364208.544878222,1.210103889927268,0.2365433750313194,0.2001154827260491,0.3606886916174699,4.8334451373666525,0.387536272406578,0.4888583038406082,53.0,0.6994657209005821,0.8578940160869433,0.093394860625267,1.0,0.0,1.1010268293321133,192.0,0.9189597136469162,7.0,min_freq_conf,['None'],"['nap', 'rtp']",0.8,21.0,1.0,PROB_LEN_DIST,1.0,,1.0,262278826590376297896729739137885756266_eps2_s0,,0.01,2.622788265903763e+38,42.0,5.0,Nasa,1.2
37.4481101706624,0.8056444132182022,0.503301968427894,0.4601500840988485,0.284134910144214,7.489622034132481,14364201.826065283,1.210103889927268,0.2358917667176565,0.2043399525307478,0.3697319079346214,4.941807489842176,0.4201162308454513,0.498576788717816,51.0,0.7064549818576682,0.8620366302089868,0.0942926872521638,1.0,0.0,1.109590319916606,193.0,0.921354980055004,7.0,min_freq_conf,['None'],"['nap', 'rtp']",0.8,21.0,1.0,PROB_LEN_DIST,1.0,,1.0,262278826590376297896729739137885756266_eps2_s0,,0.01,2.622788265903763e+38,42.0,5.0,Nasa,1.2
37.4481101706624,0.742751410826651,0.419410706486546,0.54624239216724,0.2013024975001993,7.489622034132481,14364194.96176166,1.210103889927268,0.1844358132674295,0.1274856502709262,0.2860011639323611,4.623852947726846,0.3709484897553921,0.4277586663138396,53.0,0.6283864973048646,0.8125280488328892,0.0958248190581798,1.0,0.0,1.0380048118531704,157.0,0.8932463385085816,7.0,min_freq_conf,['None'],"['nap', 'rtp']",0.8,21.0,1.0,PROB_LEN_DIST,1.0,,1.0,262278826590376297896729739137885756266_eps2_s0,,0.01,2.622788265903763e+38,42.0,5.0,Nasa,1.2
37.4481101706624,0.8014804906502878,0.4949270736387489,0.4667811385550125,0.2759968705706603,7.489622034132481,14364188.531148436,1.210103889927268,0.233978896954664,0.2010392182362509,0.3608786100039906,4.755975317209959,0.4020812194794416,0.4877162858274996,53.0,0.7007192115731224,0.8588577760793531,0.0992942955344915,1.0,0.0,1.366050910204649,192.0,0.9191044645028548,5.0,min_freq_conf,['None'],"['nap', 'rtp']",0.8,21.0,1.0,PROB_LEN_DIST,1.0,,1.0,262278826590376297896729739137885756266_eps1_s0,,0.01,2.622788265903763e+38,42.0,5.0,Nasa,1.2
37.4481101706624,0.7445782188273421,0.4236678732354978,0.5453053184504267,0.2046871842485303,7.489622034132481,14364181.59841524,1.210103889927268,0.2006819104811572,0.1271851253664267,0.290069404768129,4.668571626767516,0.3617735467851162,0.4306631648063033,53.0,0.6310446391504466,0.8139096876608599,0.0943834260106086,1.0,0.0,1.321941338479519,157.0,0.894067223297625,5.0,min_freq_conf,['None'],"['nap', 'rtp']",0.8,21.0,1.0,PROB_LEN_DIST,1.0,,1.0,262278826590376297896729739137885756266_eps1_s0,,0.01,2.622788265903763e+38,42.0,5.0,Nasa,1.2
37.4481101706624,0.8002366897140749,0.4945041176732414,0.4684755538078385,0.2759090363712469,7.489622034132481,14364174.848478248,1.210103889927268,0.2365433750313194,0.2001154827260491,0.3606886916174699,4.788024725392461,0.3925292287021875,0.4888583038406082,53.0,0.6994657209005821,0.8578940160869433,0.0920864846557378,1.0,0.0,1.3703907784074545,192.0,0.9189597136469162,5.0,min_freq_conf,['None'],"['nap', 'rtp']",0.8,21.0,1.0,PROB_LEN_DIST,1.0,,1.0,262278826590376297896729739137885756266_eps1_s0,,0.01,2.622788265903763e+38,42.0,5.0,Nasa,1.2
37.4481101706624,0.8056444132182022,0.503301968427894,0.4601500840988485,0.284134910144214,7.489622034132481,14364167.899808576,1.210103889927268,0.2358917667176565,0.2043399525307478,0.3697319079346214,4.901113221421838,0.4215544499456882,0.498576788717816,51.0,0.7064549818576682,0.8620366302089868,0.099003829061985,1.0,0.0,1.409905495122075,193.0,0.921354980055004,5.0,min_freq_conf,['None'],"['nap', 'rtp']",0.8,21.0,1.0,PROB_LEN_DIST,1.0,,1.0,262278826590376297896729739137885756266_eps1_s0,,0.01,2.622788265903763e+38,42.0,5.0,Nasa,1.2
37.4481101706624,0.742751410826651,0.419410706486546,0.54624239216724,0.2013024975001993,7.489622034132481,14364160.769248951,1.210103889927268,0.1844358132674295,0.1274856502709262,0.2860011639323611,4.656649030745029,0.3630010299384594,0.4277586663138396,53.0,0.6283864973048646,0.8125280488328892,0.0936603192239999,1.0,0.0,1.3167438078671694,157.0,0.8932463385085816,5.0,min_freq_conf,['None'],"['nap', 'rtp']",0.8,21.0,1.0,PROB_LEN_DIST,1.0,,1.0,262278826590376297896729739137885756266_eps1_s0,,0.01,2.622788265903763e+38,42.0,5.0,Nasa,1.2
37.4481101706624,0.8014804906502878,0.4949270736387489,0.4667811385550125,0.2759968705706603,7.489622034132481,14364154.040792992,1.210103889927268,0.233978896954664,0.2010392182362509,0.3608786100039906,4.728703334927559,0.3847844358533621,0.4877162858274996,53.0,0.7007192115731224,0.8588577760793531,0.0948118660598993,1.0,0.0,2.2262784522026777,192.0,0.9191044645028548,3.0,min_freq_conf,['None'],"['nap', 'rtp']",0.8,21.0,1.0,PROB_LEN_DIST,1.0,,1.0,262278826590376297896729739137885756266_eps0_s0,,0.01,2.622788265903763e+38,42.0,5.0,Nasa,1.2
37.4481101706624,0.7445782188273421,0.4236678732354978,0.5453053184504267,0.2046871842485303,7.489622034132481,14364146.30493678,1.210103889927268,0.2006819104811572,0.1271851253664267,0.290069404768129,4.657090827822685,0.3640610706061125,0.4306631648063033,53.0,0.6310446391504466,0.8139096876608599,0.1041013766080141,1.0,0.0,2.1337299328297377,157.0,0.894067223297625,3.0,min_freq_conf,['None'],"['nap', 'rtp']",0.8,21.0,1.0,PROB_LEN_DIST,1.0,,1.0,262278826590376297896729739137885756266_eps0_s0,,0.01,2.622788265903763e+38,42.0,5.0,Nasa,1.2
37.4481101706624,0.8002366897140749,0.4945041176732414,0.4684755538078385,0.2759090363712469,7.489622034132481,14364138.75058163,1.210103889927268,0.2365433750313194,0.2001154827260491,0.3606886916174699,4.777131345123053,0.3700647111982107,0.4888583038406082,53.0,0.6994657209005821,0.8578940160869433,0.0941301006823778,1.0,0.0,2.24189124070108,192.0,0.9189597136469162,3.0,min_freq_conf,['None'],"['nap', 'rtp']",0.8,21.0,1.0,PROB_LEN_DIST,1.0,,1.0,262278826590376297896729739137885756266_eps0_s0,,0.01,2.622788265903763e+38,42.0,5.0,Nasa,1.2
37.4481101706624,0.8056444132182022,0.503301968427894,0.4601500840988485,0.284134910144214,7.489622034132481,14364130.966055024,1.210103889927268,0.2358917667176565,0.2043399525307478,0.3697319079346214,4.839609017595649,0.3795966226607561,0.498576788717816,51.0,0.7064549818576682,0.8620366302089868,0.096593227237463,1.0,0.0,2.285967541858554,193.0,0.921354980055004,3.0,min_freq_conf,['None'],"['nap', 'rtp']",0.8,21.0,1.0,PROB_LEN_DIST,1.0,,1.0,262278826590376297896729739137885756266_eps0_s0,,0.01,2.622788265903763e+38,42.0,5.0,Nasa,1.2
37.4481101706624,0.742751410826651,0.419410706486546,0.54624239216724,0.2013024975001993,7.489622034132481,14364123.06699075,1.210103889927268,0.1844358132674295,0.1274856502709262,0.2860011639323611,4.682850701734424,0.3491178099066019,0.4277586663138396,53.0,0.6283864973048646,0.8125280488328892,0.0947227701544761,1.0,0.0,2.133450221270323,157.0,0.8932463385085816,3.0,min_freq_conf,['None'],"['nap', 'rtp']",0.8,21.0,1.0,PROB_LEN_DIST,1.0,,1.0,262278826590376297896729739137885756266_eps0_s0,,0.01,2.622788265903763e+38,42.0,5.0,Nasa,1.2
195.8341329228133,0.6805098014292699,0.3913153473125998,0.0,0.3297550214456591,39.166826584562656,14364203.351909123,1.227258486673236,0.406229481239476,0.3178965756633585,0.3446556498633718,2.5981878004968166,44.04501634277403,0.3114886229772459,77.0,0.5592569274325712,0.7720264197664359,0.0945724286139011,1.0,0.0,46.41666822321713,87953.0,0.8877127853119541,11.0,min_freq_conf,['None'],"['nap', 'rtp']",0.8,21.0,1.0,PROB_LEN_DIST,1.0,,1.0,259622638979622280832216508785624218414_eps3_s0,,1e-10,2.596226389796223e+38,42.0,5.0,BPI2012_WC,1.2
195.8341329228133,0.6930771221194051,0.41803599300175,0.0,0.3460638284373099,39.166826584562656,14364109.88779402,1.227258486673236,0.4294596903894647,0.3312496333047507,0.3650578432844337,2.774239270016551,46.519280187785625,0.3486142583231654,77.0,0.5656801212596425,0.7843934770062009,0.0966389495879411,1.0,0.0,47.40527269244194,86381.0,0.8908405320080209,11.0,min_freq_conf,['None'],"['nap', 'rtp']",0.8,21.0,1.0,PROB_LEN_DIST,1.0,,1.0,259622638979622280832216508785624218414_eps3_s0,,1e-10,2.596226389796223e+38,42.0,5.0,BPI2012_WC,1.2
195.8341329228133,0.7048043275815413,0.4355216157684751,0.0,0.3461916062850556,39.166826584562656,14364012.782370232,1.227258486673236,0.4356776520967386,0.32826327342397,0.3682647345131456,2.8837203588336706,44.98982248455286,0.3928021199235841,75.0,0.5897627405653283,0.7956617276852997,0.0976604167371988,1.0,0.0,47.51391385495663,87204.0,0.9001696030823646,11.0,min_freq_conf,['None'],"['nap', 'rtp']",0.8,21.0,1.0,PROB_LEN_DIST,1.0,,1.0,259622638979622280832216508785624218414_eps3_s0,,1e-10,2.596226389796223e+38,42.0,5.0,BPI2012_WC,1.2
38.09800631552935,0.9202392158245144,0.6729827769580414,0.1172896579051644,0.4518192117471317,7.619601263105869,14363926.660139896,1.2643955759704113,0.6693124191420616,0.3612281143963504,0.5422321770339428,9.507216645404696,1.1524439230561256,0.798111213842293,53.0,0.8474164230675668,0.9528508852167934,0.095835231244564,1.0,0.0,2.315779821947217,1013.0,0.979915770335905,21.0,min_freq_conf,['None'],"['nap', 'rtp']",0.8,21.0,1.0,PROB_LEN_DIST,1.0,,1.0,281150048984195768796375458020059381063_eps5_s0,,0.001,2.8115004898419576e+38,42.0,5.0,Nasa,1.2
38.09800631552935,0.9129488320991856,0.667428168351579,0.1237032173342088,0.4556565531899784,7.619601263105869,14363913.288304644,1.2643955759704113,0.6632472754314186,0.3673282056670239,0.5431760655499845,9.60848861373961,1.1148430667817593,0.7915955351280368,53.0,0.8385808876865117,0.9473447062792026,0.0976518467068672,1.0,0.0,2.3974065352231264,906.0,0.9761070303953792,21.0,min_freq_conf,['None'],"['nap', 'rtp']",0.8,21.0,1.0,PROB_LEN_DIST,1.0,,1.0,281150048984195768796375458020059381063_eps5_s0,,0.001,2.8115004898419576e+38,42.0,5.0,Nasa,1.2
38.09800631552935,0.921046773534678,0.686396064709894,0.1103683313671516,0.489149481429278,7.619601263105869,14363899.775214797,1.2643955759704113,0.6670795355986803,0.4008335048383996,0.5715576198234035,10.270887177437544,1.1098002716898918,0.8014156508061345,53.0,0.8494062519203376,0.9535141619548676,0.0935376919806003,1.0,0.0,2.7383236344903708,964.0,0.9803744608255336,21.0,min_freq_conf,['None'],"['nap', 'rtp']",0.8,21.0,1.0,PROB_LEN_DIST,1.0,,1.0,281150048984195768796375458020059381063_eps5_s0,,0.001,2.8115004898419576e+38,42.0,5.0,Nasa,1.2
38.09800631552935,0.92499890256168,0.6991577485717789,0.1022124466295769,0.4958155492879393,7.619601263105869,14363885.273141362,1.2643955759704113,0.6679907347388407,0.3975916788496066,0.5826479831518976,10.933953206986187,1.0536717716604471,0.8005563462284901,51.0,0.8575505451658497,0.9553690205903188,0.0946207791566848,1.0,0.0,3.0087798796594143,975.0,0.9808281651975268,21.0,min_freq_conf,['None'],"['nap', 'rtp']",0.8,21.0,1.0,PROB_LEN_DIST,1.0,,1.0,281150048984195768796375458020059381063_eps5_s0,,0.001,2.8115004898419576e+38,42.0,5.0,Nasa,1.2
38.09800631552935,0.9187852108212814,0.6903065856667653,0.1122651495104525,0.494000692009958,7.619601263105869,14363869.863310585,1.2643955759704113,0.6616347689311193,0.3969631676392392,0.5777594479824374,10.633659116923807,1.098325926810503,0.794654670547764,53.0,0.8488202692888944,0.9509541790201772,0.0948481652885675,1.0,0.0,2.6214530784636736,945.0,0.9778474003330784,21.0,min_freq_conf,['None'],"['nap', 'rtp']",0.8,21.0,1.0,PROB_LEN_DIST,1.0,,1.0,281150048984195768796375458020059381063_eps5_s0,,0.001,2.8115004898419576e+38,42.0,5.0,Nasa,1.2
38.09800631552935,0.9202392158245144,0.6729827769580414,0.1172896579051644,0.4518192117471317,7.619601263105869,14363855.115880417,1.2643955759704113,0.6693124191420616,0.3612281143963504,0.5422321770339428,9.546553075313568,1.1032550800591707,0.798111213842293,53.0,0.8474164230675668,0.9528508852167934,0.093900604173541,1.0,0.0,2.5344334803521638,1013.0,0.979915770335905,17.0,min_freq_conf,['None'],"['nap', 'rtp']",0.8,21.0,1.0,PROB_LEN_DIST,1.0,,1.0,281150048984195768796375458020059381063_eps4_s0,,0.001,2.8115004898419576e+38,42.0,5.0,Nasa,1.2
195.8341329228133,0.6528784004365961,0.3943980806989919,6.0510710395740045e-05,0.3271005805385993,39.166826584562656,14363917.000461144,1.227258486673236,0.3961092638329889,0.315731114588652,0.3450738137057228,2.153961950913072,41.16607749462128,0.3189519544959457,77.0,0.5365921459611843,0.7461839716530864,0.0977574326097965,1.0,0.0,42.719874477013946,86584.0,0.86892502649555,7.0,min_freq_conf,['None'],"['nap', 'rtp']",0.8,21.0,1.0,PROB_LEN_DIST,1.0,,1.0,259622638979622280832216508785624218414_eps2_s0,,1e-10,2.596226389796223e+38,42.0,5.0,BPI2012_WC,1.2
38.09800631552935,0.9127449753564316,0.6663636009458467,0.1237032173342088,0.4564716479502175,7.619601263105869,14363841.54031828,1.2643955759704113,0.6632472754314186,0.3673554066069008,0.5423656294791561,9.485417431220412,1.0129864942282438,0.7915955351280368,53.0,0.8380080093419974,0.9473447062792026,0.0950183477252721,1.0,0.0,2.62918452732265,906.0,0.9761070303953792,17.0,min_freq_conf,['None'],"['nap', 'rtp']",0.8,21.0,1.0,PROB_LEN_DIST,1.0,,1.0,281150048984195768796375458020059381063_eps4_s0,,0.001,2.8115004898419576e+38,42.0,5.0,Nasa,1.2
38.09800631552935,0.920664020316008,0.6845709906432821,0.1103683313671516,0.4890882581076024,7.619601263105869,14363828.015487649,1.2643955759704113,0.6670795355986803,0.4001913528271368,0.5696529805123466,10.19221318140626,1.0627206582576036,0.8014156508061345,53.0,0.8483444015396391,0.9535141619548676,0.0939478650689125,1.0,0.0,2.936887141317129,964.0,0.9803744608255336,17.0,min_freq_conf,['None'],"['nap', 'rtp']",0.8,21.0,1.0,PROB_LEN_DIST,1.0,,1.0,281150048984195768796375458020059381063_eps4_s0,,0.001,2.8115004898419576e+38,42.0,5.0,Nasa,1.2
38.09800631552935,0.9246176141289534,0.6974222814887684,0.1022124466295769,0.4960315953416271,7.619601263105869,14363813.433464115,1.2643955759704113,0.6679190596288924,0.3973576991529647,0.5808610376864336,10.842277947813272,1.0276995431631804,0.8004916548065727,51.0,0.8565135335806691,0.9553396915111988,0.0956706926226615,1.0,0.0,3.227355731651187,975.0,0.9808096303207736,17.0,min_freq_conf,['None'],"['nap', 'rtp']",0.8,21.0,1.0,PROB_LEN_DIST,1.0,,1.0,281150048984195768796375458020059381063_eps4_s0,,0.001,2.8115004898419576e+38,42.0,5.0,Nasa,1.2
38.09800631552935,0.9187852108212814,0.6903065856667653,0.1122651495104525,0.494000692009958,7.619601263105869,14363797.930895068,1.2643955759704113,0.6616347689311193,0.3969631676392392,0.5777594479824374,10.706385357305408,1.032201474532485,0.794654670547764,53.0,0.8488202692888944,0.9509541790201772,0.0968513097614049,1.0,0.0,2.8708472661674023,945.0,0.9778474003330784,17.0,min_freq_conf,['None'],"['nap', 'rtp']",0.8,21.0,1.0,PROB_LEN_DIST,1.0,,1.0,281150048984195768796375458020059381063_eps4_s0,,0.001,2.8115004898419576e+38,42.0,5.0,Nasa,1.2
38.09800631552935,0.919865198530038,0.6726667246511537,0.1172896579051644,0.4532207079093722,7.619601263105869,14363782.916107384,1.2643955759704113,0.6676173246282836,0.3626940412670013,0.5433684517609603,9.479305366054176,0.9868291933089496,0.7971205917316074,53.0,0.8468636240778485,0.9526062918420156,0.095034547150135,1.0,0.0,3.2533973418176174,1013.0,0.97981719463504,11.0,min_freq_conf,['None'],"['nap', 'rtp']",0.8,21.0,1.0,PROB_LEN_DIST,1.0,,1.0,281150048984195768796375458020059381063_eps3_s0,,0.001,2.8115004898419576e+38,42.0,5.0,Nasa,1.2
38.09800631552935,0.9129491134986792,0.6677447007089952,0.1237032173342088,0.4566625654959992,7.619601263105869,14363768.80102918,1.2643955759704113,0.6632472754314186,0.3640334152625475,0.5441604361679124,9.718413170427084,0.9883523508906364,0.7915955351280368,53.0,0.8386204237687268,0.9473447062792026,0.0915599521249532,1.0,0.0,3.2395901549607515,906.0,0.9761070303953792,11.0,min_freq_conf,['None'],"['nap', 'rtp']",0.8,21.0,1.0,PROB_LEN_DIST,1.0,,1.0,281150048984195768796375458020059381063_eps3_s0,,0.001,2.8115004898419576e+38,42.0,5.0,Nasa,1.2
38.09800631552935,0.921046773534678,0.6874135336296056,0.1103683313671516,0.4922282003470311,7.619601263105869,14363754.463456685,1.2643955759704113,0.6670795355986803,0.3987324701694762,0.5740767717624945,10.398370964452624,0.9931333493441344,0.8014156508061345,53.0,0.8494926611956463,0.9535141619548676,0.0956355668604374,1.0,0.0,3.5864374544471502,964.0,0.9803744608255336,11.0,min_freq_conf,['None'],"['nap', 'rtp']",0.8,21.0,1.0,PROB_LEN_DIST,1.0,,1.0,281150048984195768796375458020059381063_eps3_s0,,0.001,2.8115004898419576e+38,42.0,5.0,Nasa,1.2
195.8341329228133,0.7366514686871859,0.539842145414878,0.0,0.4583850745766682,39.166826584562656,14363830.543862656,1.227258486673236,0.3749041599597185,0.2465372413439118,0.4899460599459338,5.364095812663436,41.84560611471534,0.3017273751408186,77.0,0.6500949294073682,0.805607681975282,0.0944533236324787,1.0,0.0,53.596863344311714,88327.0,0.8961809917182337,7.0,min_freq_conf,['None'],"['nap', 'rtp']",0.8,21.0,1.0,PROB_LEN_DIST,1.0,,1.0,259622638979622280832216508785624218414_eps2_s0,,1e-10,2.596226389796223e+38,42.0,5.0,BPI2012_WC,1.2
38.09800631552935,0.9249413467718234,0.7000222115686782,0.1022124466295769,0.4988713967637262,7.619601263105869,14363739.087440517,1.2643955759704113,0.667442385353994,0.3958557788502138,0.5851032859887817,11.122789597138762,1.0011439193040133,0.7997800491654806,51.0,0.8575065286131878,0.9553348004950492,0.0965726003050804,1.0,0.0,3.853562269359827,975.0,0.9808169472735384,11.0,min_freq_conf,['None'],"['nap', 'rtp']",0.8,21.0,1.0,PROB_LEN_DIST,1.0,,1.0,281150048984195768796375458020059381063_eps3_s0,,0.001,2.8115004898419576e+38,42.0,5.0,Nasa,1.2
38.09800631552935,0.9180142652238658,0.6883025346972191,0.1122651495104525,0.4943697279848437,7.619601263105869,14363722.705937175,1.2643955759704113,0.6600925918335843,0.3972499860514371,0.5771790784124005,10.533995270729063,0.9431345239281654,0.7935961894681133,53.0,0.8475233322241621,0.9504532941318288,0.0941565632820129,1.0,0.0,3.602564971894026,945.0,0.9776405561724852,11.0,min_freq_conf,['None'],"['nap', 'rtp']",0.8,21.0,1.0,PROB_LEN_DIST,1.0,,1.0,281150048984195768796375458020059381063_eps3_s0,,0.001,2.8115004898419576e+38,42.0,5.0,Nasa,1.2
38.09800631552935,0.9166963880904312,0.6551303168422986,0.1172896579051644,0.4584599194711795,7.619601263105869,14363707.246845957,1.2643955759704113,0.666127142300093,0.4092763959001456,0.5296508797503519,8.18347310833633,0.9620859175920486,0.7959978866728306,53.0,0.8390186699079915,0.950905285074296,0.0915152803063392,1.0,0.0,4.086356598883867,1013.0,0.97921836133414,7.0,min_freq_conf,['None'],"['nap', 'rtp']",0.8,21.0,1.0,PROB_LEN_DIST,1.0,,1.0,281150048984195768796375458020059381063_eps2_s0,,0.001,2.8115004898419576e+38,42.0,5.0,Nasa,1.2
38.09800631552935,0.9101150858703606,0.6489681347813474,0.1237032173342088,0.454279765953486,7.619601263105869,14363693.624701569,1.2643955759704113,0.6632472754314186,0.3991281499928198,0.5255526146435564,8.32294094376266,0.9638040754944086,0.7915955351280368,53.0,0.8311480613207641,0.9459174946373968,0.095723308622837,1.0,0.0,3.9838413931429386,906.0,0.97563829508124,7.0,min_freq_conf,['None'],"['nap', 'rtp']",0.8,21.0,1.0,PROB_LEN_DIST,1.0,,1.0,281150048984195768796375458020059381063_eps2_s0,,0.001,2.8115004898419576e+38,42.0,5.0,Nasa,1.2
38.09800631552935,0.9168733843117703,0.6579532563662849,0.1103683313671516,0.4689198007190054,7.619601263105869,14363679.949607994,1.2643955759704113,0.6670795355986803,0.4205378511758893,0.539508293917109,8.174253728240728,0.98662337847054,0.8014156508061345,53.0,0.8385562843165308,0.9513956820250712,0.0957685466855764,1.0,0.0,3.852016819640994,964.0,0.9796721464080246,7.0,min_freq_conf,['None'],"['nap', 'rtp']",0.8,21.0,1.0,PROB_LEN_DIST,1.0,,1.0,281150048984195768796375458020059381063_eps2_s0,,0.001,2.8115004898419576e+38,42.0,5.0,Nasa,1.2
38.09800631552935,0.9194067660618744,0.6652662465567917,0.1022124466295769,0.4716530928093488,7.619601263105869,14363666.54732628,1.2643955759704113,0.6680290078558033,0.4149722130336607,0.5431047708487281,8.654077872633934,0.9317021388560534,0.8006210376504076,51.0,0.843903241264694,0.9525042486880302,0.0919858980923891,1.0,0.0,4.086815858259797,975.0,0.9798652564257182,7.0,min_freq_conf,['None'],"['nap', 'rtp']",0.8,21.0,1.0,PROB_LEN_DIST,1.0,,1.0,281150048984195768796375458020059381063_eps2_s0,,0.001,2.8115004898419576e+38,42.0,5.0,Nasa,1.2
38.09800631552935,0.9130291398397244,0.6547314462885637,0.1122651495104525,0.4655365120882133,7.619601263105869,14363652.487692587,1.2643955759704113,0.6600925918335843,0.4161409562731192,0.5347847649229719,8.427455997094512,0.9225441217422484,0.7935961894681133,53.0,0.8350931073509764,0.9479032255482608,0.0940617602318525,1.0,0.0,4.194316599518061,945.0,0.9767806030727584,7.0,min_freq_conf,['None'],"['nap', 'rtp']",0.8,21.0,1.0,PROB_LEN_DIST,1.0,,1.0,281150048984195768796375458020059381063_eps2_s0,,0.001,2.8115004898419576e+38,42.0,5.0,Nasa,1.2
195.8341329228133,0.7045838535584026,0.4742939459236663,0.0,0.3988057761983068,39.166826584562656,14363729.354764568,1.227258486673236,0.3841021900371287,0.2841504886427213,0.422562293310918,4.184081982821226,41.988203793764114,0.3131006262012524,77.0,0.6057996108825562,0.7857980520104306,0.0911284498870372,1.0,0.0,52.34608189202845,87953.0,0.8914983518225722,7.0,min_freq_conf,['None'],"['nap', 'rtp']",0.8,21.0,1.0,PROB_LEN_DIST,1.0,,1.0,259622638979622280832216508785624218414_eps2_s0,,1e-10,2.596226389796223e+38,42.0,5.0,BPI2012_WC,1.2
38.09800631552935,0.9145635469488608,0.6492407683614624,0.1172896579051644,0.4495047043518259,7.619601263105869,14363638.54862896,1.2643955759704113,0.6631350899391765,0.4000169711434138,0.5221535869457291,7.965586878359318,0.9165927805006504,0.7990357944789328,53.0,0.834302489790295,0.9503643238469436,0.0899684727191925,1.0,0.0,5.349820606410503,1013.0,0.9792045329695054,5.0,min_freq_conf,['None'],"['nap', 'rtp']",0.8,21.0,1.0,PROB_LEN_DIST,1.0,,1.0,281150048984195768796375458020059381063_eps1_s0,,0.001,2.8115004898419576e+38,42.0,5.0,Nasa,1.2
38.09800631552935,0.9079397884823264,0.643016765537742,0.1237032173342088,0.4460136380538041,7.619601263105869,14363623.933348482,1.2643955759704113,0.6595709313295426,0.3905125406012462,0.5184177093761139,8.27507385239005,0.887084087356925,0.7933026920551542,53.0,0.8264693497435223,0.9452633082099696,0.0936163123697042,1.0,0.0,5.238199723884463,906.0,0.9755618298052852,5.0,min_freq_conf,['None'],"['nap', 'rtp']",0.8,21.0,1.0,PROB_LEN_DIST,1.0,,1.0,281150048984195768796375458020059381063_eps1_s0,,0.001,2.8115004898419576e+38,42.0,5.0,Nasa,1.2
38.09800631552935,0.9152928336475264,0.6535541099793225,0.1103683313671516,0.4615277934786736,7.619601263105869,14363609.13782106,1.2643955759704113,0.6716577953365884,0.4126505503549401,0.5335430451114104,8.105246245861053,0.9731929432600736,0.8056101717131996,53.0,0.8348398177154079,0.951099476218794,0.0991899725049734,1.0,0.0,4.905813822522759,964.0,0.97975136375531,5.0,min_freq_conf,['None'],"['nap', 'rtp']",0.8,21.0,1.0,PROB_LEN_DIST,1.0,,1.0,281150048984195768796375458020059381063_eps1_s0,,0.001,2.8115004898419576e+38,42.0,5.0,Nasa,1.2
38.09800631552935,0.9173282715258718,0.6597452724498944,0.1022124466295769,0.4635893681183573,7.619601263105869,14363594.751560336,1.2643955759704113,0.6690903985973199,0.4067028778895853,0.5364247345898732,8.70656681805849,0.9750923663377762,0.8023677060421788,51.0,0.8392519700572315,0.9518619129154738,0.0904681570827961,1.0,0.0,5.178939716890454,975.0,0.9798060201322372,5.0,min_freq_conf,['None'],"['nap', 'rtp']",0.8,21.0,1.0,PROB_LEN_DIST,1.0,,1.0,281150048984195768796375458020059381063_eps1_s0,,0.001,2.8115004898419576e+38,42.0,5.0,Nasa,1.2
38.09800631552935,0.9113636537158344,0.6500943192232663,0.1122651495104525,0.458786179246362,7.619601263105869,14363579.504349418,1.2643955759704113,0.6633954693803181,0.4089292709756958,0.5290985686133309,8.222599936649203,0.8761469032615423,0.7964408573696745,53.0,0.8313286003930547,0.9474754437918104,0.0909988116472959,1.0,0.0,5.472243873402476,945.0,0.976793778962848,5.0,min_freq_conf,['None'],"['nap', 'rtp']",0.8,21.0,1.0,PROB_LEN_DIST,1.0,,1.0,281150048984195768796375458020059381063_eps1_s0,,0.001,2.8115004898419576e+38,42.0,5.0,Nasa,1.2
38.09800631552935,0.905184704989236,0.6391753726628991,0.1172896579051644,0.4466912806720225,7.619601263105869,14363564.531464905,1.2643955759704113,0.6438632709725601,0.3976162283753776,0.5163979917916911,8.155777772888541,0.917622709646821,0.782657508915599,53.0,0.8238847189047624,0.9425786762454216,0.0908591244369745,1.0,0.0,9.045070298016071,1013.0,0.9747009440606356,3.0,min_freq_conf,['None'],"['nap', 'rtp']",0.8,21.0,1.0,PROB_LEN_DIST,1.0,,1.0,281150048984195768796375458020059381063_eps0_s0,,0.001,2.8115004898419576e+38,42.0,5.0,Nasa,1.2
38.09800631552935,0.9024543548444912,0.6379311238928168,0.1237032173342088,0.4472987621317887,7.619601263105869,14363546.01832991,1.2643955759704113,0.6456509497136607,0.3924921494966417,0.517083499060452,8.185931347310543,0.8608136400580406,0.7831254103742613,53.0,0.820955701452817,0.9406037121069644,0.0891338195651769,1.0,0.0,8.698936063796282,906.0,0.9728025866366315,3.0,min_freq_conf,['None'],"['nap', 'rtp']",0.8,21.0,1.0,PROB_LEN_DIST,1.0,,1.0,281150048984195768796375458020059381063_eps0_s0,,0.001,2.8115004898419576e+38,42.0,5.0,Nasa,1.2
195.8341329228133,0.7458629025474165,0.5418940548191492,0.0,0.4564012141770553,39.166826584562656,14363630.450660825,1.227258486673236,0.3853273940932946,0.2394900369207395,0.4882719024877874,6.385202895849943,43.7799519021064,0.2888269130207425,77.0,0.6572157721710933,0.8129214703028007,0.0964923631399869,1.0,0.0,57.70267501287162,86381.0,0.9006367078874048,7.0,min_freq_conf,['None'],"['nap', 'rtp']",0.8,21.0,1.0,PROB_LEN_DIST,1.0,,1.0,259622638979622280832216508785624218414_eps2_s0,,1e-10,2.596226389796223e+38,42.0,5.0,BPI2012_WC,1.2
38.09800631552935,0.9071153757868032,0.6441749829112982,0.1103683313671516,0.459442136239527,7.619601263105869,14363527.885619072,1.2643955759704113,0.6551336002260294,0.4114007619412552,0.5283659459706542,8.222331695258617,0.8888249471783638,0.7906671909817801,53.0,0.825531105015476,0.94438107355057,0.0926879774779081,1.0,0.0,8.331787688657641,964.0,0.9759101854694984,3.0,min_freq_conf,['None'],"['nap', 'rtp']",0.8,21.0,1.0,PROB_LEN_DIST,1.0,,1.0,281150048984195768796375458020059381063_eps0_s0,,0.001,2.8115004898419576e+38,42.0,5.0,Nasa,1.2
38.09800631552935,0.9096376877384276,0.6515368215965662,0.1022124466295769,0.4619602378108988,7.619601263105869,14363510.015606118,1.2643955759704113,0.6536543595635567,0.4057380929092608,0.531876272254974,8.834521288052201,0.8829206079244614,0.789429421658688,51.0,0.8309956297894459,0.945388103019267,0.0940317008644342,1.0,0.0,8.830027531832457,975.0,0.9759932909332693,3.0,min_freq_conf,['None'],"['nap', 'rtp']",0.8,21.0,1.0,PROB_LEN_DIST,1.0,,1.0,281150048984195768796375458020059381063_eps0_s0,,0.001,2.8115004898419576e+38,42.0,5.0,Nasa,1.2
38.09800631552935,0.9047730917617062,0.6428299218488192,0.1122651495104525,0.4571837742190212,7.619601263105869,14363491.07270087,1.2643955759704113,0.6478217603756073,0.4079751377441289,0.5247364056240428,8.3701130785048,0.8562534973025322,0.7845991002910823,53.0,0.8240279919865685,0.9420065764217536,0.0911236889660358,1.0,0.0,9.201667964458466,945.0,0.9736316218607952,3.0,min_freq_conf,['None'],"['nap', 'rtp']",0.8,21.0,1.0,PROB_LEN_DIST,1.0,,1.0,281150048984195768796375458020059381063_eps0_s0,,0.001,2.8115004898419576e+38,42.0,5.0,Nasa,1.2
195.8341329228133,0.744238558823503,0.5532473209915735,0.0,0.4742346799152597,39.166826584562656,14363522.196144467,1.227258486673236,0.3628718596044476,0.2376637002264974,0.5035196430581732,6.359787745401263,41.90470438078046,0.2688112405250508,75.0,0.6614423225960857,0.8101415762830533,0.0933507103472948,1.0,0.0,56.70722472853959,87204.0,0.8976538035125475,7.0,min_freq_conf,['None'],"['nap', 'rtp']",0.8,21.0,1.0,PROB_LEN_DIST,1.0,,1.0,259622638979622280832216508785624218414_eps2_s0,,1e-10,2.596226389796223e+38,42.0,5.0,BPI2012_WC,1.2
195.8341329228133,0.6959543867825924,0.4862056218011927,6.0510710395740045e-05,0.4169928999323931,39.166826584562656,14363416.827910315,1.227258486673236,0.2275907135829636,0.2505483060846361,0.4406044976952821,4.990887770429254,41.33582943677902,0.1969018516277381,77.0,0.6012683149350095,0.7650481998280309,0.1021527368575334,1.0,0.0,55.7595202960074,86584.0,0.8704671036149925,5.0,min_freq_conf,['None'],"['nap', 'rtp']",0.8,21.0,1.0,PROB_LEN_DIST,1.0,,1.0,259622638979622280832216508785624218414_eps1_s0,,1e-10,2.596226389796223e+38,42.0,5.0,BPI2012_WC,1.2
39.96625832282007,0.9521914559475496,0.7553712515533793,0.0046889446572447,0.5866949214346302,7.993251664564013,14363282.420486018,1.2421318832784891,0.8015792422166215,0.5070033480531192,0.6557994251529555,11.509223483502865,4.500797394663096,0.8870030379078061,53.0,0.8963418105689347,0.9743968905831027,0.0976364631205797,1.0,0.0,9.109975161030889,8040.0,0.9911051377764244,21.0,min_freq_conf,['None'],"['nap', 'rtp']",0.8,21.0,1.0,PROB_LEN_DIST,1.0,,1.0,157195738081261261091291273926082720527_eps5_s0,,0.0001,1.5719573808126126e+38,42.0,5.0,Nasa,1.2
39.96625832282007,0.9537122994242224,0.7662634799733159,0.005581089954038,0.6070139690257748,7.993251664564013,14363256.90326704,1.2421318832784891,0.8006175425752606,0.4808758525834336,0.6733440336626543,12.80599974654615,4.50978535041213,0.8875246224556795,53.0,0.8996205406286452,0.9752753401016676,0.095466423779726,1.0,0.0,10.725752675905824,7933.0,0.9915279680629066,21.0,min_freq_conf,['None'],"['nap', 'rtp']",0.8,21.0,1.0,PROB_LEN_DIST,1.0,,1.0,157195738081261261091291273926082720527_eps5_s0,,0.0001,1.5719573808126126e+38,42.0,5.0,Nasa,1.2
195.8341329228133,0.6873241105135751,0.4860633400583445,0.0,0.4133972674693649,39.166826584562656,14363314.345370252,1.227258486673236,0.2473079472702596,0.2487678532231565,0.4400384593163523,4.596429500728846,41.90101988427341,0.1892602328201277,77.0,0.5962774592749819,0.7593908334767178,0.094841793179512,1.0,0.0,55.45146607980132,88327.0,0.8682438303018574,5.0,min_freq_conf,['None'],"['nap', 'rtp']",0.8,21.0,1.0,PROB_LEN_DIST,1.0,,1.0,259622638979622280832216508785624218414_eps1_s0,,1e-10,2.596226389796223e+38,42.0,5.0,BPI2012_WC,1.2
39.96625832282007,0.9512352984518216,0.7545026077727689,0.0049809935771398,0.5881602562992828,7.993251664564013,14363228.468476502,1.2421318832784891,0.7985176214609006,0.5025387642985506,0.6573021412948342,11.589672105386851,4.571682695299387,0.88740332940097,53.0,0.894558627327593,0.9738386045523292,0.1000829748809337,1.0,0.0,9.053474951535463,7862.0,0.9909099245377836,21.0,min_freq_conf,['None'],"['nap', 'rtp']",0.8,21.0,1.0,PROB_LEN_DIST,1.0,,1.0,157195738081261261091291273926082720527_eps5_s0,,0.0001,1.5719573808126126e+38,42.0,5.0,Nasa,1.2
39.96625832282007,0.9506732449109904,0.749691056271579,0.0054340794410661,0.5781656970563389,7.993251664564013,14363202.840963122,1.2421318832784891,0.7887870775829886,0.4936172399515392,0.6487401316250624,11.8345829769969,4.655872093513608,0.8830379091732437,51.0,0.8933047270866411,0.9735720335548764,0.0952873863279819,1.0,0.0,9.27671180292964,7865.0,0.9907931199563664,21.0,min_freq_conf,['None'],"['nap', 'rtp']",0.8,21.0,1.0,PROB_LEN_DIST,1.0,,1.0,157195738081261261091291273926082720527_eps5_s0,,0.0001,1.5719573808126126e+38,42.0,5.0,Nasa,1.2
39.96625832282007,0.9537242477456952,0.7669300350208256,0.0050277851283408,0.6022251246831843,7.993251664564013,14363176.678625217,1.2421318832784891,0.7947856755855686,0.4821111370440163,0.6714346952863207,12.17852146178484,4.586096229031682,0.8862794390050278,53.0,0.8998461790143484,0.975262154006772,0.0939725544303655,1.0,0.0,10.01264176145196,7758.0,0.9914812690461332,21.0,min_freq_conf,['None'],"['nap', 'rtp']",0.8,21.0,1.0,PROB_LEN_DIST,1.0,,1.0,157195738081261261091291273926082720527_eps5_s0,,0.0001,1.5719573808126126e+38,42.0,5.0,Nasa,1.2
39.96625832282007,0.95440058259351,0.7684760264461649,0.0046889446572447,0.6032848521032935,7.993251664564013,14363149.505550744,1.2421318832784891,0.7966819641287097,0.5033736825295863,0.6723767498583091,12.662231551483274,4.259021639823914,0.8872011623299432,53.0,0.9013562549546088,0.9754504704661946,0.0944433361291885,1.0,0.0,10.984438119456172,8040.0,0.9911737410140282,17.0,min_freq_conf,['None'],"['nap', 'rtp']",0.8,21.0,1.0,PROB_LEN_DIST,1.0,,1.0,157195738081261261091291273926082720527_eps4_s0,,0.0001,1.5719573808126126e+38,42.0,5.0,Nasa,1.2
195.8341329228133,0.6887087040156187,0.4847328311640196,0.0,0.4167802859327447,39.166826584562656,14363211.994569754,1.227258486673236,0.219703968499067,0.2481848664665752,0.4401565031805088,4.976756485179067,41.72088430821896,0.1897823795647591,77.0,0.5962330640465181,0.7607873242008776,0.097573971375823,1.0,0.0,55.097301580011845,87953.0,0.8683541254965923,5.0,min_freq_conf,['None'],"['nap', 'rtp']",0.8,21.0,1.0,PROB_LEN_DIST,1.0,,1.0,259622638979622280832216508785624218414_eps1_s0,,1e-10,2.596226389796223e+38,42.0,5.0,BPI2012_WC,1.2
39.96625832282007,0.9563657195869902,0.7829075450419438,0.005581089954038,0.6348415086665886,7.993251664564013,14363121.205738576,1.2421318832784891,0.7976945581349979,0.4746015326237043,0.6973303504879363,13.643662558868527,4.1511843316257,0.8898883782009193,53.0,0.9055523954778286,0.9766450478737962,0.0950139332562685,1.0,0.0,13.21244878321886,7933.0,0.9916203364335776,17.0,min_freq_conf,['None'],"['nap', 'rtp']",0.8,21.0,1.0,PROB_LEN_DIST,1.0,,1.0,157195738081261261091291273926082720527_eps4_s0,,0.0001,1.5719573808126126e+38,42.0,5.0,Nasa,1.2
39.96625832282007,0.9534443732749156,0.768185558180468,0.0049809935771398,0.6051420201308323,7.993251664564013,14363089.776938668,1.2421318832784891,0.7987363891718653,0.4959583037645566,0.6745780299293836,12.633691007271407,4.330625152215362,0.8884519596277363,53.0,0.8998258631587508,0.9748143893128643,0.0939358957111835,1.0,0.0,11.232508849352598,7862.0,0.990875893030791,17.0,min_freq_conf,['None'],"['nap', 'rtp']",0.8,21.0,1.0,PROB_LEN_DIST,1.0,,1.0,157195738081261261091291273926082720527_eps4_s0,,0.0001,1.5719573808126126e+38,42.0,5.0,Nasa,1.2
39.96625832282007,0.9534971377770723,0.7647977226505699,0.0054340794410661,0.5972662205592864,7.993251664564013,14363061.18383742,1.2421318832784891,0.7902072634315402,0.4929821042425935,0.6678426179211401,12.787209514528511,4.290605001151562,0.8847198861430974,51.0,0.8994568682352878,0.9749259591996682,0.0971373096108436,1.0,0.0,11.115502275526524,7865.0,0.9908968434898692,17.0,min_freq_conf,['None'],"['nap', 'rtp']",0.8,21.0,1.0,PROB_LEN_DIST,1.0,,1.0,157195738081261261091291273926082720527_eps4_s0,,0.0001,1.5719573808126126e+38,42.0,5.0,Nasa,1.2
195.8341329228133,0.6888824454709344,0.4732600671527155,0.0,0.3967046389093802,39.166826584562656,14363109.808360798,1.227258486673236,0.2341733809281941,0.2403579196366127,0.423189100424808,5.044299116358161,43.61177665553987,0.1876706757306374,77.0,0.5930908591374873,0.7620375024085123,0.1010616272687912,1.0,0.0,58.047370843589306,86381.0,0.8699563214401977,5.0,min_freq_conf,['None'],"['nap', 'rtp']",0.8,21.0,1.0,PROB_LEN_DIST,1.0,,1.0,259622638979622280832216508785624218414_eps1_s0,,1e-10,2.596226389796223e+38,42.0,5.0,BPI2012_WC,1.2
39.96625832282007,0.9570407252926528,0.7852298823123203,0.0050277851283408,0.6302243688602429,7.993251664564013,14363032.596580273,1.2421318832784891,0.79625499813987,0.4731199684380054,0.6965413752096796,13.202875846996903,4.391299527138472,0.8887271765017201,53.0,0.9068969684357456,0.9769488629536516,0.0957126002758741,1.0,0.0,12.326770463958384,7758.0,0.9917590094298824,17.0,min_freq_conf,['None'],"['nap', 'rtp']",0.8,21.0,1.0,PROB_LEN_DIST,1.0,,1.0,157195738081261261091291273926082720527_eps4_s0,,0.0001,1.5719573808126126e+38,42.0,5.0,Nasa,1.2
39.96625832282007,0.9555871344913204,0.769356502310477,0.0046889446572447,0.5904460742878004,7.993251664564013,14363002.2793778,1.2421318832784891,0.7944466889575387,0.4910122141104629,0.6687143854885516,12.192557413131,3.787230812013149,0.8862105402192577,53.0,0.9031997301418804,0.9760987046925748,0.0955927483737468,1.0,0.0,13.67710506916046,8040.0,0.9914135828901072,11.0,min_freq_conf,['None'],"['nap', 'rtp']",0.8,21.0,1.0,PROB_LEN_DIST,1.0,,1.0,157195738081261261091291273926082720527_eps3_s0,,0.0001,1.5719573808126126e+38,42.0,5.0,Nasa,1.2
39.96625832282007,0.9576618439379828,0.784907510463114,0.005581089954038,0.6218506810135003,7.993251664564013,14362972.236146083,1.2421318832784891,0.7945647089715798,0.4681560167223348,0.6946140420314734,13.355802992358804,3.850495221093297,0.8871963230466186,53.0,0.9077118925651004,0.9771795593222324,0.0933803170919418,1.0,0.0,15.84807439148426,7933.0,0.9917124028508496,11.0,min_freq_conf,['None'],"['nap', 'rtp']",0.8,21.0,1.0,PROB_LEN_DIST,1.0,,1.0,157195738081261261091291273926082720527_eps3_s0,,0.0001,1.5719573808126126e+38,42.0,5.0,Nasa,1.2
39.96625832282007,0.953878486801268,0.7678955129385554,0.0049809935771398,0.5921764239047472,7.993251664564013,14362938.787459334,1.2421318832784891,0.79426046434197,0.4896180199597482,0.6696681382451297,12.478746555745602,3.876562414690852,0.88740332940097,53.0,0.9002505282934016,0.975088063537355,0.0967772882431745,1.0,0.0,13.46153457649052,7862.0,0.9909831725168956,11.0,min_freq_conf,['None'],"['nap', 'rtp']",0.8,21.0,1.0,PROB_LEN_DIST,1.0,,1.0,157195738081261261091291273926082720527_eps3_s0,,0.0001,1.5719573808126126e+38,42.0,5.0,Nasa,1.2
195.8341329228133,0.6999095209747852,0.4984825864203492,0.0,0.4270750688396976,39.166826584562656,14363002.701543128,1.227258486673236,0.2369662448989611,0.2382588352163733,0.4522853999406311,5.381919715553522,42.24851548857987,0.1891292290626733,75.0,0.6096694346717209,0.7692465835389317,0.1000577304512262,1.0,0.0,58.57439178414643,87204.0,0.8736994456221303,5.0,min_freq_conf,['None'],"['nap', 'rtp']",0.8,21.0,1.0,PROB_LEN_DIST,1.0,,1.0,259622638979622280832216508785624218414_eps1_s0,,1e-10,2.596226389796223e+38,42.0,5.0,BPI2012_WC,1.2
39.96625832282007,0.9555577311989538,0.7732558306166423,0.0054340794410661,0.5976741088318562,7.993251664564013,14362908.572254747,1.2421318832784891,0.784617609754423,0.4886309809540624,0.6751661294782637,12.948895014822485,3.968288067728281,0.8830379091732437,51.0,0.9036850574882812,0.976122775732014,0.0959176272153854,1.0,0.0,14.235502423718572,7865.0,0.9913714377627492,11.0,min_freq_conf,['None'],"['nap', 'rtp']",0.8,21.0,1.0,PROB_LEN_DIST,1.0,,1.0,157195738081261261091291273926082720527_eps3_s0,,0.0001,1.5719573808126126e+38,42.0,5.0,Nasa,1.2
39.96625832282007,0.9572898396011496,0.7821866788078063,0.0050277851283408,0.6183365487481419,7.993251664564013,14362877.020059977,1.2421318832784891,0.7904293290882884,0.4665304005564413,0.6898677128501978,12.817754799500108,3.811682052910328,0.887933315691982,53.0,0.9067172518770524,0.9770535710129368,0.0938380509614944,1.0,0.0,15.821133280172944,7758.0,0.99173186680336,11.0,min_freq_conf,['None'],"['nap', 'rtp']",0.8,21.0,1.0,PROB_LEN_DIST,1.0,,1.0,157195738081261261091291273926082720527_eps3_s0,,0.0001,1.5719573808126126e+38,42.0,5.0,Nasa,1.2
39.96625832282007,0.9479102391405172,0.7252768074028411,0.0046889446572447,0.5439529605105045,7.993251664564013,14362844.17339323,1.2421318832784891,0.7893111999502468,0.494874029079799,0.6106328399584076,9.334479669108989,3.719301970675588,0.8780213974375908,53.0,0.8859466091032152,0.9717331703385516,0.0922038219869136,1.0,0.0,17.305184938013554,8040.0,0.9898052616070536,7.0,min_freq_conf,['None'],"['nap', 'rtp']",0.8,21.0,1.0,PROB_LEN_DIST,1.0,,1.0,157195738081261261091291273926082720527_eps2_s0,,0.0001,1.5719573808126126e+38,42.0,5.0,Nasa,1.2
39.96625832282007,0.9490425569276716,0.7293853388050655,0.005581089954038,0.5474044830883471,7.993251664564013,14362813.418863015,1.2421318832784891,0.7907275342170668,0.4924005819635778,0.6146389921538024,9.657481532543898,3.52777043543756,0.880564674983585,53.0,0.8880279599341685,0.9725319352891356,0.0925038047134876,1.0,0.0,17.613127095624804,7933.0,0.9902006512628484,7.0,min_freq_conf,['None'],"['nap', 'rtp']",0.8,21.0,1.0,PROB_LEN_DIST,1.0,,1.0,157195738081261261091291273926082720527_eps2_s0,,0.0001,1.5719573808126126e+38,42.0,5.0,Nasa,1.2
39.96625832282007,0.9457127985502134,0.7225483742488064,0.0049809935771398,0.5432136381740136,7.993251664564013,14362782.238083424,1.2421318832784891,0.7870955993699651,0.4959602247329903,0.6107040270612162,9.268417488783598,3.569159720093012,0.8765237907982698,53.0,0.8818957835878104,0.970398866204254,0.0939101353287696,1.0,0.0,17.161165287718177,7862.0,0.9892669614116116,7.0,min_freq_conf,['None'],"['nap', 'rtp']",0.8,21.0,1.0,PROB_LEN_DIST,1.0,,1.0,157195738081261261091291273926082720527_eps2_s0,,0.0001,1.5719573808126126e+38,42.0,5.0,Nasa,1.2
39.96625832282007,0.9476263412739327,0.7250136318669996,0.0054340794410661,0.5411873931189598,7.993251664564013,14362751.855430331,1.2421318832784891,0.7796797116300717,0.4890961703839465,0.6090520939307296,9.79285235889256,3.671677967533469,0.8747574071678096,51.0,0.88569244177397,0.9716071870067404,0.0965898297727108,1.0,0.0,17.58437079936266,7865.0,0.9897604827823648,7.0,min_freq_conf,['None'],"['nap', 'rtp']",0.8,21.0,1.0,PROB_LEN_DIST,1.0,,1.0,157195738081261261091291273926082720527_eps2_s0,,0.0001,1.5719573808126126e+38,42.0,5.0,Nasa,1.2
39.96625832282007,0.947908313148512,0.7253182882994914,0.0050277851283408,0.5412935690066627,7.993251664564013,14362720.41156026,1.2421318832784891,0.782781333332686,0.4916633708618017,0.6087374351987558,9.369577266275884,3.626363119110465,0.8774146599629532,53.0,0.8859972092781118,0.971807795287961,0.0990832913666963,1.0,0.0,17.30311157554388,7758.0,0.989819622952154,7.0,min_freq_conf,['None'],"['nap', 'rtp']",0.8,21.0,1.0,PROB_LEN_DIST,1.0,,1.0,157195738081261261091291273926082720527_eps2_s0,,0.0001,1.5719573808126126e+38,42.0,5.0,Nasa,1.2
39.96625832282007,0.9458095148535628,0.7205584947556632,0.0046889446572447,0.5377280530335832,7.993251664564013,14362689.727531765,1.2421318832784891,0.7828731793196784,0.4845566118151433,0.6061864261293186,9.249574288725851,3.4494301844388247,0.8786818121780479,53.0,0.8814041057555473,0.971160741042342,0.0946876537054777,1.0,0.0,23.367028772830963,8040.0,0.989657872524838,5.0,min_freq_conf,['None'],"['nap', 'rtp']",0.8,21.0,1.0,PROB_LEN_DIST,1.0,,1.0,157195738081261261091291273926082720527_eps1_s0,,0.0001,1.5719573808126126e+38,42.0,5.0,Nasa,1.2
39.96625832282007,0.9476607315295236,0.7273940528888133,0.005581089954038,0.5378484447067347,7.993251664564013,14362653.273412,1.2421318832784891,0.7839645432562823,0.4784839301192344,0.609662046286626,9.646245080977678,3.5327189061790705,0.8806959947472095,53.0,0.8851866133226082,0.9722805277140236,0.0962598863989114,1.0,0.0,24.597509628161788,7933.0,0.9900499366146192,5.0,min_freq_conf,['None'],"['nap', 'rtp']",0.8,21.0,1.0,PROB_LEN_DIST,1.0,,1.0,157195738081261261091291273926082720527_eps1_s0,,0.0001,1.5719573808126126e+38,42.0,5.0,Nasa,1.2
39.96625832282007,0.9442132728290424,0.7168978463947512,0.0049809935771398,0.5373057152339288,7.993251664564013,14362615.110243056,1.2421318832784891,0.7884582729064572,0.4893632405494963,0.6057150931648582,9.184727244079111,3.537796873599291,0.8803906147594704,53.0,0.8785122168688935,0.9702874955539404,0.0944515205919742,1.0,0.0,23.037884516641498,7862.0,0.9893800118234208,5.0,min_freq_conf,['None'],"['nap', 'rtp']",0.8,21.0,1.0,PROB_LEN_DIST,1.0,,1.0,157195738081261261091291273926082720527_eps1_s0,,0.0001,1.5719573808126126e+38,42.0,5.0,Nasa,1.2
39.96625832282007,0.9443933474734866,0.7170149946446952,0.0054340794410661,0.53174423335279,7.993251664564013,14362578.953401737,1.2421318832784891,0.7805756721874306,0.478804181425866,0.6013948001089164,9.396017618477345,3.5731053724884987,0.8758571613404063,51.0,0.8791637959890227,0.9703001776558238,0.0917246118187904,1.0,0.0,23.92884586006403,7865.0,0.9892924643691854,5.0,min_freq_conf,['None'],"['nap', 'rtp']",0.8,21.0,1.0,PROB_LEN_DIST,1.0,,1.0,157195738081261261091291273926082720527_eps1_s0,,0.0001,1.5719573808126126e+38,42.0,5.0,Nasa,1.2
39.96625832282007,0.9455664280394536,0.7211651983284677,0.0050277851283408,0.5400654549856648,7.993251664564013,14362541.672562571,1.2421318832784891,0.7839511626372079,0.4866464870020156,0.6087088931273229,9.176879722625015,3.552743488922715,0.8792008467848638,53.0,0.8810085795448037,0.9710689883551152,0.0944691840559244,1.0,0.0,23.253249056637287,7758.0,0.989618470085709,5.0,min_freq_conf,['None'],"['nap', 'rtp']",0.8,21.0,1.0,PROB_LEN_DIST,1.0,,1.0,157195738081261261091291273926082720527_eps1_s0,,0.0001,1.5719573808126126e+38,42.0,5.0,Nasa,1.2
39.96625832282007,0.9348777039748996,0.704195568800488,0.0046889446572447,0.5233714975516423,7.993251664564013,14362505.27220308,1.2421318832784891,0.7630549208431279,0.4696683747880456,0.5907015023415771,9.293161150068045,3.4338289350271225,0.861643111874257,53.0,0.86749994511979,0.9625618847546624,0.0940657258033752,1.0,0.0,36.09789241105318,8040.0,0.9849812368252304,3.0,min_freq_conf,['None'],"['nap', 'rtp']",0.8,21.0,1.0,PROB_LEN_DIST,1.0,,1.0,157195738081261261091291273926082720527_eps0_s0,,0.0001,1.5719573808126126e+38,42.0,5.0,Nasa,1.2
39.96625832282007,0.9386324081109704,0.7139460002919804,0.005581089954038,0.5317495512879233,7.993251664564013,14362456.048709905,1.2421318832784891,0.7674718110808154,0.4718387171736699,0.5986483023591476,9.445855194702744,3.4602506663650274,0.866973079448457,53.0,0.873840815295685,0.9651296578437656,0.0953673236072063,1.0,0.0,37.70505913347006,7933.0,0.9861619142840116,3.0,min_freq_conf,['None'],"['nap', 'rtp']",0.8,21.0,1.0,PROB_LEN_DIST,1.0,,1.0,157195738081261261091291273926082720527_eps0_s0,,0.0001,1.5719573808126126e+38,42.0,5.0,Nasa,1.2
39.96625832282007,0.9358280767611196,0.705808173351512,0.0049809935771398,0.5271813365602078,7.993251664564013,14362405.036826344,1.2421318832784891,0.7721838698087418,0.4756406411674438,0.5948725452348382,9.116116650402546,3.444527728483081,0.8647267007471491,53.0,0.8682838405498686,0.963529195065852,0.094466283917427,1.0,0.0,35.703092362731695,7862.0,0.9856096974829854,3.0,min_freq_conf,['None'],"['nap', 'rtp']",0.8,21.0,1.0,PROB_LEN_DIST,1.0,,1.0,157195738081261261091291273926082720527_eps0_s0,,0.0001,1.5719573808126126e+38,42.0,5.0,Nasa,1.2
39.96625832282007,0.9358036889264596,0.7065731947670052,0.0054340794410661,0.5227026601731893,7.993251664564013,14362356.381954944,1.2421318832784891,0.7645313014522587,0.4661443011294468,0.5914840230835513,9.387347863987088,3.479619788005948,0.8616897399404839,51.0,0.8689419633839011,0.963319376675793,0.0948285814374685,1.0,0.0,37.67227902449668,7865.0,0.9854241219133386,3.0,min_freq_conf,['None'],"['nap', 'rtp']",0.8,21.0,1.0,PROB_LEN_DIST,1.0,,1.0,157195738081261261091291273926082720527_eps0_s0,,0.0001,1.5719573808126126e+38,42.0,5.0,Nasa,1.2
39.96625832282007,0.9358974651857768,0.707236674126478,0.0050277851283408,0.526507462718808,7.993251664564013,14362305.453328162,1.2421318832784891,0.7663444200379356,0.4722169823015812,0.5940021162762188,9.224465638399124,3.3962729647755623,0.8643159566022758,53.0,0.8688538120248495,0.9633979897765776,0.0982765462249517,1.0,0.0,36.61573376320303,7758.0,0.9854607078755636,3.0,min_freq_conf,['None'],"['nap', 'rtp']",0.8,21.0,1.0,PROB_LEN_DIST,1.0,,1.0,157195738081261261091291273926082720527_eps0_s0,,0.0001,1.5719573808126126e+38,42.0,5.0,Nasa,1.2
258.33066951856017,0.953682745541736,0.7547075298173611,6.60414740457007e-05,0.5765716213267279,51.66613390371204,14362054.36567844,1.320994172245264,0.8161186949514058,0.4898870852282859,0.6514747310160923,12.210994310677052,32.45082660578191,0.8884559503368116,53.0,0.8983573375466645,0.975345137796956,0.0998071115463972,1.0,0.0,73.70256140083075,122922.0,0.9916410327280086,21.0,min_freq_conf,['None'],"['nap', 'rtp']",0.8,21.0,1.0,PROB_LEN_DIST,1.0,,1.0,165847117905600722245547185975085723347_eps5_s0,,1e-07,1.6584711790560073e+38,42.0,5.0,Nasa,1.2
258.33066951856017,0.9517680247449246,0.750591055285022,0.0007222586999343,0.5735777377605881,51.66613390371204,14361935.595469387,1.320994172245264,0.8167033515747905,0.4889292567279462,0.648209891700553,12.066071392968295,32.85593903623521,0.8883782009192384,53.0,0.8945499355288508,0.9743419002031196,0.0973461009562015,1.0,0.0,73.56869658827782,121744.0,0.991287613560182,21.0,min_freq_conf,['None'],"['nap', 'rtp']",0.8,21.0,1.0,PROB_LEN_DIST,1.0,,1.0,165847117905600722245547185975085723347_eps5_s0,,1e-07,1.6584711790560073e+38,42.0,5.0,Nasa,1.2
108.2495444174856,0.985996855178922,0.9490844106804917,0.000113282356273,0.8966860744975068,21.64990888349712,14367415.486154985,2.4717628601938486,0.652234427775553,0.0954268364351096,0.9231683926621348,133.52050767093897,27.72278463840485,0.8310393656188049,159.0,0.9753031090476294,0.9909754657451564,0.121909812092781,1.0,0.0,5560.002064142376,49668.0,0.99672529592837,3.0,min_freq_conf,['None'],"['nap', 'rtp']",0.8,21.0,1.0,PROB_LEN_DIST,1.0,,1.0,210552822244408690081678733044714913885_eps0_s0,,1e-10,2.1055282224440867e+38,42.0,5.0,BPI2012_W,1.2
258.33066951856017,0.9532319418709674,0.7563785178685797,0.0,0.5811806478431146,51.66613390371204,14361816.667757768,1.320994172245264,0.8142992207561575,0.475784379468059,0.6560767045219874,12.912041001021862,33.177389450371265,0.8901559837462315,53.0,0.8974065636543511,0.9752242242851322,0.0941105205565691,1.0,0.0,79.79631490632892,122698.0,0.9915895420607076,21.0,min_freq_conf,['None'],"['nap', 'rtp']",0.8,21.0,1.0,PROB_LEN_DIST,1.0,,1.0,165847117905600722245547185975085723347_eps5_s0,,1e-07,1.6584711790560073e+38,42.0,5.0,Nasa,1.2
258.33066951856017,0.951843736818658,0.7463370983499045,6.469142191745374e-05,0.5678916314682219,51.66613390371204,14361690.38332764,1.320994172245264,0.8104392463300527,0.4852559285151418,0.6436110475857993,12.413737032562494,33.18206703849137,0.8879544572389702,51.0,0.8939891419055653,0.9745249364731424,0.0943244528025388,1.0,0.0,75.34208600595593,122095.0,0.991398786516904,21.0,min_freq_conf,['None'],"['nap', 'rtp']",0.8,21.0,1.0,PROB_LEN_DIST,1.0,,1.0,165847117905600722245547185975085723347_eps5_s0,,1e-07,1.6584711790560073e+38,42.0,5.0,Nasa,1.2
258.33066951856017,0.952023097928702,0.7485466484586544,0.0003307753373908,0.5715215612324097,51.66613390371204,14361569.05774456,1.320994172245264,0.8125629164936204,0.4840005360757788,0.6455816839213114,12.163521004840732,32.54152872227132,0.8864117491399841,53.0,0.8943699517217456,0.974631516864704,0.0995971169322729,1.0,0.0,73.74410430714488,121592.0,0.991427188506806,21.0,min_freq_conf,['None'],"['nap', 'rtp']",0.8,21.0,1.0,PROB_LEN_DIST,1.0,,1.0,165847117905600722245547185975085723347_eps5_s0,,1e-07,1.6584711790560073e+38,42.0,5.0,Nasa,1.2
258.33066951856017,0.9550140833579444,0.7562499931792801,6.60414740457007e-05,0.5792827625926443,51.66613390371204,14361450.210322564,1.320994172245264,0.8083053210608476,0.4755158843057249,0.6555340019945379,12.528291383758187,24.20561933517456,0.8879936600184916,53.0,0.8992151549993294,0.9760832982183636,0.0972648654133081,1.0,0.0,73.84733051992953,122922.0,0.99198955700312,17.0,min_freq_conf,['None'],"['nap', 'rtp']",0.8,21.0,1.0,PROB_LEN_DIST,1.0,,1.0,165847117905600722245547185975085723347_eps4_s0,,1e-07,1.6584711790560073e+38,42.0,5.0,Nasa,1.2
258.33066951856017,0.9532913423519452,0.7597811762896727,0.0007222586999343,0.5877524250301571,51.66613390371204,14361339.232426371,1.320994172245264,0.8149165376960968,0.4928926473341822,0.6612539025252626,12.456736128777266,24.31056788749993,0.8903479973736047,53.0,0.8982161527648246,0.975174874868981,0.0934071745723486,1.0,0.0,78.46764813549817,121744.0,0.9916500107310048,17.0,min_freq_conf,['None'],"['nap', 'rtp']",0.8,21.0,1.0,PROB_LEN_DIST,1.0,,1.0,165847117905600722245547185975085723347_eps4_s0,,1e-07,1.6584711790560073e+38,42.0,5.0,Nasa,1.2
258.33066951856017,0.9546315352826836,0.7563157525351064,0.0,0.5779338569463248,51.66613390371204,14361223.562147427,1.320994172245264,0.8128226212240292,0.4649154241865984,0.6548325288452496,12.7831440102309,24.19740997068584,0.8903526019137502,53.0,0.8983394770981528,0.9758920259797412,0.0966109372675418,1.0,0.0,78.40876746922731,122698.0,0.9918964881703533,17.0,min_freq_conf,['None'],"['nap', 'rtp']",0.8,21.0,1.0,PROB_LEN_DIST,1.0,,1.0,165847117905600722245547185975085723347_eps4_s0,,1e-07,1.6584711790560073e+38,42.0,5.0,Nasa,1.2
258.33066951856017,0.9541010083459142,0.7507379648551169,6.469142191745374e-05,0.5714908592020053,51.66613390371204,14361107.77159026,1.320994172245264,0.8101833676613268,0.4822764285978109,0.647949740168761,12.683799656108022,24.90084664523601,0.8888601371458145,51.0,0.8972908031597586,0.975728669925684,0.0912786591798067,1.0,0.0,73.07174726761878,122095.0,0.991894080159768,17.0,min_freq_conf,['None'],"['nap', 'rtp']",0.8,21.0,1.0,PROB_LEN_DIST,1.0,,1.0,165847117905600722245547185975085723347_eps4_s0,,1e-07,1.6584711790560073e+38,42.0,5.0,Nasa,1.2
258.33066951856017,0.953136113113509,0.7503979812406245,0.0003307753373908,0.5737939178145361,51.66613390371204,14360996.723018223,1.320994172245264,0.8123884401852784,0.4764343984808973,0.64877302546077,12.276452656835318,24.035383347421885,0.887933315691982,53.0,0.895616842957048,0.975223795334986,0.091980455443263,1.0,0.0,72.03984562307596,121592.0,0.9916836909660444,17.0,min_freq_conf,['None'],"['nap', 'rtp']",0.8,21.0,1.0,PROB_LEN_DIST,1.0,,1.0,165847117905600722245547185975085723347_eps4_s0,,1e-07,1.6584711790560073e+38,42.0,5.0,Nasa,1.2
258.33066951856017,0.9526094714793386,0.7651556083395337,6.60414740457007e-05,0.597883753248596,51.66613390371204,14360887.968065148,1.320994172245264,0.7963748854334057,0.4730805647273143,0.6718813616454881,13.159561978653072,20.47565252520144,0.8535860520406815,53.0,0.8979060618416792,0.9743620083233366,0.0930774975568056,1.0,0.0,101.15350404940546,122922.0,0.9909763768197102,11.0,min_freq_conf,['None'],"['nap', 'rtp']",0.8,21.0,1.0,PROB_LEN_DIST,1.0,,1.0,165847117905600722245547185975085723347_eps3_s0,,1e-07,1.6584711790560073e+38,42.0,5.0,Nasa,1.2
258.33066951856017,0.953363189383173,0.769241272856138,0.0007222586999343,0.6067532629238724,51.66613390371204,14360752.746597236,1.320994172245264,0.8101776174928111,0.4709515242816435,0.6789429459561034,13.39065213687718,20.729366473853588,0.888575180564675,53.0,0.8991146337595142,0.9751264408242664,0.0953852850943803,1.0,0.0,115.0665931161493,121744.0,0.9913623682437328,11.0,min_freq_conf,['None'],"['nap', 'rtp']",0.8,21.0,1.0,PROB_LEN_DIST,1.0,,1.0,165847117905600722245547185975085723347_eps3_s0,,1e-07,1.6584711790560073e+38,42.0,5.0,Nasa,1.2
258.33066951856017,0.954103447710298,0.7787135054425999,0.0,0.6241980880521502,51.66613390371204,14360603.158415912,1.320994172245264,0.7960944830297069,0.4564231202455024,0.6943098929944792,14.39454391039908,20.895456491038203,0.8547647135928693,53.0,0.9015998599111884,0.9750437183608832,0.0978562012314796,1.0,0.0,108.31323270127176,122698.0,0.9911624089132576,11.0,min_freq_conf,['None'],"['nap', 'rtp']",0.8,21.0,1.0,PROB_LEN_DIST,1.0,,1.0,165847117905600722245547185975085723347_eps3_s0,,1e-07,1.6584711790560073e+38,42.0,5.0,Nasa,1.2
258.33066951856017,0.9522642557773586,0.7636806938445543,6.469142191745374e-05,0.592608562768335,51.66613390371204,14360459.133792588,1.320994172245264,0.7956333985543229,0.4645587293966162,0.6690393956714753,13.62305824831128,21.748223507776856,0.8558028205459955,51.0,0.8973574781449566,0.9741385735310416,0.0968063622713089,1.0,0.0,105.5972958393395,122095.0,0.9906983586853252,11.0,min_freq_conf,['None'],"['nap', 'rtp']",0.8,21.0,1.0,PROB_LEN_DIST,1.0,,1.0,165847117905600722245547185975085723347_eps3_s0,,1e-07,1.6584711790560073e+38,42.0,5.0,Nasa,1.2
195.8341329228133,0.9773340425020696,0.905582007979528,6.0510710395740045e-05,0.7880889560276171,39.166826584562656,14362896.085405117,1.227258486673236,0.5064615424590934,0.0539402059510472,0.8476276767208358,18.283636707812548,40.96807845123112,0.6628343216749365,77.0,0.9588316655407504,0.9855961944978944,0.1048082616180181,1.0,0.0,2526.883420404047,86584.0,0.9929819464929448,3.0,min_freq_conf,['None'],"['nap', 'rtp']",0.8,21.0,1.0,PROB_LEN_DIST,1.0,,1.0,259622638979622280832216508785624218414_eps0_s0,,1e-10,2.596226389796223e+38,42.0,5.0,BPI2012_WC,1.2
258.33066951856017,0.9502900423531692,0.7565113975932993,0.0003307753373908,0.58792854663152,51.66613390371204,14360317.758889755,1.320994172245264,0.7972661268591791,0.4703885930555854,0.6610931915491108,13.058472238481045,20.5478757340461,0.8560465731675047,53.0,0.8932113703482452,0.9731717213479606,0.1008495073765516,1.0,0.0,100.1791926920414,121592.0,0.9904799841976673,11.0,min_freq_conf,['None'],"['nap', 'rtp']",0.8,21.0,1.0,PROB_LEN_DIST,1.0,,1.0,165847117905600722245547185975085723347_eps3_s0,,1e-07,1.6584711790560073e+38,42.0,5.0,Nasa,1.2
258.33066951856017,0.9459753449705164,0.7242411935175564,6.60414740457007e-05,0.5353487141452129,51.66613390371204,14360183.567636846,1.320994172245264,0.7878804371904508,0.4881612399565053,0.6042934063794787,10.346054082736371,19.309078136458997,0.86804913485669,53.0,0.8849418122929981,0.970008046234108,0.0978609826415777,1.0,0.0,127.2412424068898,122922.0,0.9889469556956828,7.0,min_freq_conf,['None'],"['nap', 'rtp']",0.8,21.0,1.0,PROB_LEN_DIST,1.0,,1.0,165847117905600722245547185975085723347_eps2_s0,,1e-07,1.6584711790560073e+38,42.0,5.0,Nasa,1.2
258.33066951856017,0.9442330172872806,0.7172930242104755,0.0007222586999343,0.5309461926375053,51.66613390371204,14360026.27238841,1.320994172245264,0.7952919381063537,0.4766498334536886,0.5986990642189811,9.823755266144872,19.877693511545655,0.8703873933026921,53.0,0.8811189340638783,0.969304582708404,0.0957287028431892,1.0,0.0,126.96151883900166,121744.0,0.98881023476838,7.0,min_freq_conf,['None'],"['nap', 'rtp']",0.8,21.0,1.0,PROB_LEN_DIST,1.0,,1.0,165847117905600722245547185975085723347_eps2_s0,,1e-07,1.6584711790560073e+38,42.0,5.0,Nasa,1.2
258.33066951856017,0.9457846993289464,0.7238257135331102,0.0,0.5289996612310005,51.66613390371204,14359869.197099969,1.320994172245264,0.7869195581717111,0.4820429207590546,0.5996993548433613,10.057196548208594,19.610450476408005,0.8667584218115088,53.0,0.8844474522217447,0.969924161644936,0.0966018326580524,1.0,0.0,130.97302023135126,122698.0,0.988983212542344,7.0,min_freq_conf,['None'],"['nap', 'rtp']",0.8,21.0,1.0,PROB_LEN_DIST,1.0,,1.0,165847117905600722245547185975085723347_eps2_s0,,1e-07,1.6584711790560073e+38,42.0,5.0,Nasa,1.2
258.33066951856017,0.9453976230841156,0.721209525367779,6.469142191745374e-05,0.5286817318731197,51.66613390371204,14359708.153437331,1.320994172245264,0.783754218314526,0.4751842389603568,0.5986417693248397,10.232172371819615,20.58336680009961,0.8659593737870358,51.0,0.8837105836766685,0.9698472241527304,0.0965575613081455,1.0,0.0,132.2941199541092,122095.0,0.9889593283179184,7.0,min_freq_conf,['None'],"['nap', 'rtp']",0.8,21.0,1.0,PROB_LEN_DIST,1.0,,1.0,165847117905600722245547185975085723347_eps2_s0,,1e-07,1.6584711790560073e+38,42.0,5.0,Nasa,1.2
503.5221854709089,0.9445134984541022,0.901757602734868,6.922810661128418e-05,0.8514661581343032,100.70443709418176,14364833.097271845,1.216058997437358,0.3081702578549377,0.3142716887950388,0.8758253611454518,21.35663535259664,93.47612307220696,0.7043267566632052,126.0,0.9307430877149094,0.9613183637601638,0.1044861152768135,1.0,0.0,5263.695231936872,174689.0,0.9827398671025755,3.0,min_freq_conf,['None'],"['nap', 'rtp']",0.8,21.0,1.0,PROB_LEN_DIST,1.0,,1.0,294097064866296417184695134036072869759_eps0_s0,,1e-10,2.9409706486629643e+38,42.0,5.0,BPI2013_Incidents,1.2
258.33066951856017,0.9445177345747748,0.7172859558587891,0.0003307753373908,0.5286831500770401,51.66613390371204,14359544.633371515,1.320994172245264,0.7860557483175535,0.4784215662755314,0.5970875333292938,9.824799831956623,19.821584653109312,0.8664990738290553,53.0,0.8817133322589289,0.9692526224836788,0.0946603529155254,1.0,0.0,125.1510855127126,121592.0,0.9886869126533272,7.0,min_freq_conf,['None'],"['nap', 'rtp']",0.8,21.0,1.0,PROB_LEN_DIST,1.0,,1.0,165847117905600722245547185975085723347_eps2_s0,,1e-07,1.6584711790560073e+38,42.0,5.0,Nasa,1.2
258.33066951856017,0.9458966123072362,0.7195695956924949,6.60414740457007e-05,0.5352666770929784,51.66613390371204,14359389.43468646,1.320994172245264,0.7894058450582212,0.4871460080337501,0.6037801847808557,9.190004725009205,19.42837457172573,0.8812574296658301,53.0,0.8812111464568168,0.971298485795386,0.0978945270180702,1.0,0.0,171.77092759869993,122922.0,0.9898654380650882,5.0,min_freq_conf,['None'],"['nap', 'rtp']",0.8,21.0,1.0,PROB_LEN_DIST,1.0,,1.0,165847117905600722245547185975085723347_eps1_s0,,1e-07,1.6584711790560073e+38,42.0,5.0,Nasa,1.2
258.33066951856017,0.9480844667881236,0.7276470114466815,0.0007222586999343,0.5355133435183529,51.66613390371204,14359188.644223113,1.320994172245264,0.7914694296003263,0.4810164379912647,0.6076367124414248,9.617735888808966,19.491772323846817,0.8822718319107026,53.0,0.8859049299028541,0.9725747137558444,0.0929271839559078,1.0,0.0,176.5769272837788,121744.0,0.9903017818130668,5.0,min_freq_conf,['None'],"['nap', 'rtp']",0.8,21.0,1.0,PROB_LEN_DIST,1.0,,1.0,165847117905600722245547185975085723347_eps1_s0,,1e-07,1.6584711790560073e+38,42.0,5.0,Nasa,1.2
258.33066951856017,0.9450564729845934,0.7179207176851667,0.0,0.5381097383724742,51.66613390371204,14358982.550499748,1.320994172245264,0.796196740896646,0.4902150078469293,0.606418561580016,9.251135462895036,19.85198330320418,0.8830777297155591,53.0,0.8793365528860292,0.970972337742567,0.1229738276451826,1.0,0.0,171.73505361750722,122698.0,0.9898318177326836,5.0,min_freq_conf,['None'],"['nap', 'rtp']",0.8,21.0,1.0,PROB_LEN_DIST,1.0,,1.0,165847117905600722245547185975085723347_eps1_s0,,1e-07,1.6584711790560073e+38,42.0,5.0,Nasa,1.2
258.33066951856017,0.9453584644461116,0.7180924674118254,6.469142191745374e-05,0.532784392319251,51.66613390371204,14358781.292146672,1.320994172245264,0.7912972443986183,0.4797763384628292,0.6024459052450184,9.523978546261787,21.12854517064989,0.8792858067020313,51.0,0.880235372312266,0.9710404361053596,0.0958842989057302,1.0,0.0,179.88155457004905,122095.0,0.9897427583311728,5.0,min_freq_conf,['None'],"['nap', 'rtp']",0.8,21.0,1.0,PROB_LEN_DIST,1.0,,1.0,165847117905600722245547185975085723347_eps1_s0,,1e-07,1.6584711790560073e+38,42.0,5.0,Nasa,1.2
258.33066951856017,0.9453034198907124,0.7193307639118446,0.0003307753373908,0.5382030124431065,51.66613390371204,14358570.35786132,1.320994172245264,0.7936896726864177,0.4887679562536885,0.6064480882937627,9.158372370526196,19.827663039788604,0.8813839640116433,53.0,0.8802917180537734,0.9710123517733572,0.0978507865220308,1.0,0.0,171.12944078817964,121592.0,0.989731520531648,5.0,min_freq_conf,['None'],"['nap', 'rtp']",0.8,21.0,1.0,PROB_LEN_DIST,1.0,,1.0,165847117905600722245547185975085723347_eps1_s0,,1e-07,1.6584711790560073e+38,42.0,5.0,Nasa,1.2
258.33066951856017,0.936252205012702,0.7067605975877961,6.60414740457007e-05,0.5259657458493229,51.66613390371204,14358369.829364046,1.320994172245264,0.7713079049122734,0.472211784075883,0.5933151443811249,9.235656432807446,18.99956043995917,0.866266015057456,53.0,0.8693906963090784,0.9635377522393044,0.0961579196155071,1.0,0.0,261.65070631727576,122922.0,0.9855284376101808,3.0,min_freq_conf,['None'],"['nap', 'rtp']",0.8,21.0,1.0,PROB_LEN_DIST,1.0,,1.0,165847117905600722245547185975085723347_eps0_s0,,1e-07,1.6584711790560073e+38,42.0,5.0,Nasa,1.2
195.8341329228133,0.9744432829031644,0.8916381726781978,0.0,0.7563047698438952,39.166826584562656,14360309.536179032,1.227258486673236,0.4681016088968675,0.0621863443754636,0.824999541943932,16.29958530701697,40.57085249759257,0.6630992614845412,77.0,0.953056034194946,0.9838723278618844,0.1020602378994226,1.0,0.0,2270.689515005797,88327.0,0.9923287559948092,3.0,min_freq_conf,['None'],"['nap', 'rtp']",0.8,21.0,1.0,PROB_LEN_DIST,1.0,,1.0,259622638979622280832216508785624218414_eps0_s0,,1e-10,2.596226389796223e+38,42.0,5.0,BPI2012_WC,1.2
258.33066951856017,0.9401901854548668,0.7171635551625947,0.0007222586999343,0.5348536162157179,51.66613390371204,14358079.543917423,1.320994172245264,0.7797270127198834,0.4747496892803637,0.6017141607444046,9.533541824668646,18.84273376129568,0.8722915298752463,53.0,0.8761891066745139,0.9661986120186868,0.09392517991364,1.0,0.0,266.053947083652,121744.0,0.9867513093322924,3.0,min_freq_conf,['None'],"['nap', 'rtp']",0.8,21.0,1.0,PROB_LEN_DIST,1.0,,1.0,165847117905600722245547185975085723347_eps0_s0,,1e-07,1.6584711790560073e+38,42.0,5.0,Nasa,1.2
258.33066951856017,0.9373953527556,0.7089790650530589,0.0,0.5300087473450154,51.66613390371204,14357784.71595362,1.320994172245264,0.7806277064586077,0.4782540041690752,0.5977548430192909,9.11386433802545,19.153315976262093,0.8698387731026347,53.0,0.8704430245867669,0.9646110229792024,0.0960698723793029,1.0,0.0,262.20481226593256,122698.0,0.986204220799454,3.0,min_freq_conf,['None'],"['nap', 'rtp']",0.8,21.0,1.0,PROB_LEN_DIST,1.0,,1.0,165847117905600722245547185975085723347_eps0_s0,,1e-07,1.6584711790560073e+38,42.0,5.0,Nasa,1.2
258.33066951856017,0.9372434731685256,0.7095671390092015,6.469142191745374e-05,0.5257218019292044,51.66613390371204,14357493.839129249,1.320994172245264,0.7757452462483658,0.4691305810077832,0.5945368973994895,9.432626573368909,19.66268088668585,0.8670591279596326,51.0,0.870947450978296,0.964341011398757,0.0905851349234581,1.0,0.0,275.0240004844964,122095.0,0.9860088915818402,3.0,min_freq_conf,['None'],"['nap', 'rtp']",0.8,21.0,1.0,PROB_LEN_DIST,1.0,,1.0,165847117905600722245547185975085723347_eps0_s0,,1e-07,1.6584711790560073e+38,42.0,5.0,Nasa,1.2
258.33066951856017,0.9372819962408548,0.7098299790236328,0.0003307753373908,0.5290766157659315,51.66613390371204,14357189.334529432,1.320994172245264,0.7778515816297463,0.4747660525603628,0.5966321739886395,9.079370168969035,19.120991174131632,0.8690129663932257,53.0,0.8707060489061943,0.964364090029857,0.0975111909210681,1.0,0.0,263.5991721432656,121592.0,0.9859962488980066,3.0,min_freq_conf,['None'],"['nap', 'rtp']",0.8,21.0,1.0,PROB_LEN_DIST,1.0,,1.0,165847117905600722245547185975085723347_eps0_s0,,1e-07,1.6584711790560073e+38,42.0,5.0,Nasa,1.2
503.5221854709089,0.9417576687278614,0.8839530850683835,0.0002095996646405,0.8098305322823557,100.70443709418176,14359454.159861848,1.216058997437358,0.3056299147050008,0.323873270713424,0.8459892149317361,14.020662620663645,88.89559369161725,0.7028575420945993,126.0,0.9240747137048884,0.9599994275187324,0.1017058156430721,1.0,0.0,3443.766771631316,174472.0,0.982215979748502,3.0,min_freq_conf,['None'],"['nap', 'rtp']",0.8,21.0,1.0,PROB_LEN_DIST,1.0,,1.0,294097064866296417184695134036072869759_eps0_s0,,1e-10,2.9409706486629643e+38,42.0,5.0,BPI2013_Incidents,1.2
16.63711383379996,0.8561598852259718,0.7411764194364535,0.2325711098717233,0.6908532288608894,3.327422766759992,14355649.396159943,0.3189433701336384,0.2686194534999657,0.0948369266290174,0.7113131756541992,15.4166621863842,0.0633332077413797,0.4445064138315672,121.0,0.8089781916358634,0.886554352899261,0.0861017629504203,1.0,0.0,9.568149369210005,58.0,0.9297885950137718,21.0,min_freq_conf,['None'],"['nap', 'rtp']",0.8,21.0,1.0,PROB_LEN_DIST,1.0,,1.0,12385506706787334585843826431387511412_eps5_s0,,0.01,1.2385506706787335e+37,42.0,5.0,Sepsis,1.2
16.63711383379996,0.8469165137980058,0.6906758781202766,0.2292390274707925,0.5766342981868673,3.327422766759992,14355623.915138302,0.3189433701336384,0.2735325346048869,0.1122241351349537,0.6299459261756474,3.40051045641303,0.0914206877350807,0.4553204925797284,188.0,0.7880159541572005,0.8827152182750087,0.0836166441440582,1.0,0.0,2.763078991323709,61.0,0.9285533159872704,21.0,min_freq_conf,['None'],"['nap', 'rtp']",0.8,21.0,1.0,PROB_LEN_DIST,1.0,,1.0,12385506706787334585843826431387511412_eps5_s0,,0.01,1.2385506706787335e+37,42.0,5.0,Sepsis,1.2
16.63711383379996,0.8356083618499627,0.6910315215605441,0.2634671890303623,0.6058953661182674,3.327422766759992,14355617.269767748,0.3189433701336384,0.2568943763057427,0.0799652004819889,0.6436460377955094,4.018250094726682,0.0554440394043922,0.4410708455762324,188.0,0.7781288596197682,0.8719504252166003,0.0779158286750316,1.0,0.0,3.765272645279765,60.0,0.9216762393345792,21.0,min_freq_conf,['None'],"['nap', 'rtp']",0.8,21.0,1.0,PROB_LEN_DIST,1.0,,1.0,12385506706787334585843826431387511412_eps5_s0,,0.01,1.2385506706787335e+37,42.0,5.0,Sepsis,1.2
16.63711383379996,0.8443168022833578,0.702796283471449,0.2497023809523809,0.6322203077038963,3.327422766759992,14355609.041025972,0.3189433701336384,0.2881920546430684,0.076781112689715,0.6617134974513157,5.89015712030232,0.0647248998284339,0.4369047619047619,188.0,0.7873727698543203,0.8797254629608959,0.0837046727538108,1.0,0.0,5.756243674084544,61.0,0.9250825980973696,21.0,min_freq_conf,['None'],"['nap', 'rtp']",0.8,21.0,1.0,PROB_LEN_DIST,1.0,,1.0,12385506706787334585843826431387511412_eps5_s0,,0.01,1.2385506706787335e+37,42.0,5.0,Sepsis,1.2
16.63711383379996,0.8368199044246054,0.6647437803520492,0.2393078681031668,0.5392112194603782,3.327422766759992,14355596.95220236,0.3189433701336384,0.273681179506704,0.115948875924989,0.5991378302647085,2.688809011131525,0.0564818363636732,0.4570682337577538,188.0,0.7701437712408365,0.8762453900451231,0.0803619120270013,1.0,0.0,2.1893134601414204,61.0,0.9254870623738412,21.0,min_freq_conf,['None'],"['nap', 'rtp']",0.8,21.0,1.0,PROB_LEN_DIST,1.0,,1.0,12385506706787334585843826431387511412_eps5_s0,,0.01,1.2385506706787335e+37,42.0,5.0,Sepsis,1.2
16.63711383379996,0.8561598852259718,0.7411764194364535,0.2325711098717233,0.6908532288608894,3.327422766759992,14355591.627165988,0.3189433701336384,0.2686194534999657,0.0948369266290174,0.7113131756541992,15.442138900980352,0.0639521162956953,0.4445064138315672,121.0,0.8089781916358634,0.886554352899261,0.0882147196680307,1.0,0.0,9.744630083441734,58.0,0.9297885950137718,17.0,min_freq_conf,['None'],"['nap', 'rtp']",0.8,21.0,1.0,PROB_LEN_DIST,1.0,,1.0,12385506706787334585843826431387511412_eps4_s0,,0.01,1.2385506706787335e+37,42.0,5.0,Sepsis,1.2
16.63711383379996,0.8469165137980058,0.6906758781202766,0.2292390274707925,0.5766342981868673,3.327422766759992,14355565.98663207,0.3189433701336384,0.2735325346048869,0.1122241351349537,0.6299459261756474,3.2945245802402496,0.0595639888197183,0.4553204925797284,188.0,0.7880159541572005,0.8827152182750087,0.0835238397121429,1.0,0.0,2.7224595937877893,61.0,0.9285533159872704,17.0,min_freq_conf,['None'],"['nap', 'rtp']",0.8,21.0,1.0,PROB_LEN_DIST,1.0,,1.0,12385506706787334585843826431387511412_eps4_s0,,0.01,1.2385506706787335e+37,42.0,5.0,Sepsis,1.2
16.63711383379996,0.8356083618499627,0.6910315215605441,0.2634671890303623,0.6058953661182674,3.327422766759992,14355559.527525837,0.3189433701336384,0.2568943763057427,0.0799652004819889,0.6436460377955094,3.937196100130677,0.0549129042774438,0.4410708455762324,188.0,0.7781288596197682,0.8719504252166003,0.0824856963008642,1.0,0.0,3.9464919306337833,60.0,0.9216762393345792,17.0,min_freq_conf,['None'],"['nap', 'rtp']",0.8,21.0,1.0,PROB_LEN_DIST,1.0,,1.0,12385506706787334585843826431387511412_eps4_s0,,0.01,1.2385506706787335e+37,42.0,5.0,Sepsis,1.2
16.63711383379996,0.8443168022833578,0.702796283471449,0.2497023809523809,0.6322203077038963,3.327422766759992,14355551.201020202,0.3189433701336384,0.2881920546430684,0.076781112689715,0.6617134974513157,5.853470673784614,0.060757840052247,0.4369047619047619,188.0,0.7873727698543203,0.8797254629608959,0.0815351344645023,1.0,0.0,5.617826649919152,61.0,0.9250825980973696,17.0,min_freq_conf,['None'],"['nap', 'rtp']",0.8,21.0,1.0,PROB_LEN_DIST,1.0,,1.0,12385506706787334585843826431387511412_eps4_s0,,0.01,1.2385506706787335e+37,42.0,5.0,Sepsis,1.2
16.63711383379996,0.8368199044246054,0.6647437803520492,0.2393078681031668,0.5392112194603782,3.327422766759992,14355539.277103944,0.3189433701336384,0.273681179506704,0.115948875924989,0.5991378302647085,2.7133875843137503,0.0549087766557931,0.4570682337577538,188.0,0.7701437712408365,0.8762453900451231,0.0813335478305816,1.0,0.0,2.1888081040233374,61.0,0.9254870623738412,17.0,min_freq_conf,['None'],"['nap', 'rtp']",0.8,21.0,1.0,PROB_LEN_DIST,1.0,,1.0,12385506706787334585843826431387511412_eps4_s0,,0.01,1.2385506706787335e+37,42.0,5.0,Sepsis,1.2
16.63711383379996,0.8561598852259718,0.7411764194364535,0.2325711098717233,0.6908532288608894,3.327422766759992,14355533.930747516,0.3189433701336384,0.2686194534999657,0.0948369266290174,0.7113131756541992,15.344219375401735,0.0640350002795457,0.4445064138315672,121.0,0.8089781916358634,0.886554352899261,0.0806891676038503,1.0,0.0,9.664130732417108,58.0,0.9297885950137718,11.0,min_freq_conf,['None'],"['nap', 'rtp']",0.8,21.0,1.0,PROB_LEN_DIST,1.0,,1.0,12385506706787334585843826431387511412_eps3_s0,,0.01,1.2385506706787335e+37,42.0,5.0,Sepsis,1.2
16.63711383379996,0.8469165137980058,0.6906758781202766,0.2292390274707925,0.5766342981868673,3.327422766759992,14355508.4803503,0.3189433701336384,0.2735325346048869,0.1122241351349537,0.6299459261756474,3.32409905269742,0.0599363017827272,0.4553204925797284,188.0,0.7880159541572005,0.8827152182750087,0.0860747061669826,1.0,0.0,2.724899647757411,61.0,0.9285533159872704,11.0,min_freq_conf,['None'],"['nap', 'rtp']",0.8,21.0,1.0,PROB_LEN_DIST,1.0,,1.0,12385506706787334585843826431387511412_eps3_s0,,0.01,1.2385506706787335e+37,42.0,5.0,Sepsis,1.2
270.563952377066,0.953682745541736,0.7547075298173611,6.60414740457007e-05,0.5765716213267279,54.112790475413206,14355616.76650054,1.4905632380396128,0.8161186949514058,0.4898870852282859,0.6514747310160923,12.198786923661828,31.78404887393117,0.8884559503368116,53.0,0.8983573375466645,0.975345137796956,0.0984956324100494,1.0,0.0,71.90978067740798,122922.0,0.9916410327280086,21.0,min_freq_conf,['None'],"['nap', 'rtp']",0.8,21.0,1.0,PROB_LEN_DIST,1.0,,1.0,47162190639218093551966380058160093021_eps5_s0,,1e-10,4.71621906392181e+37,42.0,5.0,Nasa,1.2
16.63711383379996,0.8356083618499627,0.6910315215605441,0.2634671890303623,0.6058953661182674,3.327422766759992,14355501.981085932,0.3189433701336384,0.2568943763057427,0.0799652004819889,0.6436460377955094,3.986282408237457,0.0574566163122653,0.4410708455762324,188.0,0.7781288596197682,0.8719504252166003,0.0859477967023849,1.0,0.0,3.795049054548144,60.0,0.9216762393345792,11.0,min_freq_conf,['None'],"['nap', 'rtp']",0.8,21.0,1.0,PROB_LEN_DIST,1.0,,1.0,12385506706787334585843826431387511412_eps3_s0,,0.01,1.2385506706787335e+37,42.0,5.0,Sepsis,1.2
16.63711383379996,0.8443168022833578,0.702796283471449,0.2497023809523809,0.6322203077038963,3.327422766759992,14355493.765632425,0.3189433701336384,0.2881920546430684,0.076781112689715,0.6617134974513157,5.967378411442041,0.0587431788444519,0.4369047619047619,188.0,0.7873727698543203,0.8797254629608959,0.0856440886855125,1.0,0.0,5.611926978453994,61.0,0.9250825980973696,11.0,min_freq_conf,['None'],"['nap', 'rtp']",0.8,21.0,1.0,PROB_LEN_DIST,1.0,,1.0,12385506706787334585843826431387511412_eps3_s0,,0.01,1.2385506706787335e+37,42.0,5.0,Sepsis,1.2
16.63711383379996,0.8368199044246054,0.6647437803520492,0.2393078681031668,0.5392112194603782,3.327422766759992,14355481.736113489,0.3189433701336384,0.273681179506704,0.115948875924989,0.5991378302647085,2.703981840983033,0.0577589552849531,0.4570682337577538,188.0,0.7701437712408365,0.8762453900451231,0.0908747725188732,1.0,0.0,2.203241614624858,61.0,0.9254870623738412,11.0,min_freq_conf,['None'],"['nap', 'rtp']",0.8,21.0,1.0,PROB_LEN_DIST,1.0,,1.0,12385506706787334585843826431387511412_eps3_s0,,0.01,1.2385506706787335e+37,42.0,5.0,Sepsis,1.2
16.63711383379996,0.8561598852259718,0.7411764194364535,0.2325711098717233,0.6908532288608894,3.327422766759992,14355476.336099254,0.3189433701336384,0.2686194534999657,0.0948369266290174,0.7113131756541992,15.430388405919077,0.0615312773734331,0.4445064138315672,121.0,0.8089781916358634,0.886554352899261,0.0797623228281736,1.0,0.0,9.592763034626842,58.0,0.9297885950137718,7.0,min_freq_conf,['None'],"['nap', 'rtp']",0.8,21.0,1.0,PROB_LEN_DIST,1.0,,1.0,12385506706787334585843826431387511412_eps2_s0,,0.01,1.2385506706787335e+37,42.0,5.0,Sepsis,1.2
16.63711383379996,0.8469165137980058,0.6906758781202766,0.2292390274707925,0.5766342981868673,3.327422766759992,14355450.88082896,0.3189433701336384,0.2735325346048869,0.1122241351349537,0.6299459261756474,3.2997781708836555,0.056811960414052,0.4553204925797284,188.0,0.7880159541572005,0.8827152182750087,0.0779690463095903,1.0,0.0,2.7273311372846365,61.0,0.9285533159872704,7.0,min_freq_conf,['None'],"['nap', 'rtp']",0.8,21.0,1.0,PROB_LEN_DIST,1.0,,1.0,12385506706787334585843826431387511412_eps2_s0,,0.01,1.2385506706787335e+37,42.0,5.0,Sepsis,1.2
16.63711383379996,0.8356083618499627,0.6910315215605441,0.2634671890303623,0.6058953661182674,3.327422766759992,14355444.430713275,0.3189433701336384,0.2568943763057427,0.0799652004819889,0.6436460377955094,3.9739680029451847,0.0543682985007762,0.4410708455762324,188.0,0.7781288596197682,0.8719504252166003,0.0811448022723198,1.0,0.0,3.864134509116411,60.0,0.9216762393345792,7.0,min_freq_conf,['None'],"['nap', 'rtp']",0.8,21.0,1.0,PROB_LEN_DIST,1.0,,1.0,12385506706787334585843826431387511412_eps2_s0,,0.01,1.2385506706787335e+37,42.0,5.0,Sepsis,1.2
16.63711383379996,0.8443168022833578,0.702796283471449,0.2497023809523809,0.6322203077038963,3.327422766759992,14355436.153067308,0.3189433701336384,0.2881920546430684,0.076781112689715,0.6617134974513157,5.87413714826107,0.0592967215925455,0.4369047619047619,188.0,0.7873727698543203,0.8797254629608959,0.0808894727379083,1.0,0.0,5.664887292310596,61.0,0.9250825980973696,7.0,min_freq_conf,['None'],"['nap', 'rtp']",0.8,21.0,1.0,PROB_LEN_DIST,1.0,,1.0,12385506706787334585843826431387511412_eps2_s0,,0.01,1.2385506706787335e+37,42.0,5.0,Sepsis,1.2
16.63711383379996,0.8368199044246054,0.6647437803520492,0.2393078681031668,0.5392112194603782,3.327422766759992,14355424.183850316,0.3189433701336384,0.273681179506704,0.115948875924989,0.5991378302647085,2.698835102841258,0.0564322974532842,0.4570682337577538,188.0,0.7701437712408365,0.8762453900451231,0.0901918653398752,1.0,0.0,2.187978718429804,61.0,0.9254870623738412,7.0,min_freq_conf,['None'],"['nap', 'rtp']",0.8,21.0,1.0,PROB_LEN_DIST,1.0,,1.0,12385506706787334585843826431387511412_eps2_s0,,0.01,1.2385506706787335e+37,42.0,5.0,Sepsis,1.2
16.63711383379996,0.8561598852259718,0.7411764194364535,0.2325711098717233,0.6908532288608894,3.327422766759992,14355418.836206889,0.3189433701336384,0.2686194534999657,0.0948369266290174,0.7113131756541992,15.141901765018702,0.0615680534392595,0.4445064138315672,121.0,0.8089781916358634,0.886554352899261,0.083970682695508,1.0,0.0,9.934422731399536,58.0,0.9297885950137718,5.0,min_freq_conf,['None'],"['nap', 'rtp']",0.8,21.0,1.0,PROB_LEN_DIST,1.0,,1.0,12385506706787334585843826431387511412_eps1_s0,,0.01,1.2385506706787335e+37,42.0,5.0,Sepsis,1.2
16.63711383379996,0.8469165137980058,0.6906758781202766,0.2292390274707925,0.5766342981868673,3.327422766759992,14355393.324673748,0.3189433701336384,0.2735325346048869,0.1122241351349537,0.6299459261756474,3.328562246635556,0.0546768344938755,0.4553204925797284,188.0,0.7880159541572005,0.8827152182750087,0.0810908786952495,1.0,0.0,2.7344430219382048,61.0,0.9285533159872704,5.0,min_freq_conf,['None'],"['nap', 'rtp']",0.8,21.0,1.0,PROB_LEN_DIST,1.0,,1.0,12385506706787334585843826431387511412_eps1_s0,,0.01,1.2385506706787335e+37,42.0,5.0,Sepsis,1.2
270.563952377066,0.9517680247449246,0.750591055285022,0.0007222586999343,0.5735777377605881,54.112790475413206,14355500.476613296,1.4905632380396128,0.8167033515747905,0.4889292567279462,0.648209891700553,12.067566992715,32.21684126742184,0.8883782009192384,53.0,0.8945499355288508,0.9743419002031196,0.09128806181252,1.0,0.0,70.52329364418983,121744.0,0.991287613560182,21.0,min_freq_conf,['None'],"['nap', 'rtp']",0.8,21.0,1.0,PROB_LEN_DIST,1.0,,1.0,47162190639218093551966380058160093021_eps5_s0,,1e-10,4.71621906392181e+37,42.0,5.0,Nasa,1.2
16.63711383379996,0.8356083618499627,0.6910315215605441,0.2634671890303623,0.6058953661182674,3.327422766759992,14355386.836715177,0.3189433701336384,0.2568943763057427,0.0799652004819889,0.6436460377955094,4.024406587705016,0.0550034902989864,0.4410708455762324,188.0,0.7781288596197682,0.8719504252166003,0.0800261367112398,1.0,0.0,3.8422257993370295,60.0,0.9216762393345792,5.0,min_freq_conf,['None'],"['nap', 'rtp']",0.8,21.0,1.0,PROB_LEN_DIST,1.0,,1.0,12385506706787334585843826431387511412_eps1_s0,,0.01,1.2385506706787335e+37,42.0,5.0,Sepsis,1.2
16.63711383379996,0.8443168022833578,0.702796283471449,0.2497023809523809,0.6322203077038963,3.327422766759992,14355378.538307702,0.3189433701336384,0.2881920546430684,0.076781112689715,0.6617134974513157,5.913620369508863,0.0576668791472911,0.4369047619047619,188.0,0.7873727698543203,0.8797254629608959,0.0797359645366668,1.0,0.0,5.550811596214771,61.0,0.9250825980973696,5.0,min_freq_conf,['None'],"['nap', 'rtp']",0.8,21.0,1.0,PROB_LEN_DIST,1.0,,1.0,12385506706787334585843826431387511412_eps1_s0,,0.01,1.2385506706787335e+37,42.0,5.0,Sepsis,1.2
195.8341329228133,0.9782282508288532,0.907799582934886,0.0,0.791707079627479,39.166826584562656,14357981.563647928,1.227258486673236,0.4936781568206355,0.0526443583097594,0.8505858184306968,18.22736557945609,40.82661692984402,0.6609833219666439,77.0,0.9601802040779002,0.9861380446313414,0.1000984515994787,1.0,0.0,2557.40136475116,87953.0,0.993234494971169,3.0,min_freq_conf,['None'],"['nap', 'rtp']",0.8,21.0,1.0,PROB_LEN_DIST,1.0,,1.0,259622638979622280832216508785624218414_eps0_s0,,1e-10,2.596226389796223e+38,42.0,5.0,BPI2012_WC,1.2
16.63711383379996,0.8368199044246054,0.6647437803520492,0.2393078681031668,0.5392112194603782,3.327422766759992,14355366.620604364,0.3189433701336384,0.273681179506704,0.115948875924989,0.5991378302647085,2.702090419828892,0.0543553084135055,0.4570682337577538,188.0,0.7701437712408365,0.8762453900451231,0.0804187431931495,1.0,0.0,2.240996288135648,61.0,0.9254870623738412,5.0,min_freq_conf,['None'],"['nap', 'rtp']",0.8,21.0,1.0,PROB_LEN_DIST,1.0,,1.0,12385506706787334585843826431387511412_eps1_s0,,0.01,1.2385506706787335e+37,42.0,5.0,Sepsis,1.2
16.63711383379996,0.8561598852259718,0.7411764194364535,0.2325711098717233,0.6908532288608894,3.327422766759992,14355361.249535104,0.3189433701336384,0.2686194534999657,0.0948369266290174,0.7113131756541992,15.32488540932536,0.0588523596525192,0.4445064138315672,121.0,0.8089781916358634,0.886554352899261,0.0785669088363647,1.0,0.0,9.558206031098962,58.0,0.9297885950137718,3.0,min_freq_conf,['None'],"['nap', 'rtp']",0.8,21.0,1.0,PROB_LEN_DIST,1.0,,1.0,12385506706787334585843826431387511412_eps0_s0,,0.01,1.2385506706787335e+37,42.0,5.0,Sepsis,1.2
16.63711383379996,0.8469165137980058,0.6906758781202766,0.2292390274707925,0.5766342981868673,3.327422766759992,14355335.896087091,0.3189433701336384,0.2735325346048869,0.1122241351349537,0.6299459261756474,3.41015443764627,0.0547920763492584,0.4553204925797284,188.0,0.7880159541572005,0.8827152182750087,0.0765573643147945,1.0,0.0,2.788354218006134,61.0,0.9285533159872704,3.0,min_freq_conf,['None'],"['nap', 'rtp']",0.8,21.0,1.0,PROB_LEN_DIST,1.0,,1.0,12385506706787334585843826431387511412_eps0_s0,,0.01,1.2385506706787335e+37,42.0,5.0,Sepsis,1.2
16.63711383379996,0.8356083618499627,0.6910315215605441,0.2634671890303623,0.6058953661182674,3.327422766759992,14355329.277021274,0.3189433701336384,0.2568943763057427,0.0799652004819889,0.6436460377955094,3.9707190990448,0.0527563672512769,0.4410708455762324,188.0,0.7781288596197682,0.8719504252166003,0.0811365004628896,1.0,0.0,3.848247269168496,60.0,0.9216762393345792,3.0,min_freq_conf,['None'],"['nap', 'rtp']",0.8,21.0,1.0,PROB_LEN_DIST,1.0,,1.0,12385506706787334585843826431387511412_eps0_s0,,0.01,1.2385506706787335e+37,42.0,5.0,Sepsis,1.2
16.63711383379996,0.8443168022833578,0.702796283471449,0.2497023809523809,0.6322203077038963,3.327422766759992,14355321.016714076,0.3189433701336384,0.2881920546430684,0.076781112689715,0.6617134974513157,5.915814561769366,0.0603284537792205,0.4369047619047619,188.0,0.7873727698543203,0.8797254629608959,0.0811246912926435,1.0,0.0,5.701352538540959,61.0,0.9250825980973696,3.0,min_freq_conf,['None'],"['nap', 'rtp']",0.8,21.0,1.0,PROB_LEN_DIST,1.0,,1.0,12385506706787334585843826431387511412_eps0_s0,,0.01,1.2385506706787335e+37,42.0,5.0,Sepsis,1.2
16.63711383379996,0.8368199044246054,0.6647437803520492,0.2393078681031668,0.5392112194603782,3.327422766759992,14355308.9645276,0.3189433701336384,0.273681179506704,0.115948875924989,0.5991378302647085,2.709152791649103,0.056524783372879,0.4570682337577538,188.0,0.7701437712408365,0.8762453900451231,0.0799403619021177,1.0,0.0,2.2680633906275034,61.0,0.9254870623738412,3.0,min_freq_conf,['None'],"['nap', 'rtp']",0.8,21.0,1.0,PROB_LEN_DIST,1.0,,1.0,12385506706787334585843826431387511412_eps0_s0,,0.01,1.2385506706787335e+37,42.0,5.0,Sepsis,1.2
270.563952377066,0.9532319418709674,0.7563785178685797,0.0,0.5811806478431146,54.112790475413206,14355385.28261367,1.4905632380396128,0.8142992207561575,0.475784379468059,0.6560767045219874,12.692693341523407,32.013338174670935,0.8901559837462315,53.0,0.8974065636543511,0.9752242242851322,0.0968137253075838,1.0,0.0,76.29356336593628,122698.0,0.9915895420607076,21.0,min_freq_conf,['None'],"['nap', 'rtp']",0.8,21.0,1.0,PROB_LEN_DIST,1.0,,1.0,47162190639218093551966380058160093021_eps5_s0,,1e-10,4.71621906392181e+37,42.0,5.0,Nasa,1.2
108.2495444174856,0.9869720656764126,0.9501238236571796,5.3012431415166855e-05,0.8944798815676765,21.64990888349712,14361693.77655846,2.4717628601938486,0.6362696479736963,0.0969172819789529,0.9227085108339632,138.06162813864648,30.37489506788552,0.8359795372014738,159.0,0.9765348158172696,0.9917082295349566,0.126102203503251,1.0,0.0,6290.113680416718,50781.0,0.9970333238423276,3.0,min_freq_conf,['None'],"['nap', 'rtp']",0.8,21.0,1.0,PROB_LEN_DIST,1.0,,1.0,210552822244408690081678733044714913885_eps0_s0,,1e-10,2.1055282224440867e+38,42.0,5.0,BPI2012_W,1.2
13.19616693072021,0.8560436244850562,0.6730355066895385,0.0345789180145008,0.6036369977024144,2.639233386144042,14355216.847045856,0.3228321727365255,0.3546844739017757,0.2626143454131264,0.6287682078212466,6.300593765452504,0.3933892231434583,0.4977691020635806,121.0,0.7793737489573442,0.9024062813054984,0.0813047084957361,1.0,0.0,5.827018877491355,889.0,0.9504250136523964,21.0,min_freq_conf,['None'],"['nap', 'rtp']",0.8,21.0,1.0,PROB_LEN_DIST,1.0,,1.0,7934502208332161235122762309750247231_eps5_s0,,0.001,7.934502208332161e+36,42.0,5.0,Sepsis,1.2
13.19616693072021,0.829521411439267,0.583487211063801,0.0290495737290811,0.4847381596625832,2.639233386144042,14355203.948612764,0.3228321727365255,0.386929719766149,0.3815930711028054,0.5147294692245139,1.431491395458579,0.3871863838285208,0.5456267761288286,188.0,0.7336652262584101,0.8845960089181498,0.0835744868963956,1.0,0.0,1.122651407495141,932.0,0.9424781675474632,21.0,min_freq_conf,['None'],"['nap', 'rtp']",0.8,21.0,1.0,PROB_LEN_DIST,1.0,,1.0,7934502208332161235122762309750247231_eps5_s0,,0.001,7.934502208332161e+36,42.0,5.0,Sepsis,1.2
13.19616693072021,0.8326990801128948,0.614956432857548,0.0437479595168135,0.5403446064332771,2.639233386144042,14355200.63593262,0.3228321727365255,0.3681490789649982,0.3451681832642397,0.5652910530443569,2.2461706530302763,0.3927276208996773,0.5377081292850147,188.0,0.7459253561205449,0.8833765078941938,0.086774842813611,1.0,0.0,1.9402681328356264,872.0,0.9390218300086832,21.0,min_freq_conf,['None'],"['nap', 'rtp']",0.8,21.0,1.0,PROB_LEN_DIST,1.0,,1.0,7934502208332161235122762309750247231_eps5_s0,,0.001,7.934502208332161e+36,42.0,5.0,Sepsis,1.2
13.19616693072021,0.8718004825351128,0.6928991926459841,0.0422619047619047,0.6092298836419743,2.639233386144042,14355195.670799447,0.3228321727365255,0.3999563522790311,0.2533607746936683,0.6374520044831555,3.992043972015381,0.4121650401502847,0.5333333333333333,188.0,0.8000305922901777,0.9110584178540688,0.0819047559052705,1.0,0.0,3.912290070205927,946.0,0.952547495197092,21.0,min_freq_conf,['None'],"['nap', 'rtp']",0.8,21.0,1.0,PROB_LEN_DIST,1.0,,1.0,7934502208332161235122762309750247231_eps5_s0,,0.001,7.934502208332161e+36,42.0,5.0,Sepsis,1.2
13.19616693072021,0.8452333638739928,0.6339760507923003,0.0408096637283708,0.5361327919395592,2.639233386144042,14355186.962681578,0.3228321727365255,0.3778457581542691,0.3473924058997241,0.5720861542754597,1.8008120711892843,0.3715289682149887,0.5458700620306889,188.0,0.7617792836687867,0.8919374550706598,0.0814533643424511,1.0,0.0,1.7141742054373026,878.0,0.9435383761600488,21.0,min_freq_conf,['None'],"['nap', 'rtp']",0.8,21.0,1.0,PROB_LEN_DIST,1.0,,1.0,7934502208332161235122762309750247231_eps5_s0,,0.001,7.934502208332161e+36,42.0,5.0,Sepsis,1.2
13.19616693072021,0.867815730470977,0.7007476669676904,0.0345789180145008,0.6319280651879572,2.639233386144042,14355182.701047204,0.3228321727365255,0.3546844739017757,0.2975156293864626,0.6564323503366096,6.303096652030945,0.3972414415329695,0.4977691020635806,121.0,0.7988859009400798,0.907553432878787,0.080433813855052,1.0,0.0,5.660299388691783,889.0,0.9509024522209288,17.0,min_freq_conf,['None'],"['nap', 'rtp']",0.8,21.0,1.0,PROB_LEN_DIST,1.0,,1.0,7934502208332161235122762309750247231_eps4_s0,,0.001,7.934502208332161e+36,42.0,5.0,Sepsis,1.2
13.19616693072021,0.8443769620938023,0.6082387128839066,0.0290495737290811,0.5150066702650958,2.639233386144042,14355169.955697946,0.3228321727365255,0.3885289883856683,0.4122058646084687,0.5447520606432302,1.579656682908535,0.3866017162799835,0.5576255131038838,188.0,0.75406200910195,0.8937403876823352,0.0823445655405521,1.0,0.0,1.1562995333224535,932.0,0.9452630102526872,17.0,min_freq_conf,['None'],"['nap', 'rtp']",0.8,21.0,1.0,PROB_LEN_DIST,1.0,,1.0,7934502208332161235122762309750247231_eps4_s0,,0.001,7.934502208332161e+36,42.0,5.0,Sepsis,1.2
13.19616693072021,0.8555629559761676,0.6438287603397026,0.0437479595168135,0.5675605085266644,2.639233386144042,14355166.44439775,0.3228321727365255,0.3700164925971177,0.3776899682411931,0.5911008182980048,2.342325923964381,0.3754838239401579,0.5501142670584395,188.0,0.7747372554560895,0.8980960119332156,0.082585297524929,1.0,0.0,1.9242903124541044,872.0,0.943558161665574,17.0,min_freq_conf,['None'],"['nap', 'rtp']",0.8,21.0,1.0,PROB_LEN_DIST,1.0,,1.0,7934502208332161235122762309750247231_eps4_s0,,0.001,7.934502208332161e+36,42.0,5.0,Sepsis,1.2
13.19616693072021,0.8840858966473029,0.7361209821392785,0.0422619047619047,0.6636044004897881,2.639233386144042,14355161.419386068,0.3228321727365255,0.4035988540558613,0.2580492911123712,0.6903908304177145,4.731151232495904,0.4091880936175585,0.5482142857142858,188.0,0.8241581862456313,0.9176569976351436,0.0787886958569288,1.0,0.0,4.374707946553826,946.0,0.9553518407038616,17.0,min_freq_conf,['None'],"['nap', 'rtp']",0.8,21.0,1.0,PROB_LEN_DIST,1.0,,1.0,7934502208332161235122762309750247231_eps4_s0,,0.001,7.934502208332161e+36,42.0,5.0,Sepsis,1.2
13.19616693072021,0.8621153397261564,0.6766824830121857,0.0408096637283708,0.5788585943501711,2.639233386144042,14355151.535880173,0.3228321727365255,0.3807114123604146,0.3536704926592819,0.6162644443886964,2.161063782870769,0.3518252950161695,0.5618674502122103,188.0,0.7899256441192933,0.9039336118083712,0.0809874925762415,1.0,0.0,2.0298952478915453,878.0,0.9486249794170356,17.0,min_freq_conf,['None'],"['nap', 'rtp']",0.8,21.0,1.0,PROB_LEN_DIST,1.0,,1.0,7934502208332161235122762309750247231_eps4_s0,,0.001,7.934502208332161e+36,42.0,5.0,Sepsis,1.2
270.563952377066,0.951843736818658,0.7463370983499045,6.469142191745374e-05,0.5678916314682219,54.112790475413206,14355263.888129951,1.4905632380396128,0.8104392463300527,0.4852559285151418,0.6436110475857993,12.22503781504929,32.691463651135564,0.8879544572389702,51.0,0.8939891419055653,0.9745249364731424,0.0927378125488758,1.0,0.0,72.88101140037179,122095.0,0.991398786516904,21.0,min_freq_conf,['None'],"['nap', 'rtp']",0.8,21.0,1.0,PROB_LEN_DIST,1.0,,1.0,47162190639218093551966380058160093021_eps5_s0,,1e-10,4.71621906392181e+37,42.0,5.0,Nasa,1.2
13.19616693072021,0.8722896528751921,0.6868039668741008,0.0345789180145008,0.6159715151412708,2.639233386144042,14355146.603875495,0.3228321727365255,0.358587754120232,0.3248581016934102,0.6412124606358579,5.3044274263083935,0.375193040817976,0.5103179029559398,121.0,0.8000927550018229,0.91205852404113,0.0831018090248107,1.0,0.0,4.843169052153826,889.0,0.9532516669753036,11.0,min_freq_conf,['None'],"['nap', 'rtp']",0.8,21.0,1.0,PROB_LEN_DIST,1.0,,1.0,7934502208332161235122762309750247231_eps3_s0,,0.001,7.934502208332161e+36,42.0,5.0,Sepsis,1.2
13.19616693072021,0.842908405383181,0.6035410177419088,0.0290495737290811,0.5173783692836854,2.639233386144042,14355135.70796684,0.3228321727365255,0.3929409020149657,0.4146726122943891,0.5472146701186524,1.5925641506910324,0.3552426882088184,0.5595200505209977,188.0,0.7522992675162388,0.896653674872136,0.0790586080402135,1.0,0.0,1.1679328680038452,932.0,0.9463896457184524,11.0,min_freq_conf,['None'],"['nap', 'rtp']",0.8,21.0,1.0,PROB_LEN_DIST,1.0,,1.0,7934502208332161235122762309750247231_eps3_s0,,0.001,7.934502208332161e+36,42.0,5.0,Sepsis,1.2
13.19616693072021,0.8642430151746071,0.6575257579165568,0.0437479595168135,0.5871859963012885,2.639233386144042,14355132.219858658,0.3228321727365255,0.3747674125729512,0.3353560464891828,0.6142519017411587,2.6682081762701277,0.3306487780064344,0.5537055174665361,188.0,0.7843591275737851,0.9040397953818284,0.0812463071197271,1.0,0.0,2.365492111071944,872.0,0.9460398136730048,11.0,min_freq_conf,['None'],"['nap', 'rtp']",0.8,21.0,1.0,PROB_LEN_DIST,1.0,,1.0,7934502208332161235122762309750247231_eps3_s0,,0.001,7.934502208332161e+36,42.0,5.0,Sepsis,1.2
13.19616693072021,0.8986363290408733,0.7707664130704751,0.0422619047619047,0.7006396466586864,2.639233386144042,14355126.474247009,0.3228321727365255,0.4048305895226713,0.2270639907837562,0.7285697357434843,5.423614881932735,0.3703419491648674,0.5470238095238096,188.0,0.8466187354525919,0.9265690602280552,0.0819505546241998,1.0,0.0,5.005535190925002,946.0,0.9570406306644348,11.0,min_freq_conf,['None'],"['nap', 'rtp']",0.8,21.0,1.0,PROB_LEN_DIST,1.0,,1.0,7934502208332161235122762309750247231_eps3_s0,,0.001,7.934502208332161e+36,42.0,5.0,Sepsis,1.2
13.19616693072021,0.8667524450431684,0.6856468764181138,0.0408096637283708,0.5879343692283542,2.639233386144042,14355115.300867954,0.3228321727365255,0.3898405262257118,0.3625718480736582,0.6248192251748389,2.222486237064004,0.339206613600254,0.5693764283382305,188.0,0.798363042985544,0.9093865384890346,0.080666746944189,1.0,0.0,2.0689830109477043,878.0,0.9506029222324104,11.0,min_freq_conf,['None'],"['nap', 'rtp']",0.8,21.0,1.0,PROB_LEN_DIST,1.0,,1.0,7934502208332161235122762309750247231_eps3_s0,,0.001,7.934502208332161e+36,42.0,5.0,Sepsis,1.2
13.19616693072021,0.8689128163372314,0.7040732495098615,0.0345789180145008,0.6374752394255974,2.639233386144042,14355110.290027743,0.3228321727365255,0.3579290035457738,0.2896773760685713,0.662173319217015,6.224410146474838,0.3394714351743459,0.5025097601784718,121.0,0.8029179626359663,0.9092439288207336,0.0832112096250057,1.0,0.0,5.925508262589574,889.0,0.9539990954522192,7.0,min_freq_conf,['None'],"['nap', 'rtp']",0.8,21.0,1.0,PROB_LEN_DIST,1.0,,1.0,7934502208332161235122762309750247231_eps2_s0,,0.001,7.934502208332161e+36,42.0,5.0,Sepsis,1.2
13.19616693072021,0.8355051852042876,0.6142779617535473,0.0290495737290811,0.5265183925508988,2.639233386144042,14355097.419131393,0.3228321727365255,0.3469730962906123,0.3756313852294444,0.5583908649520362,1.858649369329214,0.3670612834393978,0.4998421218819072,188.0,0.7506997463870839,0.8850452604414955,0.0780290625989437,1.0,0.0,1.5173290725797417,932.0,0.9409008857933744,7.0,min_freq_conf,['None'],"['nap', 'rtp']",0.8,21.0,1.0,PROB_LEN_DIST,1.0,,1.0,7934502208332161235122762309750247231_eps2_s0,,0.001,7.934502208332161e+36,42.0,5.0,Sepsis,1.2
13.19616693072021,0.8213183660973153,0.5805927621782243,0.0437479595168135,0.5056570824548633,2.639233386144042,14355093.302641176,0.3228321727365255,0.3893165322107735,0.3537411885498688,0.5307438551533605,1.9070078004151585,0.3367500230669975,0.544890630101208,188.0,0.7244544208993937,0.8764346037695951,0.0787005443125963,1.0,0.0,1.6705633774399755,872.0,0.9393510132202316,7.0,min_freq_conf,['None'],"['nap', 'rtp']",0.8,21.0,1.0,PROB_LEN_DIST,1.0,,1.0,7934502208332161235122762309750247231_eps2_s0,,0.001,7.934502208332161e+36,42.0,5.0,Sepsis,1.2
13.19616693072021,0.8989011278394675,0.7913225363346462,0.0422619047619047,0.7322810639671664,2.639233386144042,14355089.017012391,0.3228321727365255,0.374240630383947,0.2139173924268964,0.7584840802009049,5.986116209998727,0.379755487665534,0.5044642857142857,188.0,0.851453153231758,0.925632811785372,0.0778045691549778,1.0,0.0,5.459350630640984,946.0,0.957449945102844,7.0,min_freq_conf,['None'],"['nap', 'rtp']",0.8,21.0,1.0,PROB_LEN_DIST,1.0,,1.0,7934502208332161235122762309750247231_eps2_s0,,0.001,7.934502208332161e+36,42.0,5.0,Sepsis,1.2
13.19616693072021,0.8682837078651866,0.6890122658179948,0.0408096637283708,0.5961811684595624,2.639233386144042,14355076.828271309,0.3228321727365255,0.3486569059257193,0.3273342498596944,0.6369644283349605,2.472339976578951,0.3116263728588819,0.5017956252040483,188.0,0.8003439659445407,0.906640356701758,0.0765724219381809,1.0,0.0,2.4868515953421597,878.0,0.9470866021970314,7.0,min_freq_conf,['None'],"['nap', 'rtp']",0.8,21.0,1.0,PROB_LEN_DIST,1.0,,1.0,7934502208332161235122762309750247231_eps2_s0,,0.001,7.934502208332161e+36,42.0,5.0,Sepsis,1.2
13.19616693072021,0.9408260563718908,0.8821356383603802,0.0345789180145008,0.8397113443404365,2.639233386144042,14355071.202432714,0.3228321727365255,0.2498555046838599,0.1314860395843289,0.8590264827849712,17.78237158432603,0.3478226438164711,0.3931957612939208,121.0,0.918193890908063,0.954833572417975,0.0830918475985527,1.0,0.0,20.04942370392382,889.0,0.9709941604400928,5.0,min_freq_conf,['None'],"['nap', 'rtp']",0.8,21.0,1.0,PROB_LEN_DIST,1.0,,1.0,7934502208332161235122762309750247231_eps1_s0,,0.001,7.934502208332161e+36,42.0,5.0,Sepsis,1.2
270.563952377066,0.952023097928702,0.7485466484586544,0.0003307753373908,0.5715215612324097,54.112790475413206,14355145.698791992,1.4905632380396128,0.8125629164936204,0.4840005360757788,0.6455816839213114,12.007114920765162,31.48273345641792,0.8864117491399841,53.0,0.8943699517217456,0.974631516864704,0.094186944887042,1.0,0.0,70.78835370019078,121592.0,0.991427188506806,21.0,min_freq_conf,['None'],"['nap', 'rtp']",0.8,21.0,1.0,PROB_LEN_DIST,1.0,,1.0,47162190639218093551966380058160093021_eps5_s0,,1e-10,4.71621906392181e+37,42.0,5.0,Nasa,1.2
13.19616693072021,0.9137709312913588,0.7952457932474557,0.0290495737290811,0.6805907046715873,2.639233386144042,14355032.644278215,0.3228321727365255,0.2706025627098518,0.1622527111465327,0.7361604107565225,3.698609735816717,0.3220273107290268,0.4139564256394064,188.0,0.874288216437874,0.935933350260332,0.0788045302033424,1.0,0.0,5.483587587252259,932.0,0.9611636283098016,5.0,min_freq_conf,['None'],"['nap', 'rtp']",0.8,21.0,1.0,PROB_LEN_DIST,1.0,,1.0,7934502208332161235122762309750247231_eps1_s0,,0.001,7.934502208332161e+36,42.0,5.0,Sepsis,1.2
13.19616693072021,0.8925156050488056,0.7516410382069028,0.0437479595168135,0.6518136977548629,2.639233386144042,14355022.765110347,0.3228321727365255,0.2655380921003734,0.1392333312404759,0.6925612924506893,3.73290972225368,0.2983967438340187,0.4110349330721515,188.0,0.8390772869265517,0.921335911139902,0.0816483702510595,1.0,0.0,6.302210718393326,872.0,0.9549261112886116,5.0,min_freq_conf,['None'],"['nap', 'rtp']",0.8,21.0,1.0,PROB_LEN_DIST,1.0,,1.0,7934502208332161235122762309750247231_eps1_s0,,0.001,7.934502208332161e+36,42.0,5.0,Sepsis,1.2
13.19616693072021,0.9049215085097222,0.8061091018785803,0.0422619047619047,0.7449732803503756,2.639233386144042,14355012.049294792,0.3228321727365255,0.295823779488064,0.1676900372931235,0.772284799256899,6.530081275850534,0.3499308843165636,0.4223214285714285,188.0,0.8614624323546755,0.9308557315408844,0.0804315600544214,1.0,0.0,10.330904126167296,946.0,0.9589952627180348,5.0,min_freq_conf,['None'],"['nap', 'rtp']",0.8,21.0,1.0,PROB_LEN_DIST,1.0,,1.0,7934502208332161235122762309750247231_eps1_s0,,0.001,7.934502208332161e+36,42.0,5.0,Sepsis,1.2
13.19616693072021,0.910784009752399,0.783170871429272,0.0408096637283708,0.6495330205745781,2.639233386144042,14354994.47090236,0.3228321727365255,0.316124905183448,0.157546031723287,0.7158904877810915,3.0804614163935184,0.3031622562557459,0.4756774404178909,188.0,0.8681773438693292,0.9348044120090624,0.0836405251175165,1.0,0.0,4.623334862291813,878.0,0.9588520161027044,5.0,min_freq_conf,['None'],"['nap', 'rtp']",0.8,21.0,1.0,PROB_LEN_DIST,1.0,,1.0,7934502208332161235122762309750247231_eps1_s0,,0.001,7.934502208332161e+36,42.0,5.0,Sepsis,1.2
270.563952377066,0.9550140833579444,0.7562499931792801,6.60414740457007e-05,0.5792827625926443,54.112790475413206,14355031.037988182,1.4905632380396128,0.8083053210608476,0.4755158843057249,0.6555340019945379,12.53163107857108,23.646609662100676,0.8879936600184916,53.0,0.8992151549993294,0.9760832982183636,0.0979549642652273,1.0,0.0,71.95165383256972,122922.0,0.99198955700312,17.0,min_freq_conf,['None'],"['nap', 'rtp']",0.8,21.0,1.0,PROB_LEN_DIST,1.0,,1.0,47162190639218093551966380058160093021_eps4_s0,,1e-10,4.71621906392181e+37,42.0,5.0,Nasa,1.2
13.19616693072021,0.967906523623116,0.9354341762368276,0.0345789180145008,0.8953534278228975,2.639233386144042,14354986.049239136,0.3228321727365255,0.3351319443527296,0.1155895450655335,0.9151568912606772,18.51053523644805,0.326471159234643,0.5446179587283881,121.0,0.957643970793194,0.973647074989679,0.0765239167958498,1.0,0.0,48.41344367712736,889.0,0.9802966736024564,3.0,min_freq_conf,['None'],"['nap', 'rtp']",0.8,21.0,1.0,PROB_LEN_DIST,1.0,,1.0,7934502208332161235122762309750247231_eps0_s0,,0.001,7.934502208332161e+36,42.0,5.0,Sepsis,1.2
13.19616693072021,0.9538803903224076,0.876753644610173,0.0290495737290811,0.7573040794515202,2.639233386144042,14354918.431548033,0.3228321727365255,0.3425586867689389,0.1420807988792343,0.8190493377030371,4.256308240815997,0.3174563180655241,0.5664666877170824,188.0,0.9313605334745,0.9648785765289822,0.0795878935605287,1.0,0.0,14.32168135792017,932.0,0.9762604251821504,3.0,min_freq_conf,['None'],"['nap', 'rtp']",0.8,21.0,1.0,PROB_LEN_DIST,1.0,,1.0,7934502208332161235122762309750247231_eps0_s0,,0.001,7.934502208332161e+36,42.0,5.0,Sepsis,1.2
13.19616693072021,0.9555933832045574,0.8936859029447367,0.0437479595168135,0.8097935743167826,2.639233386144042,14354899.15297791,0.3228321727365255,0.3405994833641403,0.1076052719596995,0.8522987239565417,5.144535729661584,0.2935868613421917,0.5608880182827294,188.0,0.9373458574956772,0.9645751209262036,0.0802527423948049,1.0,0.0,20.473763743415475,872.0,0.9749961659115458,3.0,min_freq_conf,['None'],"['nap', 'rtp']",0.8,21.0,1.0,PROB_LEN_DIST,1.0,,1.0,7934502208332161235122762309750247231_eps0_s0,,0.001,7.934502208332161e+36,42.0,5.0,Sepsis,1.2
13.19616693072021,0.9595816904346732,0.9114748336999028,0.0422619047619047,0.8484801809094615,2.639233386144042,14354872.8686832,0.3228321727365255,0.3668864912510084,0.0985047936116669,0.8802907124513479,7.644964741542935,0.3258268479257822,0.5473214285714286,188.0,0.9447294382533142,0.967393413229592,0.0796119440346956,1.0,0.0,30.226608391851187,946.0,0.9760197944576534,3.0,min_freq_conf,['None'],"['nap', 'rtp']",0.8,21.0,1.0,PROB_LEN_DIST,1.0,,1.0,7934502208332161235122762309750247231_eps0_s0,,0.001,7.934502208332161e+36,42.0,5.0,Sepsis,1.2
13.19616693072021,0.9428260859338,0.8455800541355081,0.0408096637283708,0.7037842183743656,2.639233386144042,14354834.305104367,0.3228321727365255,0.3400709839530858,0.1472436811038463,0.7764407498664291,3.422870947048068,0.3029647320508957,0.5615409729023833,188.0,0.91411079401905,0.9571916465539296,0.0834608264267444,1.0,0.0,11.431850712746382,878.0,0.97116833058168,3.0,min_freq_conf,['None'],"['nap', 'rtp']",0.8,21.0,1.0,PROB_LEN_DIST,1.0,,1.0,7934502208332161235122762309750247231_eps0_s0,,0.001,7.934502208332161e+36,42.0,5.0,Sepsis,1.2
270.563952377066,0.9532913423519452,0.7597811762896727,0.0007222586999343,0.5877524250301571,54.112790475413206,14354922.52170682,1.4905632380396128,0.8149165376960968,0.4928926473341822,0.6612539025252626,12.49873541109264,24.75555581972003,0.8903479973736047,53.0,0.8982161527648246,0.975174874868981,0.0935794040560722,1.0,0.0,76.56836570985615,121744.0,0.9916500107310048,17.0,min_freq_conf,['None'],"['nap', 'rtp']",0.8,21.0,1.0,PROB_LEN_DIST,1.0,,1.0,47162190639218093551966380058160093021_eps4_s0,,1e-10,4.71621906392181e+37,42.0,5.0,Nasa,1.2
15.561823597177863,0.8176158621383204,0.5613174854195252,0.0044617958728388,0.4616326874806488,3.112364719435573,14354749.848447653,0.3169770650565624,0.3974402769760189,0.3538322983941895,0.4927119394556397,1.9069755356758835,2.7006296887993813,0.5351366424986057,121.0,0.7140520872662132,0.8768604342892509,0.0806050077080726,1.0,0.0,3.4809121899306774,10950.0,0.9394573270964334,21.0,min_freq_conf,['None'],"['nap', 'rtp']",0.8,21.0,1.0,PROB_LEN_DIST,1.0,,1.0,164892836331113955794446650841081385903_eps5_s0,,0.0001,1.6489283633111396e+38,42.0,5.0,Sepsis,1.2
15.561823597177863,0.81270408625079,0.5528435670395477,0.0028418061256709,0.4565616623044774,3.112364719435573,14354741.393964496,0.3169770650565624,0.4079887932265675,0.3705461246718703,0.4864341948871912,1.336792366579175,2.5424094051122665,0.5494158509630566,188.0,0.7094513534612799,0.8724710429765979,0.0812004711478948,1.0,0.0,3.447846380993724,10964.0,0.9368537743695808,21.0,min_freq_conf,['None'],"['nap', 'rtp']",0.8,21.0,1.0,PROB_LEN_DIST,1.0,,1.0,164892836331113955794446650841081385903_eps5_s0,,0.0001,1.6489283633111396e+38,42.0,5.0,Sepsis,1.2
15.561823597177863,0.8038621514317541,0.5399612486723236,0.0026118184786157,0.4459876371236018,3.112364719435573,14354733.70066774,0.3169770650565624,0.3953744851620739,0.4022166110120225,0.4723875079803293,1.1522750295698645,2.496171293780208,0.5504407443682664,188.0,0.6955811925398795,0.8665401240158577,0.080651493743062,1.0,0.0,3.0144802667200565,11151.0,0.9341014441706846,21.0,min_freq_conf,['None'],"['nap', 'rtp']",0.8,21.0,1.0,PROB_LEN_DIST,1.0,,1.0,164892836331113955794446650841081385903_eps5_s0,,0.0001,1.6489283633111396e+38,42.0,5.0,Sepsis,1.2
15.561823597177863,0.8034238386498733,0.5254818996514861,0.0038690476190476,0.4310382548701301,3.112364719435573,14354726.661874304,0.3169770650565624,0.461803483423191,0.3829987928585112,0.4572595099415781,1.4908874798566103,2.674539130181074,0.5502976190476191,188.0,0.689834571887819,0.867956850684403,0.0793343689292669,1.0,0.0,3.278763737529516,11130.0,0.936584007509668,21.0,min_freq_conf,['None'],"['nap', 'rtp']",0.8,21.0,1.0,PROB_LEN_DIST,1.0,,1.0,164892836331113955794446650841081385903_eps5_s0,,0.0001,1.6489283633111396e+38,42.0,5.0,Sepsis,1.2
15.561823597177863,0.7958828269461211,0.51387949056012,0.0006529546196539,0.4265474003004268,3.112364719435573,14354718.852959296,0.3169770650565624,0.4012376129716009,0.3947465925792263,0.4515521873487735,0.8931105695664883,2.570816872641444,0.5517466536075742,188.0,0.6801982472761395,0.8597970330603351,0.0794963371008634,1.0,0.0,2.833940353244543,10900.0,0.9307997419871956,21.0,min_freq_conf,['None'],"['nap', 'rtp']",0.8,21.0,1.0,PROB_LEN_DIST,1.0,,1.0,164892836331113955794446650841081385903_eps5_s0,,0.0001,1.6489283633111396e+38,42.0,5.0,Sepsis,1.2
15.561823597177863,0.8181919513979975,0.5686126848190053,0.0044617958728388,0.4731579573072653,3.112364719435573,14354712.1847853,0.3169770650565624,0.3990935608658139,0.3652738939386617,0.5031812195724197,1.9067286681383848,2.350270679220557,0.5395984383714445,121.0,0.7193430132447686,0.8771266618190813,0.0816188473254442,1.0,0.0,3.3050213139504194,10950.0,0.9396552961673856,17.0,min_freq_conf,['None'],"['nap', 'rtp']",0.8,21.0,1.0,PROB_LEN_DIST,1.0,,1.0,164892836331113955794446650841081385903_eps4_s0,,0.0001,1.6489283633111396e+38,42.0,5.0,Sepsis,1.2
15.561823597177863,0.8133901135769187,0.5591323636289743,0.0028418061256709,0.4657869063143588,3.112364719435573,14354704.241202235,0.3169770650565624,0.4066448388800767,0.385993373615854,0.4952093450615609,1.3512071184813976,2.426264587789774,0.5516261446163562,188.0,0.7146712246080065,0.8725350995507046,0.0796159040182828,1.0,0.0,3.3394164759665728,10964.0,0.9368052609406432,17.0,min_freq_conf,['None'],"['nap', 'rtp']",0.8,21.0,1.0,PROB_LEN_DIST,1.0,,1.0,164892836331113955794446650841081385903_eps4_s0,,0.0001,1.6489283633111396e+38,42.0,5.0,Sepsis,1.2
270.563952377066,0.9546315352826836,0.7563157525351064,0.0,0.5779338569463248,54.112790475413206,14354808.29466868,1.4905632380396128,0.8128226212240292,0.4649154241865984,0.6548325288452496,12.72205938771367,23.849336380138997,0.8903526019137502,53.0,0.8983394770981528,0.9758920259797412,0.0960434954613447,1.0,0.0,76.00513330847025,122698.0,0.9918964881703533,17.0,min_freq_conf,['None'],"['nap', 'rtp']",0.8,21.0,1.0,PROB_LEN_DIST,1.0,,1.0,47162190639218093551966380058160093021_eps4_s0,,1e-10,4.71621906392181e+37,42.0,5.0,Nasa,1.2
15.561823597177863,0.8061019708786952,0.5482122593997591,0.0026118184786157,0.4574089128766551,3.112364719435573,14354696.747907013,0.3169770650565624,0.3995447405832135,0.4128432317665375,0.4834018188910264,1.2315033413469791,2.2806483786553144,0.5527260855370552,188.0,0.7024154171304093,0.8676481153387545,0.0796480253338813,1.0,0.0,2.9019955415278678,11151.0,0.9345126140427518,17.0,min_freq_conf,['None'],"['nap', 'rtp']",0.8,21.0,1.0,PROB_LEN_DIST,1.0,,1.0,164892836331113955794446650841081385903_eps4_s0,,0.0001,1.6489283633111396e+38,42.0,5.0,Sepsis,1.2
15.561823597177863,0.8044633212057095,0.5411989956861175,0.0038690476190476,0.4487908828540302,3.112364719435573,14354689.957697028,0.3169770650565624,0.4615081054225891,0.4014217084783987,0.4720114234092971,1.679863478988409,2.485584393143654,0.549404761904762,188.0,0.6962648172061816,0.8684130735859307,0.0787504184991121,1.0,0.0,3.1265741884708405,11130.0,0.9365283867597556,17.0,min_freq_conf,['None'],"['nap', 'rtp']",0.8,21.0,1.0,PROB_LEN_DIST,1.0,,1.0,164892836331113955794446650841081385903_eps4_s0,,0.0001,1.6489283633111396e+38,42.0,5.0,Sepsis,1.2
15.561823597177863,0.7982839640364858,0.5304273866320399,0.0006529546196539,0.4440733393925505,3.112364719435573,14354682.29241374,0.3169770650565624,0.4042378911387506,0.4089821858936587,0.4658825024991311,1.0475948750972748,2.25902140699327,0.5569702905648057,188.0,0.6886112534506513,0.8617401780897203,0.0785480588674545,1.0,0.0,2.772446235641837,10900.0,0.9320737544373796,17.0,min_freq_conf,['None'],"['nap', 'rtp']",0.8,21.0,1.0,PROB_LEN_DIST,1.0,,1.0,164892836331113955794446650841081385903_eps4_s0,,0.0001,1.6489283633111396e+38,42.0,5.0,Sepsis,1.2
15.561823597177863,0.8293186802759471,0.5854026372466501,0.0044617958728388,0.4844456391131616,3.112364719435573,14354675.837162092,0.3169770650565624,0.3998959213471283,0.3772750889423902,0.5149152458181665,2.0490332059562206,2.131973123177886,0.5521472392638037,121.0,0.7338119532200988,0.8826322376760695,0.0784615688025951,1.0,0.0,3.2820575032383204,10950.0,0.9421752582211742,11.0,min_freq_conf,['None'],"['nap', 'rtp']",0.8,21.0,1.0,PROB_LEN_DIST,1.0,,1.0,164892836331113955794446650841081385903_eps3_s0,,0.0001,1.6489283633111396e+38,42.0,5.0,Sepsis,1.2
15.561823597177863,0.8246269043621265,0.5757812227041121,0.0028418061256709,0.4799325313534517,3.112364719435573,14354668.006368753,0.3169770650565624,0.4323623709346447,0.4066683260407159,0.5067742945668774,1.436656903475523,2.0232615750283003,0.5689927376065678,188.0,0.7274906104476695,0.8793209494883362,0.0895561352372169,1.0,0.0,3.2505829595029354,10964.0,0.9403356560559644,11.0,min_freq_conf,['None'],"['nap', 'rtp']",0.8,21.0,1.0,PROB_LEN_DIST,1.0,,1.0,164892836331113955794446650841081385903_eps3_s0,,0.0001,1.6489283633111396e+38,42.0,5.0,Sepsis,1.2
15.561823597177863,0.8303460701047038,0.5808271715495499,0.0026118184786157,0.4910524449285082,3.112364719435573,14354660.907590823,0.3169770650565624,0.4108867632255064,0.4157014028238279,0.5140417957111769,1.542547233402729,2.0784428156912327,0.5794972249428665,188.0,0.7314214875748491,0.8843666920370166,0.0821871683001518,1.0,0.0,3.428333330899477,11151.0,0.9420891040021968,11.0,min_freq_conf,['None'],"['nap', 'rtp']",0.8,21.0,1.0,PROB_LEN_DIST,1.0,,1.0,164892836331113955794446650841081385903_eps3_s0,,0.0001,1.6489283633111396e+38,42.0,5.0,Sepsis,1.2
15.561823597177863,0.8197010134979443,0.5593748801468951,0.0038690476190476,0.4587686926454164,3.112364719435573,14354653.466526886,0.3169770650565624,0.4632165093326937,0.4112968675179204,0.4876762338586923,1.7084757015109062,2.161538502201438,0.5675595238095238,188.0,0.7179195003485548,0.8771511873041486,0.0785736609250307,1.0,0.0,3.1268680188804865,11130.0,0.9411017632082056,11.0,min_freq_conf,['None'],"['nap', 'rtp']",0.8,21.0,1.0,PROB_LEN_DIST,1.0,,1.0,164892836331113955794446650841081385903_eps3_s0,,0.0001,1.6489283633111396e+38,42.0,5.0,Sepsis,1.2
15.561823597177863,0.8112289388508436,0.54083831712964,0.0006529546196539,0.4666981270833985,3.112364719435573,14354646.094160192,0.3169770650565624,0.4458363413722888,0.4328842356174154,0.4870441126791534,1.0919582918286324,1.9648568350821731,0.5726412014365002,188.0,0.70594465523752,0.8694833593695238,0.0798128247261047,1.0,0.0,2.719636896625161,10900.0,0.9347053729966456,11.0,min_freq_conf,['None'],"['nap', 'rtp']",0.8,21.0,1.0,PROB_LEN_DIST,1.0,,1.0,164892836331113955794446650841081385903_eps3_s0,,0.0001,1.6489283633111396e+38,42.0,5.0,Sepsis,1.2
15.561823597177863,0.8015133459151138,0.5541221835490753,0.0044617958728388,0.4559485527065902,3.112364719435573,14354639.940782556,0.3169770650565624,0.2740452378117796,0.3460644451016611,0.4843686942329109,2.1220626197755337,1.9824042189866304,0.3856664807585053,121.0,0.7035127594074704,0.8573995587134177,0.0777469556778669,1.0,0.0,3.4545900877565145,10950.0,0.9278371606678092,7.0,min_freq_conf,['None'],"['nap', 'rtp']",0.8,21.0,1.0,PROB_LEN_DIST,1.0,,1.0,164892836331113955794446650841081385903_eps2_s0,,0.0001,1.6489283633111396e+38,42.0,5.0,Sepsis,1.2
15.561823597177863,0.7945545610155614,0.5433995811585919,0.0028418061256709,0.4336825490840356,3.112364719435573,14354632.013543768,0.3169770650565624,0.3485655433464061,0.348565571498318,0.4701939789025923,1.4964063707739117,2.012044129893184,0.4436375118408588,188.0,0.6970075064464366,0.8528322082665203,0.0788851249963045,1.0,0.0,3.669635703787208,10964.0,0.9261273587250098,7.0,min_freq_conf,['None'],"['nap', 'rtp']",0.8,21.0,1.0,PROB_LEN_DIST,1.0,,1.0,164892836331113955794446650841081385903_eps2_s0,,0.0001,1.6489283633111396e+38,42.0,5.0,Sepsis,1.2
15.561823597177863,0.7856409503474808,0.5215230461424303,0.0026118184786157,0.4290528116411095,3.112364719435573,14354624.46488946,0.3169770650565624,0.2705977854576862,0.3817560659993698,0.4500063705909483,1.2930404227226973,1.929057640954852,0.3979758406790728,188.0,0.6793745935653758,0.8420039090241948,0.0812231190502643,1.0,0.0,3.1508460268378258,11151.0,0.9209343172047718,7.0,min_freq_conf,['None'],"['nap', 'rtp']",0.8,21.0,1.0,PROB_LEN_DIST,1.0,,1.0,164892836331113955794446650841081385903_eps2_s0,,0.0001,1.6489283633111396e+38,42.0,5.0,Sepsis,1.2
15.561823597177863,0.7950092617978064,0.5327376026752146,0.0038690476190476,0.4207274708233711,3.112364719435573,14354617.714638522,0.3169770650565624,0.3955884846425716,0.3685288668174589,0.4486839209463893,1.4505716562271118,1.997046122327447,0.444345238095238,188.0,0.6959918777250413,0.8513796212184388,0.081634460017085,1.0,0.0,3.4999214317649603,11130.0,0.9286023026509108,7.0,min_freq_conf,['None'],"['nap', 'rtp']",0.8,21.0,1.0,PROB_LEN_DIST,1.0,,1.0,164892836331113955794446650841081385903_eps2_s0,,0.0001,1.6489283633111396e+38,42.0,5.0,Sepsis,1.2
15.561823597177863,0.7825930097640291,0.5148799501017254,0.0006529546196539,0.4182480342088332,3.112364719435573,14354610.40037968,0.3169770650565624,0.3384576869200689,0.3983501340342097,0.4449446097369535,1.1753819808363914,1.89358183555305,0.3917727717923604,188.0,0.6722101163636673,0.8358824359651315,0.0786565989255905,1.0,0.0,2.6576443556696177,10900.0,0.917423376356203,7.0,min_freq_conf,['None'],"['nap', 'rtp']",0.8,21.0,1.0,PROB_LEN_DIST,1.0,,1.0,164892836331113955794446650841081385903_eps2_s0,,0.0001,1.6489283633111396e+38,42.0,5.0,Sepsis,1.2
15.561823597177863,0.7531474589734736,0.4641151900286057,0.0044617958728388,0.3688164897671578,3.112364719435573,14354604.3065943,0.3169770650565624,0.2275924976343017,0.2722995952356972,0.3977768941679115,1.0852518659085035,2.097910676151514,0.2593418851087563,121.0,0.6379456366129683,0.8240263649422304,0.0790285263210535,1.0,0.0,3.0578277111053467,10950.0,0.9022737605114196,5.0,min_freq_conf,['None'],"['nap', 'rtp']",0.8,21.0,1.0,PROB_LEN_DIST,1.0,,1.0,164892836331113955794446650841081385903_eps1_s0,,0.0001,1.6489283633111396e+38,42.0,5.0,Sepsis,1.2
15.561823597177863,0.7392414165687946,0.4331092948225175,0.0028418061256709,0.336303139388493,3.112364719435573,14354597.70082962,0.3169770650565624,0.2856098834197965,0.3101260286208577,0.3609359878202999,0.8815268892794847,2.017563186585903,0.2838648563309125,188.0,0.6169567959613405,0.8119455105140353,0.078997591510415,1.0,0.0,3.057188091799617,10964.0,0.8975900519889382,5.0,min_freq_conf,['None'],"['nap', 'rtp']",0.8,21.0,1.0,PROB_LEN_DIST,1.0,,1.0,164892836331113955794446650841081385903_eps1_s0,,0.0001,1.6489283633111396e+38,42.0,5.0,Sepsis,1.2
270.563952377066,0.9541010083459142,0.7507379648551169,6.469142191745374e-05,0.5714908592020053,54.112790475413206,14354695.3326378,1.4905632380396128,0.8101833676613268,0.4822764285978109,0.647949740168761,12.639165617525578,24.469161523506045,0.8888601371458145,51.0,0.8972908031597586,0.975728669925684,0.0930867083370685,1.0,0.0,70.79758879728615,122095.0,0.991894080159768,17.0,min_freq_conf,['None'],"['nap', 'rtp']",0.8,21.0,1.0,PROB_LEN_DIST,1.0,,1.0,47162190639218093551966380058160093021_eps4_s0,,1e-10,4.71621906392181e+37,42.0,5.0,Nasa,1.2
15.561823597177863,0.8235907989243556,0.6476288995333077,0.0026118184786157,0.5593101105476725,3.112364719435573,14354591.362143824,0.3169770650565624,0.2758103101294473,0.226160317505455,0.5908853334406682,2.502415992319584,1.842270540073514,0.2843617368592883,188.0,0.7555644772856418,0.866919763688042,0.0762495715171098,1.0,0.0,9.627880327403544,11151.0,0.9242708580934916,5.0,min_freq_conf,['None'],"['nap', 'rtp']",0.8,21.0,1.0,PROB_LEN_DIST,1.0,,1.0,164892836331113955794446650841081385903_eps1_s0,,0.0001,1.6489283633111396e+38,42.0,5.0,Sepsis,1.2
15.561823597177863,0.7519701888601364,0.4601278385247578,0.0038690476190476,0.3515126981074364,3.112364719435573,14354577.032150649,0.3169770650565624,0.3158273215999948,0.3174884240427168,0.3810255572483177,1.1131267752498388,1.98652757704258,0.2806547619047619,188.0,0.6379320715902329,0.8207177158952109,0.0835055951029062,1.0,0.0,3.2864258401095867,11130.0,0.90416413390932,5.0,min_freq_conf,['None'],"['nap', 'rtp']",0.8,21.0,1.0,PROB_LEN_DIST,1.0,,1.0,164892836331113955794446650841081385903_eps1_s0,,0.0001,1.6489283633111396e+38,42.0,5.0,Sepsis,1.2
15.561823597177863,0.7540301474840607,0.4301809673467013,0.0006529546196539,0.3530860457318155,3.112364719435573,14354570.278242271,0.3169770650565624,0.3080521528072855,0.3370890387763858,0.3716491995675328,0.8682540450245142,1.834591567516327,0.3450865164871041,188.0,0.6247659909486173,0.8276147836215497,0.0818978957831859,1.0,0.0,3.8727445248514414,10900.0,0.9081066276262746,5.0,min_freq_conf,['None'],"['nap', 'rtp']",0.8,21.0,1.0,PROB_LEN_DIST,1.0,,1.0,164892836331113955794446650841081385903_eps1_s0,,0.0001,1.6489283633111396e+38,42.0,5.0,Sepsis,1.2
270.563952377066,0.953136113113509,0.7503979812406245,0.0003307753373908,0.5737939178145361,54.112790475413206,14354587.039721172,1.4905632380396128,0.8123884401852784,0.4764343984808973,0.64877302546077,12.39412570372224,23.497267512604594,0.887933315691982,53.0,0.895616842957048,0.975223795334986,0.0972820371389389,1.0,0.0,69.6315653230995,121592.0,0.9916836909660444,17.0,min_freq_conf,['None'],"['nap', 'rtp']",0.8,21.0,1.0,PROB_LEN_DIST,1.0,,1.0,47162190639218093551966380058160093021_eps4_s0,,1e-10,4.71621906392181e+37,42.0,5.0,Nasa,1.2
270.563952377066,0.9526094714793386,0.7651556083395337,6.60414740457007e-05,0.597883753248596,54.112790475413206,14354481.11305497,1.4905632380396128,0.7963748854334057,0.4730805647273143,0.6718813616454881,13.380212679505348,20.32064068876207,0.8535860520406815,53.0,0.8979060618416792,0.9743620083233366,0.0962392762303352,1.0,0.0,96.23340373300016,122922.0,0.9909763768197102,11.0,min_freq_conf,['None'],"['nap', 'rtp']",0.8,21.0,1.0,PROB_LEN_DIST,1.0,,1.0,47162190639218093551966380058160093021_eps3_s0,,1e-10,4.71621906392181e+37,42.0,5.0,Nasa,1.2
15.561823597177863,0.979624900644412,0.9568217453442042,0.0044617958728388,0.9198823787182792,3.112364719435573,14354563.3197248,0.3169770650565624,0.3505299809890734,0.1217811783750751,0.9390363636348849,19.425677686929703,1.8989328183233736,0.5627440044617958,121.0,0.9731323622736856,0.9831946994195442,0.0853853002190589,1.0,0.0,221.8323108330369,10950.0,0.9869785573657168,3.0,min_freq_conf,['None'],"['nap', 'rtp']",0.8,21.0,1.0,PROB_LEN_DIST,1.0,,1.0,164892836331113955794446650841081385903_eps0_s0,,0.0001,1.6489283633111396e+38,42.0,5.0,Sepsis,1.2
15.561823597177863,0.9649884488431538,0.8958261587563717,0.0028418061256709,0.7775762718730769,3.112364719435573,14354319.776689667,0.3169770650565624,0.3555771573894075,0.1487235215147251,0.8396734225403707,4.422138163819909,1.8045400362461803,0.584780549415851,188.0,0.9458640146366656,0.9740369536608348,0.0783566944301128,1.0,0.0,67.05114766396582,10964.0,0.982441583056286,3.0,min_freq_conf,['None'],"['nap', 'rtp']",0.8,21.0,1.0,PROB_LEN_DIST,1.0,,1.0,164892836331113955794446650841081385903_eps0_s0,,0.0001,1.6489283633111396e+38,42.0,5.0,Sepsis,1.2
1007.369895869866,0.9637680748258916,0.9184371464798996,5.647803004631199e-05,0.8315060011327772,201.4739791739732,14364805.05055356,2.4639344420284037,0.5829985428675722,0.1899634903516817,0.8761435102028103,56.86054996214807,83.49375844746828,0.7603919575285214,99.0,0.9539838580189718,0.9703826357242012,0.1255011297762394,1.0,0.0,10449.97815362364,231687.0,0.9818471979891362,3.0,min_freq_conf,['None'],"['nap', 'rtp']",0.8,21.0,1.0,PROB_LEN_DIST,1.0,,1.0,85786624389934247284509876354467652603_eps0_s0,,1e-10,8.578662438993424e+37,42.0,5.0,BPI2012_C,1.2
270.563952377066,0.953363189383173,0.769241272856138,0.0007222586999343,0.6067532629238724,54.112790475413206,14354350.77068952,1.4905632380396128,0.8101776174928111,0.4709515242816435,0.6789429459561034,13.33214164711535,20.68106480874121,0.888575180564675,53.0,0.8991146337595142,0.9751264408242664,0.091587720438838,1.0,0.0,112.87930966354908,121744.0,0.9913623682437328,11.0,min_freq_conf,['None'],"['nap', 'rtp']",0.8,21.0,1.0,PROB_LEN_DIST,1.0,,1.0,47162190639218093551966380058160093021_eps3_s0,,1e-10,4.71621906392181e+37,42.0,5.0,Nasa,1.2
15.561823597177863,0.9733328346285408,0.9253746906474536,0.0026118184786157,0.8447291434669788,3.112364719435573,14354246.1154183,0.3169770650565624,0.3566570094319041,0.1173897600709034,0.8869589291250065,5.475264951586723,2.038657480850816,0.5850473392099249,188.0,0.9601598969838158,0.9796361505675588,0.0874144732952117,1.0,0.0,97.61001188494264,11151.0,0.9853486731999284,3.0,min_freq_conf,['None'],"['nap', 'rtp']",0.8,21.0,1.0,PROB_LEN_DIST,1.0,,1.0,164892836331113955794446650841081385903_eps0_s0,,0.0001,1.6489283633111396e+38,42.0,5.0,Sepsis,1.2
270.563952377066,0.954103447710298,0.7787135054425999,0.0,0.6241980880521502,54.112790475413206,14354203.485636696,1.4905632380396128,0.7960944830297069,0.4564231202455024,0.6943098929944792,14.596305472776294,20.978563096374277,0.8547647135928693,53.0,0.9015998599111884,0.9750437183608832,0.1013813950121402,1.0,0.0,108.88092717528345,122698.0,0.9911624089132576,11.0,min_freq_conf,['None'],"['nap', 'rtp']",0.8,21.0,1.0,PROB_LEN_DIST,1.0,,1.0,47162190639218093551966380058160093021_eps3_s0,,1e-10,4.71621906392181e+37,42.0,5.0,Nasa,1.2
15.561823597177863,0.9778754487711488,0.9414934586343424,0.0038690476190476,0.881777714566614,3.112364719435573,14354140.588896193,0.3169770650565624,0.3850265926352034,0.108537063411514,0.9131053237036888,8.058326784521341,2.0108273532241583,0.5708333333333333,188.0,0.9676929937432486,0.9827516276742286,0.0838424190878868,1.0,0.0,139.30685271136463,11130.0,0.9875046386663638,3.0,min_freq_conf,['None'],"['nap', 'rtp']",0.8,21.0,1.0,PROB_LEN_DIST,1.0,,1.0,164892836331113955794446650841081385903_eps0_s0,,0.0001,1.6489283633111396e+38,42.0,5.0,Sepsis,1.2
15.561823597177863,0.9611901935316024,0.8784415932835418,0.0006529546196539,0.7369288066497686,3.112364719435573,14353990.812453412,0.3169770650565624,0.3557278844467769,0.1572309873006956,0.8110042799782389,3.5802292861044407,1.980215087532997,0.5857002938295789,188.0,0.9386400385657946,0.971835000980361,0.0886899419128894,1.0,0.0,56.43389132618904,10900.0,0.9814803707048808,3.0,min_freq_conf,['None'],"['nap', 'rtp']",0.8,21.0,1.0,PROB_LEN_DIST,1.0,,1.0,164892836331113955794446650841081385903_eps0_s0,,0.0001,1.6489283633111396e+38,42.0,5.0,Sepsis,1.2
270.563952377066,0.9522642557773586,0.7636806938445543,6.469142191745374e-05,0.592608562768335,54.112790475413206,14354058.614488369,1.4905632380396128,0.7956333985543229,0.4645587293966162,0.6690393956714753,13.649060172960162,21.34066109545529,0.8558028205459955,51.0,0.8973574781449566,0.9741385735310416,0.1005843710154295,1.0,0.0,105.78650075942278,122095.0,0.9906983586853252,11.0,min_freq_conf,['None'],"['nap', 'rtp']",0.8,21.0,1.0,PROB_LEN_DIST,1.0,,1.0,47162190639218093551966380058160093021_eps3_s0,,1e-10,4.71621906392181e+37,42.0,5.0,Nasa,1.2
83.18400016985834,0.8198032909286955,0.5619374941502536,0.0008365867261572,0.4675042101282995,16.636800033971667,14353847.250754548,0.3127477951347828,0.3990915380819297,0.3687360064618554,0.4970704652025882,2.55857814848423,10.573315368965268,0.5499163413273843,121.0,0.7155985896017869,0.8780917274116761,0.0861031915992498,1.0,0.0,11.064366163685918,73305.0,0.9415309523877284,21.0,min_freq_conf,['None'],"['nap', 'rtp']",0.8,21.0,1.0,PROB_LEN_DIST,1.0,,1.0,67808319043021407123179336236800672554_eps5_s0,,1e-07,6.780831904302141e+37,42.0,5.0,Sepsis,1.2
83.18400016985834,0.8077180091096512,0.5316683258297814,0.0018945374171139,0.430683655905256,16.636800033971667,14353822.654136868,0.3127477951347828,0.4077131406720717,0.3868988673430167,0.4614460693294307,1.2212692704051733,10.585819656029344,0.5550994632143985,188.0,0.6967764817542302,0.8707102190209498,0.0831914544105529,1.0,0.0,11.02438035234809,76724.0,0.9386372316329588,21.0,min_freq_conf,['None'],"['nap', 'rtp']",0.8,21.0,1.0,PROB_LEN_DIST,1.0,,1.0,67808319043021407123179336236800672554_eps5_s0,,1e-07,6.780831904302141e+37,42.0,5.0,Sepsis,1.2
270.563952377066,0.9502900423531692,0.7565113975932993,0.0003307753373908,0.58792854663152,54.112790475413206,14353917.42117393,1.4905632380396128,0.7972661268591791,0.4703885930555854,0.6610931915491108,12.97516761533916,21.305639693513516,0.8560465731675047,53.0,0.8932113703482452,0.9731717213479606,0.1025578305125236,1.0,0.0,100.23922268673778,121592.0,0.9904799841976673,11.0,min_freq_conf,['None'],"['nap', 'rtp']",0.8,21.0,1.0,PROB_LEN_DIST,1.0,,1.0,47162190639218093551966380058160093021_eps3_s0,,1e-10,4.71621906392181e+37,42.0,5.0,Nasa,1.2
83.18400016985834,0.7936195926092613,0.5198050331839587,0.0016323865491348,0.4284531159127875,16.636800033971667,14353799.436671196,0.3127477951347828,0.3912536566688912,0.3823504004372607,0.454462236140831,1.1255097556859257,10.296366734430194,0.5488083578191316,188.0,0.6809410190301319,0.8602331273714262,0.0844746567308902,1.0,0.0,10.894865363836288,77043.0,0.934214405341616,21.0,min_freq_conf,['None'],"['nap', 'rtp']",0.8,21.0,1.0,PROB_LEN_DIST,1.0,,1.0,67808319043021407123179336236800672554_eps5_s0,,1e-07,6.780831904302141e+37,42.0,5.0,Sepsis,1.2
83.18400016985834,0.8008022810741754,0.5179412320895018,0.0014880952380952,0.4185014520034641,16.636800033971667,14353776.73885678,0.3127477951347828,0.4170286036167822,0.3713252308580952,0.447053656101867,1.517151951789856,9.983318831771612,0.5342261904761905,188.0,0.687341511806394,0.8661121380760636,0.0861466117203235,1.0,0.0,10.789364906027911,74713.0,0.9353105819752466,21.0,min_freq_conf,['None'],"['nap', 'rtp']",0.8,21.0,1.0,PROB_LEN_DIST,1.0,,1.0,67808319043021407123179336236800672554_eps5_s0,,1e-07,6.780831904302141e+37,42.0,5.0,Sepsis,1.2
83.18400016985834,0.7937458226361567,0.5077172850906095,0.0003264773098269,0.413319702950933,16.636800033971667,14353754.059758153,0.3127477951347828,0.402279560582972,0.3823824754301768,0.4411597903088513,0.9119228553026916,10.143820732831957,0.5618674502122103,188.0,0.6756836596760214,0.8611681095293586,0.0867201816290617,1.0,0.0,10.530228730291128,77008.0,0.9340356773480328,21.0,min_freq_conf,['None'],"['nap', 'rtp']",0.8,21.0,1.0,PROB_LEN_DIST,1.0,,1.0,67808319043021407123179336236800672554_eps5_s0,,1e-07,6.780831904302141e+37,42.0,5.0,Sepsis,1.2
83.18400016985834,0.8195793314473496,0.5687725280277377,0.0008365867261572,0.4733660915942883,16.636800033971667,14353732.066361869,0.3127477951347828,0.3888532651530077,0.3767127201962351,0.5030818286749857,2.6663371715694666,8.05700789950788,0.5448968209704406,121.0,0.7178507223157562,0.8775028727424191,0.0860111881047487,1.0,0.0,9.23677114956081,73305.0,0.9408944644392272,17.0,min_freq_conf,['None'],"['nap', 'rtp']",0.8,21.0,1.0,PROB_LEN_DIST,1.0,,1.0,67808319043021407123179336236800672554_eps4_s0,,1e-07,6.780831904302141e+37,42.0,5.0,Sepsis,1.2
83.18400016985834,0.8093763837641192,0.5415803456580441,0.0018945374171139,0.4429630528004186,16.636800033971667,14353711.714080438,0.3127477951347828,0.411633010705118,0.4002742921276542,0.4737775462167473,1.2367263603955507,7.975952200591564,0.5604673192295548,188.0,0.702694865948296,0.871612874613607,0.0833275653421878,1.0,0.0,8.943372117355466,76724.0,0.9390365536064612,17.0,min_freq_conf,['None'],"['nap', 'rtp']",0.8,21.0,1.0,PROB_LEN_DIST,1.0,,1.0,67808319043021407123179336236800672554_eps4_s0,,1e-07,6.780831904302141e+37,42.0,5.0,Sepsis,1.2
83.18400016985834,0.7934405504300275,0.5282651905959197,0.0016323865491348,0.4368264705044184,16.636800033971667,14353693.15145296,0.3127477951347828,0.3855452651677298,0.3931491992752489,0.4631904534317801,1.1379935164004564,7.687055034562945,0.5429317662422461,188.0,0.6851355329043325,0.8595409331894808,0.0842748451977968,1.0,0.0,8.694965800270438,77043.0,0.9339609014042902,17.0,min_freq_conf,['None'],"['nap', 'rtp']",0.8,21.0,1.0,PROB_LEN_DIST,1.0,,1.0,67808319043021407123179336236800672554_eps4_s0,,1e-07,6.780831904302141e+37,42.0,5.0,Sepsis,1.2
83.18400016985834,0.8014781903882386,0.5224579766367413,0.0014880952380952,0.4234983315400956,16.636800033971667,14353675.249120804,0.3127477951347828,0.4213834550762988,0.3751665848176546,0.4523498394096529,1.50992994569242,7.708404703065753,0.5357142857142857,188.0,0.6887607572883077,0.8669981806722552,0.0867533646523952,1.0,0.0,8.974738089367747,74713.0,0.935941698107194,17.0,min_freq_conf,['None'],"['nap', 'rtp']",0.8,21.0,1.0,PROB_LEN_DIST,1.0,,1.0,67808319043021407123179336236800672554_eps4_s0,,1e-07,6.780831904302141e+37,42.0,5.0,Sepsis,1.2
83.18400016985834,0.7922015055815428,0.5137467653477259,0.0003264773098269,0.4217512531177094,16.636800033971667,14353656.662932,0.3127477951347828,0.4006300960236125,0.3927625628858843,0.4487909193056507,0.9686012696474792,7.550442922860384,0.5576232451844597,188.0,0.6758307272241415,0.8592915375706781,0.0840711444616317,1.0,0.0,8.383507698774338,77008.0,0.9325852965236484,17.0,min_freq_conf,['None'],"['nap', 'rtp']",0.8,21.0,1.0,PROB_LEN_DIST,1.0,,1.0,67808319043021407123179336236800672554_eps4_s0,,1e-07,6.780831904302141e+37,42.0,5.0,Sepsis,1.2
270.563952377066,0.9459753449705164,0.7242411935175564,6.60414740457007e-05,0.5353487141452129,54.112790475413206,14353782.480436329,1.4905632380396128,0.7878804371904508,0.4881612399565053,0.6042934063794787,9.93017533235252,19.86156464740634,0.86804913485669,53.0,0.8849418122929981,0.970008046234108,0.1160302646458149,1.0,0.0,130.6675724722445,122922.0,0.9889469556956828,7.0,min_freq_conf,['None'],"['nap', 'rtp']",0.8,21.0,1.0,PROB_LEN_DIST,1.0,,1.0,47162190639218093551966380058160093021_eps2_s0,,1e-10,4.71621906392181e+37,42.0,5.0,Nasa,1.2
83.18400016985834,0.8277678189369495,0.5837847178873397,0.0008365867261572,0.4793870471826128,16.636800033971667,14353639.369740477,0.3127477951347828,0.3768535104633457,0.3787218444227587,0.5137718414806138,2.3398538921028376,6.650848586112261,0.5317902955939766,121.0,0.733857041091136,0.880572518767298,0.0859534330666065,1.0,0.0,8.910013744607568,73305.0,0.9431366950280612,11.0,min_freq_conf,['None'],"['nap', 'rtp']",0.8,21.0,1.0,PROB_LEN_DIST,1.0,,1.0,67808319043021407123179336236800672554_eps3_s0,,1e-07,6.780831904302141e+37,42.0,5.0,Sepsis,1.2
83.18400016985834,0.8028015397322384,0.5336150222740401,0.0018945374171139,0.429357749605091,16.636800033971667,14353621.07609262,0.3127477951347828,0.3949093316982507,0.3868503619633376,0.4618421562735447,1.2511996626853945,6.304147025570273,0.5383643826965583,188.0,0.6974201833798731,0.8635021908234715,0.0785856433212757,1.0,0.0,7.90397060289979,76724.0,0.9356783008576856,11.0,min_freq_conf,['None'],"['nap', 'rtp']",0.8,21.0,1.0,PROB_LEN_DIST,1.0,,1.0,67808319043021407123179336236800672554_eps3_s0,,1e-07,6.780831904302141e+37,42.0,5.0,Sepsis,1.2
83.18400016985834,0.8001309293019577,0.5391269635416801,0.0016323865491348,0.441902743764941,16.636800033971667,14353605.250744363,0.3127477951347828,0.3921907011330369,0.3980624016852546,0.4674416534694589,1.2743538487702608,6.193344373255968,0.5628468821416912,188.0,0.6960784077316549,0.8636386703706666,0.0804029814898967,1.0,0.0,8.037070756778121,77043.0,0.9367821238925602,11.0,min_freq_conf,['None'],"['nap', 'rtp']",0.8,21.0,1.0,PROB_LEN_DIST,1.0,,1.0,67808319043021407123179336236800672554_eps3_s0,,1e-07,6.780831904302141e+37,42.0,5.0,Sepsis,1.2
83.18400016985834,0.8044688641876097,0.5291003560844896,0.0014880952380952,0.4268172905853103,16.636800033971667,14353589.372863987,0.3127477951347828,0.42771812251155,0.3847016793862771,0.4557353494651053,1.40656915679574,6.43448998965323,0.544345238095238,188.0,0.6983529174856933,0.8658375804259957,0.0849082376807928,1.0,0.0,7.840793831273913,74713.0,0.9351646129485208,11.0,min_freq_conf,['None'],"['nap', 'rtp']",0.8,21.0,1.0,PROB_LEN_DIST,1.0,,1.0,67808319043021407123179336236800672554_eps3_s0,,1e-07,6.780831904302141e+37,42.0,5.0,Sepsis,1.2
83.18400016985834,0.7929349749909747,0.5223370666117623,0.0003264773098269,0.4286101665254657,16.636800033971667,14353573.303301936,0.3127477951347828,0.3915703041010304,0.4008914759012282,0.4532911876773901,1.067482966929674,6.308049285784364,0.5484818805093046,188.0,0.6879637077988587,0.8552199730376588,0.0844857115298509,1.0,0.0,7.797769891098142,77008.0,0.9335482273618892,11.0,min_freq_conf,['None'],"['nap', 'rtp']",0.8,21.0,1.0,PROB_LEN_DIST,1.0,,1.0,67808319043021407123179336236800672554_eps3_s0,,1e-07,6.780831904302141e+37,42.0,5.0,Sepsis,1.2
83.18400016985834,0.7691902447434967,0.5053745659342062,0.0008365867261572,0.4092797843505633,16.636800033971667,14353557.743098754,0.3127477951347828,0.2581941450890949,0.3134956330518811,0.4377224013625136,1.443863969296217,6.3724887408316135,0.3304517568321249,121.0,0.6605216877079634,0.8306286149363771,0.0914696920663118,1.0,0.0,7.793771294876933,73305.0,0.9168778673219192,7.0,min_freq_conf,['None'],"['nap', 'rtp']",0.8,21.0,1.0,PROB_LEN_DIST,1.0,,1.0,67808319043021407123179336236800672554_eps2_s0,,1e-07,6.780831904302141e+37,42.0,5.0,Sepsis,1.2
83.18400016985834,0.7373189584196664,0.4628557245337821,0.0018945374171139,0.3684940016884154,16.636800033971667,14353541.741122928,0.3127477951347828,0.3114875468402638,0.3425832836984093,0.3970715396684127,1.088981918990612,6.246472405269742,0.3138616987685507,188.0,0.626447381966467,0.8038672979498952,0.0840091910213232,1.0,0.0,7.543905295431614,76724.0,0.904535029390972,7.0,min_freq_conf,['None'],"['nap', 'rtp']",0.8,21.0,1.0,PROB_LEN_DIST,1.0,,1.0,67808319043021407123179336236800672554_eps2_s0,,1e-07,6.780831904302141e+37,42.0,5.0,Sepsis,1.2
83.18400016985834,0.7466642957872835,0.4622197899133441,0.0016323865491348,0.3657750729961216,16.636800033971667,14353526.443402246,0.3127477951347828,0.225405854990646,0.3374272317274097,0.3945682974425231,1.1309539135545492,6.091117393225431,0.3059092393078681,188.0,0.6320431998549751,0.8118568747841529,0.0830013509839773,1.0,0.0,7.559824911877513,77043.0,0.9094787984616314,7.0,min_freq_conf,['None'],"['nap', 'rtp']",0.8,21.0,1.0,PROB_LEN_DIST,1.0,,1.0,67808319043021407123179336236800672554_eps2_s0,,1e-07,6.780831904302141e+37,42.0,5.0,Sepsis,1.2
83.18400016985834,0.7529848433362325,0.4847810211566991,0.0014880952380952,0.379227573714249,16.636800033971667,14353511.274777312,0.3127477951347828,0.2999422935508758,0.3411066012092821,0.413109528256865,1.2868652418255806,5.996935499832034,0.3205357142857143,188.0,0.6444900914665026,0.8155192249477815,0.0864961538463831,1.0,0.0,7.630260655656457,74713.0,0.908236317047,7.0,min_freq_conf,['None'],"['nap', 'rtp']",0.8,21.0,1.0,PROB_LEN_DIST,1.0,,1.0,67808319043021407123179336236800672554_eps2_s0,,1e-07,6.780831904302141e+37,42.0,5.0,Sepsis,1.2
83.18400016985834,0.7344341084855345,0.4447749953543633,0.0003264773098269,0.3533281175919051,16.636800033971667,14353495.966849929,0.3127477951347828,0.2744834699857789,0.3343130512829212,0.3810714909290768,1.0679424535483122,6.151114324107766,0.3075416258570029,188.0,0.6156893776313073,0.8001332194815146,0.0806075222790241,1.0,0.0,7.494040725752711,77008.0,0.9045498614007856,7.0,min_freq_conf,['None'],"['nap', 'rtp']",0.8,21.0,1.0,PROB_LEN_DIST,1.0,,1.0,67808319043021407123179336236800672554_eps2_s0,,1e-07,6.780831904302141e+37,42.0,5.0,Sepsis,1.2
83.18400016985834,0.7344322980261515,0.4543579291831659,0.0008365867261572,0.3592025566286993,16.636800033971667,14353480.87587994,0.3127477951347828,0.2024108530099863,0.2626942429319518,0.3880254847528609,1.098627820611,6.218409655615687,0.2085889570552147,121.0,0.6218405421497188,0.8056827429066822,0.0844543445855379,1.0,0.0,9.450280603021383,73305.0,0.8970188666149674,5.0,min_freq_conf,['None'],"['nap', 'rtp']",0.8,21.0,1.0,PROB_LEN_DIST,1.0,,1.0,67808319043021407123179336236800672554_eps1_s0,,1e-07,6.780831904302141e+37,42.0,5.0,Sepsis,1.2
270.563952377066,0.9442330172872806,0.7172930242104755,0.0007222586999343,0.5309461926375053,54.112790475413206,14353621.58376628,1.4905632380396128,0.7952919381063537,0.4766498334536886,0.5986990642189811,9.83888760022819,19.98751050978899,0.8703873933026921,53.0,0.8811189340638783,0.969304582708404,0.0997975412756204,1.0,0.0,127.99471636489034,121744.0,0.98881023476838,7.0,min_freq_conf,['None'],"['nap', 'rtp']",0.8,21.0,1.0,PROB_LEN_DIST,1.0,,1.0,47162190639218093551966380058160093021_eps2_s0,,1e-10,4.71621906392181e+37,42.0,5.0,Nasa,1.2
83.18400016985834,0.7182697557829553,0.4442115785668232,0.0018945374171139,0.351383036610233,16.636800033971667,14353463.712991782,0.3127477951347828,0.20175972242465,0.2830888813639639,0.3789363153898316,0.9562366437166928,6.1237436551600695,0.2188190716766656,188.0,0.6021081397058571,0.7886388925445804,0.0804278366267681,1.0,0.0,9.808337472379208,76724.0,0.8876853624855268,5.0,min_freq_conf,['None'],"['nap', 'rtp']",0.8,21.0,1.0,PROB_LEN_DIST,1.0,,1.0,67808319043021407123179336236800672554_eps1_s0,,1e-07,6.780831904302141e+37,42.0,5.0,Sepsis,1.2
83.18400016985834,0.6931295791066938,0.4052876640981468,0.0016323865491348,0.3193486385447603,16.636800033971667,14353446.439606844,0.3127477951347828,0.1829205817200336,0.2912174853385953,0.3428520406341908,0.710436075925827,5.810535158962011,0.2210251387528566,188.0,0.5728426349443548,0.7714940656245131,0.081439321860671,1.0,0.0,8.040785539895296,77043.0,0.8809993759697481,5.0,min_freq_conf,['None'],"['nap', 'rtp']",0.8,21.0,1.0,PROB_LEN_DIST,1.0,,1.0,67808319043021407123179336236800672554_eps1_s0,,1e-07,6.780831904302141e+37,42.0,5.0,Sepsis,1.2
83.18400016985834,0.7086874100709557,0.4107769574622972,0.0014880952380952,0.3172783000988043,16.636800033971667,14353431.51272728,0.3127477951347828,0.2475010062763772,0.2823149749950236,0.3426048757836772,0.8424621932208538,6.042509865015745,0.2199404761904762,188.0,0.5824390498316322,0.78782890035064,0.0805666130036115,1.0,0.0,8.200763072818518,74713.0,0.8871089429304183,5.0,min_freq_conf,['None'],"['nap', 'rtp']",0.8,21.0,1.0,PROB_LEN_DIST,1.0,,1.0,67808319043021407123179336236800672554_eps1_s0,,1e-07,6.780831904302141e+37,42.0,5.0,Sepsis,1.2
83.18400016985834,0.7224848184363005,0.4357276340728702,0.0003264773098269,0.3477079530136851,16.636800033971667,14353416.044756692,0.3127477951347828,0.2584150905098744,0.2781412136481193,0.3731842188059143,0.8654772154986858,5.8437803369015455,0.2729350310153444,188.0,0.5991397863332749,0.7965060729935877,0.0857162903994321,1.0,0.0,11.577005129307508,77008.0,0.8943203950305801,5.0,min_freq_conf,['None'],"['nap', 'rtp']",0.8,21.0,1.0,PROB_LEN_DIST,1.0,,1.0,67808319043021407123179336236800672554_eps1_s0,,1e-07,6.780831904302141e+37,42.0,5.0,Sepsis,1.2
270.563952377066,0.9457846993289464,0.7238257135331102,0.0,0.5289996612310005,54.112790475413206,14353463.352044076,1.4905632380396128,0.7869195581717111,0.4820429207590546,0.5996993548433613,10.04132016003132,19.67413010448217,0.8667584218115088,53.0,0.8844474522217447,0.969924161644936,0.0975183267146349,1.0,0.0,129.60910345613956,122698.0,0.988983212542344,7.0,min_freq_conf,['None'],"['nap', 'rtp']",0.8,21.0,1.0,PROB_LEN_DIST,1.0,,1.0,47162190639218093551966380058160093021_eps2_s0,,1e-10,4.71621906392181e+37,42.0,5.0,Nasa,1.2
270.563952377066,0.9453976230841156,0.721209525367779,6.469142191745374e-05,0.5286817318731197,54.112790475413206,14353303.625006553,1.4905632380396128,0.783754218314526,0.4751842389603568,0.5986417693248397,10.200934264808891,21.32842129468918,0.8659593737870358,51.0,0.8837105836766685,0.9698472241527304,0.1001554485410451,1.0,0.0,132.8847540281713,122095.0,0.9889593283179184,7.0,min_freq_conf,['None'],"['nap', 'rtp']",0.8,21.0,1.0,PROB_LEN_DIST,1.0,,1.0,47162190639218093551966380058160093021_eps2_s0,,1e-10,4.71621906392181e+37,42.0,5.0,Nasa,1.2
270.563952377066,0.9445177345747748,0.7172859558587891,0.0003307753373908,0.5286831500770401,54.112790475413206,14353138.789067307,1.4905632380396128,0.7860557483175535,0.4784215662755314,0.5970875333292938,9.732064675539732,20.590160148218278,0.8664990738290553,53.0,0.8817133322589289,0.9692526224836788,0.0987799260765314,1.0,0.0,131.47030570544302,121592.0,0.9886869126533272,7.0,min_freq_conf,['None'],"['nap', 'rtp']",0.8,21.0,1.0,PROB_LEN_DIST,1.0,,1.0,47162190639218093551966380058160093021_eps2_s0,,1e-10,4.71621906392181e+37,42.0,5.0,Nasa,1.2
83.18400016985834,0.9817536861915496,0.9598530814409456,0.0008365867261572,0.9231946332581868,16.636800033971667,14353397.365407564,0.3127477951347828,0.3524481269525425,0.1234562002445249,0.9423267155376106,19.035769743844867,5.99568791501224,0.5652537646402677,121.0,0.9755969568431512,0.9851714533515068,0.0829380210489034,1.0,0.0,520.07454296574,73305.0,0.9886422199877016,3.0,min_freq_conf,['None'],"['nap', 'rtp']",0.8,21.0,1.0,PROB_LEN_DIST,1.0,,1.0,67808319043021407123179336236800672554_eps0_s0,,1e-07,6.780831904302141e+37,42.0,5.0,Sepsis,1.2
270.563952377066,0.9458966123072362,0.7195695956924949,6.60414740457007e-05,0.5352666770929784,54.112790475413206,14352976.583327288,1.4905632380396128,0.7894058450582212,0.4871460080337501,0.6037801847808557,9.225384106859565,19.544082598760724,0.8812574296658301,53.0,0.8812111464568168,0.971298485795386,0.0989924725145101,1.0,0.0,173.8116720058024,122922.0,0.9898654380650882,5.0,min_freq_conf,['None'],"['nap', 'rtp']",0.8,21.0,1.0,PROB_LEN_DIST,1.0,,1.0,47162190639218093551966380058160093021_eps1_s0,,1e-10,4.71621906392181e+37,42.0,5.0,Nasa,1.2
195.8341329228133,0.9763409540239728,0.9002217734539752,0.0,0.7750849165113466,39.166826584562656,14355364.697995909,1.227258486673236,0.508842705575127,0.0603942010994943,0.8386035527477953,19.494780296459798,44.20675695873797,0.6700947068735111,77.0,0.9567400291093756,0.9850170514232408,0.1080195810645818,1.0,0.0,2548.831218196079,86381.0,0.992809740289266,3.0,min_freq_conf,['None'],"['nap', 'rtp']",0.8,21.0,1.0,PROB_LEN_DIST,1.0,,1.0,259622638979622280832216508785624218414_eps0_s0,,1e-10,2.596226389796223e+38,42.0,5.0,BPI2012_WC,1.2
83.18400016985834,0.9657642104854688,0.8966023449951408,0.0018945374171139,0.778348132683953,16.636800033971667,14352851.870049328,0.3127477951347828,0.3565051589924332,0.1495001665109981,0.8404543929645367,4.413039851933718,5.989354135468602,0.5860435743605936,188.0,0.9466402008754348,0.9748174994885468,0.084887396544218,1.0,0.0,173.99879960156977,76724.0,0.9832263389671472,3.0,min_freq_conf,['None'],"['nap', 'rtp']",0.8,21.0,1.0,PROB_LEN_DIST,1.0,,1.0,67808319043021407123179336236800672554_eps0_s0,,1e-07,6.780831904302141e+37,42.0,5.0,Sepsis,1.2
270.563952377066,0.9480844667881236,0.7276470114466815,0.0007222586999343,0.5355133435183529,54.112790475413206,14352773.576804953,1.4905632380396128,0.7914694296003263,0.4810164379912647,0.6076367124414248,9.725796492770314,20.04564519971609,0.8822718319107026,53.0,0.8859049299028541,0.9725747137558444,0.0964029431343078,1.0,0.0,184.5522770155221,121744.0,0.9903017818130668,5.0,min_freq_conf,['None'],"['nap', 'rtp']",0.8,21.0,1.0,PROB_LEN_DIST,1.0,,1.0,47162190639218093551966380058160093021_eps1_s0,,1e-10,4.71621906392181e+37,42.0,5.0,Nasa,1.2
83.18400016985834,0.9741080876353956,0.9263311645439204,0.0016323865491348,0.8456591091373952,16.636800033971667,14352667.067362444,0.3127477951347828,0.3574106442191523,0.1180592034435789,0.8879053835484445,5.423776069656014,5.753104377537966,0.5863532484492328,188.0,0.9610200340912256,0.9803640966889748,0.0802917014807462,1.0,0.0,238.77476924099028,77043.0,0.9860423721813188,3.0,min_freq_conf,['None'],"['nap', 'rtp']",0.8,21.0,1.0,PROB_LEN_DIST,1.0,,1.0,67808319043021407123179336236800672554_eps0_s0,,1e-07,6.780831904302141e+37,42.0,5.0,Sepsis,1.2
270.563952377066,0.9450564729845934,0.7179207176851667,0.0,0.5381097383724742,54.112790475413206,14352558.84086784,1.4905632380396128,0.796196740896646,0.4902150078469293,0.606418561580016,9.163530530408025,20.47537812031805,0.8830777297155591,53.0,0.8793365528860292,0.970972337742567,0.1102087553590536,1.0,0.0,177.97546400502324,122698.0,0.9898318177326836,5.0,min_freq_conf,['None'],"['nap', 'rtp']",0.8,21.0,1.0,PROB_LEN_DIST,1.0,,1.0,47162190639218093551966380058160093021_eps1_s0,,1e-10,4.71621906392181e+37,42.0,5.0,Nasa,1.2
270.563952377066,0.9453584644461116,0.7180924674118254,6.469142191745374e-05,0.532784392319251,54.112790475413206,14352350.81701892,1.4905632380396128,0.7912972443986183,0.4797763384628292,0.6024459052450184,9.444914273917677,21.17614568769932,0.8792858067020313,51.0,0.880235372312266,0.9710404361053596,0.1003981381654739,1.0,0.0,181.3716808445752,122095.0,0.9897427583311728,5.0,min_freq_conf,['None'],"['nap', 'rtp']",0.8,21.0,1.0,PROB_LEN_DIST,1.0,,1.0,47162190639218093551966380058160093021_eps1_s0,,1e-10,4.71621906392181e+37,42.0,5.0,Nasa,1.2
83.18400016985834,0.9785566816383604,0.9430933163015548,0.0014880952380952,0.8836505498766406,16.636800033971667,14352416.736624056,0.3127477951347828,0.3855674405466204,0.1088131045958453,0.9148672370932104,7.965149622410536,5.736891929060221,0.5717261904761904,188.0,0.96874325568716,0.9832503155037808,0.0825628377497196,1.0,0.0,351.7723285071552,74713.0,0.9878294427297384,3.0,min_freq_conf,['None'],"['nap', 'rtp']",0.8,21.0,1.0,PROB_LEN_DIST,1.0,,1.0,67808319043021407123179336236800672554_eps0_s0,,1e-07,6.780831904302141e+37,42.0,5.0,Sepsis,1.2
270.563952377066,0.9453034198907124,0.7193307639118446,0.0003307753373908,0.5382030124431065,54.112790475413206,14352138.410982927,1.4905632380396128,0.7936896726864177,0.4887679562536885,0.6064480882937627,9.074568869546056,20.312016120180488,0.8813839640116433,53.0,0.8802917180537734,0.9710123517733572,0.1001836508512497,1.0,0.0,179.43734417110682,121592.0,0.989731520531648,5.0,min_freq_conf,['None'],"['nap', 'rtp']",0.8,21.0,1.0,PROB_LEN_DIST,1.0,,1.0,47162190639218093551966380058160093021_eps1_s0,,1e-10,4.71621906392181e+37,42.0,5.0,Nasa,1.2
83.18400016985834,0.9615166708414292,0.8787680705933687,0.0003264773098269,0.7372552839595957,16.636800033971667,14352050.866511405,0.3127477951347828,0.3560093367406131,0.1575574646105225,0.811330757288066,3.587952086701989,5.922122310847044,0.5860267711394058,188.0,0.9389665158756214,0.972161478290188,0.0900464709848165,1.0,0.0,133.7328106891364,77008.0,0.9818068480147076,3.0,min_freq_conf,['None'],"['nap', 'rtp']",0.8,21.0,1.0,PROB_LEN_DIST,1.0,,1.0,67808319043021407123179336236800672554_eps0_s0,,1e-07,6.780831904302141e+37,42.0,5.0,Sepsis,1.2
270.563952377066,0.936252205012702,0.7067605975877961,6.60414740457007e-05,0.5259657458493229,54.112790475413206,14351929.174624428,1.4905632380396128,0.7713079049122734,0.472211784075883,0.5933151443811249,9.110015718266368,19.507798336446285,0.866266015057456,53.0,0.8693906963090784,0.9635377522393044,0.0997232217341661,1.0,0.0,266.0569496173412,122922.0,0.9855284376101808,3.0,min_freq_conf,['None'],"['nap', 'rtp']",0.8,21.0,1.0,PROB_LEN_DIST,1.0,,1.0,47162190639218093551966380058160093021_eps0_s0,,1e-10,4.71621906392181e+37,42.0,5.0,Nasa,1.2
503.5221854709089,0.9333825175119876,0.8817399636337222,0.0,0.8197242250031608,100.70443709418176,14355907.07223563,1.216058997437358,0.335246781182862,0.336462121967442,0.8495479519108812,16.286546854302287,91.80583205632864,0.7016178162864686,126.0,0.9172216670837716,0.9529256317647028,0.1038380842655897,1.0,0.0,4234.625074770302,172753.0,0.9788112638052132,3.0,min_freq_conf,['None'],"['nap', 'rtp']",0.8,21.0,1.0,PROB_LEN_DIST,1.0,,1.0,294097064866296417184695134036072869759_eps0_s0,,1e-10,2.9409706486629643e+38,42.0,5.0,BPI2013_Incidents,1.2
16.755261942744255,0.8407070350892176,0.8500833593290523,0.0641762452107279,0.8500534977474665,3.351052388548851,14351485.45226126,0.3216521050781011,0.4343790193750571,0.8500534977474665,0.8500415245673899,0.6277337614446878,0.3180482666939497,0.8045977011494253,17.0,0.838039160711576,0.8813900400897562,0.0844667609781026,1.0,0.0,0.3468943014740944,149.0,0.947440315112732,21.0,min_freq_conf,['None'],"['nap', 'rtp']",0.8,21.0,1.0,PROB_LEN_DIST,1.0,,1.0,218068978679777025456548306463296540513_eps5_s0,,0.01,2.1806897867977703e+38,42.0,5.0,Helpdesk,1.2
16.755261942744255,0.8470242720242703,0.8543484320080103,0.0638297872340425,0.8544108576023509,3.351052388548851,14351483.764983471,0.3216521050781011,0.3361975605657553,0.8544108576023509,0.8544108576023509,0.6213637385517359,0.3241352364420891,0.8106191297680659,18.0,0.8424959643044765,0.8865545663418033,0.0849166996777057,1.0,0.0,0.3499451968818903,149.0,0.9494171339916057,21.0,min_freq_conf,['None'],"['nap', 'rtp']",0.8,21.0,1.0,PROB_LEN_DIST,1.0,,1.0,218068978679777025456548306463296540513_eps5_s0,,0.01,2.1806897867977703e+38,42.0,5.0,Helpdesk,1.2
16.755261942744255,0.8441902575394874,0.8532419816681108,0.0689118162351567,0.8532699855894378,3.351052388548851,14351482.071895393,0.3216521050781011,0.396671698458265,0.8532699855894378,0.8532699855894378,0.6068822424858809,0.3171011358499527,0.8103951722795406,18.0,0.8419528916998266,0.8837085831781217,0.0835673622786998,1.0,0.0,0.3455861005932092,150.0,0.9482999788479664,21.0,min_freq_conf,['None'],"['nap', 'rtp']",0.8,21.0,1.0,PROB_LEN_DIST,1.0,,1.0,218068978679777025456548306463296540513_eps5_s0,,0.01,2.1806897867977703e+38,42.0,5.0,Helpdesk,1.2
16.755261942744255,0.8514671173722465,0.8628039750934272,0.0600193610842207,0.8628558818829914,3.351052388548851,14351480.413551476,0.3216521050781011,0.4388676737853766,0.8628558818829914,0.8628558818829914,0.6215086840093136,0.3043764717876911,0.8176185866408519,18.0,0.8498822517699585,0.8899191638736683,0.085130039602518,1.0,0.0,0.3407368510961532,146.0,0.951661824246532,21.0,min_freq_conf,['None'],"['nap', 'rtp']",0.8,21.0,1.0,PROB_LEN_DIST,1.0,,1.0,218068978679777025456548306463296540513_eps5_s0,,0.01,2.1806897867977703e+38,42.0,5.0,Helpdesk,1.2
16.755261942744255,0.8533617546240386,0.8611952088296332,0.0608980535748699,0.8611843890462176,3.351052388548851,14351478.75766708,0.3216521050781011,0.3866536461364321,0.8611843890462176,0.8611843890462176,0.6216841153800488,0.320294015109539,0.81961842358836,18.0,0.8502184738453789,0.8922124223820148,0.085304519161582,1.0,0.0,0.3457467518746853,148.0,0.9519854061914228,21.0,min_freq_conf,['None'],"['nap', 'rtp']",0.8,21.0,1.0,PROB_LEN_DIST,1.0,,1.0,218068978679777025456548306463296540513_eps5_s0,,0.01,2.1806897867977703e+38,42.0,5.0,Helpdesk,1.2
16.755261942744255,0.8407070350892176,0.8500833593290523,0.0641762452107279,0.8500534977474665,3.351052388548851,14351477.060076091,0.3216521050781011,0.4343790193750571,0.8500534977474665,0.8500415245673899,0.6262150872498751,0.3034715317189693,0.8045977011494253,17.0,0.838039160711576,0.8813900400897562,0.0873652677983045,1.0,0.0,0.3296953123062849,149.0,0.947440315112732,17.0,min_freq_conf,['None'],"['nap', 'rtp']",0.8,21.0,1.0,PROB_LEN_DIST,1.0,,1.0,218068978679777025456548306463296540513_eps4_s0,,0.01,2.1806897867977703e+38,42.0,5.0,Helpdesk,1.2
16.755261942744255,0.8470242720242703,0.8543484320080103,0.0638297872340425,0.8544108576023509,3.351052388548851,14351475.397148011,0.3216521050781011,0.3361975605657553,0.8544108576023509,0.8544108576023509,0.6273013669997454,0.3058929406106472,0.8106191297680659,18.0,0.8424959643044765,0.8865545663418033,0.0881279613822698,1.0,0.0,0.3364314660429954,149.0,0.9494171339916057,17.0,min_freq_conf,['None'],"['nap', 'rtp']",0.8,21.0,1.0,PROB_LEN_DIST,1.0,,1.0,218068978679777025456548306463296540513_eps4_s0,,0.01,2.1806897867977703e+38,42.0,5.0,Helpdesk,1.2
16.755261942744255,0.8441902575394874,0.8532419816681108,0.0689118162351567,0.8532699855894378,3.351052388548851,14351473.723973168,0.3216521050781011,0.396671698458265,0.8532699855894378,0.8532699855894378,0.6227833032608032,0.3065013755112886,0.8103951722795406,18.0,0.8419528916998266,0.8837085831781217,0.0865298304706811,1.0,0.0,0.3359165042638778,150.0,0.9482999788479664,17.0,min_freq_conf,['None'],"['nap', 'rtp']",0.8,21.0,1.0,PROB_LEN_DIST,1.0,,1.0,218068978679777025456548306463296540513_eps4_s0,,0.01,2.1806897867977703e+38,42.0,5.0,Helpdesk,1.2
16.755261942744255,0.8514671173722465,0.8628039750934272,0.0600193610842207,0.8628558818829914,3.351052388548851,14351472.038254809,0.3216521050781011,0.4388676737853766,0.8628558818829914,0.8628558818829914,0.6329769399017096,0.2965296097099781,0.8176185866408519,18.0,0.8498822517699585,0.8899191638736683,0.086828937754035,1.0,0.0,0.3236499801278114,146.0,0.951661824246532,17.0,min_freq_conf,['None'],"['nap', 'rtp']",0.8,21.0,1.0,PROB_LEN_DIST,1.0,,1.0,218068978679777025456548306463296540513_eps4_s0,,0.01,2.1806897867977703e+38,42.0,5.0,Helpdesk,1.2
16.755261942744255,0.8533617546240386,0.8611952088296332,0.0608980535748699,0.8611843890462176,3.351052388548851,14351470.37690524,0.3216521050781011,0.3866536461364321,0.8611843890462176,0.8611843890462176,0.6311951112002134,0.2981262393295765,0.81961842358836,18.0,0.8502184738453789,0.8922124223820148,0.0875287353992462,1.0,0.0,0.325755251571536,148.0,0.9519854061914228,17.0,min_freq_conf,['None'],"['nap', 'rtp']",0.8,21.0,1.0,PROB_LEN_DIST,1.0,,1.0,218068978679777025456548306463296540513_eps4_s0,,0.01,2.1806897867977703e+38,42.0,5.0,Helpdesk,1.2
16.755261942744255,0.8407070350892176,0.8500833593290523,0.0641762452107279,0.8500534977474665,3.351052388548851,14351468.72437018,0.3216521050781011,0.4343790193750571,0.8500534977474665,0.8500415245673899,0.6624620258808136,0.2919939085841179,0.8045977011494253,17.0,0.838039160711576,0.8813900400897562,0.0828538630157709,1.0,0.0,0.3135652877390384,149.0,0.947440315112732,11.0,min_freq_conf,['None'],"['nap', 'rtp']",0.8,21.0,1.0,PROB_LEN_DIST,1.0,,1.0,218068978679777025456548306463296540513_eps3_s0,,0.01,2.1806897867977703e+38,42.0,5.0,Helpdesk,1.2
16.755261942744255,0.8470242720242703,0.8543484320080103,0.0638297872340425,0.8544108576023509,3.351052388548851,14351467.057347346,0.3216521050781011,0.3361975605657553,0.8544108576023509,0.8544108576023509,0.6305964943021536,0.2871200926601887,0.8106191297680659,18.0,0.8424959643044765,0.8865545663418033,0.0870884861797094,1.0,0.0,0.3156897258013487,149.0,0.9494171339916057,11.0,min_freq_conf,['None'],"['nap', 'rtp']",0.8,21.0,1.0,PROB_LEN_DIST,1.0,,1.0,218068978679777025456548306463296540513_eps3_s0,,0.01,2.1806897867977703e+38,42.0,5.0,Helpdesk,1.2
16.755261942744255,0.8441902575394874,0.8532419816681108,0.0689118162351567,0.8532699855894378,3.351052388548851,14351465.426911788,0.3216521050781011,0.396671698458265,0.8532699855894378,0.8532699855894378,0.6151982042938471,0.292564507573843,0.8103951722795406,18.0,0.8419528916998266,0.8837085831781217,0.0858759190887212,1.0,0.0,0.3138510193675756,150.0,0.9482999788479664,11.0,min_freq_conf,['None'],"['nap', 'rtp']",0.8,21.0,1.0,PROB_LEN_DIST,1.0,,1.0,218068978679777025456548306463296540513_eps3_s0,,0.01,2.1806897867977703e+38,42.0,5.0,Helpdesk,1.2
16.755261942744255,0.8514671173722465,0.8628039750934272,0.0600193610842207,0.8628558818829914,3.351052388548851,14351463.816286236,0.3216521050781011,0.4388676737853766,0.8628558818829914,0.8628558818829914,0.6197188887745142,0.2884964756667614,0.8176185866408519,18.0,0.8498822517699585,0.8899191638736683,0.0859025288373231,1.0,0.0,0.305226668715477,146.0,0.951661824246532,11.0,min_freq_conf,['None'],"['nap', 'rtp']",0.8,21.0,1.0,PROB_LEN_DIST,1.0,,1.0,218068978679777025456548306463296540513_eps3_s0,,0.01,2.1806897867977703e+38,42.0,5.0,Helpdesk,1.2
16.755261942744255,0.8533617546240386,0.8611952088296332,0.0608980535748699,0.8611843890462176,3.351052388548851,14351462.206548903,0.3216521050781011,0.3866536461364321,0.8611843890462176,0.8611843890462176,0.6210597865283489,0.2828656621277332,0.81961842358836,18.0,0.8502184738453789,0.8922124223820148,0.0861787125468254,1.0,0.0,0.308065053075552,148.0,0.9519854061914228,11.0,min_freq_conf,['None'],"['nap', 'rtp']",0.8,21.0,1.0,PROB_LEN_DIST,1.0,,1.0,218068978679777025456548306463296540513_eps3_s0,,0.01,2.1806897867977703e+38,42.0,5.0,Helpdesk,1.2
16.755261942744255,0.8072146412017026,0.8306883301351711,0.0641762452107279,0.8306584685535856,3.351052388548851,14351460.595315784,0.3216521050781011,0.4343790193750571,0.8306584685535856,0.830646495373509,0.6476342566311359,0.270201925188303,0.8045977011494253,17.0,0.8089977580422941,0.8622365366115411,0.0841555222868919,1.0,0.0,0.3679092060774565,149.0,0.9475424862493852,7.0,min_freq_conf,['None'],"['nap', 'rtp']",0.8,21.0,1.0,PROB_LEN_DIST,1.0,,1.0,218068978679777025456548306463296540513_eps2_s0,,0.01,2.1806897867977703e+38,42.0,5.0,Helpdesk,1.2
16.755261942744255,0.8130818742520795,0.8349939780790889,0.0638297872340425,0.8350564036734294,3.351052388548851,14351458.916867008,0.3216521050781011,0.3361975605657553,0.8350564036734294,0.8350564036734294,0.6449354272335768,0.2746390514075756,0.8106191297680659,18.0,0.8133605080413555,0.8670221781923954,0.086273081600666,1.0,0.0,0.3641102071851492,149.0,0.9494810276725204,7.0,min_freq_conf,['None'],"['nap', 'rtp']",0.8,21.0,1.0,PROB_LEN_DIST,1.0,,1.0,218068978679777025456548306463296540513_eps2_s0,,0.01,2.1806897867977703e+38,42.0,5.0,Helpdesk,1.2
16.755261942744255,0.8078802316148936,0.8321032465036781,0.0689118162351567,0.832147472603968,3.351052388548851,14351457.233408656,0.3216521050781011,0.396671698458265,0.832147472603968,0.832147472603968,0.6371949333697557,0.272513510659337,0.8103951722795406,18.0,0.8099896372526266,0.8633838924037546,0.0886773504316806,1.0,0.0,0.3643058594316244,150.0,0.948436245151256,7.0,min_freq_conf,['None'],"['nap', 'rtp']",0.8,21.0,1.0,PROB_LEN_DIST,1.0,,1.0,218068978679777025456548306463296540513_eps2_s0,,0.01,2.1806897867977703e+38,42.0,5.0,Helpdesk,1.2
16.755261942744255,0.8163488743159532,0.8431210512623907,0.0600193610842207,0.8431729580519547,3.351052388548851,14351455.5606174,0.3216521050781011,0.4388676737853766,0.8431729580519547,0.8431729580519547,0.6382053419947624,0.2635773569345474,0.8176185866408519,18.0,0.8192449472652723,0.8697632742647317,0.0879299510270357,1.0,0.0,0.3554168213158846,146.0,0.9517457222781552,7.0,min_freq_conf,['None'],"['nap', 'rtp']",0.8,21.0,1.0,PROB_LEN_DIST,1.0,,1.0,218068978679777025456548306463296540513_eps2_s0,,0.01,2.1806897867977703e+38,42.0,5.0,Helpdesk,1.2
16.755261942744255,0.8533617546240386,0.8611952088296332,0.0608980535748699,0.8611843890462176,3.351052388548851,14351453.90507448,0.3216521050781011,0.3866536461364321,0.8611843890462176,0.8611843890462176,0.6252660192549229,0.2692618854343891,0.81961842358836,18.0,0.8502184738453789,0.8922124223820148,0.0872373934835195,1.0,0.0,0.427634947001934,148.0,0.9519854061914228,7.0,min_freq_conf,['None'],"['nap', 'rtp']",0.8,21.0,1.0,PROB_LEN_DIST,1.0,,1.0,218068978679777025456548306463296540513_eps2_s0,,0.01,2.1806897867977703e+38,42.0,5.0,Helpdesk,1.2
16.755261942744255,0.7719168701136957,0.8078442627508775,0.0641762452107279,0.8078144011692916,3.351052388548851,14351452.184162213,0.3216521050781011,0.3701481893355315,0.8078144011692916,0.807802427989215,0.666600039228797,0.2647062242031097,0.6798850574712644,17.0,0.7853649811767578,0.8219980612724848,0.0881515406072139,1.0,0.0,0.4472346119582653,149.0,0.9238467646657436,5.0,min_freq_conf,['None'],"['nap', 'rtp']",0.8,21.0,1.0,PROB_LEN_DIST,1.0,,1.0,218068978679777025456548306463296540513_eps1_s0,,0.01,2.1806897867977703e+38,42.0,5.0,Helpdesk,1.2
16.755261942744255,0.7767236841704794,0.8119698784592474,0.0638297872340425,0.8120323040535881,3.351052388548851,14351450.394547949,0.3216521050781011,0.2864912933781341,0.8120323040535881,0.8120323040535881,0.672290712594986,0.2684874553233385,0.6833429173854706,18.0,0.7896072598200218,0.8259663573493358,0.0933491084724664,1.0,0.0,0.461335651576519,149.0,0.92528880773563,5.0,min_freq_conf,['None'],"['nap', 'rtp']",0.8,21.0,1.0,PROB_LEN_DIST,1.0,,1.0,218068978679777025456548306463296540513_eps1_s0,,0.01,2.1806897867977703e+38,42.0,5.0,Helpdesk,1.2
16.755261942744255,0.7689975415106681,0.8073270423474884,0.0689118162351567,0.8073712684477785,3.351052388548851,14351448.580486488,0.3216521050781011,0.3340678726965445,0.8073712684477785,0.8073712684477785,0.6566287204623222,0.2619190700352192,0.6776328596457076,18.0,0.7845692510720697,0.8196445838892776,0.0873593967407941,1.0,0.0,0.4479001257568598,150.0,0.9231331270118632,5.0,min_freq_conf,['None'],"['nap', 'rtp']",0.8,21.0,1.0,PROB_LEN_DIST,1.0,,1.0,218068978679777025456548306463296540513_eps1_s0,,0.01,2.1806897867977703e+38,42.0,5.0,Helpdesk,1.2
16.755261942744255,0.7783541224828607,0.8197967838335765,0.0600193610842207,0.8198486906231407,3.351052388548851,14351446.819544844,0.3216521050781011,0.3735918688611342,0.8198486906231407,0.8198486906231407,0.6590113788843155,0.2537823934108019,0.6877057115198452,18.0,0.7952524081275253,0.8273725575274448,0.0844017155468463,1.0,0.0,0.4381218422204256,146.0,0.9269097467016296,5.0,min_freq_conf,['None'],"['nap', 'rtp']",0.8,21.0,1.0,PROB_LEN_DIST,1.0,,1.0,218068978679777025456548306463296540513_eps1_s0,,0.01,2.1806897867977703e+38,42.0,5.0,Helpdesk,1.2
16.755261942744255,0.8533617546240386,0.8611952088296332,0.0608980535748699,0.8611843890462176,3.351052388548851,14351445.082699075,0.3216521050781011,0.3866536461364321,0.8611843890462176,0.8611843890462176,0.6268693413585424,0.2618776559829712,0.81961842358836,18.0,0.8502184738453789,0.8922124223820148,0.0849416349083185,1.0,0.0,0.5797906927764416,148.0,0.9519854061914228,5.0,min_freq_conf,['None'],"['nap', 'rtp']",0.8,21.0,1.0,PROB_LEN_DIST,1.0,,1.0,218068978679777025456548306463296540513_eps1_s0,,0.01,2.1806897867977703e+38,42.0,5.0,Helpdesk,1.2
16.755261942744255,0.8407070350892176,0.8500833593290523,0.0641762452107279,0.8500534977474665,3.351052388548851,14351443.226026244,0.3216521050781011,0.4343790193750571,0.8500534977474665,0.8500415245673899,0.6755849812179804,0.2533436883240938,0.8045977011494253,17.0,0.838039160711576,0.8813900400897562,0.0867046434432268,1.0,0.0,0.7009288314729929,149.0,0.947440315112732,3.0,min_freq_conf,['None'],"['nap', 'rtp']",0.8,21.0,1.0,PROB_LEN_DIST,1.0,,1.0,218068978679777025456548306463296540513_eps0_s0,,0.01,2.1806897867977703e+38,42.0,5.0,Helpdesk,1.2
91.14374136552216,0.8198032909286955,0.5619374941502536,0.0008365867261572,0.4675042101282995,18.22874827310443,14351464.486300908,0.4282648768275976,0.3990915380819297,0.3687360064618554,0.4970704652025882,2.5814639441668987,10.44356694072485,0.5499163413273843,121.0,0.7155985896017869,0.8780917274116761,0.0902877356857061,1.0,0.0,11.555735379457474,73305.0,0.9415309523877284,21.0,min_freq_conf,['None'],"['nap', 'rtp']",0.8,21.0,1.0,PROB_LEN_DIST,1.0,,1.0,271943607370254905429138381606553406756_eps5_s0,,1e-10,2.719436073702549e+38,42.0,5.0,Sepsis,1.2
16.755261942744255,0.8470242720242703,0.8543484320080103,0.0638297872340425,0.8544108576023509,3.351052388548851,14351441.201059354,0.3216521050781011,0.3361975605657553,0.8544108576023509,0.8544108576023509,0.6284611579030752,0.2591100968420505,0.8106191297680659,18.0,0.8424959643044765,0.8865545663418033,0.0826797876507043,1.0,0.0,0.6951432190835476,149.0,0.9494171339916057,3.0,min_freq_conf,['None'],"['nap', 'rtp']",0.8,21.0,1.0,PROB_LEN_DIST,1.0,,1.0,218068978679777025456548306463296540513_eps0_s0,,0.01,2.1806897867977703e+38,42.0,5.0,Helpdesk,1.2
16.755261942744255,0.8441902575394874,0.8532419816681108,0.0689118162351567,0.8532699855894378,3.351052388548851,14351439.236773564,0.3216521050781011,0.396671698458265,0.8532699855894378,0.8532699855894378,0.6151320450007915,0.2555992044508457,0.8103951722795406,18.0,0.8419528916998266,0.8837085831781217,0.082790957763791,1.0,0.0,0.6993880718946457,150.0,0.9482999788479664,3.0,min_freq_conf,['None'],"['nap', 'rtp']",0.8,21.0,1.0,PROB_LEN_DIST,1.0,,1.0,218068978679777025456548306463296540513_eps0_s0,,0.01,2.1806897867977703e+38,42.0,5.0,Helpdesk,1.2
16.755261942744255,0.8514671173722465,0.8628039750934272,0.0600193610842207,0.8628558818829914,3.351052388548851,14351437.28150658,0.3216521050781011,0.4388676737853766,0.8628558818829914,0.8628558818829914,0.6220215111970901,0.2446293644607067,0.8176185866408519,18.0,0.8498822517699585,0.8899191638736683,0.0860043633729219,1.0,0.0,0.6776548475027084,146.0,0.951661824246532,3.0,min_freq_conf,['None'],"['nap', 'rtp']",0.8,21.0,1.0,PROB_LEN_DIST,1.0,,1.0,218068978679777025456548306463296540513_eps0_s0,,0.01,2.1806897867977703e+38,42.0,5.0,Helpdesk,1.2
16.755261942744255,0.8533617546240386,0.8611952088296332,0.0608980535748699,0.8611843890462176,3.351052388548851,14351435.351600258,0.3216521050781011,0.3866536461364321,0.8611843890462176,0.8611843890462176,0.6294604539871216,0.254042025655508,0.81961842358836,18.0,0.8502184738453789,0.8922124223820148,0.086519232019782,1.0,0.0,0.6936265602707863,148.0,0.9519854061914228,3.0,min_freq_conf,['None'],"['nap', 'rtp']",0.8,21.0,1.0,PROB_LEN_DIST,1.0,,1.0,218068978679777025456548306463296540513_eps0_s0,,0.01,2.1806897867977703e+38,42.0,5.0,Helpdesk,1.2
91.14374136552216,0.8077180091096512,0.5316683258297814,0.0018945374171139,0.430683655905256,18.22874827310443,14351439.503818016,0.4282648768275976,0.4077131406720717,0.3868988673430167,0.4614460693294307,1.1872978638857603,10.59874060936272,0.5550994632143985,188.0,0.6967764817542302,0.8707102190209498,0.0891525782644748,1.0,0.0,11.45405633188784,76724.0,0.9386372316329588,21.0,min_freq_conf,['None'],"['nap', 'rtp']",0.8,21.0,1.0,PROB_LEN_DIST,1.0,,1.0,271943607370254905429138381606553406756_eps5_s0,,1e-10,2.719436073702549e+38,42.0,5.0,Sepsis,1.2
91.14374136552216,0.7936195926092613,0.5198050331839587,0.0016323865491348,0.4284531159127875,18.22874827310443,14351415.85657634,0.4282648768275976,0.3912536566688912,0.3823504004372607,0.454462236140831,1.101038470864296,10.864894177764654,0.5488083578191316,188.0,0.6809410190301319,0.8602331273714262,0.0822066534310579,1.0,0.0,10.97178660146892,77043.0,0.934214405341616,21.0,min_freq_conf,['None'],"['nap', 'rtp']",0.8,21.0,1.0,PROB_LEN_DIST,1.0,,1.0,271943607370254905429138381606553406756_eps5_s0,,1e-10,2.719436073702549e+38,42.0,5.0,Sepsis,1.2
91.14374136552216,0.8008022810741754,0.5179412320895018,0.0014880952380952,0.4185014520034641,18.22874827310443,14351392.515676616,0.4282648768275976,0.4170286036167822,0.3713252308580952,0.447053656101867,1.5066950656473637,10.731936862692235,0.5342261904761905,188.0,0.687341511806394,0.8661121380760636,0.0888066980987787,1.0,0.0,11.350105855613949,74713.0,0.9353105819752466,21.0,min_freq_conf,['None'],"['nap', 'rtp']",0.8,21.0,1.0,PROB_LEN_DIST,1.0,,1.0,271943607370254905429138381606553406756_eps5_s0,,1e-10,2.719436073702549e+38,42.0,5.0,Sepsis,1.2
91.14374136552216,0.7937458226361567,0.5077172850906095,0.0003264773098269,0.413319702950933,18.22874827310443,14351368.524644844,0.4282648768275976,0.402279560582972,0.3823824754301768,0.4411597903088513,0.9193014018237592,10.53615663573146,0.5618674502122103,188.0,0.6756836596760214,0.8611681095293586,0.0880675725638866,1.0,0.0,11.022073693573477,77008.0,0.9340356773480328,21.0,min_freq_conf,['None'],"['nap', 'rtp']",0.8,21.0,1.0,PROB_LEN_DIST,1.0,,1.0,271943607370254905429138381606553406756_eps5_s0,,1e-10,2.719436073702549e+38,42.0,5.0,Sepsis,1.2
16.37230296805501,0.8826852324984501,0.9008823315360708,0.0047892720306513,0.9008798372232316,3.274460593611002,14351347.509252207,0.2908140011131763,0.4581864923494542,0.9008798372232316,0.9008678640431552,0.6527594942599535,1.2893793303519487,0.8482758620689655,17.0,0.8871062409280831,0.9149566793891536,0.0851235967129468,1.0,0.0,1.27711290307343,901.0,0.9650370127956364,21.0,min_freq_conf,['None'],"['nap', 'rtp']",0.8,21.0,1.0,PROB_LEN_DIST,1.0,,1.0,19207650275242170864062645768733669095_eps5_s0,,0.001,1.9207650275242172e+37,42.0,5.0,Helpdesk,1.2
16.37230296805501,0.8861360281573033,0.903314115016247,0.0063254744105807,0.9033765406105876,3.274460593611002,14351343.885776432,0.2908140011131763,0.354073150590801,0.9033765406105876,0.9033765406105876,0.6679715160280466,1.230896396562457,0.8537473643856622,18.0,0.8894615469083589,0.9172206427525608,0.0878959037363529,1.0,0.0,1.2427326273173094,857.0,0.9654899697452918,21.0,min_freq_conf,['None'],"['nap', 'rtp']",0.8,21.0,1.0,PROB_LEN_DIST,1.0,,1.0,19207650275242170864062645768733669095_eps5_s0,,0.001,1.9207650275242172e+37,42.0,5.0,Helpdesk,1.2
16.37230296805501,0.8868051491907831,0.9053729579960892,0.0077866459022775,0.905400961917416,3.274460593611002,14351340.350510852,0.2908140011131763,0.4198233353892171,0.905400961917416,0.905400961917416,0.6553652361035347,1.194353150203824,0.857309713840763,18.0,0.8922256560518227,0.9174653926308626,0.0877717323601245,1.0,0.0,1.2054668962955477,855.0,0.9661139398096792,21.0,min_freq_conf,['None'],"['nap', 'rtp']",0.8,21.0,1.0,PROB_LEN_DIST,1.0,,1.0,19207650275242170864062645768733669095_eps5_s0,,0.001,1.9207650275242172e+37,42.0,5.0,Helpdesk,1.2
16.37230296805501,0.8923162392087843,0.9124591634030212,0.0040658276863504,0.9125110701925854,3.274460593611002,14351336.913115757,0.2908140011131763,0.4621042774847206,0.9125110701925854,0.9125110701925854,0.6401330232620239,1.1227373201400042,0.8602129719264279,18.0,0.8980358036069581,0.922430112105817,0.0838943403214216,1.0,0.0,1.1322383396327496,795.0,0.96827870526806,21.0,min_freq_conf,['None'],"['nap', 'rtp']",0.8,21.0,1.0,PROB_LEN_DIST,1.0,,1.0,19207650275242170864062645768733669095_eps5_s0,,0.001,1.9207650275242172e+37,42.0,5.0,Helpdesk,1.2
16.37230296805501,0.8894224691391769,0.906983001688152,0.0077086143765658,0.9069721819047364,3.274460593611002,14351333.631860888,0.2908140011131763,0.4013145995234738,0.9069721819047364,0.9069721819047364,0.6366560067981482,1.1487748213112354,0.8577760647523608,18.0,0.8942465919340107,0.9196791025081664,0.0826090648770332,1.0,0.0,1.1839841026812792,852.0,0.966026555509118,21.0,min_freq_conf,['None'],"['nap', 'rtp']",0.8,21.0,1.0,PROB_LEN_DIST,1.0,,1.0,19207650275242170864062645768733669095_eps5_s0,,0.001,1.9207650275242172e+37,42.0,5.0,Helpdesk,1.2
16.37230296805501,0.8826852324984501,0.9008823315360708,0.0047892720306513,0.9008798372232316,3.274460593611002,14351330.276314454,0.2908140011131763,0.4581864923494542,0.9008798372232316,0.9008678640431552,0.6457208916544914,1.1756959818303585,0.8482758620689655,17.0,0.8871062409280831,0.9149566793891536,0.0848919190466404,1.0,0.0,1.1704976819455624,901.0,0.9650370127956364,17.0,min_freq_conf,['None'],"['nap', 'rtp']",0.8,21.0,1.0,PROB_LEN_DIST,1.0,,1.0,19207650275242170864062645768733669095_eps4_s0,,0.001,1.9207650275242172e+37,42.0,5.0,Helpdesk,1.2
91.14374136552216,0.8195793314473496,0.5687725280277377,0.0008365867261572,0.4733660915942883,18.22874827310443,14351345.642856888,0.4282648768275976,0.3888532651530077,0.3767127201962351,0.5030818286749857,2.6630004476755857,7.92418004013598,0.5448968209704406,121.0,0.7178507223157562,0.8775028727424191,0.0782332941889762,1.0,0.0,9.09806628152728,73305.0,0.9408944644392272,17.0,min_freq_conf,['None'],"['nap', 'rtp']",0.8,21.0,1.0,PROB_LEN_DIST,1.0,,1.0,271943607370254905429138381606553406756_eps4_s0,,1e-10,2.719436073702549e+38,42.0,5.0,Sepsis,1.2
270.563952377066,0.9401901854548668,0.7171635551625947,0.0007222586999343,0.5348536162157179,54.112790475413206,14351634.08833797,1.4905632380396128,0.7797270127198834,0.4747496892803637,0.6017141607444046,9.434438867494464,19.941076327115297,0.8722915298752463,53.0,0.8761891066745139,0.9661986120186868,0.0992559678852558,1.0,0.0,280.4726986717433,121744.0,0.9867513093322924,3.0,min_freq_conf,['None'],"['nap', 'rtp']",0.8,21.0,1.0,PROB_LEN_DIST,1.0,,1.0,47162190639218093551966380058160093021_eps0_s0,,1e-10,4.71621906392181e+37,42.0,5.0,Nasa,1.2
16.37230296805501,0.8861360281573033,0.903314115016247,0.0063254744105807,0.9033765406105876,3.274460593611002,14351326.883758668,0.2908140011131763,0.354073150590801,0.9033765406105876,0.9033765406105876,0.6407002937048674,1.0929724834859371,0.8537473643856622,18.0,0.8894615469083589,0.9172206427525608,0.082238920032978,1.0,0.0,1.1589741501957178,857.0,0.9654899697452918,17.0,min_freq_conf,['None'],"['nap', 'rtp']",0.8,21.0,1.0,PROB_LEN_DIST,1.0,,1.0,19207650275242170864062645768733669095_eps4_s0,,0.001,1.9207650275242172e+37,42.0,5.0,Helpdesk,1.2
16.37230296805501,0.8868051491907831,0.9053729579960892,0.0077866459022775,0.905400961917416,3.274460593611002,14351323.59131568,0.2908140011131763,0.4198233353892171,0.905400961917416,0.905400961917416,0.6287586446851492,1.16149097122252,0.857309713840763,18.0,0.8922256560518227,0.9174653926308626,0.0827136896550655,1.0,0.0,1.125906815752387,855.0,0.9661139398096792,17.0,min_freq_conf,['None'],"['nap', 'rtp']",0.8,21.0,1.0,PROB_LEN_DIST,1.0,,1.0,19207650275242170864062645768733669095_eps4_s0,,0.001,1.9207650275242172e+37,42.0,5.0,Helpdesk,1.2
16.37230296805501,0.8923162392087843,0.9124591634030212,0.0040658276863504,0.9125110701925854,3.274460593611002,14351320.299082436,0.2908140011131763,0.4621042774847206,0.9125110701925854,0.9125110701925854,0.6768949907273054,1.0465076509863138,0.8602129719264279,18.0,0.8980358036069581,0.922430112105817,0.084141744300723,1.0,0.0,1.0480289794504642,795.0,0.96827870526806,17.0,min_freq_conf,['None'],"['nap', 'rtp']",0.8,21.0,1.0,PROB_LEN_DIST,1.0,,1.0,19207650275242170864062645768733669095_eps4_s0,,0.001,1.9207650275242172e+37,42.0,5.0,Helpdesk,1.2
16.37230296805501,0.8894224691391769,0.906983001688152,0.0077086143765658,0.9069721819047364,3.274460593611002,14351317.153887635,0.2908140011131763,0.4013145995234738,0.9069721819047364,0.9069721819047364,0.687623830512166,1.096220538020134,0.8577760647523608,18.0,0.8942465919340107,0.9196791025081664,0.0803504902869463,1.0,0.0,1.09755046851933,852.0,0.966026555509118,17.0,min_freq_conf,['None'],"['nap', 'rtp']",0.8,21.0,1.0,PROB_LEN_DIST,1.0,,1.0,19207650275242170864062645768733669095_eps4_s0,,0.001,1.9207650275242172e+37,42.0,5.0,Helpdesk,1.2
16.37230296805501,0.8826852324984501,0.9008823315360708,0.0047892720306513,0.9008798372232316,3.274460593611002,14351313.88972786,0.2908140011131763,0.4581864923494542,0.9008798372232316,0.9008678640431552,0.6393651198595762,1.0590565912425518,0.8482758620689655,17.0,0.8871062409280831,0.9149566793891536,0.0835436675697565,1.0,0.0,1.0936724673956633,901.0,0.9650370127956364,11.0,min_freq_conf,['None'],"['nap', 'rtp']",0.8,21.0,1.0,PROB_LEN_DIST,1.0,,1.0,19207650275242170864062645768733669095_eps3_s0,,0.001,1.9207650275242172e+37,42.0,5.0,Helpdesk,1.2
16.37230296805501,0.8861360281573033,0.903314115016247,0.0063254744105807,0.9033765406105876,3.274460593611002,14351310.70260652,0.2908140011131763,0.354073150590801,0.9033765406105876,0.9033765406105876,0.642916714772582,1.0577194057404995,0.8537473643856622,18.0,0.8894615469083589,0.9172206427525608,0.0828788354992866,1.0,0.0,1.0496187470853329,857.0,0.9654899697452918,11.0,min_freq_conf,['None'],"['nap', 'rtp']",0.8,21.0,1.0,PROB_LEN_DIST,1.0,,1.0,19207650275242170864062645768733669095_eps3_s0,,0.001,1.9207650275242172e+37,42.0,5.0,Helpdesk,1.2
91.14374136552216,0.8093763837641192,0.5415803456580441,0.0018945374171139,0.4429630528004186,18.22874827310443,14351325.574430857,0.4282648768275976,0.411633010705118,0.4002742921276542,0.4737775462167473,1.2299668323248625,7.736345991492271,0.5604673192295548,188.0,0.702694865948296,0.871612874613607,0.0956137999892234,1.0,0.0,8.753250483423471,76724.0,0.9390365536064612,17.0,min_freq_conf,['None'],"['nap', 'rtp']",0.8,21.0,1.0,PROB_LEN_DIST,1.0,,1.0,271943607370254905429138381606553406756_eps4_s0,,1e-10,2.719436073702549e+38,42.0,5.0,Sepsis,1.2
16.37230296805501,0.8868051491907831,0.9053729579960892,0.0077866459022775,0.905400961917416,3.274460593611002,14351307.577618182,0.2908140011131763,0.4198233353892171,0.905400961917416,0.905400961917416,0.6586001645773649,1.0158454161137342,0.857309713840763,18.0,0.8922256560518227,0.9174653926308626,0.1172186993062496,1.0,0.0,1.054146409034729,855.0,0.9661139398096792,11.0,min_freq_conf,['None'],"['nap', 'rtp']",0.8,21.0,1.0,PROB_LEN_DIST,1.0,,1.0,19207650275242170864062645768733669095_eps3_s0,,0.001,1.9207650275242172e+37,42.0,5.0,Helpdesk,1.2
16.37230296805501,0.8923162392087843,0.9124591634030212,0.0040658276863504,0.9125110701925854,3.274460593611002,14351304.428314732,0.2908140011131763,0.4621042774847206,0.9125110701925854,0.9125110701925854,0.632766380906105,0.936374269425869,0.8602129719264279,18.0,0.8980358036069581,0.922430112105817,0.0845081657171249,1.0,0.0,0.983941776677966,795.0,0.96827870526806,11.0,min_freq_conf,['None'],"['nap', 'rtp']",0.8,21.0,1.0,PROB_LEN_DIST,1.0,,1.0,19207650275242170864062645768733669095_eps3_s0,,0.001,1.9207650275242172e+37,42.0,5.0,Helpdesk,1.2
16.37230296805501,0.8894224691391769,0.906983001688152,0.0077086143765658,0.9069721819047364,3.274460593611002,14351301.48688247,0.2908140011131763,0.4013145995234738,0.9069721819047364,0.9069721819047364,0.6487922295928001,1.0133894700556991,0.8577760647523608,18.0,0.8942465919340107,0.9196791025081664,0.0861791223287582,1.0,0.0,1.020266456529498,852.0,0.966026555509118,11.0,min_freq_conf,['None'],"['nap', 'rtp']",0.8,21.0,1.0,PROB_LEN_DIST,1.0,,1.0,19207650275242170864062645768733669095_eps3_s0,,0.001,1.9207650275242172e+37,42.0,5.0,Helpdesk,1.2
16.37230296805501,0.761071561473851,0.8141315580970698,0.0047892720306513,0.8141290637842307,3.274460593611002,14351298.4117178,0.2908140011131763,0.3499264223435817,0.8141290637842307,0.814117090604154,0.6504865866154432,1.030711380764842,0.4616858237547893,17.0,0.7915507661771887,0.7564201252132239,0.0860264655202627,1.0,0.0,1.102230740711093,901.0,0.8790810283267233,7.0,min_freq_conf,['None'],"['nap', 'rtp']",0.8,21.0,1.0,PROB_LEN_DIST,1.0,,1.0,19207650275242170864062645768733669095_eps2_s0,,0.001,1.9207650275242172e+37,42.0,5.0,Helpdesk,1.2
16.37230296805501,0.760136905881578,0.8139413676647673,0.0063254744105807,0.8140037932591079,3.274460593611002,14351295.230376704,0.2908140011131763,0.2680048409140798,0.8140037932591079,0.8140037932591079,0.6671453565359116,0.9766850639134644,0.4592677784167145,18.0,0.7910991868438525,0.753643263217727,0.0877770204097032,1.0,0.0,1.0474993959069252,857.0,0.8771199542476182,7.0,min_freq_conf,['None'],"['nap', 'rtp']",0.8,21.0,1.0,PROB_LEN_DIST,1.0,,1.0,19207650275242170864062645768733669095_eps2_s0,,0.001,1.9207650275242172e+37,42.0,5.0,Helpdesk,1.2
16.37230296805501,0.7447686919314251,0.8065360930895218,0.0077866459022775,0.8065640970108487,3.274460593611002,14351292.153369952,0.2908140011131763,0.3082235120634766,0.8065640970108487,0.8065640970108487,0.6469896528869867,0.9910116456449032,0.4426708195444812,18.0,0.7828602739591481,0.7426010387855774,0.0863201040774583,1.0,0.0,1.0646559968590736,855.0,0.8734727112914848,7.0,min_freq_conf,['None'],"['nap', 'rtp']",0.8,21.0,1.0,PROB_LEN_DIST,1.0,,1.0,19207650275242170864062645768733669095_eps2_s0,,0.001,1.9207650275242172e+37,42.0,5.0,Helpdesk,1.2
91.14374136552216,0.7934405504300275,0.5282651905959197,0.0016323865491348,0.4368264705044184,18.22874827310443,14351307.441798665,0.4282648768275976,0.3855452651677298,0.3931491992752489,0.4631904534317801,1.144147727638483,8.056681897491217,0.5429317662422461,188.0,0.6851355329043325,0.8595409331894808,0.0834893733263015,1.0,0.0,8.914059098809958,77043.0,0.9339609014042902,17.0,min_freq_conf,['None'],"['nap', 'rtp']",0.8,21.0,1.0,PROB_LEN_DIST,1.0,,1.0,271943607370254905429138381606553406756_eps4_s0,,1e-10,2.719436073702549e+38,42.0,5.0,Sepsis,1.2
16.37230296805501,0.7635464272201832,0.8208103889226775,0.0040658276863504,0.8208622957122417,3.274460593611002,14351289.070654867,0.2908140011131763,0.3481357242029487,0.8208622957122417,0.8208622957122417,0.6464875377714634,0.8920060880482197,0.4571151984511132,18.0,0.7959781414669932,0.7541236578845439,0.0814062226563692,1.0,0.0,1.0004726313054562,795.0,0.8775081710802969,7.0,min_freq_conf,['None'],"['nap', 'rtp']",0.8,21.0,1.0,PROB_LEN_DIST,1.0,,1.0,19207650275242170864062645768733669095_eps2_s0,,0.001,1.9207650275242172e+37,42.0,5.0,Helpdesk,1.2
16.37230296805501,0.7595651800074529,0.8143224535255696,0.0077086143765658,0.814311633742154,3.274460593611002,14351286.15284266,0.2908140011131763,0.3174810838775977,0.814311633742154,0.814311633742154,0.6550300754606724,0.9518453683704138,0.4515320871073424,18.0,0.7918713542725712,0.7499017374137772,0.0873386096209287,1.0,0.0,1.058660365641117,852.0,0.874249445978108,7.0,min_freq_conf,['None'],"['nap', 'rtp']",0.8,21.0,1.0,PROB_LEN_DIST,1.0,,1.0,19207650275242170864062645768733669095_eps2_s0,,0.001,1.9207650275242172e+37,42.0,5.0,Helpdesk,1.2
16.37230296805501,0.750948028663541,0.7963589034422435,0.0047892720306513,0.7963831185311138,3.274460593611002,14351283.094166482,0.2908140011131763,0.2978947658326031,0.7963831185311138,0.7963711453510371,0.727131525054574,0.970417944714427,0.3580459770114942,17.0,0.7709772145691657,0.7397360499228375,0.0870731808245182,1.0,0.0,1.3208010103553534,901.0,0.8616496745591599,5.0,min_freq_conf,['None'],"['nap', 'rtp']",0.8,21.0,1.0,PROB_LEN_DIST,1.0,,1.0,19207650275242170864062645768733669095_eps1_s0,,0.001,1.9207650275242172e+37,42.0,5.0,Helpdesk,1.2
16.37230296805501,0.7520502956673089,0.7766006000048469,0.0063254744105807,0.7766789990194163,3.274460593611002,14351279.676297477,0.2908140011131763,0.2312754744922349,0.7766789990194163,0.7766789990194163,0.7525611370801926,0.940190766006708,0.3674525589419206,18.0,0.7313067100301055,0.7392016014356471,0.0859545264393091,1.0,0.0,1.3439710475504398,857.0,0.8661313703866829,5.0,min_freq_conf,['None'],"['nap', 'rtp']",0.8,21.0,1.0,PROB_LEN_DIST,1.0,,1.0,19207650275242170864062645768733669095_eps1_s0,,0.001,1.9207650275242172e+37,42.0,5.0,Helpdesk,1.2
16.37230296805501,0.7443545650378375,0.7929162579250227,0.0077866459022775,0.7929906109291013,3.274460593611002,14351276.248772074,0.2908140011131763,0.2623122705905697,0.7929906109291013,0.7929906109291013,0.7141477651894093,0.9513837322592736,0.3441697488806696,18.0,0.766082282521836,0.7295350729991613,0.080900851637125,1.0,0.0,1.2647853959351778,855.0,0.8575628408750846,5.0,min_freq_conf,['None'],"['nap', 'rtp']",0.8,21.0,1.0,PROB_LEN_DIST,1.0,,1.0,19207650275242170864062645768733669095_eps1_s0,,0.001,1.9207650275242172e+37,42.0,5.0,Helpdesk,1.2
91.14374136552216,0.8014781903882386,0.5224579766367413,0.0014880952380952,0.4234983315400956,18.22874827310443,14351288.94495084,0.4282648768275976,0.4213834550762988,0.3751665848176546,0.4523498394096529,1.499739857390523,7.757412942126393,0.5357142857142857,188.0,0.6887607572883077,0.8669981806722552,0.0854313597083091,1.0,0.0,9.017053987830876,74713.0,0.935941698107194,17.0,min_freq_conf,['None'],"['nap', 'rtp']",0.8,21.0,1.0,PROB_LEN_DIST,1.0,,1.0,271943607370254905429138381606553406756_eps4_s0,,1e-10,2.719436073702549e+38,42.0,5.0,Sepsis,1.2
16.37230296805501,0.7408964242168468,0.7932963116264249,0.0040658276863504,0.7933611258054696,3.274460593611002,14351272.957043456,0.2908140011131763,0.3436287349384753,0.7933611258054696,0.7933611258054696,0.716896153986454,0.8634262382984161,0.3330106485963214,18.0,0.7670314067990702,0.7273165535121061,0.0805724840611219,1.0,0.0,1.1667316369712353,795.0,0.8551063210211326,5.0,min_freq_conf,['None'],"['nap', 'rtp']",0.8,21.0,1.0,PROB_LEN_DIST,1.0,,1.0,19207650275242170864062645768733669095_eps1_s0,,0.001,1.9207650275242172e+37,42.0,5.0,Helpdesk,1.2
16.37230296805501,0.7488378498014171,0.7733224437069014,0.0077086143765658,0.7733437431500546,3.274460593611002,14351269.84245252,0.2908140011131763,0.2794546700794777,0.7733437431500546,0.7733437431500546,0.7302167229354382,0.9604343008249998,0.3499710926960879,18.0,0.726704064548533,0.7318978081938208,0.0821896083652973,1.0,0.0,1.313306177034974,852.0,0.8620736012237195,5.0,min_freq_conf,['None'],"['nap', 'rtp']",0.8,21.0,1.0,PROB_LEN_DIST,1.0,,1.0,19207650275242170864062645768733669095_eps1_s0,,0.001,1.9207650275242172e+37,42.0,5.0,Helpdesk,1.2
16.37230296805501,0.8825575185776326,0.901138595599806,0.0047892720306513,0.9011361012869672,3.274460593611002,14351266.454923991,0.2908140011131763,0.4576510274346434,0.9011361012869672,0.9011241281068906,0.6427749786525965,0.9652925152331592,0.8471264367816091,17.0,0.8874816286310571,0.9146693230673144,0.0834970194846391,1.0,0.0,2.1793786752969027,901.0,0.9648246884022776,3.0,min_freq_conf,['None'],"['nap', 'rtp']",0.8,21.0,1.0,PROB_LEN_DIST,1.0,,1.0,19207650275242170864062645768733669095_eps0_s0,,0.001,1.9207650275242172e+37,42.0,5.0,Helpdesk,1.2
16.37230296805501,0.8861807537339437,0.9038811714343667,0.0063254744105807,0.9039435970287076,3.274460593611002,14351262.288491348,0.2908140011131763,0.3534074345397328,0.9039435970287076,0.9039435970287076,0.6433727517724037,0.9571849051862956,0.8518305539582135,18.0,0.8900286033264788,0.9171024394428684,0.0828830152750015,1.0,0.0,2.076855011284352,857.0,0.9652040455231974,3.0,min_freq_conf,['None'],"['nap', 'rtp']",0.8,21.0,1.0,PROB_LEN_DIST,1.0,,1.0,19207650275242170864062645768733669095_eps0_s0,,0.001,1.9207650275242172e+37,42.0,5.0,Helpdesk,1.2
16.37230296805501,0.8872037513024473,0.905877004271013,0.0077866459022775,0.90590500819234,3.274460593611002,14351258.23199324,0.2908140011131763,0.4192626566688603,0.90590500819234,0.90590500819234,0.6301546897739172,0.9423741698265076,0.8565310492505354,18.0,0.892729702326747,0.9177277284392368,0.0853338725864887,1.0,0.0,2.07306506857276,855.0,0.9660988763577852,3.0,min_freq_conf,['None'],"['nap', 'rtp']",0.8,21.0,1.0,PROB_LEN_DIST,1.0,,1.0,19207650275242170864062645768733669095_eps0_s0,,0.001,1.9207650275242172e+37,42.0,5.0,Helpdesk,1.2
91.14374136552216,0.7922015055815428,0.5137467653477259,0.0003264773098269,0.4217512531177094,18.22874827310443,14351270.307375604,0.4282648768275976,0.4006300960236125,0.3927625628858843,0.4487909193056507,0.9528402462601662,7.732413018122315,0.5576232451844597,188.0,0.6758307272241415,0.8592915375706781,0.0824551191180944,1.0,0.0,8.564085243269801,77008.0,0.9325852965236484,17.0,min_freq_conf,['None'],"['nap', 'rtp']",0.8,21.0,1.0,PROB_LEN_DIST,1.0,,1.0,271943607370254905429138381606553406756_eps4_s0,,1e-10,2.719436073702549e+38,42.0,5.0,Sepsis,1.2
16.37230296805501,0.8921742579244989,0.9127721675979223,0.0040658276863504,0.9128240743874868,3.274460593611002,14351254.198514676,0.2908140011131763,0.4615541075723275,0.9128240743874868,0.9128240743874868,0.6330672558397055,0.8532378021627665,0.8594385285575993,18.0,0.8983488078018593,0.9223300798373434,0.0838358774781227,1.0,0.0,1.9401342887431383,795.0,0.9681948072364368,3.0,min_freq_conf,['None'],"['nap', 'rtp']",0.8,21.0,1.0,PROB_LEN_DIST,1.0,,1.0,19207650275242170864062645768733669095_eps0_s0,,0.001,1.9207650275242172e+37,42.0,5.0,Helpdesk,1.2
16.37230296805501,0.8903699863229632,0.9076765475589956,0.0077086143765658,0.90766572777558,3.274460593611002,14351250.380848031,0.2908140011131763,0.4016613637432358,0.90766572777558,0.90766572777558,0.6426889393478632,0.8936752453446388,0.8585469261900174,18.0,0.8949951993361157,0.920552745470844,0.0804267842322588,1.0,0.0,2.0230576042085886,852.0,0.966339717968166,3.0,min_freq_conf,['None'],"['nap', 'rtp']",0.8,21.0,1.0,PROB_LEN_DIST,1.0,,1.0,19207650275242170864062645768733669095_eps0_s0,,0.001,1.9207650275242172e+37,42.0,5.0,Helpdesk,1.2
91.14374136552216,0.8277678189369495,0.5837847178873397,0.0008365867261572,0.4793870471826128,18.22874827310443,14351252.66305668,0.4282648768275976,0.3768535104633457,0.3787218444227587,0.5137718414806138,2.333833158016205,6.323684079572558,0.5317902955939766,121.0,0.733857041091136,0.880572518767298,0.0809911377727985,1.0,0.0,8.36079677566886,73305.0,0.9431366950280612,11.0,min_freq_conf,['None'],"['nap', 'rtp']",0.8,21.0,1.0,PROB_LEN_DIST,1.0,,1.0,271943607370254905429138381606553406756_eps3_s0,,1e-10,2.719436073702549e+38,42.0,5.0,Sepsis,1.2
91.14374136552216,0.8028015397322384,0.5336150222740401,0.0018945374171139,0.429357749605091,18.22874827310443,14351235.263842056,0.4282648768275976,0.3949093316982507,0.3868503619633376,0.4618421562735447,1.2448545824736357,6.607435580343008,0.5383643826965583,188.0,0.6974201833798731,0.8635021908234715,0.0844394750893116,1.0,0.0,8.491334134712815,76724.0,0.9356783008576856,11.0,min_freq_conf,['None'],"['nap', 'rtp']",0.8,21.0,1.0,PROB_LEN_DIST,1.0,,1.0,271943607370254905429138381606553406756_eps3_s0,,1e-10,2.719436073702549e+38,42.0,5.0,Sepsis,1.2
91.14374136552216,0.8001309293019577,0.5391269635416801,0.0016323865491348,0.441902743764941,18.22874827310443,14351218.526918784,0.4282648768275976,0.3921907011330369,0.3980624016852546,0.4674416534694589,1.284096224233508,6.5287345964461565,0.5628468821416912,188.0,0.6960784077316549,0.8636386703706666,0.0857562776654958,1.0,0.0,8.416861616075039,77043.0,0.9367821238925602,11.0,min_freq_conf,['None'],"['nap', 'rtp']",0.8,21.0,1.0,PROB_LEN_DIST,1.0,,1.0,271943607370254905429138381606553406756_eps3_s0,,1e-10,2.719436073702549e+38,42.0,5.0,Sepsis,1.2
91.14374136552216,0.8044688641876097,0.5291003560844896,0.0014880952380952,0.4268172905853103,18.22874827310443,14351201.909519864,0.4282648768275976,0.42771812251155,0.3847016793862771,0.4557353494651053,1.4088294096291063,6.481197839602828,0.544345238095238,188.0,0.6983529174856933,0.8658375804259957,0.085488861426711,1.0,0.0,8.149453643709421,74713.0,0.9351646129485208,11.0,min_freq_conf,['None'],"['nap', 'rtp']",0.8,21.0,1.0,PROB_LEN_DIST,1.0,,1.0,271943607370254905429138381606553406756_eps3_s0,,1e-10,2.719436073702549e+38,42.0,5.0,Sepsis,1.2
91.14374136552216,0.7929349749909747,0.5223370666117623,0.0003264773098269,0.4286101665254657,18.22874827310443,14351185.464901129,0.4282648768275976,0.3915703041010304,0.4008914759012282,0.4532911876773901,1.0995533391833303,6.476024860516191,0.5484818805093046,188.0,0.6879637077988587,0.8552199730376588,0.0844714045524597,1.0,0.0,7.9581208974123,77008.0,0.9335482273618892,11.0,min_freq_conf,['None'],"['nap', 'rtp']",0.8,21.0,1.0,PROB_LEN_DIST,1.0,,1.0,271943607370254905429138381606553406756_eps3_s0,,1e-10,2.719436073702549e+38,42.0,5.0,Sepsis,1.2
91.14374136552216,0.7691902447434967,0.5053745659342062,0.0008365867261572,0.4092797843505633,18.22874827310443,14351169.539381571,0.4282648768275976,0.2581941450890949,0.3134956330518811,0.4377224013625136,1.4578368216753006,6.34885703958571,0.3304517568321249,121.0,0.6605216877079634,0.8306286149363771,0.0865623112767934,1.0,0.0,7.817979514598846,73305.0,0.9168778673219192,7.0,min_freq_conf,['None'],"['nap', 'rtp']",0.8,21.0,1.0,PROB_LEN_DIST,1.0,,1.0,271943607370254905429138381606553406756_eps2_s0,,1e-10,2.719436073702549e+38,42.0,5.0,Sepsis,1.2
18.25581002421677,0.8822188486268936,0.9004304675209884,0.0019157088122605,0.9004279732081494,3.6511620048433535,14351162.334858544,0.3430840000510216,0.5122926600333763,0.9004279732081494,0.9004160000280726,0.648035392165184,4.258961411193013,0.8478927203065134,17.0,0.8867187660147462,0.9144218773457308,0.0853665936738252,1.0,0.0,4.249340699985623,3723.0,0.9645548927445504,21.0,min_freq_conf,['None'],"['nap', 'rtp']",0.8,21.0,1.0,PROB_LEN_DIST,1.0,,1.0,157743150179391962308975927623047206194_eps5_s0,,0.0001,1.5774315017939197e+38,42.0,5.0,Helpdesk,1.2
18.25581002421677,0.8870783078229872,0.9043034021757466,0.0017251293847038,0.9043658277700872,3.6511620048433535,14351152.785741309,0.3430840000510216,0.3904461402935479,0.9043658277700872,0.9043658277700872,0.6517548896372318,4.719369437545538,0.8537473643856622,18.0,0.8900172698045068,0.91797215414237,0.0872538387775421,1.0,0.0,4.435675781220198,3836.0,0.96602332985312,21.0,min_freq_conf,['None'],"['nap', 'rtp']",0.8,21.0,1.0,PROB_LEN_DIST,1.0,,1.0,157743150179391962308975927623047206194_eps5_s0,,0.0001,1.5774315017939197e+38,42.0,5.0,Helpdesk,1.2
91.14374136552216,0.7373189584196664,0.4628557245337821,0.0018945374171139,0.3684940016884154,18.22874827310443,14351153.52011024,0.4282648768275976,0.3114875468402638,0.3425832836984093,0.3970715396684127,1.085562312975526,6.381937425583601,0.3138616987685507,188.0,0.626447381966467,0.8038672979498952,0.0867992714047432,1.0,0.0,7.86691658385098,76724.0,0.904535029390972,7.0,min_freq_conf,['None'],"['nap', 'rtp']",0.8,21.0,1.0,PROB_LEN_DIST,1.0,,1.0,271943607370254905429138381606553406756_eps2_s0,,1e-10,2.719436073702549e+38,42.0,5.0,Sepsis,1.2
18.25581002421677,0.8893228313658527,0.907822507019514,0.003114658360911,0.9078505109408408,3.6511620048433535,14351142.585461533,0.3430840000510216,0.457588732765444,0.9078505109408408,0.9078505109408408,0.6329879034310579,4.13739281706512,0.8575043799883201,18.0,0.8946427607173212,0.9190681439124148,0.0957640372216701,1.0,0.0,4.199446139857173,3638.0,0.9663864724162592,21.0,min_freq_conf,['None'],"['nap', 'rtp']",0.8,21.0,1.0,PROB_LEN_DIST,1.0,,1.0,157743150179391962308975927623047206194_eps5_s0,,0.0001,1.5774315017939197e+38,42.0,5.0,Helpdesk,1.2
18.25581002421677,0.8900611338752663,0.910389140815089,0.0019361084220716,0.9104410476046532,3.6511620048433535,14351133.219944311,0.3430840000510216,0.505802831735003,0.9104410476046532,0.9104410476046532,0.6408799476921558,4.130254160612822,0.8571151984511133,18.0,0.8958217253328599,0.9203706920163872,0.0842494871467351,1.0,0.0,4.144864149391651,3644.0,0.9670651801677972,21.0,min_freq_conf,['None'],"['nap', 'rtp']",0.8,21.0,1.0,PROB_LEN_DIST,1.0,,1.0,157743150179391962308975927623047206194_eps5_s0,,0.0001,1.5774315017939197e+38,42.0,5.0,Helpdesk,1.2
91.14374136552216,0.7466642957872835,0.4622197899133441,0.0016323865491348,0.3657750729961216,18.22874827310443,14351137.784380134,0.4282648768275976,0.225405854990646,0.3374272317274097,0.3945682974425231,1.15029376745224,6.302544184029102,0.3059092393078681,188.0,0.6320431998549751,0.8118568747841529,0.0835241023451089,1.0,0.0,7.9822947811335325,77043.0,0.9094787984616314,7.0,min_freq_conf,['None'],"['nap', 'rtp']",0.8,21.0,1.0,PROB_LEN_DIST,1.0,,1.0,271943607370254905429138381606553406756_eps2_s0,,1e-10,2.719436073702549e+38,42.0,5.0,Sepsis,1.2
18.25581002421677,0.8907639821688762,0.9086968683230052,0.0032761611100404,0.9086860485395896,3.6511620048433535,14351123.9064057,0.3430840000510216,0.4014667880055396,0.9086860485395896,0.9086860485395896,0.6858483254909515,4.447619458660483,0.8564270572364617,18.0,0.8958356524313387,0.9201341248845608,0.0867021325975656,1.0,0.0,4.528148857876658,3852.0,0.9664028857804186,21.0,min_freq_conf,['None'],"['nap', 'rtp']",0.8,21.0,1.0,PROB_LEN_DIST,1.0,,1.0,157743150179391962308975927623047206194_eps5_s0,,0.0001,1.5774315017939197e+38,42.0,5.0,Helpdesk,1.2
91.14374136552216,0.7529848433362325,0.4847810211566991,0.0014880952380952,0.379227573714249,18.22874827310443,14351121.952592798,0.4282648768275976,0.2999422935508758,0.3411066012092821,0.413109528256865,1.2884413059800863,6.227980054914951,0.3205357142857143,188.0,0.6444900914665026,0.8155192249477815,0.0859081093221902,1.0,0.0,8.13592098839581,74713.0,0.908236317047,7.0,min_freq_conf,['None'],"['nap', 'rtp']",0.8,21.0,1.0,PROB_LEN_DIST,1.0,,1.0,271943607370254905429138381606553406756_eps2_s0,,1e-10,2.719436073702549e+38,42.0,5.0,Sepsis,1.2
18.25581002421677,0.8822188486268936,0.9004304675209884,0.0019157088122605,0.9004279732081494,3.6511620048433535,14351113.827286292,0.3430840000510216,0.5122926600333763,0.9004279732081494,0.9004160000280726,0.6468500290066004,3.9500270448625088,0.8478927203065134,17.0,0.8867187660147462,0.9144218773457308,0.0883753802627325,1.0,0.0,3.9406379275023937,3723.0,0.9645548927445504,17.0,min_freq_conf,['None'],"['nap', 'rtp']",0.8,21.0,1.0,PROB_LEN_DIST,1.0,,1.0,157743150179391962308975927623047206194_eps4_s0,,0.0001,1.5774315017939197e+38,42.0,5.0,Helpdesk,1.2
18.25581002421677,0.8870783078229872,0.9043034021757466,0.0017251293847038,0.9043658277700872,3.6511620048433535,14351104.901360972,0.3430840000510216,0.3904461402935479,0.9043658277700872,0.9043658277700872,0.6466183438897133,4.106410566717386,0.8537473643856622,18.0,0.8900172698045068,0.91797215414237,0.0848176144063472,1.0,0.0,4.038630532100797,3836.0,0.96602332985312,17.0,min_freq_conf,['None'],"['nap', 'rtp']",0.8,21.0,1.0,PROB_LEN_DIST,1.0,,1.0,157743150179391962308975927623047206194_eps4_s0,,0.0001,1.5774315017939197e+38,42.0,5.0,Helpdesk,1.2
91.14374136552216,0.7344341084855345,0.4447749953543633,0.0003264773098269,0.3533281175919051,18.22874827310443,14351105.90478577,0.4282648768275976,0.2744834699857789,0.3343130512829212,0.3810714909290768,1.0291685443371534,6.260968282818794,0.3075416258570029,188.0,0.6156893776313073,0.8001332194815146,0.0841636825352907,1.0,0.0,7.850192094221711,77008.0,0.9045498614007856,7.0,min_freq_conf,['None'],"['nap', 'rtp']",0.8,21.0,1.0,PROB_LEN_DIST,1.0,,1.0,271943607370254905429138381606553406756_eps2_s0,,1e-10,2.719436073702549e+38,42.0,5.0,Sepsis,1.2
18.25581002421677,0.8889334990707388,0.9074331747244,0.003114658360911,0.9074611786457268,3.6511620048433535,14351095.714769764,0.3430840000510216,0.4571917498357099,0.9074611786457268,0.9074611786457268,0.6760598905384541,4.047210542485118,0.8567257153980923,18.0,0.8942534284222073,0.9186788116173008,0.0881020091474056,1.0,0.0,3.8555288687348366,3638.0,0.9659971401211452,17.0,min_freq_conf,['None'],"['nap', 'rtp']",0.8,21.0,1.0,PROB_LEN_DIST,1.0,,1.0,157743150179391962308975927623047206194_eps4_s0,,0.0001,1.5774315017939197e+38,42.0,5.0,Helpdesk,1.2
18.25581002421677,0.8902708789543241,0.9104052750519396,0.0019361084220716,0.910457181841504,3.6511620048433535,14351086.74604483,0.3430840000510216,0.505802831735003,0.910457181841504,0.910457181841504,0.6464823167771101,3.800953278318048,0.8571151984511133,18.0,0.895741054148607,0.9205320343848932,0.0887692645192146,1.0,0.0,3.847948808223009,3644.0,0.9671619855889008,17.0,min_freq_conf,['None'],"['nap', 'rtp']",0.8,21.0,1.0,PROB_LEN_DIST,1.0,,1.0,157743150179391962308975927623047206194_eps4_s0,,0.0001,1.5774315017939197e+38,42.0,5.0,Helpdesk,1.2
91.14374136552216,0.7344322980261515,0.4543579291831659,0.0008365867261572,0.3592025566286993,18.22874827310443,14351090.372586709,0.4282648768275976,0.2024108530099863,0.2626942429319518,0.3880254847528609,1.1007954124361277,6.111583739519119,0.2085889570552147,121.0,0.6218405421497188,0.8056827429066822,0.0854320116341114,1.0,0.0,9.219078162685037,73305.0,0.8970188666149674,5.0,min_freq_conf,['None'],"['nap', 'rtp']",0.8,21.0,1.0,PROB_LEN_DIST,1.0,,1.0,271943607370254905429138381606553406756_eps1_s0,,1e-10,2.719436073702549e+38,42.0,5.0,Sepsis,1.2
18.25581002421677,0.8903785514500479,0.9083114376041768,0.0032761611100404,0.9083006178207612,3.6511620048433535,14351078.053612268,0.3430840000510216,0.4011548728464628,0.9083006178207612,0.9083006178207612,0.6490506920963526,4.006148751825094,0.8556561957988051,18.0,0.8954502217125104,0.9197486941657326,0.0862265564501285,1.0,0.0,4.10694432631135,3852.0,0.9660174550615902,17.0,min_freq_conf,['None'],"['nap', 'rtp']",0.8,21.0,1.0,PROB_LEN_DIST,1.0,,1.0,157743150179391962308975927623047206194_eps4_s0,,0.0001,1.5774315017939197e+38,42.0,5.0,Helpdesk,1.2
18.25581002421677,0.8153880639369074,0.8519750912136028,0.0019157088122605,0.8519725969007639,3.6511620048433535,14351068.900857264,0.3430840000510216,0.4885027141989378,0.8519725969007639,0.8519606237206873,0.6320322342216969,3.5069101210683584,0.8057471264367816,17.0,0.8392924391487722,0.8702837278196575,0.0861256550997495,1.0,0.0,3.587982948869467,3723.0,0.9476902695006174,11.0,min_freq_conf,['None'],"['nap', 'rtp']",0.8,21.0,1.0,PROB_LEN_DIST,1.0,,1.0,157743150179391962308975927623047206194_eps3_s0,,0.0001,1.5774315017939197e+38,42.0,5.0,Helpdesk,1.2
91.14374136552216,0.7182697557829553,0.4442115785668232,0.0018945374171139,0.351383036610233,18.22874827310443,14351073.555529242,0.4282648768275976,0.20175972242465,0.2830888813639639,0.3789363153898316,0.9737909864634277,6.177849417552352,0.2188190716766656,188.0,0.6021081397058571,0.7886388925445804,0.0867501907050609,1.0,0.0,9.949625216424463,76724.0,0.8876853624855268,5.0,min_freq_conf,['None'],"['nap', 'rtp']",0.8,21.0,1.0,PROB_LEN_DIST,1.0,,1.0,271943607370254905429138381606553406756_eps1_s0,,1e-10,2.719436073702549e+38,42.0,5.0,Sepsis,1.2
18.25581002421677,0.8188658428020057,0.8540035305992829,0.0017251293847038,0.8540659561936236,3.6511620048433535,14351060.79386456,0.3430840000510216,0.3710005955580601,0.8540659561936236,0.8540659561936236,0.6288223061710596,3.612999947741628,0.8088940003833621,18.0,0.8405098389141051,0.8721781631356187,0.1017313580960035,1.0,0.0,3.707913782447577,3836.0,0.9475083102742706,11.0,min_freq_conf,['None'],"['nap', 'rtp']",0.8,21.0,1.0,PROB_LEN_DIST,1.0,,1.0,157743150179391962308975927623047206194_eps3_s0,,0.0001,1.5774315017939197e+38,42.0,5.0,Helpdesk,1.2
18.25581002421677,0.8256344795083281,0.8630747078284632,0.003114658360911,0.86310271174979,3.6511620048433535,14351052.439602517,0.3430840000510216,0.4405727051835691,0.86310271174979,0.86310271174979,0.6160960905253887,3.5642768517136574,0.8236324703134125,18.0,0.8505171207137437,0.8780325200074188,0.085629029199481,1.0,0.0,3.516292108222842,3638.0,0.952438951937689,11.0,min_freq_conf,['None'],"['nap', 'rtp']",0.8,21.0,1.0,PROB_LEN_DIST,1.0,,1.0,157743150179391962308975927623047206194_eps3_s0,,0.0001,1.5774315017939197e+38,42.0,5.0,Helpdesk,1.2
91.14374136552216,0.6931295791066938,0.4052876640981468,0.0016323865491348,0.3193486385447603,18.22874827310443,14351056.067071628,0.4282648768275976,0.1829205817200336,0.2912174853385953,0.3428520406341908,0.7103929184377193,6.284419829025865,0.2210251387528566,188.0,0.5728426349443548,0.7714940656245131,0.1057010609656572,1.0,0.0,8.683653162792325,77043.0,0.8809993759697481,5.0,min_freq_conf,['None'],"['nap', 'rtp']",0.8,21.0,1.0,PROB_LEN_DIST,1.0,,1.0,271943607370254905429138381606553406756_eps1_s0,,1e-10,2.719436073702549e+38,42.0,5.0,Sepsis,1.2
18.25581002421677,0.8215872768728454,0.8608739340685199,0.0019361084220716,0.860925840858084,3.6511620048433535,14351044.34506089,0.3430840000510216,0.4822580538071769,0.860925840858084,0.860925840858084,0.6186240240931511,3.427779246121645,0.8147144240077444,18.0,0.8475616853835748,0.8751382800269637,0.0833328794687986,1.0,0.0,3.467007949948311,3644.0,0.9505668473722714,11.0,min_freq_conf,['None'],"['nap', 'rtp']",0.8,21.0,1.0,PROB_LEN_DIST,1.0,,1.0,157743150179391962308975927623047206194_eps3_s0,,0.0001,1.5774315017939197e+38,42.0,5.0,Helpdesk,1.2
18.25581002421677,0.8228964944179749,0.8598910778521579,0.0032761611100404,0.8598802580687422,3.6511620048433535,14351036.434610795,0.3430840000510216,0.3848454304013452,0.8598802580687422,0.8598802580687422,0.6216003354638815,3.72257437184453,0.8148005396030064,18.0,0.8476246794468146,0.8747468907615461,0.0886995811015367,1.0,0.0,3.7073501721024513,3852.0,0.9490149130542304,11.0,min_freq_conf,['None'],"['nap', 'rtp']",0.8,21.0,1.0,PROB_LEN_DIST,1.0,,1.0,157743150179391962308975927623047206194_eps3_s0,,0.0001,1.5774315017939197e+38,42.0,5.0,Helpdesk,1.2
91.14374136552216,0.7086874100709557,0.4107769574622972,0.0014880952380952,0.3172783000988043,18.22874827310443,14351039.975676265,0.4282648768275976,0.2475010062763772,0.2823149749950236,0.3426048757836772,0.8465446252375841,6.231475859880447,0.2199404761904762,188.0,0.5824390498316322,0.78782890035064,0.0881970096379518,1.0,0.0,8.814746784046292,74713.0,0.8871089429304183,5.0,min_freq_conf,['None'],"['nap', 'rtp']",0.8,21.0,1.0,PROB_LEN_DIST,1.0,,1.0,271943607370254905429138381606553406756_eps1_s0,,1e-10,2.719436073702549e+38,42.0,5.0,Sepsis,1.2
270.563952377066,0.9373953527556,0.7089790650530589,0.0,0.5300087473450154,54.112790475413206,14351323.829242844,1.4905632380396128,0.7806277064586077,0.4782540041690752,0.5977548430192909,9.103220358490944,19.88160283304751,0.8698387731026347,53.0,0.8704430245867669,0.9646110229792024,0.1021974720060825,1.0,0.0,271.55437201447785,122698.0,0.986204220799454,3.0,min_freq_conf,['None'],"['nap', 'rtp']",0.8,21.0,1.0,PROB_LEN_DIST,1.0,,1.0,47162190639218093551966380058160093021_eps0_s0,,1e-10,4.71621906392181e+37,42.0,5.0,Nasa,1.2
18.25581002421677,0.6085825354934663,0.6568648151550506,0.0019157088122605,0.6568623208422114,3.6511620048433535,14351027.9902665,0.3430840000510216,0.2898897406913202,0.6568623208422114,0.6568503476621348,0.6903695818036795,3.302837068215013,0.4425287356321839,17.0,0.6459272804675179,0.6971241463410963,0.0860488321632146,1.0,0.0,3.5483737029135227,3723.0,0.846378826579991,7.0,min_freq_conf,['None'],"['nap', 'rtp']",0.8,21.0,1.0,PROB_LEN_DIST,1.0,,1.0,157743150179391962308975927623047206194_eps2_s0,,0.0001,1.5774315017939197e+38,42.0,5.0,Helpdesk,1.2
18.25581002421677,0.6279396699609475,0.6837899396409967,0.0017251293847038,0.683852365235337,3.6511620048433535,14351020.05064284,0.3430840000510216,0.2505775921818144,0.683852365235337,0.683852365235337,0.6703229621052742,3.5605421755462885,0.514280237684493,18.0,0.669775203285837,0.6849410711112849,0.096814701333642,1.0,0.0,3.5648733992129564,3836.0,0.8532767617874034,7.0,min_freq_conf,['None'],"['nap', 'rtp']",0.8,21.0,1.0,PROB_LEN_DIST,1.0,,1.0,157743150179391962308975927623047206194_eps2_s0,,0.0001,1.5774315017939197e+38,42.0,5.0,Helpdesk,1.2
18.25581002421677,0.6234202271675546,0.6499437015302255,0.003114658360911,0.6499717054515524,3.6511620048433535,14351011.846586268,0.3430840000510216,0.2135964335923755,0.6499717054515524,0.6499717054515524,0.6901227794587612,3.258781408891082,0.33969242748686,18.0,0.6362305475114494,0.6727922133022325,0.0893492139875888,1.0,0.0,3.453719198703766,3638.0,0.8212874995141117,7.0,min_freq_conf,['None'],"['nap', 'rtp']",0.8,21.0,1.0,PROB_LEN_DIST,1.0,,1.0,157743150179391962308975927623047206194_eps2_s0,,0.0001,1.5774315017939197e+38,42.0,5.0,Helpdesk,1.2
91.14374136552216,0.7224848184363005,0.4357276340728702,0.0003264773098269,0.3477079530136851,18.22874827310443,14351023.680744557,0.4282648768275976,0.2584150905098744,0.2781412136481193,0.3731842188059143,0.8897609375417233,6.205128850415349,0.2729350310153444,188.0,0.5991397863332749,0.7965060729935877,0.0863162409514188,1.0,0.0,12.41134979762137,77008.0,0.8943203950305801,5.0,min_freq_conf,['None'],"['nap', 'rtp']",0.8,21.0,1.0,PROB_LEN_DIST,1.0,,1.0,271943607370254905429138381606553406756_eps1_s0,,1e-10,2.719436073702549e+38,42.0,5.0,Sepsis,1.2
18.25581002421677,0.6221476028542879,0.6405063061064984,0.0019361084220716,0.6405582128960626,3.6511620048433535,14351004.050765593,0.3430840000510216,0.2173479249765297,0.6405582128960626,0.6405582128960626,0.6887684091925621,3.1568605564534664,0.3091965150048402,18.0,0.6272304935034847,0.6688848104675728,0.0852617174386978,1.0,0.0,3.3409715183079243,3644.0,0.8149140254174357,7.0,min_freq_conf,['None'],"['nap', 'rtp']",0.8,21.0,1.0,PROB_LEN_DIST,1.0,,1.0,157743150179391962308975927623047206194_eps2_s0,,0.0001,1.5774315017939197e+38,42.0,5.0,Helpdesk,1.2
18.25581002421677,0.6264792716758424,0.6803788666527079,0.0032761611100404,0.6803808945599199,3.6511620048433535,14350996.476039767,0.3430840000510216,0.2671309147473725,0.6803808945599199,0.6803808945599199,0.6938353516161442,3.464371372014284,0.4910387357872422,18.0,0.6628626571390076,0.6804603129039439,0.0863195545971393,1.0,0.0,3.4891621619462967,3852.0,0.8494910541162274,7.0,min_freq_conf,['None'],"['nap', 'rtp']",0.8,21.0,1.0,PROB_LEN_DIST,1.0,,1.0,157743150179391962308975927623047206194_eps2_s0,,0.0001,1.5774315017939197e+38,42.0,5.0,Helpdesk,1.2
18.25581002421677,0.6477109337278207,0.666206550565128,0.0019157088122605,0.6513721322326348,3.6511620048433535,14350988.434678853,0.3430840000510216,0.3276956683153736,0.6513721322326348,0.6552094849629296,0.7735613249242306,3.1899266969412565,0.1647509578544061,17.0,0.6550421853780173,0.6627800537446784,0.0857506934553384,1.0,0.0,3.8371683582663536,3723.0,0.7888747095284465,5.0,min_freq_conf,['None'],"['nap', 'rtp']",0.8,21.0,1.0,PROB_LEN_DIST,1.0,,1.0,157743150179391962308975927623047206194_eps1_s0,,0.0001,1.5774315017939197e+38,42.0,5.0,Helpdesk,1.2
18.25581002421677,0.6684744147510102,0.6609053715436645,0.0017251293847038,0.6518367103473439,3.6511620048433535,14350980.239764014,0.3430840000510216,0.218421416331519,0.6518367103473439,0.651860670477687,0.7093928325921297,3.410181451588869,0.3933294997124784,18.0,0.6595056579099117,0.6951720212358578,0.0885724518448114,1.0,0.0,4.73999528773129,3836.0,0.8224676783187429,5.0,min_freq_conf,['None'],"['nap', 'rtp']",0.8,21.0,1.0,PROB_LEN_DIST,1.0,,1.0,157743150179391962308975927623047206194_eps1_s0,,0.0001,1.5774315017939197e+38,42.0,5.0,Helpdesk,1.2
18.25581002421677,0.6757780193224033,0.6678591116127574,0.003114658360911,0.6581994360731915,3.6511620048433535,14350970.999531496,0.3430840000510216,0.2699301840580308,0.6581994360731915,0.6583089357811923,0.726964870467782,3.1401864252984524,0.2635779637920966,18.0,0.655796561332373,0.6920266891091346,0.0873083546757698,1.0,0.0,3.6649422980844975,3638.0,0.8068781647158964,5.0,min_freq_conf,['None'],"['nap', 'rtp']",0.8,21.0,1.0,PROB_LEN_DIST,1.0,,1.0,157743150179391962308975927623047206194_eps1_s0,,0.0001,1.5774315017939197e+38,42.0,5.0,Helpdesk,1.2
18.25581002421677,0.6951170567627442,0.7243795824483141,0.0019361084220716,0.7244314892378783,3.6511620048433535,14350963.063002411,0.3430840000510216,0.3646825799492965,0.7244314892378783,0.7244314892378783,0.6864693220704794,3.049813773483038,0.3465634075508228,18.0,0.6994844184534317,0.7381854135968253,0.0941885281354188,1.0,0.0,3.555477073416114,3644.0,0.8255921920394433,5.0,min_freq_conf,['None'],"['nap', 'rtp']",0.8,21.0,1.0,PROB_LEN_DIST,1.0,,1.0,157743150179391962308975927623047206194_eps1_s0,,0.0001,1.5774315017939197e+38,42.0,5.0,Helpdesk,1.2
18.25581002421677,0.6772123547851063,0.6902097206876494,0.0032761611100404,0.6902255139776766,3.6511620048433535,14350955.374938872,0.3430840000510216,0.2705720008747262,0.6902255139776766,0.6902255139776766,0.6733145583420992,3.2167733758687973,0.4413181730583927,18.0,0.6773891891496414,0.7016648909643795,0.0875357203185558,1.0,0.0,4.649439077824354,3852.0,0.8268216863755515,5.0,min_freq_conf,['None'],"['nap', 'rtp']",0.8,21.0,1.0,PROB_LEN_DIST,1.0,,1.0,157743150179391962308975927623047206194_eps1_s0,,0.0001,1.5774315017939197e+38,42.0,5.0,Helpdesk,1.2
18.25581002421677,0.884406177581464,0.9031788254848636,0.0019157088122605,0.9031763311720248,3.6511620048433535,14350946.443015154,0.3430840000510216,0.5129779028890953,0.9031763311720248,0.9031643579919482,0.6447591036558151,3.131053587421775,0.8496168582375478,17.0,0.8895218585161145,0.9161188760685918,0.0856704842299223,1.0,0.0,6.505253478884697,3723.0,0.9658048927445508,3.0,min_freq_conf,['None'],"['nap', 'rtp']",0.8,21.0,1.0,PROB_LEN_DIST,1.0,,1.0,157743150179391962308975927623047206194_eps0_s0,,0.0001,1.5774315017939197e+38,42.0,5.0,Helpdesk,1.2
18.25581002421677,0.8893275175190052,0.9075742261912514,0.0017251293847038,0.907636651785592,3.6511620048433535,14350935.775641168,0.3430840000510216,0.3839199669308102,0.907636651785592,0.907636651785592,0.6389435213059187,3.315267939120531,0.8554724937703662,18.0,0.8937216580833633,0.9196422132592376,0.0889656338840723,1.0,0.0,6.654565507546067,3836.0,0.96707293568996,3.0,min_freq_conf,['None'],"['nap', 'rtp']",0.8,21.0,1.0,PROB_LEN_DIST,1.0,,1.0,157743150179391962308975927623047206194_eps0_s0,,0.0001,1.5774315017939197e+38,42.0,5.0,Helpdesk,1.2
18.25581002421677,0.8920509383766152,0.9110453904886496,0.003114658360911,0.9110733944099768,3.6511620048433535,14350924.76694991,0.3430840000510216,0.4551160581461828,0.9110733944099768,0.9110733944099768,0.6412196904420853,3.1430248264223337,0.860619038349231,18.0,0.8978980885443838,0.9215853625966568,0.0885309595614671,1.0,0.0,6.470076406374574,3638.0,0.967938471452198,3.0,min_freq_conf,['None'],"['nap', 'rtp']",0.8,21.0,1.0,PROB_LEN_DIST,1.0,,1.0,157743150179391962308975927623047206194_eps0_s0,,0.0001,1.5774315017939197e+38,42.0,5.0,Helpdesk,1.2
18.25581002421677,0.8935101727357284,0.9141564851197036,0.0019361084220716,0.914208391909268,3.6511620048433535,14350914.104791025,0.3430840000510216,0.5080879816024543,0.914208391909268,0.914208391909268,0.6405223086476326,3.009556248784065,0.8613746369796709,18.0,0.8997331253236407,0.9233917126221128,0.0886146072298288,1.0,0.0,6.1931644808501005,3644.0,0.9688950331157528,3.0,min_freq_conf,['None'],"['nap', 'rtp']",0.8,21.0,1.0,PROB_LEN_DIST,1.0,,1.0,157743150179391962308975927623047206194_eps0_s0,,0.0001,1.5774315017939197e+38,42.0,5.0,Helpdesk,1.2
18.25581002421677,0.8933410147805978,0.9113798943824042,0.0032761611100404,0.9113690745989884,3.6511620048433535,14350903.855228916,0.3430840000510216,0.4027852452328253,0.9113690745989884,0.9113690745989884,0.7034889627248049,3.286595024168492,0.8614376565812295,18.0,0.8986343077063863,0.9229135086236672,0.0899640452116727,1.0,0.0,6.686049064621329,3852.0,0.968218692722454,3.0,min_freq_conf,['None'],"['nap', 'rtp']",0.8,21.0,1.0,PROB_LEN_DIST,1.0,,1.0,157743150179391962308975927623047206194_eps0_s0,,0.0001,1.5774315017939197e+38,42.0,5.0,Helpdesk,1.2
20.697109637781978,0.8832948384097802,0.9010438744418666,0.000191570881226,0.9010413801290276,4.139421927556396,14350805.921582108,2.2389779090881348,0.5190435906820267,0.9010413801290276,0.9010294069489512,0.6485101524740458,14.897987939417362,0.8469348659003831,17.0,0.8872474864428919,0.9155432511826216,0.0907093156129121,1.0,0.0,14.57569188810885,12764.0,0.9653371405095572,21.0,min_freq_conf,['None'],"['nap', 'rtp']",0.8,21.0,1.0,PROB_LEN_DIST,1.0,,1.0,53030239996814801667998677876357158830_eps5_s0,,1e-07,5.30302399968148e+37,42.0,5.0,Helpdesk,1.2
20.697109637781978,0.8885496119538657,0.9057425312744504,0.0005750431282346,0.9058049568687908,4.139421927556396,14350775.396519631,2.2389779090881348,0.457994494059483,0.9058049568687908,0.9058049568687908,0.6649196539074183,14.924386709928513,0.8548974506421315,18.0,0.8914449893173327,0.9192707171430607,0.1047770828008651,1.0,0.0,15.221383910626171,12937.0,0.9667226614035154,21.0,min_freq_conf,['None'],"['nap', 'rtp']",0.8,21.0,1.0,PROB_LEN_DIST,1.0,,1.0,53030239996814801667998677876357158830_eps5_s0,,1e-07,5.30302399968148e+37,42.0,5.0,Helpdesk,1.2
20.697109637781978,0.893007274450724,0.9118904115156836,0.0001946661475569,0.9119184154370108,4.139421927556396,14350744.176623456,2.2389779090881348,0.4857004637662996,0.9119184154370108,0.9119184154370108,0.6466496791690588,15.132987316697836,0.8600350399065603,18.0,0.8984850996774336,0.9222863152248044,0.1000038869678974,1.0,0.0,15.033510375767946,12792.0,0.9681612560432912,21.0,min_freq_conf,['None'],"['nap', 'rtp']",0.8,21.0,1.0,PROB_LEN_DIST,1.0,,1.0,53030239996814801667998677876357158830_eps5_s0,,1e-07,5.30302399968148e+37,42.0,5.0,Helpdesk,1.2
270.563952377066,0.9372434731685256,0.7095671390092015,6.469142191745374e-05,0.5257218019292044,54.112790475413206,14351022.810559824,1.4905632380396128,0.7757452462483658,0.4691305810077832,0.5945368973994895,9.330533426254988,20.641233768314123,0.8670591279596326,51.0,0.870947450978296,0.964341011398757,0.1064515132457017,1.0,0.0,285.0387847647071,122095.0,0.9860088915818402,3.0,min_freq_conf,['None'],"['nap', 'rtp']",0.8,21.0,1.0,PROB_LEN_DIST,1.0,,1.0,47162190639218093551966380058160093021_eps0_s0,,1e-10,4.71621906392181e+37,42.0,5.0,Nasa,1.2
20.697109637781978,0.8930708605151961,0.9133635257933465,0.0001936108422071,0.9134154325829108,4.139421927556396,14350712.942349812,2.2389779090881348,0.5396700678711196,0.9134154325829108,0.9134154325829108,0.6635829135775566,15.769175855442882,0.8596321393998064,18.0,0.8985083830872818,0.9231656028171064,0.0876441840082407,1.0,0.0,15.13715236634016,13016.0,0.9682736345079074,21.0,min_freq_conf,['None'],"['nap', 'rtp']",0.8,21.0,1.0,PROB_LEN_DIST,1.0,,1.0,53030239996814801667998677876357158830_eps5_s0,,1e-07,5.30302399968148e+37,42.0,5.0,Helpdesk,1.2
20.697109637781978,0.8903789338217928,0.9089068668852872,0.0015417228753131,0.9088960471018716,4.139421927556396,14350680.972688155,2.2389779090881348,0.4792687774547808,0.9088960471018716,0.9088960471018716,0.6548222061246634,16.233537385240197,0.8552707650799769,18.0,0.8958702953114237,0.920186586287957,0.1005375888198614,1.0,0.0,15.27610183507204,12576.0,0.9665076556385126,21.0,min_freq_conf,['None'],"['nap', 'rtp']",0.8,21.0,1.0,PROB_LEN_DIST,1.0,,1.0,53030239996814801667998677876357158830_eps5_s0,,1e-07,5.30302399968148e+37,42.0,5.0,Helpdesk,1.2
20.697109637781978,0.8820569256201433,0.8997295613603121,0.000191570881226,0.899727067047473,4.139421927556396,14350648.35985884,2.2389779090881348,0.5175234827266617,0.899727067047473,0.8997150938673963,0.7048899214714766,13.2038045655936,0.8442528735632184,17.0,0.8860678051195324,0.9143339980049776,0.0891812406480312,1.0,0.0,13.42084445618093,12764.0,0.9642318069329594,17.0,min_freq_conf,['None'],"['nap', 'rtp']",0.8,21.0,1.0,PROB_LEN_DIST,1.0,,1.0,53030239996814801667998677876357158830_eps4_s0,,1e-07,5.30302399968148e+37,42.0,5.0,Helpdesk,1.2
300.1566432211548,0.9824955620931882,0.9620990150643476,9.15851558779353e-05,0.9198619014625488,60.03132864423096,14370314.289681,4.1521161161363125,0.6428656942808751,0.1434797223862622,0.9420421592399942,235.68313321471211,73.94187339022756,0.829798146316445,178.0,0.9784551533638012,0.9862677968211392,0.1369389947503805,1.0,0.0,19387.43991374038,111863.0,0.9929551244550936,3.0,min_freq_conf,['None'],"['nap', 'rtp']",0.8,21.0,1.0,PROB_LEN_DIST,1.0,,1.0,330287721545115267207492079340830799343_eps0_s0,,1e-10,3.3028772154511527e+38,42.0,5.0,BPI2012_Full,1.2
20.697109637781978,0.8874278214703732,0.9046024854535532,0.0005750431282346,0.904664911047894,4.139421927556396,14350620.6339488,2.2389779090881348,0.4566547149624193,0.904664911047894,0.904664911047894,0.6475928388535976,13.653287671506405,0.8522139160437032,18.0,0.890364273343,0.918251156549032,0.0863055195659399,1.0,0.0,13.469136057421563,12937.0,0.9657962030302486,17.0,min_freq_conf,['None'],"['nap', 'rtp']",0.8,21.0,1.0,PROB_LEN_DIST,1.0,,1.0,53030239996814801667998677876357158830_eps4_s0,,1e-07,5.30302399968148e+37,42.0,5.0,Helpdesk,1.2
20.697109637781978,0.8921479624565085,0.9113410976366054,0.0001946661475569,0.9113691015579324,4.139421927556396,14350592.457053924,2.2389779090881348,0.4845741890847991,0.9113691015579324,0.9113691015579324,0.6738332062959671,13.249735604971647,0.8582830445785478,18.0,0.8979809761540382,0.9213662086837128,0.0920309405773878,1.0,0.0,13.286852100864053,12792.0,0.9672939102080652,17.0,min_freq_conf,['None'],"['nap', 'rtp']",0.8,21.0,1.0,PROB_LEN_DIST,1.0,,1.0,53030239996814801667998677876357158830_eps4_s0,,1e-07,5.30302399968148e+37,42.0,5.0,Helpdesk,1.2
20.697109637781978,0.8926836388307818,0.9126542340095146,0.0001936108422071,0.9127061407990786,4.139421927556396,14350564.832680527,2.2389779090881348,0.5264013869354163,0.9127061407990786,0.9127061407990786,0.6451769322156906,13.64259167574346,0.8578896418199419,18.0,0.8980154437366462,0.922670819553688,0.0952772609889507,1.0,0.0,13.759425427764654,13016.0,0.9678199551336084,17.0,min_freq_conf,['None'],"['nap', 'rtp']",0.8,21.0,1.0,PROB_LEN_DIST,1.0,,1.0,53030239996814801667998677876357158830_eps4_s0,,1e-07,5.30302399968148e+37,42.0,5.0,Helpdesk,1.2
20.697109637781978,0.8896915823732157,0.908167054033314,0.0015417228753131,0.9081562342498984,4.139421927556396,14350536.383496745,2.2389779090881348,0.4789992305926215,0.9081562342498984,0.9081562342498984,0.6442214269191027,13.332982992753386,0.8546926190017344,18.0,0.8951775906584183,0.9196020163644008,0.1091464683413505,1.0,0.0,13.34397791698575,12576.0,0.9658106684219648,17.0,min_freq_conf,['None'],"['nap', 'rtp']",0.8,21.0,1.0,PROB_LEN_DIST,1.0,,1.0,53030239996814801667998677876357158830_eps4_s0,,1e-07,5.30302399968148e+37,42.0,5.0,Helpdesk,1.2
20.697109637781978,0.8068000698747745,0.8411738453117811,0.000191570881226,0.8411553867588398,4.139421927556396,14350508.64062424,2.2389779090881348,0.4870038586874224,0.8411553867588398,0.8411434135787632,0.6321911364793777,11.33138806372881,0.7885057471264367,17.0,0.8296336246767386,0.8631550933634362,0.0877036601305008,1.0,0.0,11.400038259103894,12764.0,0.9444515813050324,11.0,min_freq_conf,['None'],"['nap', 'rtp']",0.8,21.0,1.0,PROB_LEN_DIST,1.0,,1.0,53030239996814801667998677876357158830_eps3_s0,,1e-07,5.30302399968148e+37,42.0,5.0,Helpdesk,1.2
91.14374136552216,0.9817536861915496,0.9598530814409456,0.0008365867261572,0.9231946332581868,18.22874827310443,14351003.762243712,0.4282648768275976,0.3524481269525425,0.1234562002445249,0.9423267155376106,19.18281717225909,6.240842763334513,0.5652537646402677,121.0,0.9755969568431512,0.9851714533515068,0.0883443560451269,1.0,0.0,507.10515798069537,73305.0,0.9886422199877016,3.0,min_freq_conf,['None'],"['nap', 'rtp']",0.8,21.0,1.0,PROB_LEN_DIST,1.0,,1.0,271943607370254905429138381606553406756_eps0_s0,,1e-10,2.719436073702549e+38,42.0,5.0,Sepsis,1.2
20.697109637781978,0.8114393295244277,0.8441400404166434,0.0005750431282346,0.8441879447198667,4.139421927556396,14350484.865854356,2.2389779090881348,0.4330901554470227,0.8441879447198667,0.8441879447198667,0.640151921659708,11.821999933570623,0.7975848188614146,18.0,0.8322558125749719,0.8681871591446155,0.1137750297784805,1.0,0.0,11.948741897940636,12937.0,0.9478684659535748,11.0,min_freq_conf,['None'],"['nap', 'rtp']",0.8,21.0,1.0,PROB_LEN_DIST,1.0,,1.0,53030239996814801667998677876357158830_eps3_s0,,1e-07,5.30302399968148e+37,42.0,5.0,Helpdesk,1.2
20.697109637781978,0.8213987286695007,0.8560937170242287,0.0001946661475569,0.8556514074034102,4.139421927556396,14350460.033724448,2.2389779090881348,0.4619836220651889,0.8556514074034102,0.8556514074034102,0.6260829754173756,11.261497762054203,0.8129258321977808,18.0,0.8458265524841444,0.8757091155767529,0.0905984230339527,1.0,0.0,11.255469361320138,12792.0,0.9521498811356728,11.0,min_freq_conf,['None'],"['nap', 'rtp']",0.8,21.0,1.0,PROB_LEN_DIST,1.0,,1.0,53030239996814801667998677876357158830_eps3_s0,,1e-07,5.30302399968148e+37,42.0,5.0,Helpdesk,1.2
20.697109637781978,0.8151023892746947,0.8529550201331485,0.0001936108422071,0.8529101215016089,4.139421927556396,14350436.492282167,2.2389779090881348,0.4973455935860321,0.8529101215016089,0.8529101215016089,0.663928372785449,11.67721114680171,0.8052274927395934,18.0,0.8403459936857915,0.872002936828697,0.0877439137548208,1.0,0.0,11.608949474990368,13016.0,0.9501367547156544,11.0,min_freq_conf,['None'],"['nap', 'rtp']",0.8,21.0,1.0,PROB_LEN_DIST,1.0,,1.0,53030239996814801667998677876357158830_eps3_s0,,1e-07,5.30302399968148e+37,42.0,5.0,Helpdesk,1.2
270.563952377066,0.9372819962408548,0.7098299790236328,0.0003307753373908,0.5290766157659315,54.112790475413206,14350707.354982285,1.4905632380396128,0.7778515816297463,0.4747660525603628,0.5966321739886395,9.200918421149254,19.83129818364978,0.8690129663932257,53.0,0.8707060489061943,0.964364090029857,0.1042391173541545,1.0,0.0,276.5309818964452,121592.0,0.9859962488980066,3.0,min_freq_conf,['None'],"['nap', 'rtp']",0.8,21.0,1.0,PROB_LEN_DIST,1.0,,1.0,47162190639218093551966380058160093021_eps0_s0,,1e-10,4.71621906392181e+37,42.0,5.0,Nasa,1.2
20.697109637781978,0.822986650723201,0.8600022159378568,0.0015417228753131,0.8599446772794317,4.139421927556396,14350412.143605988,2.2389779090881348,0.4640590777155292,0.8599446772794317,0.8599446772794317,0.6282236929982901,11.32604376412928,0.8165349778377337,18.0,0.8472607171634071,0.8760922275086944,0.088666221126914,1.0,0.0,11.43432356789708,12576.0,0.9525510104764328,11.0,min_freq_conf,['None'],"['nap', 'rtp']",0.8,21.0,1.0,PROB_LEN_DIST,1.0,,1.0,53030239996814801667998677876357158830_eps3_s0,,1e-07,5.30302399968148e+37,42.0,5.0,Helpdesk,1.2
20.697109637781978,0.5452064862553504,0.4997512449236554,0.000191570881226,0.4995747906308218,4.139421927556396,14350388.354588851,2.2389779090881348,0.3046790342652484,0.4995747906308218,0.4995747906308218,0.7029469292610884,10.745401041582229,0.1576628352490421,17.0,0.5245461910907231,0.6643662566148031,0.0900119878351688,1.0,0.0,10.855416119098663,12764.0,0.8364808703961214,7.0,min_freq_conf,['None'],"['nap', 'rtp']",0.8,21.0,1.0,PROB_LEN_DIST,1.0,,1.0,53030239996814801667998677876357158830_eps2_s0,,1e-07,5.30302399968148e+37,42.0,5.0,Helpdesk,1.2
20.697109637781978,0.5949566018715075,0.5876270956058092,0.0005750431282346,0.5875246486948515,4.139421927556396,14350365.538216133,2.2389779090881348,0.27997153824687,0.5875246486948515,0.5875246486948515,0.7342909127473831,11.312916183844209,0.3028560475368986,18.0,0.5839032025202162,0.694618866959284,0.0856894310563802,1.0,0.0,11.552564090117812,12937.0,0.8386358971465616,7.0,min_freq_conf,['None'],"['nap', 'rtp']",0.8,21.0,1.0,PROB_LEN_DIST,1.0,,1.0,53030239996814801667998677876357158830_eps2_s0,,1e-07,5.30302399968148e+37,42.0,5.0,Helpdesk,1.2
20.697109637781978,0.5431370664678141,0.5319526535800558,0.0001946661475569,0.5319208088431304,4.139421927556396,14350341.534396628,2.2389779090881348,0.3308372518526161,0.5319208088431304,0.5319208088431304,0.7291139531880617,10.776616964489222,0.171306209850107,18.0,0.5328607568971524,0.6633869920661654,0.0903703346848487,1.0,0.0,11.107218569144608,12792.0,0.8143277212481281,7.0,min_freq_conf,['None'],"['nap', 'rtp']",0.8,21.0,1.0,PROB_LEN_DIST,1.0,,1.0,53030239996814801667998677876357158830_eps2_s0,,1e-07,5.30302399968148e+37,42.0,5.0,Helpdesk,1.2
20.697109637781978,0.5532925287039574,0.5519061902387105,0.0001936108422071,0.5508948959505529,4.139421927556396,14350318.496732691,2.2389779090881348,0.3301363415087003,0.5508948959505529,0.5509553993387426,0.6553207114338875,10.689787738025188,0.177541142303969,18.0,0.5521703049558748,0.6470838027735331,0.0962320119142532,1.0,0.0,10.763845831155775,13016.0,0.787720067390943,7.0,min_freq_conf,['None'],"['nap', 'rtp']",0.8,21.0,1.0,PROB_LEN_DIST,1.0,,1.0,53030239996814801667998677876357158830_eps2_s0,,1e-07,5.30302399968148e+37,42.0,5.0,Helpdesk,1.2
91.14374136552216,0.9657642104854688,0.8966023449951408,0.0018945374171139,0.778348132683953,18.22874827310443,14350470.827238211,0.4282648768275976,0.3565051589924332,0.1495001665109981,0.8404543929645367,4.503035889938474,6.170115755870938,0.5860435743605936,188.0,0.9466402008754348,0.9748174994885468,0.1016472354531288,1.0,0.0,171.9318149201572,76724.0,0.9832263389671472,3.0,min_freq_conf,['None'],"['nap', 'rtp']",0.8,21.0,1.0,PROB_LEN_DIST,1.0,,1.0,271943607370254905429138381606553406756_eps0_s0,,1e-10,2.719436073702549e+38,42.0,5.0,Sepsis,1.2
20.697109637781978,0.6288754424522495,0.6093050597290252,0.0015417228753131,0.6092086442924671,4.139421927556396,14350295.957795989,2.2389779090881348,0.3144587171110801,0.6092086442924671,0.6092086442924671,0.6764665022492409,10.616706239059567,0.2497591058007323,18.0,0.6102543534707638,0.6945566767015967,0.0948178730905056,1.0,0.0,10.753657415509224,12576.0,0.8108730304192067,7.0,min_freq_conf,['None'],"['nap', 'rtp']",0.8,21.0,1.0,PROB_LEN_DIST,1.0,,1.0,53030239996814801667998677876357158830_eps2_s0,,1e-07,5.30302399968148e+37,42.0,5.0,Helpdesk,1.2
20.697109637781978,0.5856984568009517,0.588267002136159,0.000191570881226,0.5213460730579175,4.139421927556396,14350273.47271006,2.2389779090881348,0.1447210801100822,0.5213460730579175,0.5389726329075007,0.7886040192097425,10.288278188556433,0.1065134099616858,17.0,0.6232922290782997,0.693590700161375,0.0913173835724592,1.0,0.0,11.587984081357718,12764.0,0.8330972116107966,5.0,min_freq_conf,['None'],"['nap', 'rtp']",0.8,21.0,1.0,PROB_LEN_DIST,1.0,,1.0,53030239996814801667998677876357158830_eps1_s0,,1e-07,5.30302399968148e+37,42.0,5.0,Helpdesk,1.2
20.697109637781978,0.5505819830287906,0.5870682059511664,0.0005750431282346,0.5833079694781641,4.139421927556396,14350250.414443905,2.2389779090881348,0.1436957036095927,0.5833079694781641,0.583284009347821,0.7162714637815952,11.216148480772972,0.1061912976806593,18.0,0.5829782949463621,0.6544747696343398,0.1034163255244493,1.0,0.0,11.085149314254522,12937.0,0.7845289866566689,5.0,min_freq_conf,['None'],"['nap', 'rtp']",0.8,21.0,1.0,PROB_LEN_DIST,1.0,,1.0,53030239996814801667998677876357158830_eps1_s0,,1e-07,5.30302399968148e+37,42.0,5.0,Helpdesk,1.2
20.697109637781978,0.639631095982073,0.6830166853672612,0.0001946661475569,0.6828948164503759,4.139421927556396,14350226.915378524,2.2389779090881348,0.2099536043316364,0.6828948164503759,0.6828948164503759,0.8810172956436872,10.752069782465696,0.25890597625073,18.0,0.6731206327468574,0.7175535893172581,0.0985779259353876,1.0,0.0,11.359357092529535,12792.0,0.8357713501864025,5.0,min_freq_conf,['None'],"['nap', 'rtp']",0.8,21.0,1.0,PROB_LEN_DIST,1.0,,1.0,53030239996814801667998677876357158830_eps1_s0,,1e-07,5.30302399968148e+37,42.0,5.0,Helpdesk,1.2
20.697109637781978,0.727797952400339,0.7014821222820379,0.0001936108422071,0.6476892449494931,4.139421927556396,14350203.448399512,2.2389779090881348,0.2594667776200451,0.6476892449494931,0.6612942029055628,0.9622857570648192,10.725794976577165,0.3603097773475314,18.0,0.7260752520578057,0.8013058812095072,0.105533318594098,1.0,0.0,12.003251865506172,13016.0,0.8900542914968631,5.0,min_freq_conf,['None'],"['nap', 'rtp']",0.8,21.0,1.0,PROB_LEN_DIST,1.0,,1.0,53030239996814801667998677876357158830_eps1_s0,,1e-07,5.30302399968148e+37,42.0,5.0,Helpdesk,1.2
6.431742202490568,0.7303633108066186,0.6844068029585935,0.0909685863874345,0.6819885397830322,1.2863484404981136,14350157.376312343,0.1431190520524978,0.4026169299671477,0.6819885397830322,0.6821101488886934,0.3105506952852011,0.0894765704870224,0.6400523560209425,38.0,0.700970302021779,0.7939107162858985,0.0928383450955152,1.0,0.0,0.1230810433626174,188.0,0.9074037640373926,21.0,min_freq_conf,['None'],"['nap', 'rtp']",0.8,21.0,1.0,PROB_LEN_DIST,1.0,,1.0,133451112586582693714683365594742622380_eps5_s0,,0.01,1.3345111258658269e+38,42.0,5.0,BPI2013_Closed,1.2
20.697109637781978,0.6304269948766749,0.6602104286777878,0.0015417228753131,0.657207110837372,4.139421927556396,14350179.280132305,2.2389779090881348,0.2550507651538518,0.657207110837372,0.6571383851393456,0.7302151285111904,10.915666611865165,0.2283677009057622,18.0,0.6565625850714089,0.7180255638321636,0.0995477996766567,1.0,0.0,11.247760076075792,12576.0,0.839234879763229,5.0,min_freq_conf,['None'],"['nap', 'rtp']",0.8,21.0,1.0,PROB_LEN_DIST,1.0,,1.0,53030239996814801667998677876357158830_eps1_s0,,1e-07,5.30302399968148e+37,42.0,5.0,Helpdesk,1.2
6.431742202490568,0.7345776309305387,0.6704696369762144,0.1015290519877675,0.6671608628403815,1.2863484404981136,14350156.417602325,0.1431190520524978,0.3601514002966106,0.6671633954316655,0.6678702427505349,0.3360526002943516,0.1149061005562543,0.6318042813455658,38.0,0.6927977063663493,0.7978430331955098,0.0948121603578329,1.0,0.0,0.1312031112611293,229.0,0.9072165678988896,21.0,min_freq_conf,['None'],"['nap', 'rtp']",0.8,21.0,1.0,PROB_LEN_DIST,1.0,,1.0,133451112586582693714683365594742622380_eps5_s0,,0.01,1.3345111258658269e+38,42.0,5.0,BPI2013_Closed,1.2
6.431742202490568,0.7284816786627701,0.6553093028919145,0.1121718377088305,0.6468588830221962,1.2863484404981136,14350155.307636691,0.1431190520524978,0.3445218647824729,0.6462658705459158,0.6484876755161894,0.3251856863498688,0.1862890180200338,0.6014319809069213,38.0,0.6837159580251068,0.7997889150743333,0.1137732360512018,1.0,0.0,0.125000225380063,228.0,0.908499462434432,21.0,min_freq_conf,['None'],"['nap', 'rtp']",0.8,21.0,1.0,PROB_LEN_DIST,1.0,,1.0,133451112586582693714683365594742622380_eps5_s0,,0.01,1.3345111258658269e+38,42.0,5.0,BPI2013_Closed,1.2
6.431742202490568,0.7442046529128066,0.6745710967522921,0.0931899641577061,0.6659780169324637,1.2863484404981136,14350154.21407212,0.1431190520524978,0.4190429556342496,0.6636839150653133,0.6682466257674857,0.3160221856087446,0.1109665259718895,0.6284348864994026,32.0,0.7017745270256394,0.8105493113918453,0.1014908999204635,1.0,0.0,0.1433734595775604,227.0,0.9160335671646066,21.0,min_freq_conf,['None'],"['nap', 'rtp']",0.8,21.0,1.0,PROB_LEN_DIST,1.0,,1.0,133451112586582693714683365594742622380_eps5_s0,,0.01,1.3345111258658269e+38,42.0,5.0,BPI2013_Closed,1.2
6.431742202490568,0.7513314311643076,0.680633637696993,0.1077111383108935,0.670239160770554,1.2863484404981136,14350153.147176864,0.1431190520524978,0.4125131187572509,0.6691483045065729,0.6721367788744035,0.2985625695437193,0.1206553559750318,0.631578947368421,38.0,0.7122420352405014,0.8104010490100514,0.1142788119614124,1.0,0.0,0.108041912317276,189.0,0.9147842451195568,21.0,min_freq_conf,['None'],"['nap', 'rtp']",0.8,21.0,1.0,PROB_LEN_DIST,1.0,,1.0,133451112586582693714683365594742622380_eps5_s0,,0.01,1.3345111258658269e+38,42.0,5.0,BPI2013_Closed,1.2
6.431742202490568,0.7303633108066186,0.6844068029585935,0.0909685863874345,0.6819885397830322,1.2863484404981136,14350152.157211125,0.1431190520524978,0.4026169299671477,0.6819885397830322,0.6821101488886934,0.3005140963941812,0.0964811202138662,0.6400523560209425,38.0,0.700970302021779,0.7939107162858985,0.0878270957618951,1.0,0.0,0.1018865536898374,188.0,0.9074037640373926,17.0,min_freq_conf,['None'],"['nap', 'rtp']",0.8,21.0,1.0,PROB_LEN_DIST,1.0,,1.0,133451112586582693714683365594742622380_eps4_s0,,0.01,1.3345111258658269e+38,42.0,5.0,BPI2013_Closed,1.2
6.431742202490568,0.7345776309305387,0.6704696369762144,0.1015290519877675,0.6671608628403815,1.2863484404981136,14350151.151663955,0.1431190520524978,0.3601514002966106,0.6671633954316655,0.6678702427505349,0.2954581081867218,0.1304641645401716,0.6318042813455658,38.0,0.6927977063663493,0.7978430331955098,0.0923388842493295,1.0,0.0,0.1177220325917005,229.0,0.9072165678988896,17.0,min_freq_conf,['None'],"['nap', 'rtp']",0.8,21.0,1.0,PROB_LEN_DIST,1.0,,1.0,133451112586582693714683365594742622380_eps4_s0,,0.01,1.3345111258658269e+38,42.0,5.0,BPI2013_Closed,1.2
6.431742202490568,0.7284816786627701,0.6553093028919145,0.1121718377088305,0.6468588830221962,1.2863484404981136,14350150.121293424,0.1431190520524978,0.3445218647824729,0.6462658705459158,0.6484876755161894,0.3077894132584333,0.107728261500597,0.6014319809069213,38.0,0.6837159580251068,0.7997889150743333,0.0954007562249898,1.0,0.0,0.1164347417652607,228.0,0.908499462434432,17.0,min_freq_conf,['None'],"['nap', 'rtp']",0.8,21.0,1.0,PROB_LEN_DIST,1.0,,1.0,133451112586582693714683365594742622380_eps4_s0,,0.01,1.3345111258658269e+38,42.0,5.0,BPI2013_Closed,1.2
6.431742202490568,0.7442046529128066,0.6745710967522921,0.0931899641577061,0.6659780169324637,1.2863484404981136,14350149.109897615,0.1431190520524978,0.4190429556342496,0.6636839150653133,0.6682466257674857,0.4385184776037931,0.1114308629184961,0.6284348864994026,32.0,0.7017745270256394,0.8105493113918453,0.0911758001893758,1.0,0.0,0.1304900590330362,227.0,0.9160335671646066,17.0,min_freq_conf,['None'],"['nap', 'rtp']",0.8,21.0,1.0,PROB_LEN_DIST,1.0,,1.0,133451112586582693714683365594742622380_eps4_s0,,0.01,1.3345111258658269e+38,42.0,5.0,BPI2013_Closed,1.2
6.431742202490568,0.7513314311643076,0.680633637696993,0.1077111383108935,0.670239160770554,1.2863484404981136,14350147.949244006,0.1431190520524978,0.4125131187572509,0.6691483045065729,0.6721367788744035,0.3225206434726715,0.1176343355327844,0.631578947368421,38.0,0.7122420352405014,0.8104010490100514,0.1186074446886777,1.0,0.0,0.1059125158935785,189.0,0.9147842451195568,17.0,min_freq_conf,['None'],"['nap', 'rtp']",0.8,21.0,1.0,PROB_LEN_DIST,1.0,,1.0,133451112586582693714683365594742622380_eps4_s0,,0.01,1.3345111258658269e+38,42.0,5.0,BPI2013_Closed,1.2
6.431742202490568,0.7303633108066186,0.6844068029585935,0.0909685863874345,0.6819885397830322,1.2863484404981136,14350146.929473992,0.1431190520524978,0.4026169299671477,0.6819885397830322,0.6821101488886934,0.2754097618162632,0.0791638195514679,0.6400523560209425,38.0,0.700970302021779,0.7939107162858985,0.1082857754081487,1.0,0.0,0.0937411710619926,188.0,0.9074037640373926,11.0,min_freq_conf,['None'],"['nap', 'rtp']",0.8,21.0,1.0,PROB_LEN_DIST,1.0,,1.0,133451112586582693714683365594742622380_eps3_s0,,0.01,1.3345111258658269e+38,42.0,5.0,BPI2013_Closed,1.2
6.431742202490568,0.7345776309305387,0.6704696369762144,0.1015290519877675,0.6671608628403815,1.2863484404981136,14350146.037323592,0.1431190520524978,0.3601514002966106,0.6671633954316655,0.6678702427505349,0.2781385947018862,0.0984874330461025,0.6318042813455658,38.0,0.6927977063663493,0.7978430331955098,0.0864272285252809,1.0,0.0,0.109215086326003,229.0,0.9072165678988896,11.0,min_freq_conf,['None'],"['nap', 'rtp']",0.8,21.0,1.0,PROB_LEN_DIST,1.0,,1.0,133451112586582693714683365594742622380_eps3_s0,,0.01,1.3345111258658269e+38,42.0,5.0,BPI2013_Closed,1.2
6.431742202490568,0.7284816786627701,0.6553093028919145,0.1121718377088305,0.6468588830221962,1.2863484404981136,14350145.138322247,0.1431190520524978,0.3445218647824729,0.6462658705459158,0.6484876755161894,0.3098842334002256,0.0973666608333587,0.6014319809069213,38.0,0.6837159580251068,0.7997889150743333,0.0930016301572322,1.0,0.0,0.1089115589857101,228.0,0.908499462434432,11.0,min_freq_conf,['None'],"['nap', 'rtp']",0.8,21.0,1.0,PROB_LEN_DIST,1.0,,1.0,133451112586582693714683365594742622380_eps3_s0,,0.01,1.3345111258658269e+38,42.0,5.0,BPI2013_Closed,1.2
6.431742202490568,0.7442046529128066,0.6745710967522921,0.0931899641577061,0.6659780169324637,1.2863484404981136,14350144.161963925,0.1431190520524978,0.4190429556342496,0.6636839150653133,0.6682466257674857,0.3224633689969778,0.1437571998685598,0.6284348864994026,32.0,0.7017745270256394,0.8105493113918453,0.1499405018985271,1.0,0.0,0.1422130912542343,227.0,0.9160335671646066,11.0,min_freq_conf,['None'],"['nap', 'rtp']",0.8,21.0,1.0,PROB_LEN_DIST,1.0,,1.0,133451112586582693714683365594742622380_eps3_s0,,0.01,1.3345111258658269e+38,42.0,5.0,BPI2013_Closed,1.2
6.431742202490568,0.7513314311643076,0.680633637696993,0.1077111383108935,0.670239160770554,1.2863484404981136,14350143.027681528,0.1431190520524978,0.4125131187572509,0.6691483045065729,0.6721367788744035,0.3071619756519794,0.1188983172178268,0.631578947368421,38.0,0.7122420352405014,0.8104010490100514,0.1004220079630613,1.0,0.0,0.0953621063381433,189.0,0.9147842451195568,11.0,min_freq_conf,['None'],"['nap', 'rtp']",0.8,21.0,1.0,PROB_LEN_DIST,1.0,,1.0,133451112586582693714683365594742622380_eps3_s0,,0.01,1.3345111258658269e+38,42.0,5.0,BPI2013_Closed,1.2
6.431742202490568,0.7303633108066186,0.6844068029585935,0.0909685863874345,0.6819885397830322,1.2863484404981136,14350142.053123074,0.1431190520524978,0.4026169299671477,0.6819885397830322,0.6821101488886934,0.3123214468359947,0.108172932639718,0.6400523560209425,38.0,0.700970302021779,0.7939107162858985,0.1133349630981683,1.0,0.0,0.1156533285975456,188.0,0.9074037640373926,7.0,min_freq_conf,['None'],"['nap', 'rtp']",0.8,21.0,1.0,PROB_LEN_DIST,1.0,,1.0,133451112586582693714683365594742622380_eps2_s0,,0.01,1.3345111258658269e+38,42.0,5.0,BPI2013_Closed,1.2
6.431742202490568,0.7345776309305387,0.6704696369762144,0.1015290519877675,0.6671608628403815,1.2863484404981136,14350141.047092795,0.1431190520524978,0.3601514002966106,0.6671633954316655,0.6678702427505349,0.2878914196044206,0.0950410906225442,0.6318042813455658,38.0,0.6927977063663493,0.7978430331955098,0.1767271235585212,1.0,0.0,0.1149555146694183,229.0,0.9072165678988896,7.0,min_freq_conf,['None'],"['nap', 'rtp']",0.8,21.0,1.0,PROB_LEN_DIST,1.0,,1.0,133451112586582693714683365594742622380_eps2_s0,,0.01,1.3345111258658269e+38,42.0,5.0,BPI2013_Closed,1.2
6.431742202490568,0.7284816786627701,0.6553093028919145,0.1121718377088305,0.6468588830221962,1.2863484404981136,14350139.964913752,0.1431190520524978,0.3445218647824729,0.6462658705459158,0.6484876755161894,0.3228513784706592,0.0941358357667923,0.6014319809069213,38.0,0.6837159580251068,0.7997889150743333,0.0902702156454324,1.0,0.0,0.1190096270292997,228.0,0.908499462434432,7.0,min_freq_conf,['None'],"['nap', 'rtp']",0.8,21.0,1.0,PROB_LEN_DIST,1.0,,1.0,133451112586582693714683365594742622380_eps2_s0,,0.01,1.3345111258658269e+38,42.0,5.0,BPI2013_Closed,1.2
6.431742202490568,0.7442046529128066,0.6745710967522921,0.0931899641577061,0.6659780169324637,1.2863484404981136,14350138.96931033,0.1431190520524978,0.4190429556342496,0.6636839150653133,0.6682466257674857,0.3045003190636635,0.0995288472622633,0.6284348864994026,32.0,0.7017745270256394,0.8105493113918453,0.0947303939610719,1.0,0.0,0.1658986881375312,227.0,0.9160335671646066,7.0,min_freq_conf,['None'],"['nap', 'rtp']",0.8,21.0,1.0,PROB_LEN_DIST,1.0,,1.0,133451112586582693714683365594742622380_eps2_s0,,0.01,1.3345111258658269e+38,42.0,5.0,BPI2013_Closed,1.2
6.431742202490568,0.7513314311643076,0.680633637696993,0.1077111383108935,0.670239160770554,1.2863484404981136,14350137.913342835,0.1431190520524978,0.4125131187572509,0.6691483045065729,0.6721367788744035,0.3183842841535806,0.0792389381676912,0.631578947368421,38.0,0.7122420352405014,0.8104010490100514,0.0940613280981779,1.0,0.0,0.1423570271581411,189.0,0.9147842451195568,7.0,min_freq_conf,['None'],"['nap', 'rtp']",0.8,21.0,1.0,PROB_LEN_DIST,1.0,,1.0,133451112586582693714683365594742622380_eps2_s0,,0.01,1.3345111258658269e+38,42.0,5.0,BPI2013_Closed,1.2
6.431742202490568,0.7303633108066186,0.6844068029585935,0.0909685863874345,0.6819885397830322,1.2863484404981136,14350136.880871776,0.1431190520524978,0.4026169299671477,0.6819885397830322,0.6821101488886934,0.3030281029641628,0.1153484266251325,0.6400523560209425,38.0,0.700970302021779,0.7939107162858985,0.1147830132395029,1.0,0.0,0.1220166590064764,188.0,0.9074037640373926,5.0,min_freq_conf,['None'],"['nap', 'rtp']",0.8,21.0,1.0,PROB_LEN_DIST,1.0,,1.0,133451112586582693714683365594742622380_eps1_s0,,0.01,1.3345111258658269e+38,42.0,5.0,BPI2013_Closed,1.2
6.431742202490568,0.7345776309305387,0.6704696369762144,0.1015290519877675,0.6671608628403815,1.2863484404981136,14350135.862145504,0.1431190520524978,0.3601514002966106,0.6671633954316655,0.6678702427505349,0.2869734112173319,0.0952086485922336,0.6318042813455658,38.0,0.6927977063663493,0.7978430331955098,0.0973108317703008,1.0,0.0,0.1474777925759554,229.0,0.9072165678988896,5.0,min_freq_conf,['None'],"['nap', 'rtp']",0.8,21.0,1.0,PROB_LEN_DIST,1.0,,1.0,133451112586582693714683365594742622380_eps1_s0,,0.01,1.3345111258658269e+38,42.0,5.0,BPI2013_Closed,1.2
6.431742202490568,0.7284816786627701,0.6553093028919145,0.1121718377088305,0.6468588830221962,1.2863484404981136,14350134.8641031,0.1431190520524978,0.3445218647824729,0.6462658705459158,0.6484876755161894,0.3384955171495676,0.0899101961404085,0.6014319809069213,38.0,0.6837159580251068,0.7997889150743333,0.0939224828034639,1.0,0.0,0.1893586460500955,228.0,0.908499462434432,5.0,min_freq_conf,['None'],"['nap', 'rtp']",0.8,21.0,1.0,PROB_LEN_DIST,1.0,,1.0,133451112586582693714683365594742622380_eps1_s0,,0.01,1.3345111258658269e+38,42.0,5.0,BPI2013_Closed,1.2
6.431742202490568,0.7442046529128066,0.6745710967522921,0.0931899641577061,0.6659780169324637,1.2863484404981136,14350133.825196195,0.1431190520524978,0.4190429556342496,0.6636839150653133,0.6682466257674857,0.3618451561778784,0.1343910731375217,0.6284348864994026,32.0,0.7017745270256394,0.8105493113918453,0.1092375088483095,1.0,0.0,0.1494808066636324,227.0,0.9160335671646066,5.0,min_freq_conf,['None'],"['nap', 'rtp']",0.8,21.0,1.0,PROB_LEN_DIST,1.0,,1.0,133451112586582693714683365594742622380_eps1_s0,,0.01,1.3345111258658269e+38,42.0,5.0,BPI2013_Closed,1.2
6.431742202490568,0.7513314311643076,0.680633637696993,0.1077111383108935,0.670239160770554,1.2863484404981136,14350132.735203626,0.1431190520524978,0.4125131187572509,0.6691483045065729,0.6721367788744035,0.3543803263455629,0.0756319854408502,0.631578947368421,38.0,0.7122420352405014,0.8104010490100514,0.0840202160179615,1.0,0.0,0.126861073076725,189.0,0.9147842451195568,5.0,min_freq_conf,['None'],"['nap', 'rtp']",0.8,21.0,1.0,PROB_LEN_DIST,1.0,,1.0,133451112586582693714683365594742622380_eps1_s0,,0.01,1.3345111258658269e+38,42.0,5.0,BPI2013_Closed,1.2
6.431742202490568,0.7303633108066186,0.6844068029585935,0.0909685863874345,0.6819885397830322,1.2863484404981136,14350131.738968195,0.1431190520524978,0.4026169299671477,0.6819885397830322,0.6821101488886934,0.3145788498222828,0.0870066042989492,0.6400523560209425,38.0,0.700970302021779,0.7939107162858985,0.0916779600083828,1.0,0.0,0.1504172179847955,188.0,0.9074037640373926,3.0,min_freq_conf,['None'],"['nap', 'rtp']",0.8,21.0,1.0,PROB_LEN_DIST,1.0,,1.0,133451112586582693714683365594742622380_eps0_s0,,0.01,1.3345111258658269e+38,42.0,5.0,BPI2013_Closed,1.2
6.431742202490568,0.7345776309305387,0.6704696369762144,0.1015290519877675,0.6671608628403815,1.2863484404981136,14350130.768934775,0.1431190520524978,0.3601514002966106,0.6671633954316655,0.6678702427505349,0.291684003546834,0.0925745647400617,0.6318042813455658,38.0,0.6927977063663493,0.7978430331955098,0.0829847697168588,1.0,0.0,0.1825895719230175,229.0,0.9072165678988896,3.0,min_freq_conf,['None'],"['nap', 'rtp']",0.8,21.0,1.0,PROB_LEN_DIST,1.0,,1.0,133451112586582693714683365594742622380_eps0_s0,,0.01,1.3345111258658269e+38,42.0,5.0,BPI2013_Closed,1.2
6.431742202490568,0.7284816786627701,0.6553093028919145,0.1121718377088305,0.6468588830221962,1.2863484404981136,14350129.798646877,0.1431190520524978,0.3445218647824729,0.6462658705459158,0.6484876755161894,0.2935016509145498,0.0891840327531099,0.6014319809069213,38.0,0.6837159580251068,0.7997889150743333,0.0981572475284338,1.0,0.0,0.1750541981309652,228.0,0.908499462434432,3.0,min_freq_conf,['None'],"['nap', 'rtp']",0.8,21.0,1.0,PROB_LEN_DIST,1.0,,1.0,133451112586582693714683365594742622380_eps0_s0,,0.01,1.3345111258658269e+38,42.0,5.0,BPI2013_Closed,1.2
6.431742202490568,0.7442046529128066,0.6745710967522921,0.0931899641577061,0.6659780169324637,1.2863484404981136,14350128.749792973,0.1431190520524978,0.4190429556342496,0.6636839150653133,0.6682466257674857,0.3072447255253792,0.1065370514988899,0.6284348864994026,32.0,0.7017745270256394,0.8105493113918453,0.1143976766616106,1.0,0.0,0.2159050032496452,227.0,0.9160335671646066,3.0,min_freq_conf,['None'],"['nap', 'rtp']",0.8,21.0,1.0,PROB_LEN_DIST,1.0,,1.0,133451112586582693714683365594742622380_eps0_s0,,0.01,1.3345111258658269e+38,42.0,5.0,BPI2013_Closed,1.2
6.431742202490568,0.7513314311643076,0.680633637696993,0.1077111383108935,0.670239160770554,1.2863484404981136,14350127.619661918,0.1431190520524978,0.4125131187572509,0.6691483045065729,0.6721367788744035,0.3127341754734516,0.0752417054027319,0.631578947368421,38.0,0.7122420352405014,0.8104010490100514,0.1072153504937887,1.0,0.0,0.1600304525345564,189.0,0.9147842451195568,3.0,min_freq_conf,['None'],"['nap', 'rtp']",0.8,21.0,1.0,PROB_LEN_DIST,1.0,,1.0,133451112586582693714683365594742622380_eps0_s0,,0.01,1.3345111258658269e+38,42.0,5.0,BPI2013_Closed,1.2
20.697109637781978,0.8853001750271858,0.9043825291885677,0.000191570881226,0.9043800348757284,4.139421927556396,14350155.9335039,2.2389779090881348,0.5631761189445956,0.9043800348757284,0.9043680616956518,0.7096761595457792,10.383501151576638,0.8501915708812261,17.0,0.8906936337396139,0.9166456959919634,0.1106935422867536,1.0,0.0,20.784957559779286,12764.0,0.96609224906639,3.0,min_freq_conf,['None'],"['nap', 'rtp']",0.8,21.0,1.0,PROB_LEN_DIST,1.0,,1.0,53030239996814801667998677876357158830_eps0_s0,,1e-07,5.30302399968148e+37,42.0,5.0,Helpdesk,1.2
6.557896731421351,0.7786346293658959,0.7458061529541475,0.0026178010471204,0.7416506218109519,1.3115793462842702,14350094.109313188,0.1523034125566482,0.4269164012851107,0.7416506218109519,0.7425902937438382,0.3316142205148935,0.2953040339052677,0.6897905759162304,38.0,0.7599970291849582,0.829204118709537,0.086717763915658,1.0,0.0,0.34644809179008,817.0,0.9285479022217792,21.0,min_freq_conf,['None'],"['nap', 'rtp']",0.8,21.0,1.0,PROB_LEN_DIST,1.0,,1.0,329206965570358954562846648967921774727_eps5_s0,,0.001,3.2920696557035894e+38,42.0,5.0,BPI2013_Closed,1.2
6.557896731421351,0.7806084411788352,0.7343221107801181,0.0091743119266055,0.7292674191131543,1.3115793462842702,14350092.667471863,0.1523034125566482,0.3819458238285572,0.7289641413068848,0.7308307695615738,0.3515961524099111,0.3258428573608398,0.6819571865443425,38.0,0.7506206405627317,0.8296444591685487,0.1009150873869657,1.0,0.0,0.3892925847321749,858.0,0.929127697284385,21.0,min_freq_conf,['None'],"['nap', 'rtp']",0.8,21.0,1.0,PROB_LEN_DIST,1.0,,1.0,329206965570358954562846648967921774727_eps5_s0,,0.001,3.2920696557035894e+38,42.0,5.0,BPI2013_Closed,1.2
6.557896731421351,0.7748635474421369,0.7210055569015354,0.0107398568019093,0.7129549932416376,1.3115793462842702,14350091.146453584,0.1523034125566482,0.3708627287971971,0.7123619807653574,0.714509203396729,0.366077883169055,0.3288803361356258,0.662291169451074,38.0,0.7433032296951374,0.8296561780486962,0.1062268204987049,1.0,0.0,0.3329384848475456,862.0,0.9277787304681748,21.0,min_freq_conf,['None'],"['nap', 'rtp']",0.8,21.0,1.0,PROB_LEN_DIST,1.0,,1.0,329206965570358954562846648967921774727_eps5_s0,,0.001,3.2920696557035894e+38,42.0,5.0,BPI2013_Closed,1.2
6.557896731421351,0.7824316704857027,0.7300961898557898,0.0041816009557945,0.7193681655063382,1.3115793462842702,14350089.610671991,0.1523034125566482,0.4401121659081424,0.7130848301054947,0.7227916965535953,0.3989159055054188,0.3405754882842302,0.6726403823178017,32.0,0.751315496974316,0.8365809787653585,0.1212755478918552,1.0,0.0,0.3515161592513323,851.0,0.932772615568082,21.0,min_freq_conf,['None'],"['nap', 'rtp']",0.8,21.0,1.0,PROB_LEN_DIST,1.0,,1.0,329206965570358954562846648967921774727_eps5_s0,,0.001,3.2920696557035894e+38,42.0,5.0,BPI2013_Closed,1.2
6.557896731421351,0.7970027887591116,0.746719913347496,0.003671970624235,0.7341132387515814,1.3115793462842702,14350088.006716449,0.1523034125566482,0.4442021008207623,0.7296463575716697,0.7377225691040957,0.4152635261416435,0.3243930451571941,0.6848225214198287,38.0,0.7689915649121298,0.8432216358521001,0.1099644247442483,1.0,0.0,0.389390304684639,853.0,0.9339969999458316,21.0,min_freq_conf,['None'],"['nap', 'rtp']",0.8,21.0,1.0,PROB_LEN_DIST,1.0,,1.0,329206965570358954562846648967921774727_eps5_s0,,0.001,3.2920696557035894e+38,42.0,5.0,BPI2013_Closed,1.2
20.697109637781978,0.8899472862238803,0.908468737724061,0.0005750431282346,0.9085311633184016,4.139421927556396,14350123.58739992,2.2389779090881348,0.4611753717868278,0.9085311633184016,0.9085311633184016,0.719585258513689,10.879609748721125,0.8560475368986007,18.0,0.8945203290948004,0.920028770028773,3.5062785409390926,1.0,0.0,22.148508375510573,12937.0,0.9673061476252997,3.0,min_freq_conf,['None'],"['nap', 'rtp']",0.8,21.0,1.0,PROB_LEN_DIST,1.0,,1.0,53030239996814801667998677876357158830_eps0_s0,,1e-07,5.30302399968148e+37,42.0,5.0,Helpdesk,1.2
6.557896731421351,0.7786346293658959,0.7458061529541475,0.0026178010471204,0.7416506218109519,1.3115793462842702,14350086.371323308,0.1523034125566482,0.4269164012851107,0.7416506218109519,0.7425902937438382,0.3953970074653625,0.2938160728663206,0.6897905759162304,38.0,0.7599970291849582,0.829204118709537,0.1134678367525339,1.0,0.0,0.3934479933232069,817.0,0.9285479022217792,17.0,min_freq_conf,['None'],"['nap', 'rtp']",0.8,21.0,1.0,PROB_LEN_DIST,1.0,,1.0,329206965570358954562846648967921774727_eps4_s0,,0.001,3.2920696557035894e+38,42.0,5.0,BPI2013_Closed,1.2
6.557896731421351,0.7806084411788352,0.7343221107801181,0.0091743119266055,0.7292674191131543,1.3115793462842702,14350084.807012528,0.1523034125566482,0.3819458238285572,0.7289641413068848,0.7308307695615738,0.3511388264596462,0.4344266653060913,0.6819571865443425,38.0,0.7506206405627317,0.8296444591685487,0.127666050568223,1.0,0.0,0.3484790921211242,858.0,0.929127697284385,17.0,min_freq_conf,['None'],"['nap', 'rtp']",0.8,21.0,1.0,PROB_LEN_DIST,1.0,,1.0,329206965570358954562846648967921774727_eps4_s0,,0.001,3.2920696557035894e+38,42.0,5.0,BPI2013_Closed,1.2
6.557896731421351,0.7748635474421369,0.7210055569015354,0.0107398568019093,0.7129549932416376,1.3115793462842702,14350083.154582305,0.1523034125566482,0.3708627287971971,0.7123619807653574,0.714509203396729,0.3510617334395647,0.378571642562747,0.662291169451074,38.0,0.7433032296951374,0.8296561780486962,0.121735418215394,1.0,0.0,0.360373517498374,862.0,0.9277787304681748,17.0,min_freq_conf,['None'],"['nap', 'rtp']",0.8,21.0,1.0,PROB_LEN_DIST,1.0,,1.0,329206965570358954562846648967921774727_eps4_s0,,0.001,3.2920696557035894e+38,42.0,5.0,BPI2013_Closed,1.2
6.557896731421351,0.7821614309681513,0.7297249660974692,0.0041816009557945,0.7189969417480175,1.3115793462842702,14350081.526563032,0.1523034125566482,0.4401121659081424,0.7127136063471742,0.7224204727952748,0.3302562553435564,0.3023469485342502,0.6726403823178017,32.0,0.7512486482515532,0.8363605202115667,0.0855733193457126,1.0,0.0,0.4041176922619343,851.0,0.932772615568082,17.0,min_freq_conf,['None'],"['nap', 'rtp']",0.8,21.0,1.0,PROB_LEN_DIST,1.0,,1.0,329206965570358954562846648967921774727_eps4_s0,,0.001,3.2920696557035894e+38,42.0,5.0,BPI2013_Closed,1.2
6.557896731421351,0.7968866468311042,0.7467441274394976,0.003671970624235,0.7341151673075815,1.3115793462842702,14350080.050519824,0.1523034125566482,0.4442021008207623,0.7296482861276699,0.7376884979480938,0.4092137739062309,0.3367633353918791,0.6848225214198287,38.0,0.768962422288128,0.8432111359360994,0.0953743793070316,1.0,0.0,0.320179296657443,853.0,0.9339969999458316,17.0,min_freq_conf,['None'],"['nap', 'rtp']",0.8,21.0,1.0,PROB_LEN_DIST,1.0,,1.0,329206965570358954562846648967921774727_eps4_s0,,0.001,3.2920696557035894e+38,42.0,5.0,BPI2013_Closed,1.2
6.557896731421351,0.7786346293658959,0.7458061529541475,0.0026178010471204,0.7416506218109519,1.3115793462842702,14350078.54731172,0.1523034125566482,0.4269164012851107,0.7416506218109519,0.7425902937438382,0.3164884690195322,0.2611350435763597,0.6897905759162304,38.0,0.7599970291849582,0.829204118709537,0.0939168687909841,1.0,0.0,0.2791699599474668,817.0,0.9285479022217792,11.0,min_freq_conf,['None'],"['nap', 'rtp']",0.8,21.0,1.0,PROB_LEN_DIST,1.0,,1.0,329206965570358954562846648967921774727_eps3_s0,,0.001,3.2920696557035894e+38,42.0,5.0,BPI2013_Closed,1.2
6.557896731421351,0.7806084411788352,0.7343221107801181,0.0091743119266055,0.7292674191131543,1.3115793462842702,14350077.24393534,0.1523034125566482,0.3819458238285572,0.7289641413068848,0.7308307695615738,0.3126751612871885,0.3367595747113228,0.6819571865443425,38.0,0.7506206405627317,0.8296444591685487,0.0974102988839149,1.0,0.0,0.3064178694039583,858.0,0.929127697284385,11.0,min_freq_conf,['None'],"['nap', 'rtp']",0.8,21.0,1.0,PROB_LEN_DIST,1.0,,1.0,329206965570358954562846648967921774727_eps3_s0,,0.001,3.2920696557035894e+38,42.0,5.0,BPI2013_Closed,1.2
6.557896731421351,0.7748635474421369,0.7210055569015354,0.0107398568019093,0.7129549932416376,1.3115793462842702,14350075.799422633,0.1523034125566482,0.3708627287971971,0.7123619807653574,0.714509203396729,0.3053316473960876,0.3492829836905002,0.662291169451074,38.0,0.7433032296951374,0.8296561780486962,0.0989930517971515,1.0,0.0,0.2875092756003141,862.0,0.9277787304681748,11.0,min_freq_conf,['None'],"['nap', 'rtp']",0.8,21.0,1.0,PROB_LEN_DIST,1.0,,1.0,329206965570358954562846648967921774727_eps3_s0,,0.001,3.2920696557035894e+38,42.0,5.0,BPI2013_Closed,1.2
6.557896731421351,0.7820367846069459,0.7295206701942486,0.0041816009557945,0.7187926458447969,1.3115793462842702,14350074.380892796,0.1523034125566482,0.4401121659081424,0.7125093104439536,0.7222161768920542,0.3711619190871715,0.3066139165312052,0.6726403823178017,32.0,0.750830746758383,0.8361915235371936,0.1062994729727506,1.0,0.0,0.3192058224231004,851.0,0.9327228346043224,11.0,min_freq_conf,['None'],"['nap', 'rtp']",0.8,21.0,1.0,PROB_LEN_DIST,1.0,,1.0,329206965570358954562846648967921774727_eps3_s0,,0.001,3.2920696557035894e+38,42.0,5.0,BPI2013_Closed,1.2
6.557896731421351,0.7968239901895001,0.7468162554339023,0.003671970624235,0.7341872953019862,1.3115793462842702,14350072.915373871,0.1523034125566482,0.4442021008207623,0.7297204141220744,0.7377606259424982,0.3285570256412029,0.2957210801541805,0.6848225214198287,38.0,0.7690527644225338,0.8431943789272983,0.0922673493623733,1.0,0.0,0.3312985114753246,853.0,0.9339969999458316,11.0,min_freq_conf,['None'],"['nap', 'rtp']",0.8,21.0,1.0,PROB_LEN_DIST,1.0,,1.0,329206965570358954562846648967921774727_eps3_s0,,0.001,3.2920696557035894e+38,42.0,5.0,BPI2013_Closed,1.2
6.557896731421351,0.738254198278658,0.7262061258361222,0.0026178010471204,0.724286633087342,1.3115793462842702,14350071.517710544,0.1523034125566482,0.3515466801172183,0.724286633087342,0.7244082421930031,0.309904146939516,0.2463428471237421,0.4928010471204188,38.0,0.7374100575469392,0.7772010098347013,0.120196271687746,1.0,0.0,0.3537670653313398,817.0,0.8857926190378299,7.0,min_freq_conf,['None'],"['nap', 'rtp']",0.8,21.0,1.0,PROB_LEN_DIST,1.0,,1.0,329206965570358954562846648967921774727_eps2_s0,,0.001,3.2920696557035894e+38,42.0,5.0,BPI2013_Closed,1.2
6.557896731421351,0.7311532101609789,0.6904686488732052,0.0091743119266055,0.6874526931899315,1.3115793462842702,14350070.077580098,0.1523034125566482,0.3175664285030823,0.6874552257812158,0.6880221598463023,0.295948950573802,0.2498558647930622,0.4935779816513762,38.0,0.7056341467200351,0.7749547429620809,0.0859919507056474,1.0,0.0,0.2868112213909626,858.0,0.8842338936261226,7.0,min_freq_conf,['None'],"['nap', 'rtp']",0.8,21.0,1.0,PROB_LEN_DIST,1.0,,1.0,329206965570358954562846648967921774727_eps2_s0,,0.001,3.2920696557035894e+38,42.0,5.0,BPI2013_Closed,1.2
6.557896731421351,0.7340138178148552,0.6982894262039568,0.0107398568019093,0.6901990852966445,1.3115793462842702,14350068.762574844,0.1523034125566482,0.3157683199314057,0.6896060728203641,0.6917532954517357,0.3721280414611101,0.2607020698487758,0.4880668257756563,38.0,0.7202478932950976,0.7788954189075151,0.1054720021784305,1.0,0.0,0.3099597673863172,862.0,0.8905817397673902,7.0,min_freq_conf,['None'],"['nap', 'rtp']",0.8,21.0,1.0,PROB_LEN_DIST,1.0,,1.0,329206965570358954562846648967921774727_eps2_s0,,0.001,3.2920696557035894e+38,42.0,5.0,BPI2013_Closed,1.2
6.557896731421351,0.7364813176607449,0.7057800124030998,0.0041816009557945,0.6975780791352418,1.3115793462842702,14350067.293942409,0.1523034125566482,0.3631366505317083,0.6956173907541777,0.6997486672490532,0.4126723650842905,0.2628077752888202,0.4826762246117085,32.0,0.7248995056722597,0.7798431696641996,0.1207706183195114,1.0,0.0,0.3153574429452419,851.0,0.8910236767566779,7.0,min_freq_conf,['None'],"['nap', 'rtp']",0.8,21.0,1.0,PROB_LEN_DIST,1.0,,1.0,329206965570358954562846648967921774727_eps2_s0,,0.001,3.2920696557035894e+38,42.0,5.0,BPI2013_Closed,1.2
195.8341329228133,0.978251850942746,0.9091834471695764,0.0,0.7962070587091503,39.166826584562656,14352751.700947933,1.227258486673236,0.5039064949824422,0.0555168744649332,0.8534947781479263,19.12541912868619,45.49729036912322,0.6606889751648487,75.0,0.9604761831697692,0.9860226708295488,0.2030845060944557,1.0,0.0,2621.4333828277886,87204.0,0.992943298878478,3.0,min_freq_conf,['None'],"['nap', 'rtp']",0.8,21.0,1.0,PROB_LEN_DIST,1.0,,1.0,259622638979622280832216508785624218414_eps0_s0,,1e-10,2.596226389796223e+38,42.0,5.0,BPI2012_WC,1.2
6.557896731421351,0.7519776837567002,0.7168198953168393,0.003671970624235,0.7077159701838683,1.3115793462842702,14350065.830521705,0.1523034125566482,0.3720743735608705,0.7067218026701866,0.7094865093043498,0.312875410541892,0.264113875105977,0.4969400244798042,38.0,0.7372637046677213,0.7871374259483832,0.1300811115652322,1.0,0.0,0.2960866279900074,853.0,0.8924739303654861,7.0,min_freq_conf,['None'],"['nap', 'rtp']",0.8,21.0,1.0,PROB_LEN_DIST,1.0,,1.0,329206965570358954562846648967921774727_eps2_s0,,0.001,3.2920696557035894e+38,42.0,5.0,BPI2013_Closed,1.2
6.557896731421351,0.7195547319380993,0.7095338662184509,0.0026178010471204,0.7076561619604118,1.3115793462842702,14350064.494100476,0.1523034125566482,0.2880381491041995,0.7076561619604118,0.707777771066073,0.3109194487333298,0.2413119599223137,0.4083769633507853,38.0,0.7133839279772302,0.7535437994493577,0.0975129026919603,1.0,0.0,0.2938000056892633,817.0,0.8700418147100689,5.0,min_freq_conf,['None'],"['nap', 'rtp']",0.8,21.0,1.0,PROB_LEN_DIST,1.0,,1.0,329206965570358954562846648967921774727_eps1_s0,,0.001,3.2920696557035894e+38,42.0,5.0,BPI2013_Closed,1.2
6.557896731421351,0.7235231224880116,0.7040849631606404,0.0091743119266055,0.7012478296745375,1.3115793462842702,14350063.236734409,0.1523034125566482,0.2609096726632507,0.7012503622658215,0.7018172963309081,0.3175950720906257,0.2574068699032068,0.4097859327217125,38.0,0.7101176935031431,0.7560492029127436,0.0956482589244842,1.0,0.0,0.3145757392048836,858.0,0.8739625339969637,5.0,min_freq_conf,['None'],"['nap', 'rtp']",0.8,21.0,1.0,PROB_LEN_DIST,1.0,,1.0,329206965570358954562846648967921774727_eps1_s0,,0.001,3.2920696557035894e+38,42.0,5.0,BPI2013_Closed,1.2
6.557896731421351,0.7181868433012321,0.6845736061547979,0.0107398568019093,0.6767424023152006,1.3115793462842702,14350061.923961816,0.1523034125566482,0.2711698464729411,0.6761493898389201,0.6782966124702914,0.4195638038218021,0.2496952023357153,0.4182577565632458,38.0,0.6992776006775185,0.7613278327662943,0.0979254990816116,1.0,0.0,0.3454170916229486,862.0,0.8784084348061978,5.0,min_freq_conf,['None'],"['nap', 'rtp']",0.8,21.0,1.0,PROB_LEN_DIST,1.0,,1.0,329206965570358954562846648967921774727_eps1_s0,,0.001,3.2920696557035894e+38,42.0,5.0,BPI2013_Closed,1.2
6.557896731421351,0.7199310566462729,0.6931897730826787,0.0041816009557945,0.6852236075434724,1.3115793462842702,14350060.46836844,0.1523034125566482,0.2916392491000442,0.6832804889143235,0.6873590561534536,0.3484251666814089,0.2621464971452951,0.3990442054958183,32.0,0.7022518758074143,0.7593094767093076,0.0866047721356153,1.0,0.0,0.3090066947042942,851.0,0.8756564247881181,5.0,min_freq_conf,['None'],"['nap', 'rtp']",0.8,21.0,1.0,PROB_LEN_DIST,1.0,,1.0,329206965570358954562846648967921774727_eps1_s0,,0.001,3.2920696557035894e+38,42.0,5.0,BPI2013_Closed,1.2
6.557896731421351,0.6811368049292846,0.6482561880822416,0.003671970624235,0.6397298286584154,1.3115793462842702,14350059.051892033,0.1523034125566482,0.2437118569411321,0.638735661144734,0.6414882250188959,0.3442982565611601,0.2681603692471981,0.3317013463892289,38.0,0.6612448379435301,0.718850423193456,0.1016380991786718,1.0,0.0,0.3063066955655813,853.0,0.8537235351738435,5.0,min_freq_conf,['None'],"['nap', 'rtp']",0.8,21.0,1.0,PROB_LEN_DIST,1.0,,1.0,329206965570358954562846648967921774727_eps1_s0,,0.001,3.2920696557035894e+38,42.0,5.0,BPI2013_Closed,1.2
6.557896731421351,0.7805820983454322,0.7483125252903631,0.0026178010471204,0.7464475700633976,1.3115793462842702,14350057.60978091,0.1523034125566482,0.433605438399204,0.7464475700633976,0.7465691791690587,0.3164074104279279,0.2828670926392078,0.6969895287958116,38.0,0.7607347140931277,0.8331845786945775,0.105376036837697,1.0,0.0,0.4048219788819551,817.0,0.9302168802405612,3.0,min_freq_conf,['None'],"['nap', 'rtp']",0.8,21.0,1.0,PROB_LEN_DIST,1.0,,1.0,329206965570358954562846648967921774727_eps0_s0,,0.001,3.2920696557035894e+38,42.0,5.0,BPI2013_Closed,1.2
6.557896731421351,0.7836762754852015,0.7377824458918288,0.0091743119266055,0.734715521808963,1.3115793462842702,14350056.128988065,0.1523034125566482,0.3906979995435146,0.7347180544002473,0.7352849884653339,0.3673009797930717,0.2426134627312421,0.690519877675841,38.0,0.7530836719248454,0.8367564925649852,0.0944699440151453,1.0,0.0,0.5090173650532961,858.0,0.9313164259868748,3.0,min_freq_conf,['None'],"['nap', 'rtp']",0.8,21.0,1.0,PROB_LEN_DIST,1.0,,1.0,329206965570358954562846648967921774727_eps0_s0,,0.001,3.2920696557035894e+38,42.0,5.0,BPI2013_Closed,1.2
6.557896731421351,0.7775940221665226,0.7251685440220377,0.0107398568019093,0.7172835640823179,1.3115793462842702,14350054.564816482,0.1523034125566482,0.3755222996624955,0.7166905516060375,0.7188377742374089,0.3418405205011368,0.3419301565736532,0.6646778042959427,38.0,0.7463899967283808,0.8359768280298471,0.1223307214677333,1.0,0.0,0.4566458743065595,862.0,0.9298718077700824,3.0,min_freq_conf,['None'],"['nap', 'rtp']",0.8,21.0,1.0,PROB_LEN_DIST,1.0,,1.0,329206965570358954562846648967921774727_eps0_s0,,0.001,3.2920696557035894e+38,42.0,5.0,BPI2013_Closed,1.2
20.697109637781978,0.8938159114477982,0.9134986474386948,0.0001946661475569,0.9135266513600216,4.139421927556396,14350085.9575563,2.2389779090881348,0.4860802869969394,0.9135266513600216,0.9135266513600216,0.8381031919270754,10.589012149721384,0.8621763675296866,18.0,0.9001427746220464,0.9228442036841916,0.1065821833908557,1.0,0.0,21.52526891976595,12792.0,0.9685678919959656,3.0,min_freq_conf,['None'],"['nap', 'rtp']",0.8,21.0,1.0,PROB_LEN_DIST,1.0,,1.0,53030239996814801667998677876357158830_eps0_s0,,1e-07,5.30302399968148e+37,42.0,5.0,Helpdesk,1.2
6.557896731421351,0.783911932225821,0.7325987471186517,0.0041816009557945,0.7246101801457538,1.3115793462842702,14350052.91252991,0.1523034125566482,0.4487957884322529,0.7226328981101033,0.7267456287557351,0.5100784786045551,0.2460519690066576,0.6792114695340502,32.0,0.7525914951365142,0.8411077546743027,0.1351492069661617,1.0,0.0,0.4549879059195518,851.0,0.9342572358363042,3.0,min_freq_conf,['None'],"['nap', 'rtp']",0.8,21.0,1.0,PROB_LEN_DIST,1.0,,1.0,329206965570358954562846648967921774727_eps0_s0,,0.001,3.2920696557035894e+38,42.0,5.0,BPI2013_Closed,1.2
6.557896731421351,0.7937080064707194,0.7449732311054532,0.003671970624235,0.736006744433414,1.3115793462842702,14350051.18475818,0.1523034125566482,0.4467545555113423,0.7349921770829311,0.7377412838418932,0.3800466135144233,0.23795772716403,0.6872705018359853,38.0,0.7672961224135313,0.8436296907067251,0.0968947559595108,1.0,0.0,0.4463706538081169,853.0,0.9341817182447996,3.0,min_freq_conf,['None'],"['nap', 'rtp']",0.8,21.0,1.0,PROB_LEN_DIST,1.0,,1.0,329206965570358954562846648967921774727_eps0_s0,,0.001,3.2920696557035894e+38,42.0,5.0,BPI2013_Closed,1.2
91.14374136552216,0.9741080876353956,0.9263311645439204,0.0016323865491348,0.8456591091373952,18.22874827310443,14350287.784871956,0.4282648768275976,0.3574106442191523,0.1180592034435789,0.8879053835484445,5.460656123235822,6.385160399600864,0.5863532484492328,188.0,0.9610200340912256,0.9803640966889748,0.1157461535185575,1.0,0.0,249.11636783368888,77043.0,0.9860423721813188,3.0,min_freq_conf,['None'],"['nap', 'rtp']",0.8,21.0,1.0,PROB_LEN_DIST,1.0,,1.0,271943607370254905429138381606553406756_eps0_s0,,1e-10,2.719436073702549e+38,42.0,5.0,Sepsis,1.2
20.697109637781978,0.8945459907415368,0.9158989826995684,0.0001936108422071,0.9159508894891322,4.139421927556396,14350052.48010486,2.2389779090881348,0.5284087058833922,0.9159508894891322,0.9159508894891322,0.881171328946948,11.010884141549468,0.8621490803484995,18.0,0.9012497435875968,0.9240790311119482,0.102511266246438,1.0,0.0,21.89780353754759,13016.0,0.9692338520896157,3.0,min_freq_conf,['None'],"['nap', 'rtp']",0.8,21.0,1.0,PROB_LEN_DIST,1.0,,1.0,53030239996814801667998677876357158830_eps0_s0,,1e-07,5.30302399968148e+37,42.0,5.0,Helpdesk,1.2
13.057919204235075,0.7733431773776954,0.7284262496871198,0.0006544502617801,0.7242487681878597,2.611583840847016,14350016.689710584,0.1591145750135183,0.4184475578517941,0.7240634168899428,0.7253730085834211,0.3087766766548157,5.850900029763579,0.6642670157068062,38.0,0.7471869248710825,0.8281765425992944,0.0938794035464525,1.0,0.0,5.708352936431766,20828.0,0.9278698362868424,21.0,min_freq_conf,['None'],"['nap', 'rtp']",0.8,21.0,1.0,PROB_LEN_DIST,1.0,,1.0,220598382999365676645035329677621522765_eps5_s0,,0.0001,2.205983829993657e+38,42.0,5.0,BPI2013_Closed,1.2
13.057919204235075,0.7741874382241174,0.713602125034996,0.000611620795107,0.7095301275625878,2.611583840847016,14350004.376201808,0.1591145750135183,0.3727839248483293,0.709532660153872,0.7101923787977827,0.3307919204235077,5.720970027148724,0.65565749235474,38.0,0.735611940428133,0.8293653421375071,0.1112456247210502,1.0,0.0,6.1471913028508425,20301.0,0.9278248468729772,21.0,min_freq_conf,['None'],"['nap', 'rtp']",0.8,21.0,1.0,PROB_LEN_DIST,1.0,,1.0,220598382999365676645035329677621522765_eps5_s0,,0.0001,2.205983829993657e+38,42.0,5.0,BPI2013_Closed,1.2
20.697109637781978,0.8939833993119783,0.9122975865700906,0.0015417228753131,0.9122867667866752,4.139421927556396,14350018.220620785,2.2389779090881348,0.4742861127863244,0.9122867667866752,0.9122867667866752,0.7383578289300203,10.923412807285786,0.8618230873000579,18.0,0.8993730499174738,0.923411356635487,0.0966061726212501,1.0,0.0,21.34509316831827,12576.0,0.9685559446014288,3.0,min_freq_conf,['None'],"['nap', 'rtp']",0.8,21.0,1.0,PROB_LEN_DIST,1.0,,1.0,53030239996814801667998677876357158830_eps0_s0,,1e-07,5.30302399968148e+37,42.0,5.0,Helpdesk,1.2
13.057919204235075,0.7721907334333454,0.7013226386645213,0.0011933174224343,0.6915127849865561,2.611583840847016,14349991.694297114,0.1591145750135183,0.3600513871388343,0.6906960254935696,0.6933737640777107,0.3495121113955974,5.906860489398241,0.6342482100238663,38.0,0.7303266391185804,0.8308358009488298,0.1047525387257337,1.0,0.0,5.519941592589021,19311.0,0.9263305092287448,21.0,min_freq_conf,['None'],"['nap', 'rtp']",0.8,21.0,1.0,PROB_LEN_DIST,1.0,,1.0,220598382999365676645035329677621522765_eps5_s0,,0.0001,2.205983829993657e+38,42.0,5.0,BPI2013_Closed,1.2
13.057919204235075,0.7790893221994563,0.7121687003557903,0.0,0.7021163286962476,2.611583840847016,14349979.451006103,0.1591145750135183,0.4336059250012241,0.7001390466605971,0.7047431612143793,0.3466649577021599,6.473656222224236,0.6553166069295101,32.0,0.740844615117868,0.8340952352586386,0.0915880426764488,1.0,0.0,6.110902378335595,20098.0,0.9309435136622408,21.0,min_freq_conf,['None'],"['nap', 'rtp']",0.8,21.0,1.0,PROB_LEN_DIST,1.0,,1.0,220598382999365676645035329677621522765_eps5_s0,,0.0001,2.205983829993657e+38,42.0,5.0,BPI2013_Closed,1.2
13.057919204235075,0.790010902381219,0.7320230371670384,0.0,0.7226588586583946,2.611583840847016,14349966.085571827,0.1591145750135183,0.4378566676463628,0.7216177980133646,0.7244620279006101,0.3786107003688812,5.966172071173787,0.6652386780905752,38.0,0.7574682399277006,0.840745844996273,0.1375743169337511,1.0,0.0,5.984087187796831,20175.0,0.9330854520399048,21.0,min_freq_conf,['None'],"['nap', 'rtp']",0.8,21.0,1.0,PROB_LEN_DIST,1.0,,1.0,220598382999365676645035329677621522765_eps5_s0,,0.0001,2.205983829993657e+38,42.0,5.0,BPI2013_Closed,1.2
13.057919204235075,0.7733666017018103,0.7287620492675663,0.0006544502617801,0.7251654205195832,2.611583840847016,14349953.22837385,0.1591145750135183,0.4176724720530584,0.7249254554235971,0.7257621476829388,0.3241229280829429,4.81656401231885,0.662303664921466,38.0,0.7482620362687792,0.8270795536166556,0.1079558636993169,1.0,0.0,4.873944213613868,20828.0,0.9275349937006908,17.0,min_freq_conf,['None'],"['nap', 'rtp']",0.8,21.0,1.0,PROB_LEN_DIST,1.0,,1.0,220598382999365676645035329677621522765_eps4_s0,,0.0001,2.205983829993657e+38,42.0,5.0,BPI2013_Closed,1.2
13.057919204235075,0.7736123927248806,0.7132300746557029,0.000611620795107,0.7088627210748899,2.611583840847016,14349942.740510715,0.1591145750135183,0.3683844729447278,0.7087429295071527,0.7095545118902821,0.3410168867558241,4.808775646612048,0.6513761467889908,38.0,0.7360918403768886,0.8287893338417558,0.0991819389164447,1.0,0.0,4.795136298984289,20301.0,0.9276574504158654,17.0,min_freq_conf,['None'],"['nap', 'rtp']",0.8,21.0,1.0,PROB_LEN_DIST,1.0,,1.0,220598382999365676645035329677621522765_eps4_s0,,0.0001,2.205983829993657e+38,42.0,5.0,BPI2013_Closed,1.2
13.057919204235075,0.7733359376417246,0.701334664272028,0.0011933174224343,0.6918977979728441,2.611583840847016,14349932.340475172,0.1591145750135183,0.3545506097542459,0.6911343115790733,0.6935585543263669,0.3711077086627483,4.581918898969889,0.6276849642004774,38.0,0.7313525283598717,0.8327520576167663,0.0942958556115627,1.0,0.0,4.445843867957592,19311.0,0.927477309865442,17.0,min_freq_conf,['None'],"['nap', 'rtp']",0.8,21.0,1.0,PROB_LEN_DIST,1.0,,1.0,220598382999365676645035329677621522765_eps4_s0,,0.0001,2.205983829993657e+38,42.0,5.0,BPI2013_Closed,1.2
13.057919204235075,0.7781500025440511,0.7119451719633259,0.0,0.7007528418229513,2.611583840847016,14349922.429722251,0.1591145750135183,0.4313590923251716,0.6987755597873008,0.703828214915585,0.359569976106286,4.944310758262873,0.6517323775388292,32.0,0.7402439041877381,0.8334067239940149,0.1005939058959484,1.0,0.0,5.032003797590733,20098.0,0.9308787812472024,17.0,min_freq_conf,['None'],"['nap', 'rtp']",0.8,21.0,1.0,PROB_LEN_DIST,1.0,,1.0,220598382999365676645035329677621522765_eps4_s0,,0.0001,2.205983829993657e+38,42.0,5.0,BPI2013_Closed,1.2
13.057919204235075,0.7897037771658931,0.7322289529023299,0.0,0.7235559538792351,2.611583840847016,14349911.628079057,0.1591145750135183,0.4420992841047411,0.7224234913680173,0.7253015002058105,0.3187219277024269,4.91928088106215,0.6682986536107711,38.0,0.7570751949202126,0.8405175373322249,0.0863988306373357,1.0,0.0,5.031499484553933,20175.0,0.9330272618960352,17.0,min_freq_conf,['None'],"['nap', 'rtp']",0.8,21.0,1.0,PROB_LEN_DIST,1.0,,1.0,220598382999365676645035329677621522765_eps4_s0,,0.0001,2.205983829993657e+38,42.0,5.0,BPI2013_Closed,1.2
13.057919204235075,0.7563847184894641,0.6948339973507949,0.0006544502617801,0.6877359080044152,2.611583840847016,14349900.935249686,0.1591145750135183,0.3907669585078165,0.6877359080044152,0.6883826716427764,0.3854288049042225,3.774612443521619,0.6276178010471204,38.0,0.7254388986584354,0.8172792317317169,0.0892117843031883,1.0,0.0,3.742132788524032,20828.0,0.9234737038864944,11.0,min_freq_conf,['None'],"['nap', 'rtp']",0.8,21.0,1.0,PROB_LEN_DIST,1.0,,1.0,220598382999365676645035329677621522765_eps3_s0,,0.0001,2.205983829993657e+38,42.0,5.0,BPI2013_Closed,1.2
13.057919204235075,0.7555505712240412,0.6708251867151966,0.000611620795107,0.6656251979995359,2.611583840847016,14349892.606201757,0.1591145750135183,0.3440176093946553,0.6655345312315655,0.6668422974093138,0.4125238191336393,3.842869495972991,0.6073394495412844,38.0,0.7040709187229401,0.8164901808450867,0.1004510037600994,1.0,0.0,3.784744929522276,20301.0,0.9217861927434744,11.0,min_freq_conf,['None'],"['nap', 'rtp']",0.8,21.0,1.0,PROB_LEN_DIST,1.0,,1.0,220598382999365676645035329677621522765_eps3_s0,,0.0001,2.205983829993657e+38,42.0,5.0,BPI2013_Closed,1.2
13.057919204235075,0.7563529931802504,0.6640181036817243,0.0011933174224343,0.6485459741469871,2.611583840847016,14349884.109875776,0.1591145750135183,0.330418857880278,0.6476275114645882,0.6518235314271816,0.352450655773282,3.8829311579465866,0.5906921241050119,38.0,0.7069156475372155,0.8228940291643824,0.1065987516194582,1.0,0.0,3.924059972167015,19311.0,0.9241684514324306,11.0,min_freq_conf,['None'],"['nap', 'rtp']",0.8,21.0,1.0,PROB_LEN_DIST,1.0,,1.0,220598382999365676645035329677621522765_eps3_s0,,0.0001,2.205983829993657e+38,42.0,5.0,BPI2013_Closed,1.2
13.057919204235075,0.7584056771663273,0.6680060301729069,0.0,0.6525678471466962,2.611583840847016,14349875.516839908,0.1591145750135183,0.3959178548814349,0.6505645924343015,0.6550259871676657,0.3451687712222338,4.029319541528821,0.6063321385902031,32.0,0.7123957022794594,0.8235908252936489,0.0939173642545938,1.0,0.0,4.035077078267932,20098.0,0.9266392077836526,11.0,min_freq_conf,['None'],"['nap', 'rtp']",0.8,21.0,1.0,PROB_LEN_DIST,1.0,,1.0,220598382999365676645035329677621522765_eps3_s0,,0.0001,2.205983829993657e+38,42.0,5.0,BPI2013_Closed,1.2
13.057919204235075,0.7722792627489794,0.6847908873408683,0.0,0.6716578774034031,2.611583840847016,14349866.661859935,0.1591145750135183,0.4105457766991343,0.6705201957131595,0.6738120504677999,0.3519784193485975,4.143905388191342,0.6321909424724602,38.0,0.7315813971954285,0.8303382193992938,0.1071003042161464,1.0,0.0,4.045136906206608,20175.0,0.930512468341215,11.0,min_freq_conf,['None'],"['nap', 'rtp']",0.8,21.0,1.0,PROB_LEN_DIST,1.0,,1.0,220598382999365676645035329677621522765_eps3_s0,,0.0001,2.205983829993657e+38,42.0,5.0,BPI2013_Closed,1.2
13.057919204235075,0.6868913989864671,0.599452431190126,0.0006544502617801,0.5874110369568701,2.611583840847016,14349857.658311294,0.1591145750135183,0.2382792764011002,0.5874110369568701,0.5888354496079418,0.3154168426990509,3.585153840482235,0.3298429319371728,38.0,0.6418251781521808,0.7431820335163327,0.0967720467597246,1.0,0.0,3.658464010804892,20828.0,0.8605116135808194,7.0,min_freq_conf,['None'],"['nap', 'rtp']",0.8,21.0,1.0,PROB_LEN_DIST,1.0,,1.0,220598382999365676645035329677621522765_eps2_s0,,0.0001,2.205983829993657e+38,42.0,5.0,BPI2013_Closed,1.2
19.74536090902984,0.8832948384097802,0.9010438744418666,0.000191570881226,0.9010413801290276,3.949072181805968,14349879.360932913,0.3946181647479534,0.5190435906820267,0.9010413801290276,0.9010294069489512,0.6697991844266653,16.13097363524139,0.8469348659003831,17.0,0.8872474864428919,0.9155432511826216,0.0900251641869545,1.0,0.0,15.647634714841844,12764.0,0.9653371405095572,21.0,min_freq_conf,['None'],"['nap', 'rtp']",0.8,21.0,1.0,PROB_LEN_DIST,1.0,,1.0,131352662692972103786370035868633826923_eps5_s0,,1e-10,1.313526626929721e+38,42.0,5.0,Helpdesk,1.2
13.057919204235075,0.689333350787791,0.587182407902625,0.000611620795107,0.5752935741356626,2.611583840847016,14349849.670173222,0.1591145750135183,0.2409821849602832,0.5752961067269468,0.5763119729803926,0.3521955590695143,3.647806771099568,0.3070336391437309,38.0,0.6308965508284776,0.7409544222880885,0.1452441643923521,1.0,0.0,4.0198174603283405,20301.0,0.8598145752250687,7.0,min_freq_conf,['None'],"['nap', 'rtp']",0.8,21.0,1.0,PROB_LEN_DIST,1.0,,1.0,220598382999365676645035329677621522765_eps2_s0,,0.0001,2.205983829993657e+38,42.0,5.0,BPI2013_Closed,1.2
13.057919204235075,0.7033653976408416,0.594041515534703,0.0011933174224343,0.5746602116731688,2.611583840847016,14349841.111721233,0.1591145750135183,0.2154136903857374,0.5632621105831066,0.581383617494874,0.5076520927250385,3.5798912681639194,0.3162291169451074,38.0,0.6437852378065864,0.7644446476698012,0.1038374155759811,1.0,0.0,3.620534226298332,19311.0,0.8702390958867765,7.0,min_freq_conf,['None'],"['nap', 'rtp']",0.8,21.0,1.0,PROB_LEN_DIST,1.0,,1.0,220598382999365676645035329677621522765_eps2_s0,,0.0001,2.205983829993657e+38,42.0,5.0,BPI2013_Closed,1.2
13.057919204235075,0.6810230488757628,0.5811666204925957,0.0,0.5720005376487606,2.611583840847016,14349832.908685708,0.1591145750135183,0.2464790570512809,0.5701037839270864,0.5742563198876396,0.4382381569594145,3.774893807247281,0.2855436081242533,32.0,0.6255630151367975,0.7423847588682725,0.100629162043333,1.0,0.0,4.151591530069709,20098.0,0.8633911016360147,7.0,min_freq_conf,['None'],"['nap', 'rtp']",0.8,21.0,1.0,PROB_LEN_DIST,1.0,,1.0,220598382999365676645035329677621522765_eps2_s0,,0.0001,2.205983829993657e+38,42.0,5.0,BPI2013_Closed,1.2
13.057919204235075,0.6842341338601011,0.6172340829713537,0.0,0.6091680545372243,2.611583840847016,14349824.104161916,0.1591145750135183,0.2709090591999148,0.6081826298107432,0.6107162940672957,0.3510151151567697,3.922427816316485,0.3476132190942472,38.0,0.640337647688563,0.7396682897805513,0.0905661731958389,1.0,0.0,3.69250363484025,20175.0,0.8581501719184156,7.0,min_freq_conf,['None'],"['nap', 'rtp']",0.8,21.0,1.0,PROB_LEN_DIST,1.0,,1.0,220598382999365676645035329677621522765_eps2_s0,,0.0001,2.205983829993657e+38,42.0,5.0,BPI2013_Closed,1.2
19.74536090902984,0.8885496119538657,0.9057425312744504,0.0005750431282346,0.9058049568687908,3.949072181805968,14349846.43112873,0.3946181647479534,0.457994494059483,0.9058049568687908,0.9058049568687908,0.7610091399401426,16.730746479704976,0.8548974506421315,18.0,0.8914449893173327,0.9192707171430607,0.1057092119008302,1.0,0.0,16.883280217647552,12937.0,0.9667226614035154,21.0,min_freq_conf,['None'],"['nap', 'rtp']",0.8,21.0,1.0,PROB_LEN_DIST,1.0,,1.0,131352662692972103786370035868633826923_eps5_s0,,1e-10,1.313526626929721e+38,42.0,5.0,Helpdesk,1.2
13.057919204235075,0.7499254158001242,0.6759019391800144,0.0006544502617801,0.5720717942421849,2.611583840847016,14349815.695825562,0.1591145750135183,0.2626645492187535,0.5483861885511173,0.6214498205119994,0.4345523528754711,3.8825107645243406,0.3795811518324607,38.0,0.7284630392632256,0.8094043791026352,0.1022602524608373,1.0,0.0,5.789821397513151,20828.0,0.8994564769318564,5.0,min_freq_conf,['None'],"['nap', 'rtp']",0.8,21.0,1.0,PROB_LEN_DIST,1.0,,1.0,220598382999365676645035329677621522765_eps1_s0,,0.0001,2.205983829993657e+38,42.0,5.0,BPI2013_Closed,1.2
13.057919204235075,0.7608613858128844,0.6927374616583271,0.000611620795107,0.6320709518895233,2.611583840847016,14349805.076385347,0.1591145750135183,0.2839886196918992,0.6003875302473196,0.6619212319210329,0.4282400123775005,4.012681823223829,0.455045871559633,38.0,0.7286943462811236,0.7986020662426173,0.0988877844065427,1.0,0.0,6.564319549128413,20301.0,0.898651646730419,5.0,min_freq_conf,['None'],"['nap', 'rtp']",0.8,21.0,1.0,PROB_LEN_DIST,1.0,,1.0,220598382999365676645035329677621522765_eps1_s0,,0.0001,2.205983829993657e+38,42.0,5.0,BPI2013_Closed,1.2
13.057919204235075,0.7366283071814613,0.6306644186253902,0.0011933174224343,0.6100005186819796,2.611583840847016,14349793.642351732,0.1591145750135183,0.2380442502518493,0.6078048594015527,0.6152307187208065,0.4004320744425058,3.426165098324418,0.3812649164677804,38.0,0.6757531114220972,0.7801288806086824,0.1103964913636446,1.0,0.0,3.5975841730833054,19311.0,0.8866233367452442,5.0,min_freq_conf,['None'],"['nap', 'rtp']",0.8,21.0,1.0,PROB_LEN_DIST,1.0,,1.0,220598382999365676645035329677621522765_eps1_s0,,0.0001,2.205983829993657e+38,42.0,5.0,BPI2013_Closed,1.2
19.74536090902984,0.893007274450724,0.9118904115156836,0.0001946661475569,0.9119184154370108,3.949072181805968,14349811.58744838,0.3946181647479534,0.4857004637662996,0.9119184154370108,0.9119184154370108,0.656942879781127,15.919742988422511,0.8600350399065603,18.0,0.8984850996774336,0.9222863152248044,0.1262232847511768,1.0,0.0,15.771126836538317,12792.0,0.9681612560432912,21.0,min_freq_conf,['None'],"['nap', 'rtp']",0.8,21.0,1.0,PROB_LEN_DIST,1.0,,1.0,131352662692972103786370035868633826923_eps5_s0,,1e-10,1.313526626929721e+38,42.0,5.0,Helpdesk,1.2
13.057919204235075,0.7806665728320836,0.718264505026861,0.0,0.6505354645543462,2.611583840847016,14349785.729391333,0.1591145750135183,0.2788447451721648,0.5131036253900977,0.6836303678433316,0.6904571000486612,3.615570511668921,0.3930704898446834,32.0,0.753739795916099,0.8224192885662002,0.1091504078358411,1.0,0.0,7.766680963337421,20098.0,0.907313278596928,5.0,min_freq_conf,['None'],"['nap', 'rtp']",0.8,21.0,1.0,PROB_LEN_DIST,1.0,,1.0,220598382999365676645035329677621522765_eps1_s0,,0.0001,2.205983829993657e+38,42.0,5.0,BPI2013_Closed,1.2
13.057919204235075,0.6884220173935061,0.639472667953234,0.0,0.630661839546593,2.611583840847016,14349773.178400658,0.1591145750135183,0.2644699017613541,0.6296683754755598,0.6323774311213068,0.3466328904032707,3.8828412797302008,0.3788249694002448,38.0,0.6595265158357861,0.758722517932805,0.0994180403649807,1.0,0.0,4.489178812131286,20175.0,0.8783586659947175,5.0,min_freq_conf,['None'],"['nap', 'rtp']",0.8,21.0,1.0,PROB_LEN_DIST,1.0,,1.0,220598382999365676645035329677621522765_eps1_s0,,0.0001,2.205983829993657e+38,42.0,5.0,BPI2013_Closed,1.2
13.057919204235075,0.7825454491307723,0.7502758760757033,0.0006544502617801,0.7484109208487378,2.611583840847016,14349763.991462776,0.1591145750135183,0.4347958627471527,0.7484109208487378,0.748532529954399,0.299745075404644,3.2106689028441906,0.6989528795811518,38.0,0.762698064878468,0.8349297793926579,0.0971802044659853,1.0,0.0,5.275175951421261,20828.0,0.9314167057204912,3.0,min_freq_conf,['None'],"['nap', 'rtp']",0.8,21.0,1.0,PROB_LEN_DIST,1.0,,1.0,220598382999365676645035329677621522765_eps0_s0,,0.0001,2.205983829993657e+38,42.0,5.0,BPI2013_Closed,1.2
5.695901282131672,0.8246802441114185,0.7473126074764628,0.1081218274111675,0.7465216723988003,1.1391802564263345,14349754.048514469,0.2026775833219289,0.2376378460454649,0.7465216723988003,0.7464899465104754,0.435656176880002,0.1642523277550935,0.7751269035532995,28.0,0.7702862859909742,0.8681171148366578,0.0976723488420248,1.0,0.0,0.1394694522023201,241.0,0.9253940433508951,21.0,min_freq_conf,['None'],"['nap', 'rtp']",0.8,21.0,1.0,PROB_LEN_DIST,1.0,,1.0,195153257805850390041578421552643170376_eps5_s0,,0.01,1.951532578058504e+38,42.0,5.0,EnvPermit,1.2
5.695901282131672,0.8344295967780824,0.7668973443784053,0.0994949494949495,0.7662213957479113,1.1391802564263345,14349752.778553257,0.2026775833219289,0.229989912122537,0.7662213957479113,0.7661898300913456,0.5198081191629171,0.1561954170465469,0.7909090909090909,28.0,0.7854084663933152,0.875579508874963,0.097779668867588,1.0,0.0,0.2971354965120554,270.0,0.9278741600711292,21.0,min_freq_conf,['None'],"['nap', 'rtp']",0.8,21.0,1.0,PROB_LEN_DIST,1.0,,1.0,195153257805850390041578421552643170376_eps5_s0,,0.01,1.951532578058504e+38,42.0,5.0,EnvPermit,1.2
5.695901282131672,0.8305901845920961,0.7525961838978412,0.1125730994152046,0.7485990074937704,1.1391802564263345,14349751.361017384,0.2026775833219289,0.2509330644091874,0.7485990074937704,0.7491087482988849,0.5273846425116062,0.1494082044810056,0.7792397660818714,28.0,0.7779619136497057,0.8736869080479328,0.0893583204597234,1.0,0.0,0.1481033712625503,222.0,0.9288790222839496,21.0,min_freq_conf,['None'],"['nap', 'rtp']",0.8,21.0,1.0,PROB_LEN_DIST,1.0,,1.0,195153257805850390041578421552643170376_eps5_s0,,0.01,1.951532578058504e+38,42.0,5.0,EnvPermit,1.2
5.695901282131672,0.7628528049031206,0.6753358306717381,0.1379821958456973,0.6731392575602789,1.1391802564263345,14349750.105454177,0.2026775833219289,0.2385827194275869,0.6731392575602789,0.6731830015228891,0.4733116272836923,0.1316988244652748,0.7116716122650841,28.0,0.699911202001675,0.821071808186705,0.1201085578650236,1.0,0.0,0.1411503236740827,202.0,0.9028093815185804,21.0,min_freq_conf,['None'],"['nap', 'rtp']",0.8,21.0,1.0,PROB_LEN_DIST,1.0,,1.0,195153257805850390041578421552643170376_eps5_s0,,0.01,1.951532578058504e+38,42.0,5.0,EnvPermit,1.2
5.695901282131672,0.8265539644822603,0.7490828922175939,0.1132360342224459,0.7438343054033615,1.1391802564263345,14349748.88125128,0.2026775833219289,0.2468634567682914,0.7433252555085215,0.7456109292851612,0.4827894363552332,0.1508289948105812,0.770508303975843,21.0,0.7728060740059804,0.869963330869079,0.0909461453557014,1.0,0.0,0.1417443472892046,241.0,0.9274016935155904,21.0,min_freq_conf,['None'],"['nap', 'rtp']",0.8,21.0,1.0,PROB_LEN_DIST,1.0,,1.0,195153257805850390041578421552643170376_eps5_s0,,0.01,1.951532578058504e+38,42.0,5.0,EnvPermit,1.2
5.695901282131672,0.8246802441114185,0.7473126074764628,0.1081218274111675,0.7465216723988003,1.1391802564263345,14349747.660868408,0.2026775833219289,0.2376378460454649,0.7465216723988003,0.7464899465104754,0.4284330774098634,0.1320968754589557,0.7751269035532995,28.0,0.7702862859909742,0.8681171148366578,0.0930949617177248,1.0,0.0,0.1313262023031711,241.0,0.9253940433508951,17.0,min_freq_conf,['None'],"['nap', 'rtp']",0.8,21.0,1.0,PROB_LEN_DIST,1.0,,1.0,195153257805850390041578421552643170376_eps4_s0,,0.01,1.951532578058504e+38,42.0,5.0,EnvPermit,1.2
5.695901282131672,0.8344295967780824,0.7668973443784053,0.0994949494949495,0.7662213957479113,1.1391802564263345,14349746.528325284,0.2026775833219289,0.229989912122537,0.7662213957479113,0.7661898300913456,0.4071717523038387,0.1467979177832603,0.7909090909090909,28.0,0.7854084663933152,0.875579508874963,0.110086677595973,1.0,0.0,0.1465814150869846,270.0,0.9278741600711292,17.0,min_freq_conf,['None'],"['nap', 'rtp']",0.8,21.0,1.0,PROB_LEN_DIST,1.0,,1.0,195153257805850390041578421552643170376_eps4_s0,,0.01,1.951532578058504e+38,42.0,5.0,EnvPermit,1.2
13.057919204235075,0.7882379472487078,0.7441993674004935,0.000611620795107,0.7411324433176281,2.611583840847016,14349754.702427004,0.1591145750135183,0.392948956954961,0.741134975908912,0.7417019099739985,0.377456072717905,3.379825707525015,0.6948012232415902,38.0,0.7589909094375873,0.8405536383346083,0.1207786984741687,1.0,0.0,5.932513751089573,20301.0,0.9338903301662836,3.0,min_freq_conf,['None'],"['nap', 'rtp']",0.8,21.0,1.0,PROB_LEN_DIST,1.0,,1.0,220598382999365676645035329677621522765_eps0_s0,,0.0001,2.205983829993657e+38,42.0,5.0,BPI2013_Closed,1.2
5.695901282131672,0.8305901845920961,0.7525961838978412,0.1125730994152046,0.7485990074937704,1.1391802564263345,14349745.368458323,0.2026775833219289,0.2509330644091874,0.7485990074937704,0.7491087482988849,0.5070226918905973,0.1539066769182682,0.7792397660818714,28.0,0.7779619136497057,0.8736869080479328,0.0980069376528263,1.0,0.0,0.1605336908251047,222.0,0.9288790222839496,17.0,min_freq_conf,['None'],"['nap', 'rtp']",0.8,21.0,1.0,PROB_LEN_DIST,1.0,,1.0,195153257805850390041578421552643170376_eps4_s0,,0.01,1.951532578058504e+38,42.0,5.0,EnvPermit,1.2
19.74536090902984,0.8930708605151961,0.9133635257933465,0.0001936108422071,0.9134154325829108,3.949072181805968,14349778.757819856,0.3946181647479534,0.5396700678711196,0.9134154325829108,0.9134154325829108,0.7635985929518938,15.850864887237549,0.8596321393998064,18.0,0.8985083830872818,0.9231656028171064,0.1020020619034767,1.0,0.0,17.658484499901533,13016.0,0.9682736345079074,21.0,min_freq_conf,['None'],"['nap', 'rtp']",0.8,21.0,1.0,PROB_LEN_DIST,1.0,,1.0,131352662692972103786370035868633826923_eps5_s0,,1e-10,1.313526626929721e+38,42.0,5.0,Helpdesk,1.2
5.695901282131672,0.7628528049031206,0.6753358306717381,0.1379821958456973,0.6731392575602789,1.1391802564263345,14349744.080495384,0.2026775833219289,0.2385827194275869,0.6731392575602789,0.6731830015228891,0.4783256985247135,0.1247684806585311,0.7116716122650841,28.0,0.699911202001675,0.821071808186705,0.0969988033175468,1.0,0.0,0.1518329102545976,202.0,0.9028093815185804,17.0,min_freq_conf,['None'],"['nap', 'rtp']",0.8,21.0,1.0,PROB_LEN_DIST,1.0,,1.0,195153257805850390041578421552643170376_eps4_s0,,0.01,1.951532578058504e+38,42.0,5.0,EnvPermit,1.2
5.695901282131672,0.8265539644822603,0.7490828922175939,0.1132360342224459,0.7438343054033615,1.1391802564263345,14349742.849677024,0.2026775833219289,0.2468634567682914,0.7433252555085215,0.7456109292851612,0.4889329727739095,0.1246561147272586,0.770508303975843,21.0,0.7728060740059804,0.869963330869079,0.1406856290996074,1.0,0.0,0.1864719111472368,241.0,0.9274016935155904,17.0,min_freq_conf,['None'],"['nap', 'rtp']",0.8,21.0,1.0,PROB_LEN_DIST,1.0,,1.0,195153257805850390041578421552643170376_eps4_s0,,0.01,1.951532578058504e+38,42.0,5.0,EnvPermit,1.2
5.695901282131672,0.8246802441114185,0.7473126074764628,0.1081218274111675,0.7465216723988003,1.1391802564263345,14349741.457200456,0.2026775833219289,0.2376378460454649,0.7465216723988003,0.7464899465104754,0.412988431751728,0.110645143315196,0.7751269035532995,28.0,0.7702862859909742,0.8681171148366578,0.0985105838626623,1.0,0.0,0.1412389352917671,241.0,0.9253940433508951,11.0,min_freq_conf,['None'],"['nap', 'rtp']",0.8,21.0,1.0,PROB_LEN_DIST,1.0,,1.0,195153257805850390041578421552643170376_eps3_s0,,0.01,1.951532578058504e+38,42.0,5.0,EnvPermit,1.2
5.695901282131672,0.8344295967780824,0.7668973443784053,0.0994949494949495,0.7662213957479113,1.1391802564263345,14349740.33239534,0.2026775833219289,0.229989912122537,0.7662213957479113,0.7661898300913456,0.4783412292599678,0.1392148248851299,0.7909090909090909,28.0,0.7854084663933152,0.875579508874963,0.11551995575428,1.0,0.0,0.1820924580097198,270.0,0.9278741600711292,11.0,min_freq_conf,['None'],"['nap', 'rtp']",0.8,21.0,1.0,PROB_LEN_DIST,1.0,,1.0,195153257805850390041578421552643170376_eps3_s0,,0.01,1.951532578058504e+38,42.0,5.0,EnvPermit,1.2
5.695901282131672,0.8305901845920961,0.7525961838978412,0.1125730994152046,0.7485990074937704,1.1391802564263345,14349738.94904873,0.2026775833219289,0.2509330644091874,0.7485990074937704,0.7491087482988849,0.5760365165770054,0.1551196239888668,0.7792397660818714,28.0,0.7779619136497057,0.8736869080479328,0.1090041771531105,1.0,0.0,0.1646127887070179,222.0,0.9288790222839496,11.0,min_freq_conf,['None'],"['nap', 'rtp']",0.8,21.0,1.0,PROB_LEN_DIST,1.0,,1.0,195153257805850390041578421552643170376_eps3_s0,,0.01,1.951532578058504e+38,42.0,5.0,EnvPermit,1.2
5.695901282131672,0.7628528049031206,0.6753358306717381,0.1379821958456973,0.6731392575602789,1.1391802564263345,14349737.453258278,0.2026775833219289,0.2385827194275869,0.6731392575602789,0.6731830015228891,0.4591443166136741,0.1080299317836761,0.7116716122650841,28.0,0.699911202001675,0.821071808186705,0.1155961044132709,1.0,0.0,0.2553950697183609,202.0,0.9028093815185804,11.0,min_freq_conf,['None'],"['nap', 'rtp']",0.8,21.0,1.0,PROB_LEN_DIST,1.0,,1.0,195153257805850390041578421552643170376_eps3_s0,,0.01,1.951532578058504e+38,42.0,5.0,EnvPermit,1.2
13.057919204235075,0.7836202751498159,0.7320187542732026,0.0011933174224343,0.7241337743334826,2.611583840847016,14349744.53767374,0.1591145750135183,0.3776917129257707,0.7235407618572023,0.7256879844885737,0.3518877644091844,3.1603418439626694,0.6694510739856802,38.0,0.7524020435518836,0.8402329935031962,0.1301137711852789,1.0,0.0,5.254157416522503,19311.0,0.9320595563778789,3.0,min_freq_conf,['None'],"['nap', 'rtp']",0.8,21.0,1.0,PROB_LEN_DIST,1.0,,1.0,220598382999365676645035329677621522765_eps0_s0,,0.0001,2.205983829993657e+38,42.0,5.0,BPI2013_Closed,1.2
5.695901282131672,0.8265539644822603,0.7490828922175939,0.1132360342224459,0.7438343054033615,1.1391802564263345,14349736.12897036,0.2026775833219289,0.2468634567682914,0.7433252555085215,0.7456109292851612,0.3997420649975538,0.1479118131101131,0.770508303975843,21.0,0.7728060740059804,0.869963330869079,0.1022293698042631,1.0,0.0,0.164615910500288,241.0,0.9274016935155904,11.0,min_freq_conf,['None'],"['nap', 'rtp']",0.8,21.0,1.0,PROB_LEN_DIST,1.0,,1.0,195153257805850390041578421552643170376_eps3_s0,,0.01,1.951532578058504e+38,42.0,5.0,EnvPermit,1.2
5.695901282131672,0.8022346022644637,0.7121716035283506,0.1081218274111675,0.7114580191879374,1.1391802564263345,14349734.944301832,0.2026775833219289,0.2376378460454649,0.7114580191879374,0.7114262932996125,0.4139544554054737,0.1136992871761322,0.7751269035532995,28.0,0.732075204911871,0.8563430363389323,0.0878804437816143,1.0,0.0,0.1785470880568027,241.0,0.9253940433508951,7.0,min_freq_conf,['None'],"['nap', 'rtp']",0.8,21.0,1.0,PROB_LEN_DIST,1.0,,1.0,195153257805850390041578421552643170376_eps2_s0,,0.01,1.951532578058504e+38,42.0,5.0,EnvPermit,1.2
5.695901282131672,0.8110299619011755,0.729948973585335,0.0994949494949495,0.7294109867405301,1.1391802564263345,14349733.809211127,0.2026775833219289,0.229989912122537,0.7294109867405301,0.7294109867405301,0.4145483449101448,0.1284572873264551,0.7909090909090909,28.0,0.7459260212290494,0.8634509086592437,0.0936743225902319,1.0,0.0,0.1971357874572277,270.0,0.9278741600711292,7.0,min_freq_conf,['None'],"['nap', 'rtp']",0.8,21.0,1.0,PROB_LEN_DIST,1.0,,1.0,195153257805850390041578421552643170376_eps2_s0,,0.01,1.951532578058504e+38,42.0,5.0,EnvPermit,1.2
5.695901282131672,0.809801892881983,0.7188540625056707,0.1125730994152046,0.7151696004724861,1.1391802564263345,14349732.601362891,0.2026775833219289,0.2509330644091874,0.7151696004724861,0.7156793412776006,0.5585952587425709,0.121264599263668,0.7792397660818714,28.0,0.7426886444044427,0.8625053089623655,0.0974041931331157,1.0,0.0,0.1743023917078972,222.0,0.9288790222839496,7.0,min_freq_conf,['None'],"['nap', 'rtp']",0.8,21.0,1.0,PROB_LEN_DIST,1.0,,1.0,195153257805850390041578421552643170376_eps2_s0,,0.01,1.951532578058504e+38,42.0,5.0,EnvPermit,1.2
5.695901282131672,0.7408741608645047,0.6451393229002639,0.1379821958456973,0.6427765616638474,1.1391802564263345,14349731.297260372,0.2026775833219289,0.2385827194275869,0.6427765616638474,0.6428983940225219,0.5099430792033672,0.1082361117005348,0.7116716122650841,28.0,0.6657268327126658,0.8089916740231744,0.0852287281304597,1.0,0.0,0.1734067648649215,202.0,0.9028093815185804,7.0,min_freq_conf,['None'],"['nap', 'rtp']",0.8,21.0,1.0,PROB_LEN_DIST,1.0,,1.0,195153257805850390041578421552643170376_eps2_s0,,0.01,1.951532578058504e+38,42.0,5.0,EnvPermit,1.2
5.695901282131672,0.804859123227782,0.7153455014419523,0.1132360342224459,0.7101060063579993,1.1391802564263345,14349730.067129413,0.2026775833219289,0.2468634567682914,0.7095574690255845,0.7118826302397991,0.4357887934893369,0.1193470209836959,0.770508303975843,21.0,0.7358397492163016,0.8584963705520954,0.1303833927959203,1.0,0.0,0.1991335675120353,241.0,0.9274016935155904,7.0,min_freq_conf,['None'],"['nap', 'rtp']",0.8,21.0,1.0,PROB_LEN_DIST,1.0,,1.0,195153257805850390041578421552643170376_eps2_s0,,0.01,1.951532578058504e+38,42.0,5.0,EnvPermit,1.2
5.695901282131672,0.7612378747956569,0.6792261169788071,0.1081218274111675,0.6786452087609177,1.1391802564263345,14349728.80645816,0.2026775833219289,0.2058866656485451,0.6786452087609177,0.6786134828725928,0.5515217613428831,0.1046920325607061,0.6675126903553299,28.0,0.6841388674197004,0.8248248964134319,0.1225275993347168,1.0,0.0,0.3440765384584665,241.0,0.9087659203458698,5.0,min_freq_conf,['None'],"['nap', 'rtp']",0.8,21.0,1.0,PROB_LEN_DIST,1.0,,1.0,195153257805850390041578421552643170376_eps1_s0,,0.01,1.951532578058504e+38,42.0,5.0,EnvPermit,1.2
5.695901282131672,0.7671212317424483,0.6949410388993753,0.0994949494949495,0.694395767672286,1.1391802564263345,14349727.298554584,0.2026775833219289,0.1969180113258455,0.694395767672286,0.6943642020157202,0.5833384823054075,0.1965535283088684,0.6787878787878788,28.0,0.694640146609847,0.8297151382568067,0.1529715210199356,1.0,0.0,0.3659277521073818,270.0,0.9103453000422695,5.0,min_freq_conf,['None'],"['nap', 'rtp']",0.8,21.0,1.0,PROB_LEN_DIST,1.0,,1.0,195153257805850390041578421552643170376_eps1_s0,,0.01,1.951532578058504e+38,42.0,5.0,EnvPermit,1.2
13.057919204235075,0.785206237283567,0.7351902018606441,0.0,0.7272016348877465,2.611583840847016,14349735.288770318,0.1591145750135183,0.4494633451745759,0.7252243528520957,0.7293370834977277,0.3387927804142236,3.4934271313250065,0.6810035842293907,32.0,0.754642470843404,0.8422029358770107,0.1017738357186317,1.0,0.0,5.669116044417024,20098.0,0.9348546074014176,3.0,min_freq_conf,['None'],"['nap', 'rtp']",0.8,21.0,1.0,PROB_LEN_DIST,1.0,,1.0,220598382999365676645035329677621522765_eps0_s0,,0.0001,2.205983829993657e+38,42.0,5.0,BPI2013_Closed,1.2
5.695901282131672,0.7670398060409505,0.6826437567181927,0.1125730994152046,0.6785341196753452,1.1391802564263345,14349725.510774717,0.2026775833219289,0.2225729872686224,0.6785341196753452,0.6790438604804596,0.640464847907424,0.1525225359946489,0.672514619883041,28.0,0.6904398481498037,0.8300212617122361,0.1253134589642286,1.0,0.0,0.2681199572980404,222.0,0.9120581982628336,5.0,min_freq_conf,['None'],"['nap', 'rtp']",0.8,21.0,1.0,PROB_LEN_DIST,1.0,,1.0,195153257805850390041578421552643170376_eps1_s0,,0.01,1.951532578058504e+38,42.0,5.0,EnvPermit,1.2
5.695901282131672,0.7141286786294119,0.6252218877634037,0.1379821958456973,0.62303385967845,1.1391802564263345,14349723.897240857,0.2026775833219289,0.2053309154943648,0.62303385967845,0.6230776036410602,0.5106942616403103,0.1096933037042617,0.6137487636003957,28.0,0.6354709568707403,0.7869535379642671,0.1198542769998312,1.0,0.0,0.2745515312999487,202.0,0.8902499165852287,5.0,min_freq_conf,['None'],"['nap', 'rtp']",0.8,21.0,1.0,PROB_LEN_DIST,1.0,,1.0,195153257805850390041578421552643170376_eps1_s0,,0.01,1.951532578058504e+38,42.0,5.0,EnvPermit,1.2
5.695901282131672,0.764229994206608,0.681441083467278,0.1132360342224459,0.6762249453316949,1.1391802564263345,14349722.493218472,0.2026775833219289,0.2125676716706503,0.6757377767961248,0.6780015692134945,0.5642412155866623,0.111234912648797,0.6643180674383493,21.0,0.6880319061982931,0.8270303914716225,0.0932598058134317,1.0,0.0,0.29182218760252,241.0,0.910696341047783,5.0,min_freq_conf,['None'],"['nap', 'rtp']",0.8,21.0,1.0,PROB_LEN_DIST,1.0,,1.0,195153257805850390041578421552643170376_eps1_s0,,0.01,1.951532578058504e+38,42.0,5.0,EnvPermit,1.2
5.695901282131672,0.7662633155802764,0.6822868858771365,0.1081218274111675,0.6814113484306078,1.1391802564263345,14349721.092045836,0.2026775833219289,0.2235574509861089,0.6814113484306078,0.6813796225422829,0.407378664240241,0.1032989993691444,0.7279187817258883,28.0,0.707176746066713,0.8279728879411621,0.0959471929818391,1.0,0.0,0.3346184249967336,241.0,0.9107022376946228,3.0,min_freq_conf,['None'],"['nap', 'rtp']",0.8,21.0,1.0,PROB_LEN_DIST,1.0,,1.0,195153257805850390041578421552643170376_eps0_s0,,0.01,1.951532578058504e+38,42.0,5.0,EnvPermit,1.2
5.695901282131672,0.7717119258407148,0.6979186322936326,0.0994949494949495,0.6971967699808614,1.1391802564263345,14349719.730438204,0.2026775833219289,0.21548985078865,0.6971967699808614,0.6971652043242957,0.4285867121070623,0.1251911129802465,0.7404040404040404,28.0,0.717828281426767,0.8319204799129037,0.0999921485781669,1.0,0.0,0.3681318201124668,270.0,0.9118598503068192,3.0,min_freq_conf,['None'],"['nap', 'rtp']",0.8,21.0,1.0,PROB_LEN_DIST,1.0,,1.0,195153257805850390041578421552643170376_eps0_s0,,0.01,1.951532578058504e+38,42.0,5.0,EnvPermit,1.2
5.695901282131672,0.7678385735217713,0.6819671878667986,0.1125730994152046,0.6777283346859633,1.1391802564263345,14349718.32356202,0.2026775833219289,0.2373221865889371,0.6777283346859633,0.6782380754910777,0.4135424625128507,0.1071067508310079,0.7285575048732943,28.0,0.7086659710715995,0.8311701046758665,0.123425068333745,1.0,0.0,0.3534015174955129,222.0,0.9133330023519646,3.0,min_freq_conf,['None'],"['nap', 'rtp']",0.8,21.0,1.0,PROB_LEN_DIST,1.0,,1.0,195153257805850390041578421552643170376_eps0_s0,,0.01,1.951532578058504e+38,42.0,5.0,EnvPermit,1.2
5.695901282131672,0.7330394816179877,0.6380938331923514,0.1379821958456973,0.6358523000952795,1.1391802564263345,14349716.910378704,0.2026775833219289,0.2304363942080909,0.6358523000952795,0.6358960440578897,0.4417844396084547,0.0975622069090604,0.6869436201780416,28.0,0.6642173266935563,0.8020536272249041,0.0958286207169294,1.0,0.0,0.3217718377709389,202.0,0.8960174263586723,3.0,min_freq_conf,['None'],"['nap', 'rtp']",0.8,21.0,1.0,PROB_LEN_DIST,1.0,,1.0,195153257805850390041578421552643170376_eps0_s0,,0.01,1.951532578058504e+38,42.0,5.0,EnvPermit,1.2
5.695901282131672,0.7645536279261163,0.6797627428926306,0.1132360342224459,0.6744226522123601,1.1391802564263345,14349715.584730249,0.2026775833219289,0.2311940048625866,0.67395736503606,0.6761992760941595,0.4704093504697084,0.1053393743932247,0.7206844489179668,21.0,0.7057005218968182,0.8272084399511286,0.1061068382114172,1.0,0.0,0.3490262292325496,241.0,0.9119219082446628,3.0,min_freq_conf,['None'],"['nap', 'rtp']",0.8,21.0,1.0,PROB_LEN_DIST,1.0,,1.0,195153257805850390041578421552643170376_eps0_s0,,0.01,1.951532578058504e+38,42.0,5.0,EnvPermit,1.2
13.057919204235075,0.7967679819909153,0.7484004036880725,0.0,0.7394339170160334,2.611583840847016,14349725.117925685,0.1591145750135183,0.4488663834219618,0.7384193496655505,0.7411684564245125,0.3986511081457138,3.5620775017887354,0.6903304773561811,38.0,0.7707232949961507,0.8464856678589078,0.0991712715476751,1.0,0.0,7.417635010555386,20175.0,0.9362217019249304,3.0,min_freq_conf,['None'],"['nap', 'rtp']",0.8,21.0,1.0,PROB_LEN_DIST,1.0,,1.0,220598382999365676645035329677621522765_eps0_s0,,0.0001,2.205983829993657e+38,42.0,5.0,BPI2013_Closed,1.2
19.74536090902984,0.8903789338217928,0.9089068668852872,0.0015417228753131,0.9088960471018716,3.949072181805968,14349744.012294784,0.3946181647479534,0.4792687774547808,0.9088960471018716,0.9088960471018716,0.7495841197669506,17.079636700451374,0.8552707650799769,18.0,0.8958702953114237,0.920186586287957,0.1849373765289783,1.0,0.0,16.980148116126657,12576.0,0.9665076556385126,21.0,min_freq_conf,['None'],"['nap', 'rtp']",0.8,21.0,1.0,PROB_LEN_DIST,1.0,,1.0,131352662692972103786370035868633826923_eps5_s0,,1e-10,1.313526626929721e+38,42.0,5.0,Helpdesk,1.2
6.407481033354998,0.9016769198856558,0.8300743869670376,0.0197969543147208,0.8282899716766465,1.2814962066709996,14349685.81289418,0.2206029016524553,0.4947459010185862,0.8282899716766465,0.8287606214647478,0.4230776820331812,0.4223916772753,0.867005076142132,28.0,0.8515724565282956,0.9351767384901984,0.0946089830249548,1.0,0.0,0.3734017573297024,835.0,0.972050946382835,21.0,min_freq_conf,['None'],"['nap', 'rtp']",0.8,21.0,1.0,PROB_LEN_DIST,1.0,,1.0,285960344593422759401702891587958904479_eps5_s0,,0.001,2.8596034459342276e+38,42.0,5.0,EnvPermit,1.2
6.407481033354998,0.905158988215678,0.8407227482773388,0.0232323232323232,0.8382926184421992,1.2814962066709996,14349684.160862228,0.2206029016524553,0.4568265377310136,0.8382926184421992,0.8386556723559496,0.4149789996445179,0.3317851684987545,0.8712121212121212,28.0,0.8587024987856454,0.9371420065481424,0.0862049795687198,1.0,0.0,0.3847484216094017,770.0,0.9728008549649289,21.0,min_freq_conf,['None'],"['nap', 'rtp']",0.8,21.0,1.0,PROB_LEN_DIST,1.0,,1.0,285960344593422759401702891587958904479_eps5_s0,,0.001,2.8596034459342276e+38,42.0,5.0,EnvPermit,1.2
6.407481033354998,0.9039193635671294,0.8311253430708747,0.023391812865497,0.8247074826151769,1.2814962066709996,14349682.555766637,0.2206029016524553,0.4734714071308127,0.8246610702880628,0.8261299872125836,0.5225392580032349,0.3307803552597761,0.8689083820662769,28.0,0.8552912807435131,0.9372886534769485,0.1010931134223938,1.0,0.0,0.3347000796347856,767.0,0.9737027667464966,21.0,min_freq_conf,['None'],"['nap', 'rtp']",0.8,21.0,1.0,PROB_LEN_DIST,1.0,,1.0,285960344593422759401702891587958904479_eps5_s0,,0.001,2.8596034459342276e+38,42.0,5.0,EnvPermit,1.2
19.74536090902984,0.8820569256201433,0.8997295613603121,0.000191570881226,0.899727067047473,3.949072181805968,14349708.653630672,0.3946181647479534,0.5175234827266617,0.899727067047473,0.8997150938673963,0.7702072914689779,13.98530370555818,0.8442528735632184,17.0,0.8860678051195324,0.9143339980049776,0.1055738199502229,1.0,0.0,14.187757208943369,12764.0,0.9642318069329594,17.0,min_freq_conf,['None'],"['nap', 'rtp']",0.8,21.0,1.0,PROB_LEN_DIST,1.0,,1.0,131352662692972103786370035868633826923_eps4_s0,,1e-10,1.313526626929721e+38,42.0,5.0,Helpdesk,1.2
6.407481033354998,0.8955815935744353,0.8181098238478869,0.0237388724035608,0.8137393358965752,1.2814962066709996,14349680.880116858,0.2206029016524553,0.5515505428664033,0.8136686844906121,0.8148608236747085,0.5521975178271532,0.3162946347147226,0.8635014836795252,28.0,0.841817060862478,0.9321176597096772,0.1049574930220842,1.0,0.0,0.3557855263352394,732.0,0.9705639558872408,21.0,min_freq_conf,['None'],"['nap', 'rtp']",0.8,21.0,1.0,PROB_LEN_DIST,1.0,,1.0,285960344593422759401702891587958904479_eps5_s0,,0.001,2.8596034459342276e+38,42.0,5.0,EnvPermit,1.2
6.407481033354998,0.8990653116139335,0.8286834832150587,0.0226472068444891,0.8240047402098127,1.2814962066709996,14349679.13654884,0.2206029016524553,0.5037605978226333,0.823541442247992,0.8256033277705583,0.5392654165625572,0.3383934665471315,0.8626069451434323,21.0,0.850275950278367,0.9332888699598874,0.1042546033859252,1.0,0.0,0.3884290475398302,739.0,0.9714864931970616,21.0,min_freq_conf,['None'],"['nap', 'rtp']",0.8,21.0,1.0,PROB_LEN_DIST,1.0,,1.0,285960344593422759401702891587958904479_eps5_s0,,0.001,2.8596034459342276e+38,42.0,5.0,EnvPermit,1.2
6.407481033354998,0.9016769198856558,0.8300743869670376,0.0197969543147208,0.8282899716766465,1.2814962066709996,14349677.367533064,0.2206029016524553,0.4947459010185862,0.8282899716766465,0.8287606214647478,0.4745393171906471,0.3780207596719265,0.867005076142132,28.0,0.8515724565282956,0.9351767384901984,0.1182853691279888,1.0,0.0,0.3684917390346527,835.0,0.972050946382835,17.0,min_freq_conf,['None'],"['nap', 'rtp']",0.8,21.0,1.0,PROB_LEN_DIST,1.0,,1.0,285960344593422759401702891587958904479_eps4_s0,,0.001,2.8596034459342276e+38,42.0,5.0,EnvPermit,1.2
6.407481033354998,0.905158988215678,0.8407227482773388,0.0232323232323232,0.8382926184421992,1.2814962066709996,14349675.66237021,0.2206029016524553,0.4568265377310136,0.8382926184421992,0.8386556723559496,0.4435217641294002,0.3131113592535257,0.8712121212121212,28.0,0.8587024987856454,0.9371420065481424,0.1048494931310415,1.0,0.0,0.3349272515624761,770.0,0.9728008549649289,17.0,min_freq_conf,['None'],"['nap', 'rtp']",0.8,21.0,1.0,PROB_LEN_DIST,1.0,,1.0,285960344593422759401702891587958904479_eps4_s0,,0.001,2.8596034459342276e+38,42.0,5.0,EnvPermit,1.2
6.407481033354998,0.9039193635671294,0.8311253430708747,0.023391812865497,0.8247074826151769,1.2814962066709996,14349674.07133788,0.2206029016524553,0.4734714071308127,0.8246610702880628,0.8261299872125836,0.4705671202391386,0.3773520737886429,0.8689083820662769,28.0,0.8552912807435131,0.9372886534769485,0.0940726622939109,1.0,0.0,0.3186549246311188,767.0,0.9737027667464966,17.0,min_freq_conf,['None'],"['nap', 'rtp']",0.8,21.0,1.0,PROB_LEN_DIST,1.0,,1.0,285960344593422759401702891587958904479_eps4_s0,,0.001,2.8596034459342276e+38,42.0,5.0,EnvPermit,1.2
6.407481033354998,0.8955815935744353,0.8181098238478869,0.0237388724035608,0.8137393358965752,1.2814962066709996,14349672.420168864,0.2206029016524553,0.5515505428664033,0.8136686844906121,0.8148608236747085,0.5416957903653383,0.2936543729156255,0.8635014836795252,28.0,0.841817060862478,0.9321176597096772,0.0845788549631834,1.0,0.0,0.3212965428829193,732.0,0.9705639558872408,17.0,min_freq_conf,['None'],"['nap', 'rtp']",0.8,21.0,1.0,PROB_LEN_DIST,1.0,,1.0,285960344593422759401702891587958904479_eps4_s0,,0.001,2.8596034459342276e+38,42.0,5.0,EnvPermit,1.2
6.407481033354998,0.8990653116139335,0.8286834832150587,0.0226472068444891,0.8240047402098127,1.2814962066709996,14349670.838879412,0.2206029016524553,0.5037605978226333,0.823541442247992,0.8256033277705583,0.4476575516164303,0.288124306127429,0.8626069451434323,21.0,0.850275950278367,0.9332888699598874,0.0901823099702596,1.0,0.0,0.3536774311214685,739.0,0.9714864931970616,17.0,min_freq_conf,['None'],"['nap', 'rtp']",0.8,21.0,1.0,PROB_LEN_DIST,1.0,,1.0,285960344593422759401702891587958904479_eps4_s0,,0.001,2.8596034459342276e+38,42.0,5.0,EnvPermit,1.2
6.407481033354998,0.8258506057598517,0.7375163739141019,0.0197969543147208,0.7358104249965932,1.2814962066709996,14349669.281627892,0.2206029016524553,0.4460776278370917,0.7358104249965932,0.7363128006730193,0.4496828150004148,0.3019211068749428,0.7101522842639594,28.0,0.7564082566559744,0.8813928665527723,0.1100192461162805,1.0,0.0,0.3541530668735504,835.0,0.944194074687126,11.0,min_freq_conf,['None'],"['nap', 'rtp']",0.8,21.0,1.0,PROB_LEN_DIST,1.0,,1.0,285960344593422759401702891587958904479_eps3_s0,,0.001,2.8596034459342276e+38,42.0,5.0,EnvPermit,1.2
6.407481033354998,0.8269808518178479,0.7445553452538757,0.0232323232323232,0.7421855591154434,1.2814962066709996,14349667.749203622,0.2206029016524553,0.4069412287822434,0.7421855591154434,0.742548613029194,0.4335568957030773,0.2870128862559795,0.7070707070707071,28.0,0.7613643403111233,0.8812217357415069,0.0900737419724464,1.0,0.0,0.340259775519371,770.0,0.9436207729818116,11.0,min_freq_conf,['None'],"['nap', 'rtp']",0.8,21.0,1.0,PROB_LEN_DIST,1.0,,1.0,285960344593422759401702891587958904479_eps3_s0,,0.001,2.8596034459342276e+38,42.0,5.0,EnvPermit,1.2
6.407481033354998,0.8642064707604146,0.7790865947343988,0.023391812865497,0.7726400678413656,1.2814962066709996,14349666.180490611,0.2206029016524553,0.4528999476263121,0.7725936555142515,0.7740625724387725,0.4856730084866285,0.4141059964895248,0.7977582846003899,28.0,0.8028012221647052,0.9099786319138282,0.1024875957518816,1.0,0.0,0.3603375572711229,767.0,0.9597723849476058,11.0,min_freq_conf,['None'],"['nap', 'rtp']",0.8,21.0,1.0,PROB_LEN_DIST,1.0,,1.0,285960344593422759401702891587958904479_eps3_s0,,0.001,2.8596034459342276e+38,42.0,5.0,EnvPermit,1.2
6.407481033354998,0.8633218089844038,0.7771981679947066,0.0237388724035608,0.7727245365469889,1.2814962066709996,14349664.418240946,0.2206029016524553,0.5287771197883878,0.772653885141026,0.7739042078359152,0.4787485115230083,0.2705472577363252,0.8001978239366964,28.0,0.7997134406474959,0.909353470258454,0.1063984874635934,1.0,0.0,0.4278178885579109,732.0,0.9585089495487624,11.0,min_freq_conf,['None'],"['nap', 'rtp']",0.8,21.0,1.0,PROB_LEN_DIST,1.0,,1.0,285960344593422759401702891587958904479_eps3_s0,,0.001,2.8596034459342276e+38,42.0,5.0,EnvPermit,1.2
6.407481033354998,0.8598464459859114,0.7785168880811785,0.0226472068444891,0.7737504538709791,1.2814962066709996,14349662.678747691,0.2206029016524553,0.4800585695439459,0.7732661862731912,0.7753490414317246,0.4895170871168375,0.2804891746491194,0.7931555108203322,21.0,0.7991319522420711,0.906658394524678,0.0977532491087913,1.0,0.0,0.3425696138292551,739.0,0.957807082801494,11.0,min_freq_conf,['None'],"['nap', 'rtp']",0.8,21.0,1.0,PROB_LEN_DIST,1.0,,1.0,285960344593422759401702891587958904479_eps3_s0,,0.001,2.8596034459342276e+38,42.0,5.0,EnvPermit,1.2
6.407481033354998,0.7721753179243659,0.6561056883685991,0.0197969543147208,0.6540056337061341,1.2814962066709996,14349661.08740348,0.2206029016524553,0.4423280855383096,0.6540056337061341,0.65453786904216,0.4075567033141851,0.3049654494971037,0.6964467005076143,28.0,0.6904771437093321,0.8267843523272145,0.1061841901391744,1.0,0.0,0.3770479802042246,835.0,0.9354210104699016,7.0,min_freq_conf,['None'],"['nap', 'rtp']",0.8,21.0,1.0,PROB_LEN_DIST,1.0,,1.0,285960344593422759401702891587958904479_eps2_s0,,0.001,2.8596034459342276e+38,42.0,5.0,EnvPermit,1.2
6.407481033354998,0.7706408408187448,0.6588319693032267,0.0232323232323232,0.6562091638776839,1.2814962066709996,14349659.497447653,0.2206029016524553,0.4048871666648783,0.6562091638776839,0.6566037834480001,0.4109723158180713,0.2853861022740602,0.6984848484848485,28.0,0.691822407776764,0.8249125980498002,0.0942077562212944,1.0,0.0,0.3457311354577541,770.0,0.935700316614388,7.0,min_freq_conf,['None'],"['nap', 'rtp']",0.8,21.0,1.0,PROB_LEN_DIST,1.0,,1.0,285960344593422759401702891587958904479_eps2_s0,,0.001,2.8596034459342276e+38,42.0,5.0,EnvPermit,1.2
6.407481033354998,0.8355931213950891,0.7141499231455062,0.023391812865497,0.7077371256748269,1.2814962066709996,14349657.954775387,0.2206029016524553,0.4475632592714454,0.7076907133477129,0.7091596302722339,0.4319866243749857,0.2563085481524467,0.7714424951267057,28.0,0.7543474426045721,0.8888361679245911,0.0963923688977956,1.0,0.0,0.3550219349563122,767.0,0.95533198196489,7.0,min_freq_conf,['None'],"['nap', 'rtp']",0.8,21.0,1.0,PROB_LEN_DIST,1.0,,1.0,285960344593422759401702891587958904479_eps2_s0,,0.001,2.8596034459342276e+38,42.0,5.0,EnvPermit,1.2
6.407481033354998,0.8290722261104388,0.7111199717248917,0.0237388724035608,0.7063780987192341,1.2814962066709996,14349656.483443126,0.2206029016524553,0.5173462926701993,0.7063074473132709,0.7076601015337215,0.3801898509263992,0.2534362971782684,0.7626112759643917,28.0,0.7470756066098521,0.8835751624888308,0.0869970470666885,1.0,0.0,0.333007488399744,732.0,0.951972627169796,7.0,min_freq_conf,['None'],"['nap', 'rtp']",0.8,21.0,1.0,PROB_LEN_DIST,1.0,,1.0,285960344593422759401702891587958904479_eps2_s0,,0.001,2.8596034459342276e+38,42.0,5.0,EnvPermit,1.2
6.407481033354998,0.8271752163041116,0.7120244921838429,0.0226472068444891,0.7070482794951182,1.2814962066709996,14349655.100453526,0.2206029016524553,0.470109055719354,0.7065262749684967,0.7086468670558637,0.4180746134370565,0.2939953599125147,0.7599396074484147,21.0,0.7469135756401963,0.8818687618374134,0.1017189100384712,1.0,0.0,0.3315548580139875,739.0,0.951751822044367,7.0,min_freq_conf,['None'],"['nap', 'rtp']",0.8,21.0,1.0,PROB_LEN_DIST,1.0,,1.0,285960344593422759401702891587958904479_eps2_s0,,0.001,2.8596034459342276e+38,42.0,5.0,EnvPermit,1.2
6.407481033354998,0.7310591012307359,0.5858190707279204,0.0197969543147208,0.5835012346928515,1.2814962066709996,14349653.606740084,0.2206029016524553,0.4077928657581147,0.5835012346928515,0.5840334700288774,0.3518713563680649,0.4173401948064565,0.5898477157360406,28.0,0.6252796684547515,0.7974517348600771,0.0943046677857637,1.0,0.0,0.4461371600627899,835.0,0.8884300657124604,5.0,min_freq_conf,['None'],"['nap', 'rtp']",0.8,21.0,1.0,PROB_LEN_DIST,1.0,,1.0,285960344593422759401702891587958904479_eps1_s0,,0.001,2.8596034459342276e+38,42.0,5.0,EnvPermit,1.2
6.407481033354998,0.6972528861807901,0.5633271626620552,0.0232323232323232,0.5605283547877828,1.2814962066709996,14349651.93469776,0.2206029016524553,0.3442646605573601,0.5605283547877828,0.560922974358099,0.3651197645813226,0.2607191223651171,0.4969696969696969,28.0,0.5799538134081705,0.7732345692884374,0.1065422389656305,1.0,0.0,0.3979368079453707,770.0,0.8760759104369553,5.0,min_freq_conf,['None'],"['nap', 'rtp']",0.8,21.0,1.0,PROB_LEN_DIST,1.0,,1.0,285960344593422759401702891587958904479_eps1_s0,,0.001,2.8596034459342276e+38,42.0,5.0,EnvPermit,1.2
6.407481033354998,0.770482130480004,0.6168032328529125,0.023391812865497,0.6098480927346269,1.2814962066709996,14349650.490378913,0.2206029016524553,0.4188312346356699,0.6098016804075129,0.6112705973320339,0.3947659339755773,0.303863488137722,0.6700779727095516,28.0,0.6611383991031348,0.8358517214094425,0.091600976884365,1.0,0.0,0.4073222111910581,767.0,0.9312001156181122,5.0,min_freq_conf,['None'],"['nap', 'rtp']",0.8,21.0,1.0,PROB_LEN_DIST,1.0,,1.0,285960344593422759401702891587958904479_eps1_s0,,0.001,2.8596034459342276e+38,42.0,5.0,EnvPermit,1.2
19.74536090902984,0.8874278214703732,0.9046024854535532,0.0005750431282346,0.904664911047894,3.949072181805968,14349679.208471308,0.3946181647479534,0.4566547149624193,0.904664911047894,0.904664911047894,0.810938835144043,14.560007279738784,0.8522139160437032,18.0,0.890364273343,0.918251156549032,0.1517021171748638,1.0,0.0,14.746770096942782,12937.0,0.9657962030302486,17.0,min_freq_conf,['None'],"['nap', 'rtp']",0.8,21.0,1.0,PROB_LEN_DIST,1.0,,1.0,131352662692972103786370035868633826923_eps4_s0,,1e-10,1.313526626929721e+38,42.0,5.0,Helpdesk,1.2
6.407481033354998,0.7383553700996854,0.5931642868432618,0.0237388724035608,0.5882778549949738,1.2814962066709996,14349648.939710025,0.2206029016524553,0.4596017715928097,0.5882072035890107,0.5895907677995702,0.4004323650151491,0.2599360384047031,0.5801186943620178,28.0,0.6170270966324738,0.8124572489235025,0.1310023497790098,1.0,0.0,0.4050716664642095,732.0,0.917176503283084,5.0,min_freq_conf,['None'],"['nap', 'rtp']",0.8,21.0,1.0,PROB_LEN_DIST,1.0,,1.0,285960344593422759401702891587958904479_eps1_s0,,0.001,2.8596034459342276e+38,42.0,5.0,EnvPermit,1.2
6.407481033354998,0.7355686081272983,0.59869239342648,0.0226472068444891,0.5935026717169993,1.2814962066709996,14349647.372670088,0.2206029016524553,0.41928115365051,0.592980667190378,0.5951012592777449,0.4413153771311044,0.4356415309011936,0.5787619526925013,21.0,0.6178127938883807,0.8092505635813746,0.1140145193785429,1.0,0.0,0.401538897305727,739.0,0.9167226131136054,5.0,min_freq_conf,['None'],"['nap', 'rtp']",0.8,21.0,1.0,PROB_LEN_DIST,1.0,,1.0,285960344593422759401702891587958904479_eps1_s0,,0.001,2.8596034459342276e+38,42.0,5.0,EnvPermit,1.2
6.407481033354998,0.8249525831654835,0.7475394717007887,0.0197969543147208,0.74702769908503,1.2814962066709996,14349645.559080452,0.2206029016524553,0.4750064147836458,0.74702769908503,0.7469959731967051,0.655572697520256,0.3000770155340433,0.8020304568527918,28.0,0.7704393759917794,0.8789971809070789,0.1531976796686649,1.0,0.0,0.9808666184544564,835.0,0.9505040264304214,3.0,min_freq_conf,['None'],"['nap', 'rtp']",0.8,21.0,1.0,PROB_LEN_DIST,1.0,,1.0,285960344593422759401702891587958904479_eps0_s0,,0.001,2.8596034459342276e+38,42.0,5.0,EnvPermit,1.2
6.407481033354998,0.8235914352202244,0.75482439628273,0.0232323232323232,0.7541025339699587,1.2814962066709996,14349643.0846201,0.2206029016524553,0.4316210650251728,0.7541025339699587,0.754070968313393,0.4956348109990358,0.2759092953056097,0.8035353535353535,28.0,0.7733441544426399,0.8766908021832259,0.1150859035551548,1.0,0.0,0.903760939836502,770.0,0.9496051605521292,3.0,min_freq_conf,['None'],"['nap', 'rtp']",0.8,21.0,1.0,PROB_LEN_DIST,1.0,,1.0,285960344593422759401702891587958904479_eps0_s0,,0.001,2.8596034459342276e+38,42.0,5.0,EnvPermit,1.2
6.407481033354998,0.8273971376802238,0.749702682363129,0.023391812865497,0.7453394489345045,1.2814962066709996,14349640.941450449,0.2206029016524553,0.4406010827237456,0.7453394489345045,0.7460146189717406,0.4440904688090086,0.2469475958496332,0.8050682261208577,28.0,0.7739655756653646,0.8824184690359007,0.0892483331263065,1.0,0.0,0.7802784629166126,767.0,0.9525378753513422,3.0,min_freq_conf,['None'],"['nap', 'rtp']",0.8,21.0,1.0,PROB_LEN_DIST,1.0,,1.0,285960344593422759401702891587958904479_eps0_s0,,0.001,2.8596034459342276e+38,42.0,5.0,EnvPermit,1.2
6.407481033354998,0.8045000424331481,0.7217445090908027,0.0237388724035608,0.719705510024158,1.2814962066709996,14349638.966594012,0.2206029016524553,0.518837589080613,0.719705510024158,0.7197492539867681,0.4971444867551327,0.3306907061487436,0.7848664688427299,28.0,0.7457680858036634,0.8630872180433626,0.0906351990997791,1.0,0.0,0.8124348875135183,732.0,0.94403997200733,3.0,min_freq_conf,['None'],"['nap', 'rtp']",0.8,21.0,1.0,PROB_LEN_DIST,1.0,,1.0,285960344593422759401702891587958904479_eps0_s0,,0.001,2.8596034459342276e+38,42.0,5.0,EnvPermit,1.2
13.347844319418073,0.7733431773776954,0.7284262496871198,0.0006544502617801,0.7242487681878597,2.6695688638836144,14349648.446351117,0.1613994315266609,0.4184475578517941,0.7240634168899428,0.7253730085834211,0.3647209890186786,5.898655328899622,0.6642670157068062,38.0,0.7471869248710825,0.8281765425992944,0.093639513477683,1.0,0.0,6.066236011683941,20828.0,0.9278698362868424,21.0,min_freq_conf,['None'],"['nap', 'rtp']",0.8,21.0,1.0,PROB_LEN_DIST,1.0,,1.0,222187580863361164000456948791162837338_eps5_s0,,1e-07,2.2218758086336118e+38,42.0,5.0,BPI2013_Closed,1.2
6.407481033354998,0.8206745084534328,0.7437490524605149,0.0226472068444891,0.7389788055892309,1.2814962066709996,14349636.836507129,0.2206029016524553,0.4825361800513986,0.73855927034595,0.7405773931499762,0.4301177747547626,0.2400105241686105,0.7961751383995974,21.0,0.7675192610158033,0.8751039217648733,0.0898517966270446,1.0,0.0,0.767185602337122,739.0,0.9496487143009036,3.0,min_freq_conf,['None'],"['nap', 'rtp']",0.8,21.0,1.0,PROB_LEN_DIST,1.0,,1.0,285960344593422759401702891587958904479_eps0_s0,,0.001,2.8596034459342276e+38,42.0,5.0,EnvPermit,1.2
91.14374136552216,0.9785566816383604,0.9430933163015548,0.0014880952380952,0.8836505498766406,18.22874827310443,14350026.352411363,0.4282648768275976,0.3855674405466204,0.1088131045958453,0.9148672370932104,8.758944623172283,6.426786823198199,0.5717261904761904,188.0,0.96874325568716,0.9832503155037808,0.1031961012631654,1.0,0.0,379.8123841267079,74713.0,0.9878294427297384,3.0,min_freq_conf,['None'],"['nap', 'rtp']",0.8,21.0,1.0,PROB_LEN_DIST,1.0,,1.0,271943607370254905429138381606553406756_eps0_s0,,1e-10,2.719436073702549e+38,42.0,5.0,Sepsis,1.2
13.347844319418073,0.7741874382241174,0.713602125034996,0.000611620795107,0.7095301275625878,2.6695688638836144,14349635.691266388,0.1613994315266609,0.3727839248483293,0.709532660153872,0.7101923787977827,0.3794583585113287,6.242922620847821,0.65565749235474,38.0,0.735611940428133,0.8293653421375071,0.101828683167696,1.0,0.0,6.259613765403628,20301.0,0.9278248468729772,21.0,min_freq_conf,['None'],"['nap', 'rtp']",0.8,21.0,1.0,PROB_LEN_DIST,1.0,,1.0,222187580863361164000456948791162837338_eps5_s0,,1e-07,2.2218758086336118e+38,42.0,5.0,BPI2013_Closed,1.2
19.74536090902984,0.8921479624565085,0.9113410976366054,0.0001946661475569,0.9113691015579324,3.949072181805968,14349648.51854292,0.3946181647479534,0.4845741890847991,0.9113691015579324,0.9113691015579324,0.9283340610563756,14.4444531314075,0.8582830445785478,18.0,0.8979809761540382,0.9213662086837128,0.1157429199665784,1.0,0.0,14.441602125763891,12792.0,0.9672939102080652,17.0,min_freq_conf,['None'],"['nap', 'rtp']",0.8,21.0,1.0,PROB_LEN_DIST,1.0,,1.0,131352662692972103786370035868633826923_eps4_s0,,1e-10,1.313526626929721e+38,42.0,5.0,Helpdesk,1.2
13.347844319418073,0.7721907334333454,0.7013226386645213,0.0011933174224343,0.6915127849865561,2.6695688638836144,14349622.339984534,0.1613994315266609,0.3600513871388343,0.6906960254935696,0.6933737640777107,0.3682419098913669,5.587263807654381,0.6342482100238663,38.0,0.7303266391185804,0.8308358009488298,0.1007527839392423,1.0,0.0,5.47012672200799,19311.0,0.9263305092287448,21.0,min_freq_conf,['None'],"['nap', 'rtp']",0.8,21.0,1.0,PROB_LEN_DIST,1.0,,1.0,222187580863361164000456948791162837338_eps5_s0,,1e-07,2.2218758086336118e+38,42.0,5.0,BPI2013_Closed,1.2
7.840707212686539,0.9064025777563413,0.836203859343603,0.0040609137055837,0.8352498541155607,1.5681414425373077,14349604.769373212,0.2303692940622568,0.5074787880129183,0.8352498541155607,0.835306255694805,0.4880420826375484,2.544954188168049,0.8725888324873097,28.0,0.8572475276539924,0.9392852078829236,0.1219665948301553,1.0,0.0,2.577087702229619,8540.0,0.9748642840520998,21.0,min_freq_conf,['None'],"['nap', 'rtp']",0.8,21.0,1.0,PROB_LEN_DIST,1.0,,1.0,227328091563602415550816760598030868770_eps5_s0,,0.0001,2.273280915636024e+38,42.0,5.0,EnvPermit,1.2
13.347844319418073,0.7790893221994563,0.7121687003557903,0.0,0.7021163286962476,2.6695688638836144,14349610.4415659,0.1613994315266609,0.4336059250012241,0.7001390466605971,0.7047431612143793,0.4132637437433004,6.0953296814113855,0.6553166069295101,32.0,0.740844615117868,0.8340952352586386,0.10771513171494,1.0,0.0,6.128076311200857,20098.0,0.9309435136622408,21.0,min_freq_conf,['None'],"['nap', 'rtp']",0.8,21.0,1.0,PROB_LEN_DIST,1.0,,1.0,222187580863361164000456948791162837338_eps5_s0,,1e-07,2.2218758086336118e+38,42.0,5.0,BPI2013_Closed,1.2
7.840707212686539,0.9126047353320088,0.8517295898545905,0.0005050505050505,0.8506637533342085,1.5681414425373077,14349598.68393835,0.2303692940622568,0.5400448340704053,0.8506637533342085,0.8506321876776429,0.5323560386896133,2.4928472358733416,0.8797979797979798,28.0,0.8679069807857693,0.9436720995054332,0.0981917455792427,1.0,0.0,2.661288868635893,8558.0,0.976522512280087,21.0,min_freq_conf,['None'],"['nap', 'rtp']",0.8,21.0,1.0,PROB_LEN_DIST,1.0,,1.0,227328091563602415550816760598030868770_eps5_s0,,0.0001,2.273280915636024e+38,42.0,5.0,EnvPermit,1.2
19.74536090902984,0.8926836388307818,0.9126542340095146,0.0001936108422071,0.9127061407990786,3.949072181805968,14349618.226074256,0.3946181647479534,0.5264013869354163,0.9127061407990786,0.9127061407990786,0.809712141752243,15.04345102980733,0.8578896418199419,18.0,0.8980154437366462,0.922670819553688,0.112753877416253,1.0,0.0,15.225748365744948,13016.0,0.9678199551336084,17.0,min_freq_conf,['None'],"['nap', 'rtp']",0.8,21.0,1.0,PROB_LEN_DIST,1.0,,1.0,131352662692972103786370035868633826923_eps4_s0,,1e-10,1.313526626929721e+38,42.0,5.0,Helpdesk,1.2
7.840707212686539,0.9092046347751738,0.8407638008494279,0.0053606237816764,0.8369160616142731,1.5681414425373077,14349592.48580052,0.2303692940622568,0.5253827015699242,0.8369160616142731,0.8374240107670541,0.4361464343965053,2.503147128969431,0.8757309941520468,28.0,0.8619504511190651,0.9413592141544064,0.1009256076067686,1.0,0.0,2.7050448283553123,8347.0,0.9759946773674404,21.0,min_freq_conf,['None'],"['nap', 'rtp']",0.8,21.0,1.0,PROB_LEN_DIST,1.0,,1.0,227328091563602415550816760598030868770_eps5_s0,,0.0001,2.273280915636024e+38,42.0,5.0,EnvPermit,1.2
13.347844319418073,0.790010902381219,0.7320230371670384,0.0,0.7226588586583946,2.6695688638836144,14349597.21652678,0.1613994315266609,0.4378566676463628,0.7216177980133646,0.7244620279006101,0.3787151407450437,5.976666936650872,0.6652386780905752,38.0,0.7574682399277006,0.840745844996273,0.106281517073512,1.0,0.0,6.096228709444404,20175.0,0.9330854520399048,21.0,min_freq_conf,['None'],"['nap', 'rtp']",0.8,21.0,1.0,PROB_LEN_DIST,1.0,,1.0,222187580863361164000456948791162837338_eps5_s0,,1e-07,2.2218758086336118e+38,42.0,5.0,BPI2013_Closed,1.2
7.840707212686539,0.9008028268544948,0.8272277109738998,0.0019782393669634,0.8244366446197978,1.5681414425373077,14349586.400765428,0.2303692940622568,0.6045695091706557,0.8244366446197978,0.8247171631471631,0.5135515779256821,2.880543574690819,0.8684470820969338,28.0,0.8494542926765088,0.9366275071666492,0.104044072329998,1.0,0.0,2.8130232002586126,8723.0,0.9738126924906894,21.0,min_freq_conf,['None'],"['nap', 'rtp']",0.8,21.0,1.0,PROB_LEN_DIST,1.0,,1.0,227328091563602415550816760598030868770_eps5_s0,,0.0001,2.273280915636024e+38,42.0,5.0,EnvPermit,1.2
13.347844319418073,0.7733666017018103,0.7287620492675663,0.0006544502617801,0.7251654205195832,2.6695688638836144,14349584.31618594,0.1613994315266609,0.4176724720530584,0.7249254554235971,0.7257621476829388,0.3142622914165258,4.804006464779377,0.662303664921466,38.0,0.7482620362687792,0.8270795536166556,0.0945172887295484,1.0,0.0,5.066043956205249,20828.0,0.9275349937006908,17.0,min_freq_conf,['None'],"['nap', 'rtp']",0.8,21.0,1.0,PROB_LEN_DIST,1.0,,1.0,222187580863361164000456948791162837338_eps4_s0,,1e-07,2.2218758086336118e+38,42.0,5.0,BPI2013_Closed,1.2
7.840707212686539,0.905524378002908,0.8375487384059079,0.0045294413688978,0.8328944129851761,1.5681414425373077,14349579.731755344,0.2303692940622568,0.6043060214628764,0.8325247975528706,0.8345391716580656,0.5024908576160669,3.183245519176125,0.8681429290387519,21.0,0.8579824511775984,0.9388725261148266,0.0949977282434701,1.0,0.0,2.7427888810634613,8557.0,0.9747544716840332,21.0,min_freq_conf,['None'],"['nap', 'rtp']",0.8,21.0,1.0,PROB_LEN_DIST,1.0,,1.0,227328091563602415550816760598030868770_eps5_s0,,0.0001,2.273280915636024e+38,42.0,5.0,EnvPermit,1.2
7.840707212686539,0.905860416250086,0.8362206995668481,0.0040609137055837,0.8354492831411319,1.5681414425373077,14349572.808832308,0.2303692940622568,0.5073054415954013,0.8354492831411319,0.8354772765720069,0.5017238762229681,2.191174855455756,0.8720812182741117,28.0,0.8569249811434047,0.9389442624576244,0.0843515805900096,1.0,0.0,2.2291437797248363,8540.0,0.9747370950439016,17.0,min_freq_conf,['None'],"['nap', 'rtp']",0.8,21.0,1.0,PROB_LEN_DIST,1.0,,1.0,227328091563602415550816760598030868770_eps4_s0,,0.0001,2.273280915636024e+38,42.0,5.0,EnvPermit,1.2
13.347844319418073,0.7736123927248806,0.7132300746557029,0.000611620795107,0.7088627210748899,2.6695688638836144,14349573.6686258,0.1613994315266609,0.3683844729447278,0.7087429295071527,0.7095545118902821,0.359187263995409,5.295462848618627,0.6513761467889908,38.0,0.7360918403768886,0.8287893338417558,0.094072051346302,1.0,0.0,4.836619064211845,20301.0,0.9276574504158654,17.0,min_freq_conf,['None'],"['nap', 'rtp']",0.8,21.0,1.0,PROB_LEN_DIST,1.0,,1.0,222187580863361164000456948791162837338_eps4_s0,,1e-07,2.2218758086336118e+38,42.0,5.0,BPI2013_Closed,1.2
7.840707212686539,0.912401968121666,0.8519269822489526,0.0005050505050505,0.8509032332706582,1.5681414425373077,14349567.39898268,0.2303692940622568,0.5200448340704054,0.8509032332706582,0.8508716676140925,0.5003001932054758,2.2389233633875847,0.8792929292929293,28.0,0.8678595730868462,0.9434689132416406,0.0925705730915069,1.0,0.0,2.276387730613351,8558.0,0.976360994504933,17.0,min_freq_conf,['None'],"['nap', 'rtp']",0.8,21.0,1.0,PROB_LEN_DIST,1.0,,1.0,227328091563602415550816760598030868770_eps4_s0,,0.0001,2.273280915636024e+38,42.0,5.0,EnvPermit,1.2
19.74536090902984,0.8896915823732157,0.908167054033314,0.0015417228753131,0.9081562342498984,3.949072181805968,14349586.682618655,0.3946181647479534,0.4789992305926215,0.9081562342498984,0.9081562342498984,0.7645535599440336,13.993223698809745,0.8546926190017344,18.0,0.8951775906584183,0.9196020163644008,0.1022459454834461,1.0,0.0,14.639482975006104,12576.0,0.9658106684219648,17.0,min_freq_conf,['None'],"['nap', 'rtp']",0.8,21.0,1.0,PROB_LEN_DIST,1.0,,1.0,131352662692972103786370035868633826923_eps4_s0,,1e-10,1.313526626929721e+38,42.0,5.0,Helpdesk,1.2
7.840707212686539,0.9086195493764916,0.8408999436756293,0.0053606237816764,0.8371696856434819,1.5681414425373077,14349561.95611282,0.2303692940622568,0.5068738496363896,0.8371696856434819,0.8376776347962629,0.4329967107623815,2.383705638349056,0.8752436647173489,28.0,0.8618757079339417,0.9408405563989068,0.0897180940955877,1.0,0.0,2.28055764362216,8347.0,0.9755540503369012,17.0,min_freq_conf,['None'],"['nap', 'rtp']",0.8,21.0,1.0,PROB_LEN_DIST,1.0,,1.0,227328091563602415550816760598030868770_eps4_s0,,0.0001,2.273280915636024e+38,42.0,5.0,EnvPermit,1.2
108.2495444174856,0.9867941824050546,0.9510666549352316,5.6385678037778406e-05,0.8995463991384514,21.64990888349712,14355234.77235038,2.4717628601938486,0.6523186011124169,0.0992425443767216,0.9254427097006402,134.8138144351542,30.72661156393588,0.8338877925007048,157.0,0.9764770084089712,0.9915407535388652,0.152153505012393,1.0,0.0,5513.263963967562,50077.0,0.9969373831864898,3.0,min_freq_conf,['None'],"['nap', 'rtp']",0.8,21.0,1.0,PROB_LEN_DIST,1.0,,1.0,210552822244408690081678733044714913885_eps0_s0,,1e-10,2.1055282224440867e+38,42.0,5.0,BPI2012_W,1.2
13.347844319418073,0.7733359376417246,0.701334664272028,0.0011933174224343,0.6918977979728441,2.6695688638836144,14349562.708315087,0.1613994315266609,0.3545506097542459,0.6911343115790733,0.6935585543263669,0.3526439052075147,4.645172284916043,0.6276849642004774,38.0,0.7313525283598717,0.8327520576167663,0.1583048701286316,1.0,0.0,4.485768493264914,19311.0,0.927477309865442,17.0,min_freq_conf,['None'],"['nap', 'rtp']",0.8,21.0,1.0,PROB_LEN_DIST,1.0,,1.0,222187580863361164000456948791162837338_eps4_s0,,1e-07,2.2218758086336118e+38,42.0,5.0,BPI2013_Closed,1.2
7.840707212686539,0.9000293664700754,0.8266751885530668,0.0019782393669634,0.8244826765131487,1.5681414425373077,14349556.374564605,0.2303692940622568,0.604411130963497,0.8244826765131487,0.8246336006272198,0.5333860199898481,2.427196549251676,0.8679525222551929,28.0,0.8484201572359371,0.9362500450522716,0.0951781757175922,1.0,0.0,2.3404482565820217,8723.0,0.9736188819206536,17.0,min_freq_conf,['None'],"['nap', 'rtp']",0.8,21.0,1.0,PROB_LEN_DIST,1.0,,1.0,227328091563602415550816760598030868770_eps4_s0,,0.0001,2.273280915636024e+38,42.0,5.0,EnvPermit,1.2
7.840707212686539,0.9052643545169156,0.8365633652262723,0.0045294413688978,0.8319090398055402,1.5681414425373077,14349550.64261356,0.2303692940622568,0.5935490565869184,0.8315394243732347,0.8335537984784297,0.494876779615879,2.358856985345483,0.8681429290387519,21.0,0.8575219180295965,0.9386824014153916,0.0947170797735452,1.0,0.0,2.490562165156007,8557.0,0.9745120227500896,17.0,min_freq_conf,['None'],"['nap', 'rtp']",0.8,21.0,1.0,PROB_LEN_DIST,1.0,,1.0,227328091563602415550816760598030868770_eps4_s0,,0.0001,2.273280915636024e+38,42.0,5.0,EnvPermit,1.2
13.347844319418073,0.7781500025440511,0.7119451719633259,0.0,0.7007528418229513,2.6695688638836144,14349552.634126492,0.1613994315266609,0.4313590923251716,0.6987755597873008,0.703828214915585,0.4326291121542454,5.396696796640754,0.6517323775388292,32.0,0.7402439041877381,0.8334067239940149,0.1105872429907321,1.0,0.0,4.93916798196733,20098.0,0.9308787812472024,17.0,min_freq_conf,['None'],"['nap', 'rtp']",0.8,21.0,1.0,PROB_LEN_DIST,1.0,,1.0,222187580863361164000456948791162837338_eps4_s0,,1e-07,2.2218758086336118e+38,42.0,5.0,BPI2013_Closed,1.2
7.840707212686539,0.7887385340348948,0.6263344522668206,0.0040609137055837,0.6235937389225691,1.5681414425373077,14349544.837688709,0.2303692940622568,0.4857636338587874,0.6235937389225691,0.6240252524755366,0.3658528383821249,1.9700050801038744,0.6847715736040609,28.0,0.6642874770629318,0.8606309910520131,0.0931839719414711,1.0,0.0,1.957881286740303,8540.0,0.937791216116083,11.0,min_freq_conf,['None'],"['nap', 'rtp']",0.8,21.0,1.0,PROB_LEN_DIST,1.0,,1.0,227328091563602415550816760598030868770_eps3_s0,,0.0001,2.273280915636024e+38,42.0,5.0,EnvPermit,1.2
7.840707212686539,0.7558878691454459,0.6133452987809078,0.0005050505050505,0.6122306243139608,1.5681414425373077,14349540.076532528,0.2303692940622568,0.4829882865177107,0.6122306243139608,0.6122306243139608,0.3724218290299177,2.027559880167246,0.597979797979798,28.0,0.6460576754894946,0.8297512090883288,0.118674011901021,1.0,0.0,2.2371637541800737,8558.0,0.9209110530322568,11.0,min_freq_conf,['None'],"['nap', 'rtp']",0.8,21.0,1.0,PROB_LEN_DIST,1.0,,1.0,227328091563602415550816760598030868770_eps3_s0,,0.0001,2.273280915636024e+38,42.0,5.0,EnvPermit,1.2
19.74536090902984,0.8068000698747745,0.8411738453117811,0.000191570881226,0.8411553867588398,3.949072181805968,14349556.778854808,0.3946181647479534,0.4870038586874224,0.8411553867588398,0.8411434135787632,0.8059559389948845,12.200647367164493,0.7885057471264367,17.0,0.8296336246767386,0.8631550933634362,0.123665727674961,1.0,0.0,12.177647477015851,12764.0,0.9444515813050324,11.0,min_freq_conf,['None'],"['nap', 'rtp']",0.8,21.0,1.0,PROB_LEN_DIST,1.0,,1.0,131352662692972103786370035868633826923_eps3_s0,,1e-10,1.313526626929721e+38,42.0,5.0,Helpdesk,1.2
7.840707212686539,0.7816213640295858,0.6161731875471287,0.0053606237816764,0.6118139555559783,1.5681414425373077,14349534.942463228,0.2303692940622568,0.4754705458392766,0.6118139555559783,0.6123219047087594,0.3627351652830839,2.0737509205937386,0.6666666666666666,28.0,0.6558176828298964,0.8554687523482799,0.1165303140878677,1.0,0.0,2.1122125200927258,8347.0,0.934759067217351,11.0,min_freq_conf,['None'],"['nap', 'rtp']",0.8,21.0,1.0,PROB_LEN_DIST,1.0,,1.0,227328091563602415550816760598030868770_eps3_s0,,0.0001,2.273280915636024e+38,42.0,5.0,EnvPermit,1.2
13.347844319418073,0.7897037771658931,0.7322289529023299,0.0,0.7235559538792351,2.6695688638836144,14349541.338943956,0.1613994315266609,0.4420992841047411,0.7224234913680173,0.7253015002058105,0.3187437076121568,5.432818090543151,0.6682986536107711,38.0,0.7570751949202126,0.8405175373322249,0.1093041654676199,1.0,0.0,5.346554342657328,20175.0,0.9330272618960352,17.0,min_freq_conf,['None'],"['nap', 'rtp']",0.8,21.0,1.0,PROB_LEN_DIST,1.0,,1.0,222187580863361164000456948791162837338_eps4_s0,,1e-07,2.2218758086336118e+38,42.0,5.0,BPI2013_Closed,1.2
7.840707212686539,0.8096026602355849,0.6443687397266732,0.0019782393669634,0.6414412875199884,1.5681414425373077,14349529.94398756,0.2303692940622568,0.5776257216086133,0.6414412875199884,0.6418674774833668,0.4722646884620189,2.2988990023732185,0.685459940652819,28.0,0.7155957591740185,0.8741277552107785,0.1006629392504692,1.0,0.0,2.2829334810376167,8723.0,0.946678387604747,11.0,min_freq_conf,['None'],"['nap', 'rtp']",0.8,21.0,1.0,PROB_LEN_DIST,1.0,,1.0,227328091563602415550816760598030868770_eps3_s0,,0.0001,2.273280915636024e+38,42.0,5.0,EnvPermit,1.2
13.347844319418073,0.7563847184894641,0.6948339973507949,0.0006544502617801,0.6877359080044152,2.6695688638836144,14349529.78547063,0.1613994315266609,0.3907669585078165,0.6877359080044152,0.6883826716427764,0.3133645877242088,3.965635756030679,0.6276178010471204,38.0,0.7254388986584354,0.8172792317317169,0.087157716974616,1.0,0.0,4.072287600487471,20828.0,0.9234737038864944,11.0,min_freq_conf,['None'],"['nap', 'rtp']",0.8,21.0,1.0,PROB_LEN_DIST,1.0,,1.0,222187580863361164000456948791162837338_eps3_s0,,1e-07,2.2218758086336118e+38,42.0,5.0,BPI2013_Closed,1.2
7.840707212686539,0.7858183929967588,0.6252568499557745,0.0045294413688978,0.6199958066331117,1.5681414425373077,14349524.42982222,0.2303692940622568,0.5601349164841329,0.6195246336407687,0.6216701694979552,0.3884727526456117,2.216349417343736,0.6789129340714645,21.0,0.6620113526013491,0.8601006321811663,0.1071153525263071,1.0,0.0,2.1740270983427763,8557.0,0.9396123212565128,11.0,min_freq_conf,['None'],"['nap', 'rtp']",0.8,21.0,1.0,PROB_LEN_DIST,1.0,,1.0,227328091563602415550816760598030868770_eps3_s0,,0.0001,2.273280915636024e+38,42.0,5.0,EnvPermit,1.2
7.840707212686539,0.7271027450078351,0.5243031757500525,0.0040609137055837,0.5161551196498976,1.5681414425373077,14349519.070596052,0.2303692940622568,0.3463860816798734,0.5161551196498976,0.5179915018116322,0.4094518627971411,1.8620406743139029,0.5532994923857868,28.0,0.5752186605043497,0.79473270523557,0.1048771478235721,1.0,0.0,1.9993540327996016,8540.0,0.9194718774582912,7.0,min_freq_conf,['None'],"['nap', 'rtp']",0.8,21.0,1.0,PROB_LEN_DIST,1.0,,1.0,227328091563602415550816760598030868770_eps2_s0,,0.0001,2.273280915636024e+38,42.0,5.0,EnvPermit,1.2
13.347844319418073,0.7555505712240412,0.6708251867151966,0.000611620795107,0.6656251979995359,2.6695688638836144,14349520.934764354,0.1613994315266609,0.3440176093946553,0.6655345312315655,0.6668422974093138,0.4009641483426094,3.9408118780702353,0.6073394495412844,38.0,0.7040709187229401,0.8164901808450867,0.1344618126749992,1.0,0.0,4.08107091113925,20301.0,0.9217861927434744,11.0,min_freq_conf,['None'],"['nap', 'rtp']",0.8,21.0,1.0,PROB_LEN_DIST,1.0,,1.0,222187580863361164000456948791162837338_eps3_s0,,1e-07,2.2218758086336118e+38,42.0,5.0,BPI2013_Closed,1.2
7.840707212686539,0.6848458765936369,0.474592722799991,0.0005050505050505,0.4414454003251644,1.5681414425373077,14349514.327716386,0.2303692940622568,0.4055353817926395,0.4414454003251644,0.4424167234636702,0.4415427725762129,1.8525427281856537,0.5510101010101011,28.0,0.5501465510167677,0.7848787162048849,0.1025787331163883,1.0,0.0,2.1807082518935204,8558.0,0.9236539046790893,7.0,min_freq_conf,['None'],"['nap', 'rtp']",0.8,21.0,1.0,PROB_LEN_DIST,1.0,,1.0,227328091563602415550816760598030868770_eps2_s0,,0.0001,2.273280915636024e+38,42.0,5.0,EnvPermit,1.2
19.74536090902984,0.8114393295244277,0.8441400404166434,0.0005750431282346,0.8441879447198667,3.949072181805968,14349531.109490205,0.3946181647479534,0.4330901554470227,0.8441879447198667,0.8441879447198667,0.6978649199008942,12.533192612230778,0.7975848188614146,18.0,0.8322558125749719,0.8681871591446155,0.100471056997776,1.0,0.0,12.425262801349165,12937.0,0.9478684659535748,11.0,min_freq_conf,['None'],"['nap', 'rtp']",0.8,21.0,1.0,PROB_LEN_DIST,1.0,,1.0,131352662692972103786370035868633826923_eps3_s0,,1e-10,1.313526626929721e+38,42.0,5.0,Helpdesk,1.2
7.840707212686539,0.6891683214179938,0.4825239354257775,0.0053606237816764,0.4268170104931161,1.5681414425373077,14349509.341058891,0.2303692940622568,0.4431726041054717,0.4129599039586674,0.4525620363851872,0.4670449327677488,1.929911969229579,0.5570175438596491,28.0,0.5562008315856778,0.7896156022247249,0.1100593097507953,1.0,0.0,2.310782101005316,8347.0,0.9277817484847696,7.0,min_freq_conf,['None'],"['nap', 'rtp']",0.8,21.0,1.0,PROB_LEN_DIST,1.0,,1.0,227328091563602415550816760598030868770_eps2_s0,,0.0001,2.273280915636024e+38,42.0,5.0,EnvPermit,1.2
13.347844319418073,0.7563529931802504,0.6640181036817243,0.0011933174224343,0.6485459741469871,2.6695688638836144,14349512.00992806,0.1613994315266609,0.330418857880278,0.6476275114645882,0.6518235314271816,0.4247017242014408,4.0226028468459845,0.5906921241050119,38.0,0.7069156475372155,0.8228940291643824,0.1021460555493831,1.0,0.0,3.785342356190085,19311.0,0.9241684514324306,11.0,min_freq_conf,['None'],"['nap', 'rtp']",0.8,21.0,1.0,PROB_LEN_DIST,1.0,,1.0,222187580863361164000456948791162837338_eps3_s0,,1e-07,2.2218758086336118e+38,42.0,5.0,BPI2013_Closed,1.2
7.840707212686539,0.6774550718159437,0.442439563780836,0.0019782393669634,0.4390033352276469,1.5681414425373077,14349504.110809384,0.2303692940622568,0.417108208706518,0.4390033352276469,0.4395996460357955,0.3965763468295336,2.3972959481179714,0.5420375865479723,28.0,0.530011864267292,0.7826041460352382,0.0955353286117315,1.0,0.0,2.217877009883523,8723.0,0.9197120125063452,7.0,min_freq_conf,['None'],"['nap', 'rtp']",0.8,21.0,1.0,PROB_LEN_DIST,1.0,,1.0,227328091563602415550816760598030868770_eps2_s0,,0.0001,2.273280915636024e+38,42.0,5.0,EnvPermit,1.2
13.347844319418073,0.7584056771663273,0.6680060301729069,0.0,0.6525678471466962,2.6695688638836144,14349503.30259286,0.1613994315266609,0.3959178548814349,0.6505645924343015,0.6550259871676657,0.4039512053132057,4.453893795609474,0.6063321385902031,32.0,0.7123957022794594,0.8235908252936489,0.1011331807821989,1.0,0.0,4.142549818381667,20098.0,0.9266392077836526,11.0,min_freq_conf,['None'],"['nap', 'rtp']",0.8,21.0,1.0,PROB_LEN_DIST,1.0,,1.0,222187580863361164000456948791162837338_eps3_s0,,1e-07,2.2218758086336118e+38,42.0,5.0,BPI2013_Closed,1.2
7.840707212686539,0.673097843204358,0.4582471737035936,0.0045294413688978,0.4434736745527155,1.5681414425373077,14349498.62379325,0.2303692940622568,0.4284197287191293,0.4429796255938627,0.4451184332256053,0.3887303192168474,2.1128393691033125,0.5354806240563664,21.0,0.5352966427677401,0.77479856594494,0.101251570507884,1.0,0.0,2.285544728860259,8557.0,0.91678729546441,7.0,min_freq_conf,['None'],"['nap', 'rtp']",0.8,21.0,1.0,PROB_LEN_DIST,1.0,,1.0,227328091563602415550816760598030868770_eps2_s0,,0.0001,2.273280915636024e+38,42.0,5.0,EnvPermit,1.2
7.840707212686539,0.7231709953395522,0.4950201151002675,0.0040609137055837,0.4059932351676578,1.5681414425373077,14349493.399784064,0.2303692940622568,0.3164233826348333,0.4059690630622674,0.44614070091324,0.445667015388608,1.8400068879127505,0.416751269035533,28.0,0.6006113313276458,0.8206265316952587,0.1457361355423927,1.0,0.0,2.8458271212875843,8540.0,0.8942492954412289,5.0,min_freq_conf,['None'],"['nap', 'rtp']",0.8,21.0,1.0,PROB_LEN_DIST,1.0,,1.0,227328091563602415550816760598030868770_eps1_s0,,0.0001,2.273280915636024e+38,42.0,5.0,EnvPermit,1.2
13.347844319418073,0.7722792627489794,0.6847908873408683,0.0,0.6716578774034031,2.6695688638836144,14349493.830558168,0.1613994315266609,0.4105457766991343,0.6705201957131595,0.6738120504677999,0.3332405630499124,4.474146662279964,0.6321909424724602,38.0,0.7315813971954285,0.8303382193992938,0.1381318941712379,1.0,0.0,4.048762569203973,20175.0,0.930512468341215,11.0,min_freq_conf,['None'],"['nap', 'rtp']",0.8,21.0,1.0,PROB_LEN_DIST,1.0,,1.0,222187580863361164000456948791162837338_eps3_s0,,1e-07,2.2218758086336118e+38,42.0,5.0,BPI2013_Closed,1.2
7.840707212686539,0.6881263791161533,0.4588013695844534,0.0005050505050505,0.4127825952956722,1.5681414425373077,14349487.6639806,0.2303692940622568,0.3704912384832853,0.4127825952956722,0.424927826416653,0.433871490880847,1.7685229815542698,0.3343434343434343,28.0,0.5562414623560133,0.771458829524439,0.0938029829412698,1.0,0.0,2.7205596156418324,8558.0,0.8689773336021197,5.0,min_freq_conf,['None'],"['nap', 'rtp']",0.8,21.0,1.0,PROB_LEN_DIST,1.0,,1.0,227328091563602415550816760598030868770_eps1_s0,,0.0001,2.273280915636024e+38,42.0,5.0,EnvPermit,1.2
19.74536090902984,0.8213987286695007,0.8560937170242287,0.0001946661475569,0.8556514074034102,3.949072181805968,14349504.924957432,0.3946181647479534,0.4619836220651889,0.8556514074034102,0.8556514074034102,0.7052773702889681,12.313443213701248,0.8129258321977808,18.0,0.8458265524841444,0.8757091155767529,0.1041566710919141,1.0,0.0,12.35975149832666,12792.0,0.9521498811356728,11.0,min_freq_conf,['None'],"['nap', 'rtp']",0.8,21.0,1.0,PROB_LEN_DIST,1.0,,1.0,131352662692972103786370035868633826923_eps3_s0,,1e-10,1.313526626929721e+38,42.0,5.0,Helpdesk,1.2
7.840707212686539,0.6729656446705725,0.4371192157232663,0.0053606237816764,0.3774697078425151,1.5681414425373077,14349482.315099372,0.2303692940622568,0.3393724796234704,0.374373794658883,0.3960831709534946,0.4308127108961344,1.8567774668335917,0.3201754385964912,28.0,0.5328182089610394,0.7783850121425758,0.0958580803126096,1.0,0.0,2.868475399911404,8347.0,0.8640175557295977,5.0,min_freq_conf,['None'],"['nap', 'rtp']",0.8,21.0,1.0,PROB_LEN_DIST,1.0,,1.0,227328091563602415550816760598030868770_eps1_s0,,0.0001,2.273280915636024e+38,42.0,5.0,EnvPermit,1.2
13.347844319418073,0.6868913989864671,0.599452431190126,0.0006544502617801,0.5874110369568701,2.6695688638836144,14349484.36946331,0.1613994315266609,0.2382792764011002,0.5874110369568701,0.5888354496079418,0.3974995128810406,3.585943005979061,0.3298429319371728,38.0,0.6418251781521808,0.7431820335163327,0.0940702520310878,1.0,0.0,3.774554912000895,20828.0,0.8605116135808194,7.0,min_freq_conf,['None'],"['nap', 'rtp']",0.8,21.0,1.0,PROB_LEN_DIST,1.0,,1.0,222187580863361164000456948791162837338_eps2_s0,,1e-07,2.2218758086336118e+38,42.0,5.0,BPI2013_Closed,1.2
7.840707212686539,0.7098210428597848,0.4557727108758462,0.0019782393669634,0.3880287088604541,1.5681414425373077,14349476.639884872,0.2303692940622568,0.301893352005713,0.3859134485849565,0.4073312500764385,0.5362022090703249,1.978098351508379,0.3526211671612265,28.0,0.5819124521303424,0.7892697885483381,0.0984762217849493,1.0,0.0,3.125744478777051,8723.0,0.881852575507375,5.0,min_freq_conf,['None'],"['nap', 'rtp']",0.8,21.0,1.0,PROB_LEN_DIST,1.0,,1.0,227328091563602415550816760598030868770_eps1_s0,,0.0001,2.273280915636024e+38,42.0,5.0,EnvPermit,1.2
13.347844319418073,0.689333350787791,0.587182407902625,0.000611620795107,0.5752935741356626,2.6695688638836144,14349476.183232475,0.1613994315266609,0.2409821849602832,0.5752961067269468,0.5763119729803926,0.4041201639920473,4.199678087607026,0.3070336391437309,38.0,0.6308965508284776,0.7409544222880885,0.1011406444013118,1.0,0.0,3.7137443367391834,20301.0,0.8598145752250687,7.0,min_freq_conf,['None'],"['nap', 'rtp']",0.8,21.0,1.0,PROB_LEN_DIST,1.0,,1.0,222187580863361164000456948791162837338_eps2_s0,,1e-07,2.2218758086336118e+38,42.0,5.0,BPI2013_Closed,1.2
7.840707212686539,0.620178875578418,0.4451851990403282,0.0045294413688978,0.4251998720931027,1.5681414425373077,14349470.540480305,0.2303692940622568,0.3616253144921327,0.4131613899280256,0.4341825427835125,0.448488375172019,1.9678035080432887,0.3301459486663312,21.0,0.4866488577844472,0.7195998351844538,0.084510039538145,1.0,0.0,2.668684035539627,8557.0,0.842853296256645,5.0,min_freq_conf,['None'],"['nap', 'rtp']",0.8,21.0,1.0,PROB_LEN_DIST,1.0,,1.0,227328091563602415550816760598030868770_eps1_s0,,0.0001,2.273280915636024e+38,42.0,5.0,EnvPermit,1.2
91.14374136552216,0.9615166708414292,0.8787680705933687,0.0003264773098269,0.7372552839595957,18.22874827310443,14349630.890782231,0.4282648768275976,0.3560093367406131,0.1575574646105225,0.811330757288066,3.8307986203581095,6.508552374318242,0.5860267711394058,188.0,0.9389665158756214,0.972161478290188,0.1104899682104587,1.0,0.0,155.211330588907,77008.0,0.9818068480147076,3.0,min_freq_conf,['None'],"['nap', 'rtp']",0.8,21.0,1.0,PROB_LEN_DIST,1.0,,1.0,271943607370254905429138381606553406756_eps0_s0,,1e-10,2.719436073702549e+38,42.0,5.0,Sepsis,1.2
13.347844319418073,0.7033653976408416,0.594041515534703,0.0011933174224343,0.5746602116731688,2.6695688638836144,14349467.443823105,0.1613994315266609,0.2154136903857374,0.5632621105831066,0.581383617494874,0.3725248258560896,3.452939363196492,0.3162291169451074,38.0,0.6437852378065864,0.7644446476698012,0.0873231999576091,1.0,0.0,3.54413153603673,19311.0,0.8702390958867765,7.0,min_freq_conf,['None'],"['nap', 'rtp']",0.8,21.0,1.0,PROB_LEN_DIST,1.0,,1.0,222187580863361164000456948791162837338_eps2_s0,,1e-07,2.2218758086336118e+38,42.0,5.0,BPI2013_Closed,1.2
7.840707212686539,0.8325203262248108,0.7564169415236898,0.0040609137055837,0.7547420872512614,1.5681414425373077,14349464.970498933,0.2303692940622568,0.5147793917620908,0.7547420872512614,0.7550404219204215,0.5008447524160147,1.8838514890521765,0.8106598984771574,28.0,0.7792833804896714,0.8850249814379517,0.089271979406476,1.0,0.0,4.966000704094768,8540.0,0.954069718612197,3.0,min_freq_conf,['None'],"['nap', 'rtp']",0.8,21.0,1.0,PROB_LEN_DIST,1.0,,1.0,227328091563602415550816760598030868770_eps0_s0,,0.0001,2.273280915636024e+38,42.0,5.0,EnvPermit,1.2
19.74536090902984,0.8151023892746947,0.8529550201331485,0.0001936108422071,0.8529101215016089,3.949072181805968,14349479.039716892,0.3946181647479534,0.4973455935860321,0.8529101215016089,0.8529101215016089,0.7685139607638121,12.75916712731123,0.8052274927395934,18.0,0.8403459936857915,0.872002936828697,0.096188960596919,1.0,0.0,12.300234308466315,13016.0,0.9501367547156544,11.0,min_freq_conf,['None'],"['nap', 'rtp']",0.8,21.0,1.0,PROB_LEN_DIST,1.0,,1.0,131352662692972103786370035868633826923_eps3_s0,,1e-10,1.313526626929721e+38,42.0,5.0,Helpdesk,1.2
13.347844319418073,0.6810230488757628,0.5811666204925957,0.0,0.5720005376487606,2.6695688638836144,14349459.636149058,0.1613994315266609,0.2464790570512809,0.5701037839270864,0.5742563198876396,0.4029566347599029,3.7779968231916423,0.2855436081242533,32.0,0.6255630151367975,0.7423847588682725,0.106125833466649,1.0,0.0,4.488752126693726,20098.0,0.8633911016360147,7.0,min_freq_conf,['None'],"['nap', 'rtp']",0.8,21.0,1.0,PROB_LEN_DIST,1.0,,1.0,222187580863361164000456948791162837338_eps2_s0,,1e-07,2.2218758086336118e+38,42.0,5.0,BPI2013_Closed,1.2
7.840707212686539,0.8353946834673229,0.7667957697135511,0.0005050505050505,0.7638548028109089,1.5681414425373077,14349457.169553176,0.2303692940622568,0.5705786479827557,0.7638548028109089,0.7640510050291698,0.4187359195202589,1.8292733766138556,0.8186868686868687,28.0,0.7869158554853746,0.8863586306411616,0.1048186179250478,1.0,0.0,4.874659169465303,8558.0,0.9547086209987268,3.0,min_freq_conf,['None'],"['nap', 'rtp']",0.8,21.0,1.0,PROB_LEN_DIST,1.0,,1.0,227328091563602415550816760598030868770_eps0_s0,,0.0001,2.273280915636024e+38,42.0,5.0,EnvPermit,1.2
13.347844319418073,0.6842341338601011,0.6172340829713537,0.0,0.6091680545372243,2.6695688638836144,14349450.467924468,0.1613994315266609,0.2709090591999148,0.6081826298107432,0.6107162940672957,0.3696985244750976,3.84654956497252,0.3476132190942472,38.0,0.640337647688563,0.7396682897805513,0.0992129351943731,1.0,0.0,4.008491721004248,20175.0,0.8581501719184156,7.0,min_freq_conf,['None'],"['nap', 'rtp']",0.8,21.0,1.0,PROB_LEN_DIST,1.0,,1.0,222187580863361164000456948791162837338_eps2_s0,,1e-07,2.2218758086336118e+38,42.0,5.0,BPI2013_Closed,1.2
7.840707212686539,0.8346125013960606,0.7594279462378599,0.0053606237816764,0.7534257293806063,1.5681414425373077,14349449.569743795,0.2303692940622568,0.5267046602951742,0.7534025232170491,0.754612288183875,0.4610590431839227,1.8582452144473791,0.8172514619883041,28.0,0.782631244974524,0.8880934667677871,0.096337754279375,1.0,0.0,5.242186896502972,8347.0,0.9559956151599164,3.0,min_freq_conf,['None'],"['nap', 'rtp']",0.8,21.0,1.0,PROB_LEN_DIST,1.0,,1.0,227328091563602415550816760598030868770_eps0_s0,,0.0001,2.273280915636024e+38,42.0,5.0,EnvPermit,1.2
7.840707212686539,0.8112427255111426,0.7325308076367452,0.0019782393669634,0.7310593254580922,1.5681414425373077,14349441.523649856,0.2303692940622568,0.5256121094680668,0.7310593254580922,0.7311030694207024,0.4357230346649885,1.9576293844729664,0.7952522255192879,28.0,0.7547739689193391,0.8689644213983108,0.1045656651258468,1.0,0.0,5.643476398661733,8723.0,0.947934225901584,3.0,min_freq_conf,['None'],"['nap', 'rtp']",0.8,21.0,1.0,PROB_LEN_DIST,1.0,,1.0,227328091563602415550816760598030868770_eps0_s0,,0.0001,2.273280915636024e+38,42.0,5.0,EnvPermit,1.2
13.347844319418073,0.7499254158001242,0.6759019391800144,0.0006544502617801,0.5720717942421849,2.6695688638836144,14349441.781873304,0.1613994315266609,0.2626645492187535,0.5483861885511173,0.6214498205119994,0.4793245065957308,3.92458107881248,0.3795811518324607,38.0,0.7284630392632256,0.8094043791026352,0.1164442766457796,1.0,0.0,5.701060431078076,20828.0,0.8994564769318564,5.0,min_freq_conf,['None'],"['nap', 'rtp']",0.8,21.0,1.0,PROB_LEN_DIST,1.0,,1.0,222187580863361164000456948791162837338_eps1_s0,,1e-07,2.2218758086336118e+38,42.0,5.0,BPI2013_Closed,1.2
19.74536090902984,0.822986650723201,0.8600022159378568,0.0015417228753131,0.8599446772794317,3.949072181805968,14349452.753378188,0.3946181647479534,0.4640590777155292,0.8599446772794317,0.8599446772794317,0.7167440857738256,12.214431112632155,0.8165349778377337,18.0,0.8472607171634071,0.8760922275086944,0.111860865727067,1.0,0.0,13.536886341869833,12576.0,0.9525510104764328,11.0,min_freq_conf,['None'],"['nap', 'rtp']",0.8,21.0,1.0,PROB_LEN_DIST,1.0,,1.0,131352662692972103786370035868633826923_eps3_s0,,1e-10,1.313526626929721e+38,42.0,5.0,Helpdesk,1.2
7.840707212686539,0.8277576590898585,0.7540027461076937,0.0045294413688978,0.7483527689365155,1.5681414425373077,14349433.039488217,0.2303692940622568,0.5517194474727809,0.7475134277790947,0.7504463232777004,0.4992447588592767,2.0018363874405622,0.8062405636638148,21.0,0.7765925934202845,0.8815577927425328,0.1042531635612249,1.0,0.0,5.593465335667133,8557.0,0.9535609746750048,3.0,min_freq_conf,['None'],"['nap', 'rtp']",0.8,21.0,1.0,PROB_LEN_DIST,1.0,,1.0,227328091563602415550816760598030868770_eps0_s0,,0.0001,2.273280915636024e+38,42.0,5.0,EnvPermit,1.2
13.347844319418073,0.7608613858128844,0.6927374616583271,0.000611620795107,0.6320709518895233,2.6695688638836144,14349431.165344378,0.1613994315266609,0.2839886196918992,0.6003875302473196,0.6619212319210329,0.4214963093400001,3.6070554200559855,0.455045871559633,38.0,0.7286943462811236,0.7986020662426173,0.1019777711480856,1.0,0.0,5.328989047557116,20301.0,0.898651646730419,5.0,min_freq_conf,['None'],"['nap', 'rtp']",0.8,21.0,1.0,PROB_LEN_DIST,1.0,,1.0,222187580863361164000456948791162837338_eps1_s0,,1e-07,2.2218758086336118e+38,42.0,5.0,BPI2013_Closed,1.2
13.347844319418073,0.7366283071814613,0.6306644186253902,0.0011933174224343,0.6100005186819796,2.6695688638836144,14349421.290479844,0.1613994315266609,0.2380442502518493,0.6078048594015527,0.6152307187208065,0.4829488880932331,3.343764640390873,0.3812649164677804,38.0,0.6757531114220972,0.7801288806086824,0.0920427627861499,1.0,0.0,3.726326731964946,19311.0,0.8866233367452442,5.0,min_freq_conf,['None'],"['nap', 'rtp']",0.8,21.0,1.0,PROB_LEN_DIST,1.0,,1.0,222187580863361164000456948791162837338_eps1_s0,,1e-07,2.2218758086336118e+38,42.0,5.0,BPI2013_Closed,1.2
19.74536090902984,0.5452064862553504,0.4997512449236554,0.000191570881226,0.4995747906308218,3.949072181805968,14349425.790634207,0.3946181647479534,0.3046790342652484,0.4995747906308218,0.4995747906308218,0.7599040362983942,11.224047038704157,0.1576628352490421,17.0,0.5245461910907231,0.6643662566148031,0.09164066798985,1.0,0.0,11.543840000405908,12764.0,0.8364808703961214,7.0,min_freq_conf,['None'],"['nap', 'rtp']",0.8,21.0,1.0,PROB_LEN_DIST,1.0,,1.0,131352662692972103786370035868633826923_eps2_s0,,1e-10,1.313526626929721e+38,42.0,5.0,Helpdesk,1.2
13.347844319418073,0.7806665728320836,0.718264505026861,0.0,0.6505354645543462,2.6695688638836144,14349413.30104996,0.1613994315266609,0.2788447451721648,0.5131036253900977,0.6836303678433316,0.5713506769388914,3.5221709981560707,0.3930704898446834,32.0,0.753739795916099,0.8224192885662002,0.098161231726408,1.0,0.0,7.74517791159451,20098.0,0.907313278596928,5.0,min_freq_conf,['None'],"['nap', 'rtp']",0.8,21.0,1.0,PROB_LEN_DIST,1.0,,1.0,222187580863361164000456948791162837338_eps1_s0,,1e-07,2.2218758086336118e+38,42.0,5.0,BPI2013_Closed,1.2
13.347844319418073,0.6884220173935061,0.639472667953234,0.0,0.630661839546593,2.6695688638836144,14349400.987602564,0.1613994315266609,0.2644699017613541,0.6296683754755598,0.6323774311213068,0.3383077550679445,3.7932022232562304,0.3788249694002448,38.0,0.6595265158357861,0.758722517932805,0.0963680427521467,1.0,0.0,4.194782292470336,20175.0,0.8783586659947175,5.0,min_freq_conf,['None'],"['nap', 'rtp']",0.8,21.0,1.0,PROB_LEN_DIST,1.0,,1.0,222187580863361164000456948791162837338_eps1_s0,,1e-07,2.2218758086336118e+38,42.0,5.0,BPI2013_Closed,1.2
6.863854963332415,0.9064025777563413,0.836203859343603,0.0040609137055837,0.8352498541155607,1.3727709926664828,14349388.250770982,0.1989551205188036,0.5074787880129183,0.8352498541155607,0.835306255694805,0.4421215243637562,2.9743919484317303,0.8725888324873097,28.0,0.8572475276539924,0.9392852078829236,0.0913865640759468,1.0,0.0,2.522052079439163,8540.0,0.9748642840520998,21.0,min_freq_conf,['None'],"['nap', 'rtp']",0.8,21.0,1.0,PROB_LEN_DIST,1.0,,1.0,84912121177563102805634352907474382372_eps5_s0,,1e-07,8.49121211775631e+37,42.0,5.0,EnvPermit,1.2
13.347844319418073,0.7825454491307723,0.7502758760757033,0.0006544502617801,0.7484109208487378,2.6695688638836144,14349392.229965812,0.1613994315266609,0.4347958627471527,0.7484109208487378,0.748532529954399,0.2926179077476263,3.877107974141836,0.6989528795811518,38.0,0.762698064878468,0.8349297793926579,0.0923127513378858,1.0,0.0,5.912384668365121,20828.0,0.9314167057204912,3.0,min_freq_conf,['None'],"['nap', 'rtp']",0.8,21.0,1.0,PROB_LEN_DIST,1.0,,1.0,222187580863361164000456948791162837338_eps0_s0,,1e-07,2.2218758086336118e+38,42.0,5.0,BPI2013_Closed,1.2
19.74536090902984,0.5949566018715075,0.5876270956058092,0.0005750431282346,0.5875246486948515,3.949072181805968,14349401.841813091,0.3946181647479534,0.27997153824687,0.5875246486948515,0.5875246486948515,0.8895521834492683,11.74164681136608,0.3028560475368986,18.0,0.5839032025202162,0.694618866959284,0.1021313872188329,1.0,0.0,12.423324167728424,12937.0,0.8386358971465616,7.0,min_freq_conf,['None'],"['nap', 'rtp']",0.8,21.0,1.0,PROB_LEN_DIST,1.0,,1.0,131352662692972103786370035868633826923_eps2_s0,,1e-10,1.313526626929721e+38,42.0,5.0,Helpdesk,1.2
6.863854963332415,0.9126047353320088,0.8517295898545905,0.0005050505050505,0.8506637533342085,1.3727709926664828,14349381.873362612,0.1989551205188036,0.5400448340704053,0.8506637533342085,0.8506321876776429,0.4410053920000791,2.7529715206474066,0.8797979797979798,28.0,0.8679069807857693,0.9436720995054332,0.1209236253052949,1.0,0.0,2.505849339067936,8558.0,0.976522512280087,21.0,min_freq_conf,['None'],"['nap', 'rtp']",0.8,21.0,1.0,PROB_LEN_DIST,1.0,,1.0,84912121177563102805634352907474382372_eps5_s0,,1e-07,8.49121211775631e+37,42.0,5.0,EnvPermit,1.2
13.347844319418073,0.7882379472487078,0.7441993674004935,0.000611620795107,0.7411324433176281,2.6695688638836144,14349381.687471105,0.1613994315266609,0.392948956954961,0.741134975908912,0.7417019099739985,0.3416658826172352,3.429393656551838,0.6948012232415902,38.0,0.7589909094375873,0.8405536383346083,0.1165617946535348,1.0,0.0,5.590561479330063,20301.0,0.9338903301662836,3.0,min_freq_conf,['None'],"['nap', 'rtp']",0.8,21.0,1.0,PROB_LEN_DIST,1.0,,1.0,222187580863361164000456948791162837338_eps0_s0,,1e-07,2.2218758086336118e+38,42.0,5.0,BPI2013_Closed,1.2
6.863854963332415,0.9092046347751738,0.8407638008494279,0.0053606237816764,0.8369160616142731,1.3727709926664828,14349375.668476472,0.1989551205188036,0.5253827015699242,0.8369160616142731,0.8374240107670541,0.5549050103873014,2.752684142440557,0.8757309941520468,28.0,0.8619504511190651,0.9413592141544064,0.1153802722692489,1.0,0.0,2.678144110366702,8347.0,0.9759946773674404,21.0,min_freq_conf,['None'],"['nap', 'rtp']",0.8,21.0,1.0,PROB_LEN_DIST,1.0,,1.0,84912121177563102805634352907474382372_eps5_s0,,1e-07,8.49121211775631e+37,42.0,5.0,EnvPermit,1.2
13.347844319418073,0.7836202751498159,0.7320187542732026,0.0011933174224343,0.7241337743334826,2.6695688638836144,14349371.851446852,0.1613994315266609,0.3776917129257707,0.7235407618572023,0.7256879844885737,0.4265073146671057,3.0299607776105404,0.6694510739856802,38.0,0.7524020435518836,0.8402329935031962,0.0914383269846439,1.0,0.0,5.408321790397167,19311.0,0.9320595563778789,3.0,min_freq_conf,['None'],"['nap', 'rtp']",0.8,21.0,1.0,PROB_LEN_DIST,1.0,,1.0,222187580863361164000456948791162837338_eps0_s0,,1e-07,2.2218758086336118e+38,42.0,5.0,BPI2013_Closed,1.2
6.863854963332415,0.9008028268544948,0.8272277109738998,0.0019782393669634,0.8244366446197978,1.3727709926664828,14349369.177174011,0.1989551205188036,0.6045695091706557,0.8244366446197978,0.8247171631471631,0.5212319325655699,2.58737288415432,0.8684470820969338,28.0,0.8494542926765088,0.9366275071666492,0.0850169230252504,1.0,0.0,3.111312283203006,8723.0,0.9738126924906894,21.0,min_freq_conf,['None'],"['nap', 'rtp']",0.8,21.0,1.0,PROB_LEN_DIST,1.0,,1.0,84912121177563102805634352907474382372_eps5_s0,,1e-07,8.49121211775631e+37,42.0,5.0,EnvPermit,1.2
6.863854963332415,0.905524378002908,0.8375487384059079,0.0045294413688978,0.8328944129851761,1.3727709926664828,14349362.546205556,0.1989551205188036,0.6043060214628764,0.8325247975528706,0.8345391716580656,0.4391626864671707,2.822934851050377,0.8681429290387519,21.0,0.8579824511775984,0.9388725261148266,0.0979671534150838,1.0,0.0,2.700534244999289,8557.0,0.9747544716840332,21.0,min_freq_conf,['None'],"['nap', 'rtp']",0.8,21.0,1.0,PROB_LEN_DIST,1.0,,1.0,84912121177563102805634352907474382372_eps5_s0,,1e-07,8.49121211775631e+37,42.0,5.0,EnvPermit,1.2
13.347844319418073,0.785206237283567,0.7351902018606441,0.0,0.7272016348877465,2.6695688638836144,14349362.554261535,0.1613994315266609,0.4494633451745759,0.7252243528520957,0.7293370834977277,0.359144352376461,3.364254057407379,0.6810035842293907,32.0,0.754642470843404,0.8422029358770107,0.0855202488601207,1.0,0.0,5.54498852416873,20098.0,0.9348546074014176,3.0,min_freq_conf,['None'],"['nap', 'rtp']",0.8,21.0,1.0,PROB_LEN_DIST,1.0,,1.0,222187580863361164000456948791162837338_eps0_s0,,1e-07,2.2218758086336118e+38,42.0,5.0,BPI2013_Closed,1.2
19.74536090902984,0.5431370664678141,0.5319526535800558,0.0001946661475569,0.5319208088431304,3.949072181805968,14349376.297973076,0.3946181647479534,0.3308372518526161,0.5319208088431304,0.5319208088431304,0.8449689503759146,11.260781679302454,0.171306209850107,18.0,0.5328607568971524,0.6633869920661654,0.0947947725653648,1.0,0.0,12.065308956429362,12792.0,0.8143277212481281,7.0,min_freq_conf,['None'],"['nap', 'rtp']",0.8,21.0,1.0,PROB_LEN_DIST,1.0,,1.0,131352662692972103786370035868633826923_eps2_s0,,1e-10,1.313526626929721e+38,42.0,5.0,Helpdesk,1.2
6.863854963332415,0.905860416250086,0.8362206995668481,0.0040609137055837,0.8354492831411319,1.3727709926664828,14349356.14333509,0.1989551205188036,0.5073054415954013,0.8354492831411319,0.8354772765720069,0.4968791455030441,2.176154252141714,0.8720812182741117,28.0,0.8569249811434047,0.9389442624576244,0.1073169820010662,1.0,0.0,2.297662079334259,8540.0,0.9747370950439016,17.0,min_freq_conf,['None'],"['nap', 'rtp']",0.8,21.0,1.0,PROB_LEN_DIST,1.0,,1.0,84912121177563102805634352907474382372_eps4_s0,,1e-07,8.49121211775631e+37,42.0,5.0,EnvPermit,1.2
6.863854963332415,0.912401968121666,0.8519269822489526,0.0005050505050505,0.8509032332706582,1.3727709926664828,14349350.70291594,0.1989551205188036,0.5200448340704054,0.8509032332706582,0.8508716676140925,0.4145453367382288,2.3924915567040443,0.8792929292929293,28.0,0.8678595730868462,0.9434689132416406,0.0955758746713399,1.0,0.0,2.179176365956664,8558.0,0.976360994504933,17.0,min_freq_conf,['None'],"['nap', 'rtp']",0.8,21.0,1.0,PROB_LEN_DIST,1.0,,1.0,84912121177563102805634352907474382372_eps4_s0,,1e-07,8.49121211775631e+37,42.0,5.0,EnvPermit,1.2
13.347844319418073,0.7967679819909153,0.7484004036880725,0.0,0.7394339170160334,2.6695688638836144,14349352.849018415,0.1613994315266609,0.4488663834219618,0.7384193496655505,0.7411684564245125,0.4231878388673067,3.658656744286418,0.6903304773561811,38.0,0.7707232949961507,0.8464856678589078,0.1194754876196384,1.0,0.0,5.60538274794817,20175.0,0.9362217019249304,3.0,min_freq_conf,['None'],"['nap', 'rtp']",0.8,21.0,1.0,PROB_LEN_DIST,1.0,,1.0,222187580863361164000456948791162837338_eps0_s0,,1e-07,2.2218758086336118e+38,42.0,5.0,BPI2013_Closed,1.2
6.863854963332415,0.9086195493764916,0.8408999436756293,0.0053606237816764,0.8371696856434819,1.3727709926664828,14349345.220512876,0.1989551205188036,0.5068738496363896,0.8371696856434819,0.8376776347962629,0.4813946038484573,2.367607494816184,0.8752436647173489,28.0,0.8618757079339417,0.9408405563989068,0.0859628561884164,1.0,0.0,2.2980551440268755,8347.0,0.9755540503369012,17.0,min_freq_conf,['None'],"['nap', 'rtp']",0.8,21.0,1.0,PROB_LEN_DIST,1.0,,1.0,84912121177563102805634352907474382372_eps4_s0,,1e-07,8.49121211775631e+37,42.0,5.0,EnvPermit,1.2
6.863854963332415,0.9000293664700754,0.8266751885530668,0.0019782393669634,0.8244826765131487,1.3727709926664828,14349339.654992769,0.1989551205188036,0.604411130963497,0.8244826765131487,0.8246336006272198,0.4387703072279691,2.593405971303582,0.8679525222551929,28.0,0.8484201572359371,0.9362500450522716,0.1235918831080198,1.0,0.0,2.4197229091078043,8723.0,0.9736188819206536,17.0,min_freq_conf,['None'],"['nap', 'rtp']",0.8,21.0,1.0,PROB_LEN_DIST,1.0,,1.0,84912121177563102805634352907474382372_eps4_s0,,1e-07,8.49121211775631e+37,42.0,5.0,EnvPermit,1.2
19.74536090902984,0.5532925287039574,0.5519061902387105,0.0001936108422071,0.5508948959505529,3.949072181805968,14349351.6916712,0.3946181647479534,0.3301363415087003,0.5508948959505529,0.5509553993387426,0.696174019947648,11.680713884532452,0.177541142303969,18.0,0.5521703049558748,0.6470838027735331,0.0942607130855321,1.0,0.0,11.771038550883532,13016.0,0.787720067390943,7.0,min_freq_conf,['None'],"['nap', 'rtp']",0.8,21.0,1.0,PROB_LEN_DIST,1.0,,1.0,131352662692972103786370035868633826923_eps2_s0,,1e-10,1.313526626929721e+38,42.0,5.0,Helpdesk,1.2
6.863854963332415,0.9052643545169156,0.8365633652262723,0.0045294413688978,0.8319090398055402,1.3727709926664828,14349333.728803094,0.1989551205188036,0.5935490565869184,0.8315394243732347,0.8335537984784297,0.4650147277861833,3.3370220866054296,0.8681429290387519,21.0,0.8575219180295965,0.9386824014153916,0.1174604650586843,1.0,0.0,2.5687962528318167,8557.0,0.9745120227500896,17.0,min_freq_conf,['None'],"['nap', 'rtp']",0.8,21.0,1.0,PROB_LEN_DIST,1.0,,1.0,84912121177563102805634352907474382372_eps4_s0,,1e-07,8.49121211775631e+37,42.0,5.0,EnvPermit,1.2
6.863854963332415,0.7887385340348948,0.6263344522668206,0.0040609137055837,0.6235937389225691,1.3727709926664828,14349326.872864908,0.1989551205188036,0.4857636338587874,0.6235937389225691,0.6240252524755366,0.3832691647112369,2.6390345506370068,0.6847715736040609,28.0,0.6642874770629318,0.8606309910520131,0.117965729907155,1.0,0.0,2.0863902885466814,8540.0,0.937791216116083,11.0,min_freq_conf,['None'],"['nap', 'rtp']",0.8,21.0,1.0,PROB_LEN_DIST,1.0,,1.0,84912121177563102805634352907474382372_eps3_s0,,1e-07,8.49121211775631e+37,42.0,5.0,EnvPermit,1.2
6.863854963332415,0.7558878691454459,0.6133452987809078,0.0005050505050505,0.6122306243139608,1.3727709926664828,14349321.267540026,0.1989551205188036,0.4829882865177107,0.6122306243139608,0.6122306243139608,0.3565613366663456,2.021217256784439,0.597979797979798,28.0,0.6460576754894946,0.8297512090883288,0.1049308534711599,1.0,0.0,2.2292193602770567,8558.0,0.9209110530322568,11.0,min_freq_conf,['None'],"['nap', 'rtp']",0.8,21.0,1.0,PROB_LEN_DIST,1.0,,1.0,84912121177563102805634352907474382372_eps3_s0,,1e-07,8.49121211775631e+37,42.0,5.0,EnvPermit,1.2
6.863854963332415,0.7816213640295858,0.6161731875471287,0.0053606237816764,0.6118139555559783,1.3727709926664828,14349316.149098784,0.1989551205188036,0.4754705458392766,0.6118139555559783,0.6123219047087594,0.3778858464211225,2.0698306765407324,0.6666666666666666,28.0,0.6558176828298964,0.8554687523482799,0.0893440656363964,1.0,0.0,2.02750633098185,8347.0,0.934759067217351,11.0,min_freq_conf,['None'],"['nap', 'rtp']",0.8,21.0,1.0,PROB_LEN_DIST,1.0,,1.0,84912121177563102805634352907474382372_eps3_s0,,1e-07,8.49121211775631e+37,42.0,5.0,EnvPermit,1.2
6.863854963332415,0.8096026602355849,0.6443687397266732,0.0019782393669634,0.6414412875199884,1.3727709926664828,14349311.230990425,0.1989551205188036,0.5776257216086133,0.6414412875199884,0.6418674774833668,0.4294093865901232,2.167900875210762,0.685459940652819,28.0,0.7155957591740185,0.8741277552107785,0.0957326106727123,1.0,0.0,2.3078437484800816,8723.0,0.946678387604747,11.0,min_freq_conf,['None'],"['nap', 'rtp']",0.8,21.0,1.0,PROB_LEN_DIST,1.0,,1.0,84912121177563102805634352907474382372_eps3_s0,,1e-07,8.49121211775631e+37,42.0,5.0,EnvPermit,1.2
19.74536090902984,0.6288754424522495,0.6093050597290252,0.0015417228753131,0.6092086442924671,3.949072181805968,14349327.043654796,0.3946181647479534,0.3144587171110801,0.6092086442924671,0.6092086442924671,0.7434826958924532,11.492838649079204,0.2497591058007323,18.0,0.6102543534707638,0.6945566767015967,0.110261894762516,1.0,0.0,11.533217899501324,12576.0,0.8108730304192067,7.0,min_freq_conf,['None'],"['nap', 'rtp']",0.8,21.0,1.0,PROB_LEN_DIST,1.0,,1.0,131352662692972103786370035868633826923_eps2_s0,,1e-10,1.313526626929721e+38,42.0,5.0,Helpdesk,1.2
6.863854963332415,0.7858183929967588,0.6252568499557745,0.0045294413688978,0.6199958066331117,1.3727709926664828,14349305.870710611,0.1989551205188036,0.5601349164841329,0.6195246336407687,0.6216701694979552,0.4265159200876951,2.2545912638306618,0.6789129340714645,21.0,0.6620113526013491,0.8601006321811663,0.1015893314033746,1.0,0.0,2.21069161221385,8557.0,0.9396123212565128,11.0,min_freq_conf,['None'],"['nap', 'rtp']",0.8,21.0,1.0,PROB_LEN_DIST,1.0,,1.0,84912121177563102805634352907474382372_eps3_s0,,1e-07,8.49121211775631e+37,42.0,5.0,EnvPermit,1.2
6.863854963332415,0.7271027450078351,0.5243031757500525,0.0040609137055837,0.5161551196498976,1.3727709926664828,14349300.453485208,0.1989551205188036,0.3463860816798734,0.5161551196498976,0.5179915018116322,0.4126416407525539,1.8855812158435583,0.5532994923857868,28.0,0.5752186605043497,0.79473270523557,0.0988504569977521,1.0,0.0,2.531513560563326,8540.0,0.9194718774582912,7.0,min_freq_conf,['None'],"['nap', 'rtp']",0.8,21.0,1.0,PROB_LEN_DIST,1.0,,1.0,84912121177563102805634352907474382372_eps2_s0,,1e-07,8.49121211775631e+37,42.0,5.0,EnvPermit,1.2
6.863854963332415,0.6848458765936369,0.474592722799991,0.0005050505050505,0.4414454003251644,1.3727709926664828,14349295.19751753,0.1989551205188036,0.4055353817926395,0.4414454003251644,0.4424167234636702,0.4595540910959244,1.905573802068829,0.5510101010101011,28.0,0.5501465510167677,0.7848787162048849,0.1043966598808765,1.0,0.0,2.384973380714655,8558.0,0.9236539046790893,7.0,min_freq_conf,['None'],"['nap', 'rtp']",0.8,21.0,1.0,PROB_LEN_DIST,1.0,,1.0,84912121177563102805634352907474382372_eps2_s0,,1e-07,8.49121211775631e+37,42.0,5.0,EnvPermit,1.2
6.863854963332415,0.6891683214179938,0.4825239354257775,0.0053606237816764,0.4268170104931161,1.3727709926664828,14349289.928576509,0.1989551205188036,0.4431726041054717,0.4129599039586674,0.4525620363851872,0.4667553380131721,1.9063719045370815,0.5570175438596491,28.0,0.5562008315856778,0.7896156022247249,0.1027943957597017,1.0,0.0,2.2948002703487878,8347.0,0.9277817484847696,7.0,min_freq_conf,['None'],"['nap', 'rtp']",0.8,21.0,1.0,PROB_LEN_DIST,1.0,,1.0,84912121177563102805634352907474382372_eps2_s0,,1e-07,8.49121211775631e+37,42.0,5.0,EnvPermit,1.2
6.863854963332415,0.6774550718159437,0.442439563780836,0.0019782393669634,0.4390033352276469,1.3727709926664828,14349284.748459265,0.1989551205188036,0.417108208706518,0.4390033352276469,0.4395996460357955,0.4485217407345772,1.9791058581322432,0.5420375865479723,28.0,0.530011864267292,0.7826041460352382,0.0949850082397461,1.0,0.0,2.670535111799836,8723.0,0.9197120125063452,7.0,min_freq_conf,['None'],"['nap', 'rtp']",0.8,21.0,1.0,PROB_LEN_DIST,1.0,,1.0,84912121177563102805634352907474382372_eps2_s0,,1e-07,8.49121211775631e+37,42.0,5.0,EnvPermit,1.2
19.74536090902984,0.5856984568009517,0.588267002136159,0.000191570881226,0.5213460730579175,3.949072181805968,14349302.81138882,0.3946181647479534,0.1447210801100822,0.5213460730579175,0.5389726329075007,0.9345228597521782,12.111785786226392,0.1065134099616858,17.0,0.6232922290782997,0.693590700161375,0.1108944118022918,1.0,0.0,12.5034709405154,12764.0,0.8330972116107966,5.0,min_freq_conf,['None'],"['nap', 'rtp']",0.8,21.0,1.0,PROB_LEN_DIST,1.0,,1.0,131352662692972103786370035868633826923_eps1_s0,,1e-10,1.313526626929721e+38,42.0,5.0,Helpdesk,1.2
6.863854963332415,0.673097843204358,0.4582471737035936,0.0045294413688978,0.4434736745527155,1.3727709926664828,14349279.195304625,0.1989551205188036,0.4284197287191293,0.4429796255938627,0.4451184332256053,0.3836545776575804,2.0227391310036182,0.5354806240563664,21.0,0.5352966427677401,0.77479856594494,0.1106690764427185,1.0,0.0,2.7445217352360487,8557.0,0.91678729546441,7.0,min_freq_conf,['None'],"['nap', 'rtp']",0.8,21.0,1.0,PROB_LEN_DIST,1.0,,1.0,84912121177563102805634352907474382372_eps2_s0,,1e-07,8.49121211775631e+37,42.0,5.0,EnvPermit,1.2
6.863854963332415,0.7231709953395522,0.4950201151002675,0.0040609137055837,0.4059932351676578,1.3727709926664828,14349273.507069765,0.1989551205188036,0.3164233826348333,0.4059690630622674,0.44614070091324,0.5195874031633139,1.8557236921042204,0.416751269035533,28.0,0.6006113313276458,0.8206265316952587,0.1248905435204505,1.0,0.0,2.8438899647444487,8540.0,0.8942492954412289,5.0,min_freq_conf,['None'],"['nap', 'rtp']",0.8,21.0,1.0,PROB_LEN_DIST,1.0,,1.0,84912121177563102805634352907474382372_eps1_s0,,1e-07,8.49121211775631e+37,42.0,5.0,EnvPermit,1.2
12.073315164074302,0.7733431773776954,0.7284262496871198,0.0006544502617801,0.7242487681878597,2.41466303281486,14349276.080693668,0.2634021993726492,0.4184475578517941,0.7240634168899428,0.7253730085834211,0.3420158643275499,5.591501303017139,0.6642670157068062,38.0,0.7471869248710825,0.8281765425992944,0.1118185594677925,1.0,0.0,5.698927827179432,20828.0,0.9278698362868424,21.0,min_freq_conf,['None'],"['nap', 'rtp']",0.8,21.0,1.0,PROB_LEN_DIST,1.0,,1.0,242238515299935744953958665941280829308_eps5_s0,,1e-10,2.4223851529993574e+38,42.0,5.0,BPI2013_Closed,1.2
6.863854963332415,0.6881263791161533,0.4588013695844534,0.0005050505050505,0.4127825952956722,1.3727709926664828,14349267.822294991,0.1989551205188036,0.3704912384832853,0.4127825952956722,0.424927826416653,0.4118698239326477,1.7460203263908625,0.3343434343434343,28.0,0.5562414623560133,0.771458829524439,0.0901709049940109,1.0,0.0,2.643949307501316,8558.0,0.8689773336021197,5.0,min_freq_conf,['None'],"['nap', 'rtp']",0.8,21.0,1.0,PROB_LEN_DIST,1.0,,1.0,84912121177563102805634352907474382372_eps1_s0,,1e-07,8.49121211775631e+37,42.0,5.0,EnvPermit,1.2
6.863854963332415,0.6729656446705725,0.4371192157232663,0.0053606237816764,0.3774697078425151,1.3727709926664828,14349262.528940205,0.1989551205188036,0.3393724796234704,0.374373794658883,0.3960831709534946,0.5369850117713213,1.9021852854639287,0.3201754385964912,28.0,0.5328182089610394,0.7783850121425758,0.0959499776363372,1.0,0.0,2.9055783338844776,8347.0,0.8640175557295977,5.0,min_freq_conf,['None'],"['nap', 'rtp']",0.8,21.0,1.0,PROB_LEN_DIST,1.0,,1.0,84912121177563102805634352907474382372_eps1_s0,,1e-07,8.49121211775631e+37,42.0,5.0,EnvPermit,1.2
19.74536090902984,0.5505819830287906,0.5870682059511664,0.0005750431282346,0.5833079694781641,3.949072181805968,14349276.786012065,0.3946181647479534,0.1436957036095927,0.5833079694781641,0.583284009347821,0.8284361604601145,11.64311133697629,0.1061912976806593,18.0,0.5829782949463621,0.6544747696343398,0.1008932050317525,1.0,0.0,11.924343457445502,12937.0,0.7845289866566689,5.0,min_freq_conf,['None'],"['nap', 'rtp']",0.8,21.0,1.0,PROB_LEN_DIST,1.0,,1.0,131352662692972103786370035868633826923_eps1_s0,,1e-10,1.313526626929721e+38,42.0,5.0,Helpdesk,1.2
12.073315164074302,0.7741874382241174,0.713602125034996,0.000611620795107,0.7095301275625878,2.41466303281486,14349264.001207585,0.2634021993726492,0.3727839248483293,0.709532660153872,0.7101923787977827,0.3157181926071644,5.807107571512461,0.65565749235474,38.0,0.735611940428133,0.8293653421375071,0.0909714810550212,1.0,0.0,5.83763363212347,20301.0,0.9278248468729772,21.0,min_freq_conf,['None'],"['nap', 'rtp']",0.8,21.0,1.0,PROB_LEN_DIST,1.0,,1.0,242238515299935744953958665941280829308_eps5_s0,,1e-10,2.4223851529993574e+38,42.0,5.0,BPI2013_Closed,1.2
6.863854963332415,0.7098210428597848,0.4557727108758462,0.0019782393669634,0.3880287088604541,1.3727709926664828,14349256.757574216,0.1989551205188036,0.301893352005713,0.3859134485849565,0.4073312500764385,0.4901526812463999,1.9270540196448565,0.3526211671612265,28.0,0.5819124521303424,0.7892697885483381,0.1059564147144556,1.0,0.0,3.165716139599681,8723.0,0.881852575507375,5.0,min_freq_conf,['None'],"['nap', 'rtp']",0.8,21.0,1.0,PROB_LEN_DIST,1.0,,1.0,84912121177563102805634352907474382372_eps1_s0,,1e-07,8.49121211775631e+37,42.0,5.0,EnvPermit,1.2
6.863854963332415,0.620178875578418,0.4451851990403282,0.0045294413688978,0.4251998720931027,1.3727709926664828,14349250.619273638,0.1989551205188036,0.3616253144921327,0.4131613899280256,0.4341825427835125,0.4332252684980631,2.163971511647105,0.3301459486663312,21.0,0.4866488577844472,0.7195998351844538,0.5083506479859352,1.0,0.0,2.8548086527734995,8557.0,0.842853296256645,5.0,min_freq_conf,['None'],"['nap', 'rtp']",0.8,21.0,1.0,PROB_LEN_DIST,1.0,,1.0,84912121177563102805634352907474382372_eps1_s0,,1e-07,8.49121211775631e+37,42.0,5.0,EnvPermit,1.2
12.073315164074302,0.7721907334333454,0.7013226386645213,0.0011933174224343,0.6915127849865561,2.41466303281486,14349251.487684904,0.2634021993726492,0.3600513871388343,0.6906960254935696,0.6933737640777107,0.4148101396858692,5.647002620622516,0.6342482100238663,38.0,0.7303266391185804,0.8308358009488298,0.1267243064939975,1.0,0.0,5.50154852680862,19311.0,0.9263305092287448,21.0,min_freq_conf,['None'],"['nap', 'rtp']",0.8,21.0,1.0,PROB_LEN_DIST,1.0,,1.0,242238515299935744953958665941280829308_eps5_s0,,1e-10,2.4223851529993574e+38,42.0,5.0,BPI2013_Closed,1.2
6.863854963332415,0.8325203262248108,0.7564169415236898,0.0040609137055837,0.7547420872512614,1.3727709926664828,14349244.22553178,0.1989551205188036,0.5147793917620908,0.7547420872512614,0.7550404219204215,0.4479642324149608,2.353358460590244,0.8106598984771574,28.0,0.7792833804896714,0.8850249814379517,0.0988444611430168,1.0,0.0,5.231403939425945,8540.0,0.954069718612197,3.0,min_freq_conf,['None'],"['nap', 'rtp']",0.8,21.0,1.0,PROB_LEN_DIST,1.0,,1.0,84912121177563102805634352907474382372_eps0_s0,,1e-07,8.49121211775631e+37,42.0,5.0,EnvPermit,1.2
6.863854963332415,0.8353946834673229,0.7667957697135511,0.0005050505050505,0.7638548028109089,1.3727709926664828,14349235.72409988,0.1989551205188036,0.5705786479827557,0.7638548028109089,0.7640510050291698,0.4522402174770832,1.8043164927512407,0.8186868686868687,28.0,0.7869158554853746,0.8863586306411616,0.0895054284483194,1.0,0.0,4.83759375475347,8558.0,0.9547086209987268,3.0,min_freq_conf,['None'],"['nap', 'rtp']",0.8,21.0,1.0,PROB_LEN_DIST,1.0,,1.0,84912121177563102805634352907474382372_eps0_s0,,1e-07,8.49121211775631e+37,42.0,5.0,EnvPermit,1.2
12.073315164074302,0.7790893221994563,0.7121687003557903,0.0,0.7021163286962476,2.41466303281486,14349239.393235864,0.2634021993726492,0.4336059250012241,0.7001390466605971,0.7047431612143793,0.375996470451355,5.8761397041380405,0.6553166069295101,32.0,0.740844615117868,0.8340952352586386,0.1207492556422948,1.0,0.0,6.185359580442309,20098.0,0.9309435136622408,21.0,min_freq_conf,['None'],"['nap', 'rtp']",0.8,21.0,1.0,PROB_LEN_DIST,1.0,,1.0,242238515299935744953958665941280829308_eps5_s0,,1e-10,2.4223851529993574e+38,42.0,5.0,BPI2013_Closed,1.2
19.74536090902984,0.639631095982073,0.6830166853672612,0.0001946661475569,0.6828948164503759,3.949072181805968,14349251.915635755,0.3946181647479534,0.2099536043316364,0.6828948164503759,0.6828948164503759,0.7812553104013205,12.90749215334654,0.25890597625073,18.0,0.6731206327468574,0.7175535893172581,0.101075055077672,1.0,0.0,13.711036713793874,12792.0,0.8357713501864025,5.0,min_freq_conf,['None'],"['nap', 'rtp']",0.8,21.0,1.0,PROB_LEN_DIST,1.0,,1.0,131352662692972103786370035868633826923_eps1_s0,,1e-10,1.313526626929721e+38,42.0,5.0,Helpdesk,1.2
6.863854963332415,0.8346125013960606,0.7594279462378599,0.0053606237816764,0.7534257293806063,1.3727709926664828,14349228.18905848,0.1989551205188036,0.5267046602951742,0.7534025232170491,0.754612288183875,0.4948414247483015,1.8278369847685096,0.8172514619883041,28.0,0.782631244974524,0.8880934667677871,0.0973211284726858,1.0,0.0,4.930633556097746,8347.0,0.9559956151599164,3.0,min_freq_conf,['None'],"['nap', 'rtp']",0.8,21.0,1.0,PROB_LEN_DIST,1.0,,1.0,84912121177563102805634352907474382372_eps0_s0,,1e-07,8.49121211775631e+37,42.0,5.0,EnvPermit,1.2
12.073315164074302,0.790010902381219,0.7320230371670384,0.0,0.7226588586583946,2.41466303281486,14349226.485903768,0.2634021993726492,0.4378566676463628,0.7216177980133646,0.7244620279006101,0.3302586041390896,5.732577888295054,0.6652386780905752,38.0,0.7574682399277006,0.840745844996273,0.0835424419492483,1.0,0.0,5.791403060778976,20175.0,0.9330854520399048,21.0,min_freq_conf,['None'],"['nap', 'rtp']",0.8,21.0,1.0,PROB_LEN_DIST,1.0,,1.0,242238515299935744953958665941280829308_eps5_s0,,1e-10,2.4223851529993574e+38,42.0,5.0,BPI2013_Closed,1.2
6.863854963332415,0.8112427255111426,0.7325308076367452,0.0019782393669634,0.7310593254580922,1.3727709926664828,14349220.510641644,0.1989551205188036,0.5256121094680668,0.7310593254580922,0.7311030694207024,0.4183971658349037,1.8054830003529787,0.7952522255192879,28.0,0.7547739689193391,0.8689644213983108,0.089699886739254,1.0,0.0,5.150640457868576,8723.0,0.947934225901584,3.0,min_freq_conf,['None'],"['nap', 'rtp']",0.8,21.0,1.0,PROB_LEN_DIST,1.0,,1.0,84912121177563102805634352907474382372_eps0_s0,,1e-07,8.49121211775631e+37,42.0,5.0,EnvPermit,1.2
6.863854963332415,0.8277576590898585,0.7540027461076937,0.0045294413688978,0.7483527689365155,1.3727709926664828,14349212.724635396,0.1989551205188036,0.5517194474727809,0.7475134277790947,0.7504463232777004,0.4141233749687671,1.8535133674740791,0.8062405636638148,21.0,0.7765925934202845,0.8815577927425328,0.0860735401511192,1.0,0.0,5.194167381152511,8557.0,0.9535609746750048,3.0,min_freq_conf,['None'],"['nap', 'rtp']",0.8,21.0,1.0,PROB_LEN_DIST,1.0,,1.0,84912121177563102805634352907474382372_eps0_s0,,1e-07,8.49121211775631e+37,42.0,5.0,EnvPermit,1.2
12.073315164074302,0.7733666017018103,0.7287620492675663,0.0006544502617801,0.7251654205195832,2.41466303281486,14349214.228995964,0.2634021993726492,0.4176724720530584,0.7249254554235971,0.7257621476829388,0.2947537489235401,4.723821926862001,0.662303664921466,38.0,0.7482620362687792,0.8270795536166556,0.0896587558090686,1.0,0.0,4.730292024090886,20828.0,0.9275349937006908,17.0,min_freq_conf,['None'],"['nap', 'rtp']",0.8,21.0,1.0,PROB_LEN_DIST,1.0,,1.0,242238515299935744953958665941280829308_eps4_s0,,1e-10,2.4223851529993574e+38,42.0,5.0,BPI2013_Closed,1.2
19.74536090902984,0.727797952400339,0.7014821222820379,0.0001936108422071,0.6476892449494931,3.949072181805968,14349224.086794555,0.3946181647479534,0.2594667776200451,0.6476892449494931,0.6612942029055628,0.7643162589520216,11.257035775110126,0.3603097773475314,18.0,0.7260752520578057,0.8013058812095072,0.0853970423340797,1.0,0.0,12.462415885180237,13016.0,0.8900542914968631,5.0,min_freq_conf,['None'],"['nap', 'rtp']",0.8,21.0,1.0,PROB_LEN_DIST,1.0,,1.0,131352662692972103786370035868633826923_eps1_s0,,1e-10,1.313526626929721e+38,42.0,5.0,Helpdesk,1.2
12.073315164074302,0.7736123927248806,0.7132300746557029,0.000611620795107,0.7088627210748899,2.41466303281486,14349204.079908868,0.2634021993726492,0.3683844729447278,0.7087429295071527,0.7095545118902821,0.3115536998957395,4.811111211776733,0.6513761467889908,38.0,0.7360918403768886,0.8287893338417558,0.0876462124288082,1.0,0.0,4.681415032595396,20301.0,0.9276574504158654,17.0,min_freq_conf,['None'],"['nap', 'rtp']",0.8,21.0,1.0,PROB_LEN_DIST,1.0,,1.0,242238515299935744953958665941280829308_eps4_s0,,1e-10,2.4223851529993574e+38,42.0,5.0,BPI2013_Closed,1.2
12.073315164074302,0.7733359376417246,0.701334664272028,0.0011933174224343,0.6918977979728441,2.41466303281486,14349193.856133504,0.2634021993726492,0.3545506097542459,0.6911343115790733,0.6935585543263669,0.3263886738568544,4.160472463816404,0.6276849642004774,38.0,0.7313525283598717,0.8327520576167663,0.0825543142855167,1.0,0.0,4.326308077201247,19311.0,0.927477309865442,17.0,min_freq_conf,['None'],"['nap', 'rtp']",0.8,21.0,1.0,PROB_LEN_DIST,1.0,,1.0,242238515299935744953958665941280829308_eps4_s0,,1e-10,2.4223851529993574e+38,42.0,5.0,BPI2013_Closed,1.2
19.74536090902984,0.6304269948766749,0.6602104286777878,0.0015417228753131,0.657207110837372,3.949072181805968,14349199.162387662,0.3946181647479534,0.2550507651538518,0.657207110837372,0.6571383851393456,0.7721578236669302,10.545567598193884,0.2283677009057622,18.0,0.6565625850714089,0.7180255638321636,0.0807321853935718,1.0,0.0,11.365379855036736,12576.0,0.839234879763229,5.0,min_freq_conf,['None'],"['nap', 'rtp']",0.8,21.0,1.0,PROB_LEN_DIST,1.0,,1.0,131352662692972103786370035868633826923_eps1_s0,,1e-10,1.313526626929721e+38,42.0,5.0,Helpdesk,1.2
12.073315164074302,0.7781500025440511,0.7119451719633259,0.0,0.7007528418229513,2.41466303281486,14349184.66419396,0.2634021993726492,0.4313590923251716,0.6987755597873008,0.703828214915585,0.3328810725361109,4.836964009329677,0.6517323775388292,32.0,0.7402439041877381,0.8334067239940149,0.0882940273731947,1.0,0.0,4.582791060209274,20098.0,0.9308787812472024,17.0,min_freq_conf,['None'],"['nap', 'rtp']",0.8,21.0,1.0,PROB_LEN_DIST,1.0,,1.0,242238515299935744953958665941280829308_eps4_s0,,1e-10,2.4223851529993574e+38,42.0,5.0,BPI2013_Closed,1.2
6.351794976741076,0.9064025777563413,0.836203859343603,0.0040609137055837,0.8352498541155607,1.270358995348215,14349170.93012618,0.3716773688793182,0.5074787880129183,0.8352498541155607,0.835306255694805,0.488669840618968,2.4330509081482887,0.8725888324873097,28.0,0.8572475276539924,0.9392852078829236,0.0906408298760652,1.0,0.0,2.4329025484621525,8540.0,0.9748642840520998,21.0,min_freq_conf,['None'],"['nap', 'rtp']",0.8,21.0,1.0,PROB_LEN_DIST,1.0,,1.0,248583946623631345077453797542949045243_eps5_s0,,1e-10,2.4858394662363133e+38,42.0,5.0,EnvPermit,1.2
12.073315164074302,0.7897037771658931,0.7322289529023299,0.0,0.7235559538792351,2.41466303281486,14349174.493153524,0.2634021993726492,0.4420992841047411,0.7224234913680173,0.7253015002058105,0.3444042671471834,4.830015499144793,0.6682986536107711,38.0,0.7570751949202126,0.8405175373322249,0.0914175435900688,1.0,0.0,4.892491130158305,20175.0,0.9330272618960352,17.0,min_freq_conf,['None'],"['nap', 'rtp']",0.8,21.0,1.0,PROB_LEN_DIST,1.0,,1.0,242238515299935744953958665941280829308_eps4_s0,,1e-10,2.4223851529993574e+38,42.0,5.0,BPI2013_Closed,1.2
6.351794976741076,0.9126047353320088,0.8517295898545905,0.0005050505050505,0.8506637533342085,1.270358995348215,14349165.16639305,0.3716773688793182,0.5400448340704053,0.8506637533342085,0.8506321876776429,0.4258885327726602,2.505384908989072,0.8797979797979798,28.0,0.8679069807857693,0.9436720995054332,0.084247400984168,1.0,0.0,2.525633662939072,8558.0,0.976522512280087,21.0,min_freq_conf,['None'],"['nap', 'rtp']",0.8,21.0,1.0,PROB_LEN_DIST,1.0,,1.0,248583946623631345077453797542949045243_eps5_s0,,1e-10,2.4858394662363133e+38,42.0,5.0,EnvPermit,1.2
12.073315164074302,0.7563847184894641,0.6948339973507949,0.0006544502617801,0.6877359080044152,2.41466303281486,14349164.017960308,0.2634021993726492,0.3907669585078165,0.6877359080044152,0.6883826716427764,0.3009798862040043,3.6268056631088257,0.6276178010471204,38.0,0.7254388986584354,0.8172792317317169,0.093855258077383,1.0,0.0,3.8451896645128727,20828.0,0.9234737038864944,11.0,min_freq_conf,['None'],"['nap', 'rtp']",0.8,21.0,1.0,PROB_LEN_DIST,1.0,,1.0,242238515299935744953958665941280829308_eps3_s0,,1e-10,2.4223851529993574e+38,42.0,5.0,BPI2013_Closed,1.2
6.351794976741076,0.9092046347751738,0.8407638008494279,0.0053606237816764,0.8369160616142731,1.270358995348215,14349159.302078309,0.3716773688793182,0.5253827015699242,0.8369160616142731,0.8374240107670541,0.4251813758164644,2.5233941450715065,0.8757309941520468,28.0,0.8619504511190651,0.9413592141544064,0.0908666364848613,1.0,0.0,2.505381351336837,8347.0,0.9759946773674404,21.0,min_freq_conf,['None'],"['nap', 'rtp']",0.8,21.0,1.0,PROB_LEN_DIST,1.0,,1.0,248583946623631345077453797542949045243_eps5_s0,,1e-10,2.4858394662363133e+38,42.0,5.0,EnvPermit,1.2
12.073315164074302,0.7555505712240412,0.6708251867151966,0.000611620795107,0.6656251979995359,2.41466303281486,14349155.827285312,0.2634021993726492,0.3440176093946553,0.6655345312315655,0.6668422974093138,0.3269380908459425,3.709064034745097,0.6073394495412844,38.0,0.7040709187229401,0.8164901808450867,0.0891040377318859,1.0,0.0,3.794705027714372,20301.0,0.9217861927434744,11.0,min_freq_conf,['None'],"['nap', 'rtp']",0.8,21.0,1.0,PROB_LEN_DIST,1.0,,1.0,242238515299935744953958665941280829308_eps3_s0,,1e-10,2.4223851529993574e+38,42.0,5.0,BPI2013_Closed,1.2
6.351794976741076,0.9008028268544948,0.8272277109738998,0.0019782393669634,0.8244366446197978,1.270358995348215,14349153.435609711,0.3716773688793182,0.6045695091706557,0.8244366446197978,0.8247171631471631,0.4570222571492195,2.519651649519801,0.8684470820969338,28.0,0.8494542926765088,0.9366275071666492,0.0878294073045253,1.0,0.0,2.516262963414192,8723.0,0.9738126924906894,21.0,min_freq_conf,['None'],"['nap', 'rtp']",0.8,21.0,1.0,PROB_LEN_DIST,1.0,,1.0,248583946623631345077453797542949045243_eps5_s0,,1e-10,2.4858394662363133e+38,42.0,5.0,EnvPermit,1.2
19.74536090902984,0.8853001750271858,0.9043825291885677,0.000191570881226,0.9043800348757284,3.949072181805968,14349176.076327886,0.3946181647479534,0.5631761189445956,0.9043800348757284,0.9043680616956518,0.659151503816247,10.41661872714758,0.8501915708812261,17.0,0.8906936337396139,0.9166456959919634,0.098788071423769,1.0,0.0,20.770911203697324,12764.0,0.96609224906639,3.0,min_freq_conf,['None'],"['nap', 'rtp']",0.8,21.0,1.0,PROB_LEN_DIST,1.0,,1.0,131352662692972103786370035868633826923_eps0_s0,,1e-10,1.313526626929721e+38,42.0,5.0,Helpdesk,1.2
6.351794976741076,0.905524378002908,0.8375487384059079,0.0045294413688978,0.8328944129851761,1.270358995348215,14349147.517336132,0.3716773688793182,0.6043060214628764,0.8325247975528706,0.8345391716580656,0.4271065145730972,2.440907534211874,0.8681429290387519,21.0,0.8579824511775984,0.9388725261148266,0.0844538677483797,1.0,0.0,2.4127973802387714,8557.0,0.9747544716840332,21.0,min_freq_conf,['None'],"['nap', 'rtp']",0.8,21.0,1.0,PROB_LEN_DIST,1.0,,1.0,248583946623631345077453797542949045243_eps5_s0,,1e-10,2.4858394662363133e+38,42.0,5.0,EnvPermit,1.2
12.073315164074302,0.7563529931802504,0.6640181036817243,0.0011933174224343,0.6485459741469871,2.41466303281486,14349147.569436925,0.2634021993726492,0.330418857880278,0.6476275114645882,0.6518235314271816,0.3804893121123314,3.4410559237003326,0.5906921241050119,38.0,0.7069156475372155,0.8228940291643824,0.0864940229803323,1.0,0.0,3.449205331504345,19311.0,0.9241684514324306,11.0,min_freq_conf,['None'],"['nap', 'rtp']",0.8,21.0,1.0,PROB_LEN_DIST,1.0,,1.0,242238515299935744953958665941280829308_eps3_s0,,1e-10,2.4223851529993574e+38,42.0,5.0,BPI2013_Closed,1.2
6.351794976741076,0.905860416250086,0.8362206995668481,0.0040609137055837,0.8354492831411319,1.270358995348215,14349141.827813268,0.3716773688793182,0.5073054415954013,0.8354492831411319,0.8354772765720069,0.4127599187195301,2.071314699947834,0.8720812182741117,28.0,0.8569249811434047,0.9389442624576244,0.0835603550076484,1.0,0.0,2.071584412828088,8540.0,0.9747370950439016,17.0,min_freq_conf,['None'],"['nap', 'rtp']",0.8,21.0,1.0,PROB_LEN_DIST,1.0,,1.0,248583946623631345077453797542949045243_eps4_s0,,1e-10,2.4858394662363133e+38,42.0,5.0,EnvPermit,1.2
6.351794976741076,0.912401968121666,0.8519269822489526,0.0005050505050505,0.8509032332706582,1.270358995348215,14349136.866349231,0.3716773688793182,0.5200448340704054,0.8509032332706582,0.8508716676140925,0.439222052693367,2.1340289376676083,0.8792929292929293,28.0,0.8678595730868462,0.9434689132416406,0.0865462720394134,1.0,0.0,2.096338214352727,8558.0,0.976360994504933,17.0,min_freq_conf,['None'],"['nap', 'rtp']",0.8,21.0,1.0,PROB_LEN_DIST,1.0,,1.0,248583946623631345077453797542949045243_eps4_s0,,1e-10,2.4858394662363133e+38,42.0,5.0,EnvPermit,1.2
12.073315164074302,0.7584056771663273,0.6680060301729069,0.0,0.6525678471466962,2.41466303281486,14349139.902114255,0.2634021993726492,0.3959178548814349,0.6505645924343015,0.6550259871676657,0.3216357342898845,3.7228609398007393,0.6063321385902031,32.0,0.7123957022794594,0.8235908252936489,0.0964155085384845,1.0,0.0,3.796849118545651,20098.0,0.9266392077836526,11.0,min_freq_conf,['None'],"['nap', 'rtp']",0.8,21.0,1.0,PROB_LEN_DIST,1.0,,1.0,242238515299935744953958665941280829308_eps3_s0,,1e-10,2.4223851529993574e+38,42.0,5.0,BPI2013_Closed,1.2
6.351794976741076,0.9086195493764916,0.8408999436756293,0.0053606237816764,0.8371696856434819,1.270358995348215,14349131.7988988,0.3716773688793182,0.5068738496363896,0.8371696856434819,0.8376776347962629,0.4381701275706291,2.3100078366696835,0.8752436647173489,28.0,0.8618757079339417,0.9408405563989068,0.1043619606643915,1.0,0.0,2.333419527858496,8347.0,0.9755540503369012,17.0,min_freq_conf,['None'],"['nap', 'rtp']",0.8,21.0,1.0,PROB_LEN_DIST,1.0,,1.0,248583946623631345077453797542949045243_eps4_s0,,1e-10,2.4858394662363133e+38,42.0,5.0,EnvPermit,1.2
12.073315164074302,0.7722792627489794,0.6847908873408683,0.0,0.6716578774034031,2.41466303281486,14349131.646875808,0.2634021993726492,0.4105457766991343,0.6705201957131595,0.6738120504677999,0.3226542398333549,3.9761727526783934,0.6321909424724602,38.0,0.7315813971954285,0.8303382193992938,0.0892879869788885,1.0,0.0,3.882007410749793,20175.0,0.930512468341215,11.0,min_freq_conf,['None'],"['nap', 'rtp']",0.8,21.0,1.0,PROB_LEN_DIST,1.0,,1.0,242238515299935744953958665941280829308_eps3_s0,,1e-10,2.4223851529993574e+38,42.0,5.0,BPI2013_Closed,1.2
6.351794976741076,0.9000293664700754,0.8266751885530668,0.0019782393669634,0.8244826765131487,1.270358995348215,14349126.279920336,0.3716773688793182,0.604411130963497,0.8244826765131487,0.8246336006272198,0.4449419677257538,2.367739360779524,0.8679525222551929,28.0,0.8484201572359371,0.9362500450522716,0.0906372554600238,1.0,0.0,2.253743104636669,8723.0,0.9736188819206536,17.0,min_freq_conf,['None'],"['nap', 'rtp']",0.8,21.0,1.0,PROB_LEN_DIST,1.0,,1.0,248583946623631345077453797542949045243_eps4_s0,,1e-10,2.4858394662363133e+38,42.0,5.0,EnvPermit,1.2
6.351794976741076,0.9052643545169156,0.8365633652262723,0.0045294413688978,0.8319090398055402,1.270358995348215,14349120.789255967,0.3716773688793182,0.5935490565869184,0.8315394243732347,0.8335537984784297,0.4164900053292513,2.168829971924424,0.8681429290387519,21.0,0.8575219180295965,0.9386824014153916,0.0867652054876089,1.0,0.0,2.117656234651804,8557.0,0.9745120227500896,17.0,min_freq_conf,['None'],"['nap', 'rtp']",0.8,21.0,1.0,PROB_LEN_DIST,1.0,,1.0,248583946623631345077453797542949045243_eps4_s0,,1e-10,2.4858394662363133e+38,42.0,5.0,EnvPermit,1.2
12.073315164074302,0.6868913989864671,0.599452431190126,0.0006544502617801,0.5874110369568701,2.41466303281486,14349123.053970322,0.2634021993726492,0.2382792764011002,0.5874110369568701,0.5888354496079418,0.3197918571531772,3.2739383596926928,0.3298429319371728,38.0,0.6418251781521808,0.7431820335163327,0.0849478431046009,1.0,0.0,3.3951496072113514,20828.0,0.8605116135808194,7.0,min_freq_conf,['None'],"['nap', 'rtp']",0.8,21.0,1.0,PROB_LEN_DIST,1.0,,1.0,242238515299935744953958665941280829308_eps2_s0,,1e-10,2.4223851529993574e+38,42.0,5.0,BPI2013_Closed,1.2
19.74536090902984,0.8899472862238803,0.908468737724061,0.0005750431282346,0.9085311633184016,3.949072181805968,14349143.808721984,0.3946181647479534,0.4611753717868278,0.9085311633184016,0.9085311633184016,0.6606332082301378,10.387302501127124,0.8560475368986007,18.0,0.8945203290948004,0.920028770028773,0.0859629437327385,1.0,0.0,20.993747126311064,12937.0,0.9673061476252997,3.0,min_freq_conf,['None'],"['nap', 'rtp']",0.8,21.0,1.0,PROB_LEN_DIST,1.0,,1.0,131352662692972103786370035868633826923_eps0_s0,,1e-10,1.313526626929721e+38,42.0,5.0,Helpdesk,1.2
6.351794976741076,0.7887385340348948,0.6263344522668206,0.0040609137055837,0.6235937389225691,1.270358995348215,14349115.686163392,0.3716773688793182,0.4857636338587874,0.6235937389225691,0.6240252524755366,0.3187407776713371,1.8755037356168032,0.6847715736040609,28.0,0.6642874770629318,0.8606309910520131,0.09187644533813,1.0,0.0,1.9001129046082497,8540.0,0.937791216116083,11.0,min_freq_conf,['None'],"['nap', 'rtp']",0.8,21.0,1.0,PROB_LEN_DIST,1.0,,1.0,248583946623631345077453797542949045243_eps3_s0,,1e-10,2.4858394662363133e+38,42.0,5.0,EnvPermit,1.2
12.073315164074302,0.689333350787791,0.587182407902625,0.000611620795107,0.5752935741356626,2.41466303281486,14349115.666338077,0.2634021993726492,0.2409821849602832,0.5752961067269468,0.5763119729803926,0.3190893046557903,3.501815253868699,0.3070336391437309,38.0,0.6308965508284776,0.7409544222880885,0.087235689163208,1.0,0.0,3.563805114477873,20301.0,0.8598145752250687,7.0,min_freq_conf,['None'],"['nap', 'rtp']",0.8,21.0,1.0,PROB_LEN_DIST,1.0,,1.0,242238515299935744953958665941280829308_eps2_s0,,1e-10,2.4223851529993574e+38,42.0,5.0,BPI2013_Closed,1.2
6.351794976741076,0.7558878691454459,0.6133452987809078,0.0005050505050505,0.6122306243139608,1.270358995348215,14349111.189980196,0.3716773688793182,0.4829882865177107,0.6122306243139608,0.6122306243139608,0.3374081775546074,1.860065994784236,0.597979797979798,28.0,0.6460576754894946,0.8297512090883288,0.0840729847550392,1.0,0.0,1.8888949546962976,8558.0,0.9209110530322568,11.0,min_freq_conf,['None'],"['nap', 'rtp']",0.8,21.0,1.0,PROB_LEN_DIST,1.0,,1.0,248583946623631345077453797542949045243_eps3_s0,,1e-10,2.4858394662363133e+38,42.0,5.0,EnvPermit,1.2
6.351794976741076,0.7816213640295858,0.6161731875471287,0.0053606237816764,0.6118139555559783,1.270358995348215,14349106.702861669,0.3716773688793182,0.4754705458392766,0.6118139555559783,0.6123219047087594,0.3341725114732981,1.8421540539711716,0.6666666666666666,28.0,0.6558176828298964,0.8554687523482799,0.0893544554710388,1.0,0.0,1.876939045265317,8347.0,0.934759067217351,11.0,min_freq_conf,['None'],"['nap', 'rtp']",0.8,21.0,1.0,PROB_LEN_DIST,1.0,,1.0,248583946623631345077453797542949045243_eps3_s0,,1e-10,2.4858394662363133e+38,42.0,5.0,EnvPermit,1.2
12.073315164074302,0.7033653976408416,0.594041515534703,0.0011933174224343,0.5746602116731688,2.41466303281486,14349107.886348808,0.2634021993726492,0.2154136903857374,0.5632621105831066,0.581383617494874,0.3643973097205162,3.1979835852980614,0.3162291169451074,38.0,0.6437852378065864,0.7644446476698012,0.0852922759950161,1.0,0.0,3.192242242395878,19311.0,0.8702390958867765,7.0,min_freq_conf,['None'],"['nap', 'rtp']",0.8,21.0,1.0,PROB_LEN_DIST,1.0,,1.0,242238515299935744953958665941280829308_eps2_s0,,1e-10,2.4223851529993574e+38,42.0,5.0,BPI2013_Closed,1.2
6.351794976741076,0.8096026602355849,0.6443687397266732,0.0019782393669634,0.6414412875199884,1.270358995348215,14349102.253540903,0.3716773688793182,0.5776257216086133,0.6414412875199884,0.6418674774833668,0.415548151358962,1.9265233613550663,0.685459940652819,28.0,0.7155957591740185,0.8741277552107785,0.0837779119610786,1.0,0.0,1.9782451000064607,8723.0,0.946678387604747,11.0,min_freq_conf,['None'],"['nap', 'rtp']",0.8,21.0,1.0,PROB_LEN_DIST,1.0,,1.0,248583946623631345077453797542949045243_eps3_s0,,1e-10,2.4858394662363133e+38,42.0,5.0,EnvPermit,1.2
6.351794976741076,0.7858183929967588,0.6252568499557745,0.0045294413688978,0.6199958066331117,1.270358995348215,14349097.53743256,0.3716773688793182,0.5601349164841329,0.6195246336407687,0.6216701694979552,0.33644331805408,1.963087243959308,0.6789129340714645,21.0,0.6620113526013491,0.8601006321811663,0.0870421417057514,1.0,0.0,1.9026090502738957,8557.0,0.9396123212565128,11.0,min_freq_conf,['None'],"['nap', 'rtp']",0.8,21.0,1.0,PROB_LEN_DIST,1.0,,1.0,248583946623631345077453797542949045243_eps3_s0,,1e-10,2.4858394662363133e+38,42.0,5.0,EnvPermit,1.2
12.073315164074302,0.6810230488757628,0.5811666204925957,0.0,0.5720005376487606,2.41466303281486,14349100.740379028,0.2634021993726492,0.2464790570512809,0.5701037839270864,0.5742563198876396,0.3574234750121832,3.482723144814372,0.2855436081242533,32.0,0.6255630151367975,0.7423847588682725,0.0859471131116151,1.0,0.0,3.642155259847641,20098.0,0.8633911016360147,7.0,min_freq_conf,['None'],"['nap', 'rtp']",0.8,21.0,1.0,PROB_LEN_DIST,1.0,,1.0,242238515299935744953958665941280829308_eps2_s0,,1e-10,2.4223851529993574e+38,42.0,5.0,BPI2013_Closed,1.2
6.351794976741076,0.7271027450078351,0.5243031757500525,0.0040609137055837,0.5161551196498976,1.270358995348215,14349092.957206637,0.3716773688793182,0.3463860816798734,0.5161551196498976,0.5179915018116322,0.3561488911509514,1.6793283186852932,0.5532994923857868,28.0,0.5752186605043497,0.79473270523557,0.0848242733627557,1.0,0.0,1.816835625097156,8540.0,0.9194718774582912,7.0,min_freq_conf,['None'],"['nap', 'rtp']",0.8,21.0,1.0,PROB_LEN_DIST,1.0,,1.0,248583946623631345077453797542949045243_eps2_s0,,1e-10,2.4858394662363133e+38,42.0,5.0,EnvPermit,1.2
12.073315164074302,0.6842341338601011,0.6172340829713537,0.0,0.6091680545372243,2.41466303281486,14349092.881728517,0.2634021993726492,0.2709090591999148,0.6081826298107432,0.6107162940672957,0.3282760288566351,3.3860720731318,0.3476132190942472,38.0,0.640337647688563,0.7396682897805513,0.0837479103356599,1.0,0.0,3.435460524633527,20175.0,0.8581501719184156,7.0,min_freq_conf,['None'],"['nap', 'rtp']",0.8,21.0,1.0,PROB_LEN_DIST,1.0,,1.0,242238515299935744953958665941280829308_eps2_s0,,1e-10,2.4223851529993574e+38,42.0,5.0,BPI2013_Closed,1.2
6.351794976741076,0.6848458765936369,0.474592722799991,0.0005050505050505,0.4414454003251644,1.270358995348215,14349088.710279252,0.3716773688793182,0.4055353817926395,0.4414454003251644,0.4424167234636702,0.3833947870880365,1.7293710745871067,0.5510101010101011,28.0,0.5501465510167677,0.7848787162048849,0.0934578906744718,1.0,0.0,1.981615357100964,8558.0,0.9236539046790893,7.0,min_freq_conf,['None'],"['nap', 'rtp']",0.8,21.0,1.0,PROB_LEN_DIST,1.0,,1.0,248583946623631345077453797542949045243_eps2_s0,,1e-10,2.4858394662363133e+38,42.0,5.0,EnvPermit,1.2
19.74536090902984,0.8938159114477982,0.9134986474386948,0.0001946661475569,0.9135266513600216,3.949072181805968,14349111.367761536,0.3946181647479534,0.4860802869969394,0.9135266513600216,0.9135266513600216,0.6513821296393871,10.052202455699444,0.8621763675296866,18.0,0.9001427746220464,0.9228442036841916,0.0803533215075731,1.0,0.0,20.112827759236097,12792.0,0.9685678919959656,3.0,min_freq_conf,['None'],"['nap', 'rtp']",0.8,21.0,1.0,PROB_LEN_DIST,1.0,,1.0,131352662692972103786370035868633826923_eps0_s0,,1e-10,1.313526626929721e+38,42.0,5.0,Helpdesk,1.2
6.351794976741076,0.6891683214179938,0.4825239354257775,0.0053606237816764,0.4268170104931161,1.270358995348215,14349084.204151675,0.3716773688793182,0.4431726041054717,0.4129599039586674,0.4525620363851872,0.4063944034278393,1.6768784690648315,0.5570175438596491,28.0,0.5562008315856778,0.7896156022247249,0.0803525913506746,1.0,0.0,2.053245574235916,8347.0,0.9277817484847696,7.0,min_freq_conf,['None'],"['nap', 'rtp']",0.8,21.0,1.0,PROB_LEN_DIST,1.0,,1.0,248583946623631345077453797542949045243_eps2_s0,,1e-10,2.4858394662363133e+38,42.0,5.0,EnvPermit,1.2
12.073315164074302,0.7499254158001242,0.6759019391800144,0.0006544502617801,0.5720717942421849,2.41466303281486,14349085.340613116,0.2634021993726492,0.2626645492187535,0.5483861885511173,0.6214498205119994,0.4018215816468,3.0329860858619213,0.3795811518324607,38.0,0.7284630392632256,0.8094043791026352,0.0735935978591442,1.0,0.0,5.000951591879129,20828.0,0.8994564769318564,5.0,min_freq_conf,['None'],"['nap', 'rtp']",0.8,21.0,1.0,PROB_LEN_DIST,1.0,,1.0,242238515299935744953958665941280829308_eps1_s0,,1e-10,2.4223851529993574e+38,42.0,5.0,BPI2013_Closed,1.2
6.351794976741076,0.6774550718159437,0.442439563780836,0.0019782393669634,0.4390033352276469,1.270358995348215,14349079.706123073,0.3716773688793182,0.417108208706518,0.4390033352276469,0.4395996460357955,0.3832133058458566,1.7426187954843044,0.5420375865479723,28.0,0.530011864267292,0.7826041460352382,0.0828468669205904,1.0,0.0,1.9249636493623257,8723.0,0.9197120125063452,7.0,min_freq_conf,['None'],"['nap', 'rtp']",0.8,21.0,1.0,PROB_LEN_DIST,1.0,,1.0,248583946623631345077453797542949045243_eps2_s0,,1e-10,2.4858394662363133e+38,42.0,5.0,EnvPermit,1.2
6.351794976741076,0.673097843204358,0.4582471737035936,0.0045294413688978,0.4434736745527155,1.270358995348215,14349075.273781672,0.3716773688793182,0.4284197287191293,0.4429796255938627,0.4451184332256053,0.4448741152882576,1.716197270900011,0.5354806240563664,21.0,0.5352966427677401,0.77479856594494,0.0832147169858217,1.0,0.0,1.8702927697449925,8557.0,0.91678729546441,7.0,min_freq_conf,['None'],"['nap', 'rtp']",0.8,21.0,1.0,PROB_LEN_DIST,1.0,,1.0,248583946623631345077453797542949045243_eps2_s0,,1e-10,2.4858394662363133e+38,42.0,5.0,EnvPermit,1.2
12.073315164074302,0.7608613858128844,0.6927374616583271,0.000611620795107,0.6320709518895233,2.41466303281486,14349076.536549523,0.2634021993726492,0.2839886196918992,0.6003875302473196,0.6619212319210329,0.3783835042268038,3.3537530843168497,0.455045871559633,38.0,0.7286943462811236,0.7986020662426173,0.0843560956418514,1.0,0.0,4.942818060517311,20301.0,0.898651646730419,5.0,min_freq_conf,['None'],"['nap', 'rtp']",0.8,21.0,1.0,PROB_LEN_DIST,1.0,,1.0,242238515299935744953958665941280829308_eps1_s0,,1e-10,2.4223851529993574e+38,42.0,5.0,BPI2013_Closed,1.2
6.351794976741076,0.7231709953395522,0.4950201151002675,0.0040609137055837,0.4059932351676578,1.270358995348215,14349070.855545912,0.3716773688793182,0.3164233826348333,0.4059690630622674,0.44614070091324,0.4228222984820604,1.6964919492602348,0.416751269035533,28.0,0.6006113313276458,0.8206265316952587,0.0848581250756979,1.0,0.0,2.67844313941896,8540.0,0.8942492954412289,5.0,min_freq_conf,['None'],"['nap', 'rtp']",0.8,21.0,1.0,PROB_LEN_DIST,1.0,,1.0,248583946623631345077453797542949045243_eps1_s0,,1e-10,2.4858394662363133e+38,42.0,5.0,EnvPermit,1.2
6.351794976741076,0.6881263791161533,0.4588013695844534,0.0005050505050505,0.4127825952956722,1.270358995348215,14349065.65406238,0.3716773688793182,0.3704912384832853,0.4127825952956722,0.424927826416653,0.4015584979206323,1.732797708362341,0.3343434343434343,28.0,0.5562414623560133,0.771458829524439,0.0780323836952447,1.0,0.0,2.6043573431670666,8558.0,0.8689773336021197,5.0,min_freq_conf,['None'],"['nap', 'rtp']",0.8,21.0,1.0,PROB_LEN_DIST,1.0,,1.0,248583946623631345077453797542949045243_eps1_s0,,1e-10,2.4858394662363133e+38,42.0,5.0,EnvPermit,1.2
12.073315164074302,0.7366283071814613,0.6306644186253902,0.0011933174224343,0.6100005186819796,2.41466303281486,14349067.48225306,0.2634021993726492,0.2380442502518493,0.6078048594015527,0.6152307187208065,0.3636802434921264,2.9801219440996647,0.3812649164677804,38.0,0.6757531114220972,0.7801288806086824,0.179713474586606,1.0,0.0,3.3912149276584387,19311.0,0.8866233367452442,5.0,min_freq_conf,['None'],"['nap', 'rtp']",0.8,21.0,1.0,PROB_LEN_DIST,1.0,,1.0,242238515299935744953958665941280829308_eps1_s0,,1e-10,2.4223851529993574e+38,42.0,5.0,BPI2013_Closed,1.2
6.351794976741076,0.6729656446705725,0.4371192157232663,0.0053606237816764,0.3774697078425151,1.270358995348215,14349060.537752409,0.3716773688793182,0.3393724796234704,0.374373794658883,0.3960831709534946,0.4155406150966882,1.7284944914281368,0.3201754385964912,28.0,0.5328182089610394,0.7783850121425758,0.0821113232523202,1.0,0.0,2.581503123044968,8347.0,0.8640175557295977,5.0,min_freq_conf,['None'],"['nap', 'rtp']",0.8,21.0,1.0,PROB_LEN_DIST,1.0,,1.0,248583946623631345077453797542949045243_eps1_s0,,1e-10,2.4858394662363133e+38,42.0,5.0,EnvPermit,1.2
6.351794976741076,0.7098210428597848,0.4557727108758462,0.0019782393669634,0.3880287088604541,1.270358995348215,14349055.443050629,0.3716773688793182,0.301893352005713,0.3859134485849565,0.4073312500764385,0.4357099886983633,1.7104525454342363,0.3526211671612265,28.0,0.5819124521303424,0.7892697885483381,0.0842364206910133,1.0,0.0,2.643817760050297,8723.0,0.881852575507375,5.0,min_freq_conf,['None'],"['nap', 'rtp']",0.8,21.0,1.0,PROB_LEN_DIST,1.0,,1.0,248583946623631345077453797542949045243_eps1_s0,,1e-10,2.4858394662363133e+38,42.0,5.0,EnvPermit,1.2
12.073315164074302,0.7806665728320836,0.718264505026861,0.0,0.6505354645543462,2.41466303281486,14349060.24346617,0.2634021993726492,0.2788447451721648,0.5131036253900977,0.6836303678433316,0.5191370844841003,3.2455632239580154,0.3930704898446834,32.0,0.753739795916099,0.8224192885662002,0.0771920438855886,1.0,0.0,7.27536546997726,20098.0,0.907313278596928,5.0,min_freq_conf,['None'],"['nap', 'rtp']",0.8,21.0,1.0,PROB_LEN_DIST,1.0,,1.0,242238515299935744953958665941280829308_eps1_s0,,1e-10,2.4223851529993574e+38,42.0,5.0,BPI2013_Closed,1.2
19.74536090902984,0.8945459907415368,0.9158989826995684,0.0001936108422071,0.9159508894891322,3.949072181805968,14349080.172597617,0.3946181647479534,0.5284087058833922,0.9159508894891322,0.9159508894891322,0.6314018499106169,10.05321129411459,0.8621490803484995,18.0,0.9012497435875968,0.9240790311119482,0.0961280856281519,1.0,0.0,20.376940773800012,13016.0,0.9692338520896157,3.0,min_freq_conf,['None'],"['nap', 'rtp']",0.8,21.0,1.0,PROB_LEN_DIST,1.0,,1.0,131352662692972103786370035868633826923_eps0_s0,,1e-10,1.313526626929721e+38,42.0,5.0,Helpdesk,1.2
6.351794976741076,0.620178875578418,0.4451851990403282,0.0045294413688978,0.4251998720931027,1.270358995348215,14349050.263679568,0.3716773688793182,0.3616253144921327,0.4131613899280256,0.4341825427835125,0.3947322480380535,1.702713893726468,0.3301459486663312,21.0,0.4866488577844472,0.7195998351844538,0.0823936238884925,1.0,0.0,2.539636353030801,8557.0,0.842853296256645,5.0,min_freq_conf,['None'],"['nap', 'rtp']",0.8,21.0,1.0,PROB_LEN_DIST,1.0,,1.0,248583946623631345077453797542949045243_eps1_s0,,1e-10,2.4858394662363133e+38,42.0,5.0,EnvPermit,1.2
12.073315164074302,0.6884220173935061,0.639472667953234,0.0,0.630661839546593,2.41466303281486,14349048.822828548,0.2634021993726492,0.2644699017613541,0.6296683754755598,0.6323774311213068,0.328347347676754,3.1736376117914915,0.3788249694002448,38.0,0.6595265158357861,0.758722517932805,0.0773599073290824,1.0,0.0,3.5587394144386053,20175.0,0.8783586659947175,5.0,min_freq_conf,['None'],"['nap', 'rtp']",0.8,21.0,1.0,PROB_LEN_DIST,1.0,,1.0,242238515299935744953958665941280829308_eps1_s0,,1e-10,2.4223851529993574e+38,42.0,5.0,BPI2013_Closed,1.2
6.351794976741076,0.8325203262248108,0.7564169415236898,0.0040609137055837,0.7547420872512614,1.270358995348215,14349045.251703128,0.3716773688793182,0.5147793917620908,0.7547420872512614,0.7550404219204215,0.3907963577657938,1.547527901828289,0.8106598984771574,28.0,0.7792833804896714,0.8850249814379517,0.0783668216317892,1.0,0.0,4.478119930252433,8540.0,0.954069718612197,3.0,min_freq_conf,['None'],"['nap', 'rtp']",0.8,21.0,1.0,PROB_LEN_DIST,1.0,,1.0,248583946623631345077453797542949045243_eps0_s0,,1e-10,2.4858394662363133e+38,42.0,5.0,EnvPermit,1.2
12.073315164074302,0.7825454491307723,0.7502758760757033,0.0006544502617801,0.7484109208487378,2.41466303281486,14349041.407049255,0.2634021993726492,0.4347958627471527,0.7484109208487378,0.748532529954399,0.2716032285243273,3.0397815387696028,0.6989528795811518,38.0,0.762698064878468,0.8349297793926579,0.0962033495306968,1.0,0.0,4.744089838117361,20828.0,0.9314167057204912,3.0,min_freq_conf,['None'],"['nap', 'rtp']",0.8,21.0,1.0,PROB_LEN_DIST,1.0,,1.0,242238515299935744953958665941280829308_eps0_s0,,1e-10,2.4223851529993574e+38,42.0,5.0,BPI2013_Closed,1.2
6.351794976741076,0.8353946834673229,0.7667957697135511,0.0005050505050505,0.7638548028109089,1.270358995348215,14349038.46020582,0.3716773688793182,0.5705786479827557,0.7638548028109089,0.7640510050291698,0.389916742220521,1.5379607155919075,0.8186868686868687,28.0,0.7869158554853746,0.8863586306411616,0.0743224769830703,1.0,0.0,4.204635435715318,8558.0,0.9547086209987268,3.0,min_freq_conf,['None'],"['nap', 'rtp']",0.8,21.0,1.0,PROB_LEN_DIST,1.0,,1.0,248583946623631345077453797542949045243_eps0_s0,,1e-10,2.4858394662363133e+38,42.0,5.0,EnvPermit,1.2
6.351794976741076,0.8346125013960606,0.7594279462378599,0.0053606237816764,0.7534257293806063,1.270358995348215,14349031.981010152,0.3716773688793182,0.5267046602951742,0.7534025232170491,0.754612288183875,0.4125339090824127,1.578036254271865,0.8172514619883041,28.0,0.782631244974524,0.8880934667677871,0.0762617699801921,1.0,0.0,4.42117977142334,8347.0,0.9559956151599164,3.0,min_freq_conf,['None'],"['nap', 'rtp']",0.8,21.0,1.0,PROB_LEN_DIST,1.0,,1.0,248583946623631345077453797542949045243_eps0_s0,,1e-10,2.4858394662363133e+38,42.0,5.0,EnvPermit,1.2
12.073315164074302,0.7882379472487078,0.7441993674004935,0.000611620795107,0.7411324433176281,2.41466303281486,14349032.967324788,0.2634021993726492,0.392948956954961,0.741134975908912,0.7417019099739985,0.2804926205426454,2.972417928278446,0.6948012232415902,38.0,0.7589909094375873,0.8405536383346083,0.0777695253491401,1.0,0.0,4.665329599753022,20301.0,0.9338903301662836,3.0,min_freq_conf,['None'],"['nap', 'rtp']",0.8,21.0,1.0,PROB_LEN_DIST,1.0,,1.0,242238515299935744953958665941280829308_eps0_s0,,1e-10,2.4223851529993574e+38,42.0,5.0,BPI2013_Closed,1.2
19.74536090902984,0.8939833993119783,0.9122975865700906,0.0015417228753131,0.9122867667866752,3.949072181805968,14349048.715299204,0.3946181647479534,0.4742861127863244,0.9122867667866752,0.9122867667866752,0.747716773301363,9.295604720711708,0.8618230873000579,18.0,0.8993730499174738,0.923411356635487,0.0837833322584629,1.0,0.0,19.062007009983063,12576.0,0.9685559446014288,3.0,min_freq_conf,['None'],"['nap', 'rtp']",0.8,21.0,1.0,PROB_LEN_DIST,1.0,,1.0,131352662692972103786370035868633826923_eps0_s0,,1e-10,1.313526626929721e+38,42.0,5.0,Helpdesk,1.2
6.351794976741076,0.8112427255111426,0.7325308076367452,0.0019782393669634,0.7310593254580922,1.270358995348215,14349025.209634077,0.3716773688793182,0.5256121094680668,0.7310593254580922,0.7311030694207024,0.4387793242931366,1.6296521555632353,0.7952522255192879,28.0,0.7547739689193391,0.8689644213983108,0.1115504689514637,1.0,0.0,4.727872373536229,8723.0,0.947934225901584,3.0,min_freq_conf,['None'],"['nap', 'rtp']",0.8,21.0,1.0,PROB_LEN_DIST,1.0,,1.0,248583946623631345077453797542949045243_eps0_s0,,1e-10,2.4858394662363133e+38,42.0,5.0,EnvPermit,1.2
12.073315164074302,0.7836202751498159,0.7320187542732026,0.0011933174224343,0.7241337743334826,2.41466303281486,14349024.685085213,0.2634021993726492,0.3776917129257707,0.7235407618572023,0.7256879844885737,0.300768481567502,2.7738347705453634,0.6694510739856802,38.0,0.7524020435518836,0.8402329935031962,0.0742141436785459,1.0,0.0,4.515891686081886,19311.0,0.9320595563778789,3.0,min_freq_conf,['None'],"['nap', 'rtp']",0.8,21.0,1.0,PROB_LEN_DIST,1.0,,1.0,242238515299935744953958665941280829308_eps0_s0,,1e-10,2.4223851529993574e+38,42.0,5.0,BPI2013_Closed,1.2
6.351794976741076,0.8277576590898585,0.7540027461076937,0.0045294413688978,0.7483527689365155,1.270358995348215,14349018.015292326,0.3716773688793182,0.5517194474727809,0.7475134277790947,0.7504463232777004,0.4056511204689741,1.596469486132264,0.8062405636638148,21.0,0.7765925934202845,0.8815577927425328,0.0794318541884422,1.0,0.0,4.579936860129237,8557.0,0.9535609746750048,3.0,min_freq_conf,['None'],"['nap', 'rtp']",0.8,21.0,1.0,PROB_LEN_DIST,1.0,,1.0,248583946623631345077453797542949045243_eps0_s0,,1e-10,2.4858394662363133e+38,42.0,5.0,EnvPermit,1.2
12.073315164074302,0.785206237283567,0.7351902018606441,0.0,0.7272016348877465,2.41466303281486,14349016.754093494,0.2634021993726492,0.4494633451745759,0.7252243528520957,0.7293370834977277,0.285117557272315,2.975026447325945,0.6810035842293907,32.0,0.754642470843404,0.8422029358770107,0.0778546463698148,1.0,0.0,4.787529181689024,20098.0,0.9348546074014176,3.0,min_freq_conf,['None'],"['nap', 'rtp']",0.8,21.0,1.0,PROB_LEN_DIST,1.0,,1.0,242238515299935744953958665941280829308_eps0_s0,,1e-10,2.4223851529993574e+38,42.0,5.0,BPI2013_Closed,1.2
12.073315164074302,0.7967679819909153,0.7484004036880725,0.0,0.7394339170160334,2.41466303281486,14349008.310271865,0.2634021993726492,0.4488663834219618,0.7384193496655505,0.7411684564245125,0.3009753618389368,2.9311199579387903,0.6903304773561811,38.0,0.7707232949961507,0.8464856678589078,0.0713645294308662,1.0,0.0,4.73816435597837,20175.0,0.9362217019249304,3.0,min_freq_conf,['None'],"['nap', 'rtp']",0.8,21.0,1.0,PROB_LEN_DIST,1.0,,1.0,242238515299935744953958665941280829308_eps0_s0,,1e-10,2.4223851529993574e+38,42.0,5.0,BPI2013_Closed,1.2
