metrics.fit_duration,metrics.rtp_duration,metrics.process_stage_width,metrics.rtp_similarity,metrics.nap_eval_duration,metrics.avg_pruned_patterns_per_stage,metrics.rtp_eval_duration,metrics.rtp_similarity_h_2,metrics.prep_duration,metrics.rtp_similarity_h_20,metrics.avg_unpruned_patterns_per_stage,metrics.rtp_similarity_h_1,metrics.nap_balanced_accuracy,metrics.none_share,metrics.n_process_stages,metrics.total_run_time,metrics.nap_duration,metrics.rtp_similarity_h_15,metrics.rtp_similarity_h_5,metrics.rtp_similarity_h_10,metrics.nap_accuracy,metrics.rtp_similarity_h_3,params.max_pattern_size_train,params.cv_folds,params.train_pct,params.max_pattern_size_eval,params.ncores,params.filter_sequences,params.prune_func,params.base_cv_hash,params.process_stage_width_percentage,params.min_freq,params.break_buffer,params.random_seed,params.weight,params.model_config,params.weights,params.task,params.cv_hash,params.dataset,params.selection_method
947.2535028420386,115.92671881057322,97.4,0.33692578349793656,0.20245091505348678,0.0,28.06969047486782,0.8565262869693836,1.9419319611042734,0.3781676714022816,232645.8,0.9256893025715872,0.4165202134421624,3.3761921024480055e-05,1.0,1739.1285686630756,119.57105377689004,0.42224607712209244,0.682158606323539,0.5122451501610448,0.45475233143673216,0.7903014881288116,21.0,5.0,0.8,3.0,12.0,1.0,,2.5233656069354052e+38,1.0,1e-15,1.2,42.0,0.0,exhaustive_selection_config,"[[0, 0.1, 0.2, 0.3, 0.4, 0.5, 0.6, 0.7, 0.8, 0.9, 1]]","['nap', 'rtp']",252336560693540533935881068298825202077_eps0_s0,BPI2012_C,WEIGHTED_PROBS_LEN
947.2535028420386,1100.5569809116423,97.4,0.1889185800740062,0.20012720935046668,0.0,43.67759937606752,0.9703603709411827,1.9419319611042734,0.8397958927035669,232645.8,0.9817192542692293,0.5843796058071027,3.3761921024480055e-05,1.0,6010.455415522307,119.65837554037572,0.8820391549851632,0.9554431751945927,0.9220130681401292,0.7624006623067557,0.9641427217299672,21.0,5.0,0.8,3.0,12.0,1.0,,2.5233656069354052e+38,1.0,1e-15,1.2,42.0,0.1,exhaustive_selection_config,"[[0, 0.1, 0.2, 0.3, 0.4, 0.5, 0.6, 0.7, 0.8, 0.9, 1]]","['nap', 'rtp']",252336560693540533935881068298825202077_eps0_s1,BPI2012_C,WEIGHTED_PROBS_LEN
947.2535028420386,1127.321277732402,97.4,0.1889185800740062,0.20206169709563251,0.0,41.278020261600616,0.9703603709411827,1.9419319611042734,0.8397958927035669,232645.8,0.9817192542692293,0.5843796058071027,3.3761921024480055e-05,1.0,63157.840561792626,123.20013330727815,0.8820391549851632,0.9554431751945927,0.9220130681401292,0.7624006623067557,0.9641427217299672,21.0,5.0,0.8,3.0,12.0,1.0,,2.5233656069354052e+38,1.0,1e-15,1.2,42.0,1.0,exhaustive_selection_config,"[[0, 0.1, 0.2, 0.3, 0.4, 0.5, 0.6, 0.7, 0.8, 0.9, 1]]","['nap', 'rtp']",252336560693540533935881068298825202077_eps0_s10,BPI2012_C,WEIGHTED_PROBS_LEN
947.2535028420386,1101.97463423647,97.4,0.1889185800740062,0.2037932183593511,0.0,43.81889468953013,0.9703603709411827,1.9419319611042734,0.8397958927035669,232645.8,0.9817192542692293,0.5843796058071027,3.3761921024480055e-05,1.0,12338.265846079215,120.16883880235255,0.8820391549851632,0.9554431751945927,0.9220130681401292,0.7624006623067557,0.9641427217299672,21.0,5.0,0.8,3.0,12.0,1.0,,2.5233656069354052e+38,1.0,1e-15,1.2,42.0,0.2,exhaustive_selection_config,"[[0, 0.1, 0.2, 0.3, 0.4, 0.5, 0.6, 0.7, 0.8, 0.9, 1]]","['nap', 'rtp']",252336560693540533935881068298825202077_eps0_s2,BPI2012_C,WEIGHTED_PROBS_LEN
947.2535028420386,1102.108159916103,97.4,0.1889185800740062,0.20212164409458633,0.0,43.93915673196316,0.9703603709411827,1.9419319611042734,0.8397958927035669,232645.8,0.9817192542692293,0.5843796058071027,3.3761921024480055e-05,1.0,18678.25006379895,120.07348771765828,0.8820391549851632,0.9554431751945927,0.9220130681401292,0.7624006623067557,0.9641427217299672,21.0,5.0,0.8,3.0,12.0,1.0,,2.5233656069354052e+38,1.0,1e-15,1.2,42.0,0.3,exhaustive_selection_config,"[[0, 0.1, 0.2, 0.3, 0.4, 0.5, 0.6, 0.7, 0.8, 0.9, 1]]","['nap', 'rtp']",252336560693540533935881068298825202077_eps0_s3,BPI2012_C,WEIGHTED_PROBS_LEN
947.2535028420386,1109.224511603266,97.4,0.1889185800740062,0.2009043481200933,0.0,42.96978775672615,0.9703603709411827,1.9419319611042734,0.8397958927035669,232645.8,0.9817192542692293,0.5843796058071027,3.3761921024480055e-05,1.0,25038.34524942599,119.72597544752061,0.8820391549851632,0.9554431751945927,0.9220130681401292,0.7624006623067557,0.9641427217299672,21.0,5.0,0.8,3.0,12.0,1.0,,2.5233656069354052e+38,1.0,1e-15,1.2,42.0,0.4,exhaustive_selection_config,"[[0, 0.1, 0.2, 0.3, 0.4, 0.5, 0.6, 0.7, 0.8, 0.9, 1]]","['nap', 'rtp']",252336560693540533935881068298825202077_eps0_s4,BPI2012_C,WEIGHTED_PROBS_LEN
947.2535028420386,1108.556227588281,97.4,0.1889185800740062,0.20303207077085972,0.0,41.02401932142675,0.9703603709411827,1.9419319611042734,0.8397958927035669,232645.8,0.9817192542692293,0.5843796058071027,3.3761921024480055e-05,1.0,31382.351330386475,118.8643198184669,0.8820391549851632,0.9554431751945927,0.9220130681401292,0.7624006623067557,0.9641427217299672,21.0,5.0,0.8,3.0,12.0,1.0,,2.5233656069354052e+38,1.0,1e-15,1.2,42.0,0.5,exhaustive_selection_config,"[[0, 0.1, 0.2, 0.3, 0.4, 0.5, 0.6, 0.7, 0.8, 0.9, 1]]","['nap', 'rtp']",252336560693540533935881068298825202077_eps0_s5,BPI2012_C,WEIGHTED_PROBS_LEN
947.2535028420386,1098.7865467563272,97.4,0.1889185800740062,0.2135299306362867,0.0,40.70158413797617,0.9703603709411827,1.9419319611042734,0.8397958927035669,232645.8,0.9817192542692293,0.5843796058071027,3.3761921024480055e-05,1.0,37697.538865756615,118.41903442591429,0.8820391549851632,0.9554431751945927,0.9220130681401292,0.7624006623067557,0.9641427217299672,21.0,5.0,0.8,3.0,12.0,1.0,,2.5233656069354052e+38,1.0,1e-15,1.2,42.0,0.6,exhaustive_selection_config,"[[0, 0.1, 0.2, 0.3, 0.4, 0.5, 0.6, 0.7, 0.8, 0.9, 1]]","['nap', 'rtp']",252336560693540533935881068298825202077_eps0_s6,BPI2012_C,WEIGHTED_PROBS_LEN
947.2535028420386,1102.6634698219598,97.4,0.1889185800740062,0.20120890699326988,0.0,41.27180605344474,0.9703603709411827,1.9419319611042734,0.8397958927035669,232645.8,0.9817192542692293,0.5843796058071027,3.3761921024480055e-05,1.0,43991.6705254063,118.28336286582052,0.8820391549851632,0.9554431751945927,0.9220130681401292,0.7624006623067557,0.9641427217299672,21.0,5.0,0.8,3.0,12.0,1.0,,2.5233656069354052e+38,1.0,1e-15,1.2,42.0,0.7,exhaustive_selection_config,"[[0, 0.1, 0.2, 0.3, 0.4, 0.5, 0.6, 0.7, 0.8, 0.9, 1]]","['nap', 'rtp']",252336560693540533935881068298825202077_eps0_s7,BPI2012_C,WEIGHTED_PROBS_LEN
947.2535028420386,1119.0454986859113,97.4,0.1889185800740062,0.2018628392368555,0.0,41.45566341429949,0.9703603709411827,1.9419319611042734,0.8397958927035669,232645.8,0.9817192542692293,0.5843796058071027,3.3761921024480055e-05,1.0,50323.31195777804,118.61270732134581,0.8820391549851632,0.9554431751945927,0.9220130681401292,0.7624006623067557,0.9641427217299672,21.0,5.0,0.8,3.0,12.0,1.0,,2.5233656069354052e+38,1.0,1e-15,1.2,42.0,0.8,exhaustive_selection_config,"[[0, 0.1, 0.2, 0.3, 0.4, 0.5, 0.6, 0.7, 0.8, 0.9, 1]]","['nap', 'rtp']",252336560693540533935881068298825202077_eps0_s8,BPI2012_C,WEIGHTED_PROBS_LEN
947.2535028420386,1107.9944243196398,97.4,0.1889185800740062,0.20168174430727953,0.0,41.30374956652522,0.9703603709411827,1.9419319611042734,0.8397958927035669,232645.8,0.9817192542692293,0.5843796058071027,3.3761921024480055e-05,1.0,56728.54637245871,117.725327231735,0.8820391549851632,0.9554431751945927,0.9220130681401292,0.7624006623067557,0.9641427217299672,21.0,5.0,0.8,3.0,12.0,1.0,,2.5233656069354052e+38,1.0,1e-15,1.2,42.0,0.9,exhaustive_selection_config,"[[0, 0.1, 0.2, 0.3, 0.4, 0.5, 0.6, 0.7, 0.8, 0.9, 1]]","['nap', 'rtp']",252336560693540533935881068298825202077_eps0_s9,BPI2012_C,WEIGHTED_PROBS_LEN
947.2535028420386,123.68462427705526,97.4,0.33692578349793656,0.19721772186458106,0.0,29.715793097019194,0.8565262869693836,1.9419319611042734,0.3781676714022816,232645.8,0.9256893025715872,0.41410671968404317,3.3761921024480055e-05,1.0,66600.30072711743,117.11883317865431,0.42224607712209244,0.682158606323539,0.5122451501610448,0.45339162323555204,0.7903014881288116,21.0,5.0,0.8,5.0,12.0,1.0,,2.5233656069354052e+38,1.0,1e-15,1.2,42.0,0.0,exhaustive_selection_config,"[[0, 0.1, 0.2, 0.3, 0.4, 0.5, 0.6, 0.7, 0.8, 0.9, 1]]","['nap', 'rtp']",252336560693540533935881068298825202077_eps1_s0,BPI2012_C,WEIGHTED_PROBS_LEN
947.2535028420386,704.6074351787568,97.4,0.298109005962238,0.19525061696767806,0.0,36.276265781745316,0.9257336481486658,1.9419319611042734,0.6853450348011607,232645.8,0.9598702558328706,0.5330327684299214,3.3761921024480055e-05,1.0,69697.16892001666,126.62658763490617,0.7295072426316291,0.8498334889266325,0.7865883353768293,0.7025676681326514,0.8924480498814809,21.0,5.0,0.8,5.0,12.0,1.0,,2.5233656069354052e+38,1.0,1e-15,1.2,42.0,0.1,exhaustive_selection_config,"[[0, 0.1, 0.2, 0.3, 0.4, 0.5, 0.6, 0.7, 0.8, 0.9, 1]]","['nap', 'rtp']",252336560693540533935881068298825202077_eps1_s1,BPI2012_C,WEIGHTED_PROBS_LEN
947.2535028420386,121.05733201727271,97.4,0.38328908596184413,0.1957148097455501,0.0,29.48366884328425,0.8714458288452815,1.9419319611042734,0.4245464848838302,232645.8,0.9305447365535711,0.4441039402773561,3.3761921024480055e-05,1.0,83201.92558396496,116.55791650861502,0.4674709512236677,0.7127185246982491,0.5537007646168831,0.49540375225046046,0.814092915533697,21.0,5.0,0.8,5.0,12.0,1.0,,2.5233656069354052e+38,1.0,1e-15,1.2,42.0,1.0,exhaustive_selection_config,"[[0, 0.1, 0.2, 0.3, 0.4, 0.5, 0.6, 0.7, 0.8, 0.9, 1]]","['nap', 'rtp']",252336560693540533935881068298825202077_eps1_s10,BPI2012_C,WEIGHTED_PROBS_LEN
947.2535028420386,142.26681735776364,97.4,0.4002074981121414,0.19335435219109054,0.0,29.793821987509727,0.8730975198526607,1.9419319611042734,0.4514574970677101,232645.8,0.931938457738059,0.4780545755768487,3.3761921024480055e-05,1.0,72364.0035432972,119.64752397648991,0.49235741688881945,0.7189375962888315,0.5702590016032821,0.5366397031558833,0.8135400258860013,21.0,5.0,0.8,5.0,12.0,1.0,,2.5233656069354052e+38,1.0,1e-15,1.2,42.0,0.2,exhaustive_selection_config,"[[0, 0.1, 0.2, 0.3, 0.4, 0.5, 0.6, 0.7, 0.8, 0.9, 1]]","['nap', 'rtp']",252336560693540533935881068298825202077_eps1_s2,BPI2012_C,WEIGHTED_PROBS_LEN
947.2535028420386,126.2678404983133,97.4,0.41452055622615047,0.20035334378480907,0.0,29.389513920992613,0.8805281506653018,1.9419319611042734,0.454399681489312,232645.8,0.934531113056158,0.4641850043087798,3.3761921024480055e-05,1.0,73747.38257199712,119.52361499629914,0.49464377561706313,0.7288700402537533,0.5729592880502348,0.5173840648812648,0.8262143571134528,21.0,5.0,0.8,5.0,12.0,1.0,,2.5233656069354052e+38,1.0,1e-15,1.2,42.0,0.3,exhaustive_selection_config,"[[0, 0.1, 0.2, 0.3, 0.4, 0.5, 0.6, 0.7, 0.8, 0.9, 1]]","['nap', 'rtp']",252336560693540533935881068298825202077_eps1_s3,BPI2012_C,WEIGHTED_PROBS_LEN
947.2535028420386,120.80486745759845,97.4,0.41423512926002914,0.19611564837396142,0.0,29.516104271262883,0.8805495386671099,1.9419319611042734,0.45411337783622424,232645.8,0.9345184196709738,0.46358749852462366,3.3761921024480055e-05,1.0,75124.15363790802,119.85911305658519,0.4943662560028016,0.7287123081697123,0.57270990308755,0.5169114886193806,0.826185009916579,21.0,5.0,0.8,5.0,12.0,1.0,,2.5233656069354052e+38,1.0,1e-15,1.2,42.0,0.4,exhaustive_selection_config,"[[0, 0.1, 0.2, 0.3, 0.4, 0.5, 0.6, 0.7, 0.8, 0.9, 1]]","['nap', 'rtp']",252336560693540533935881068298825202077_eps1_s4,BPI2012_C,WEIGHTED_PROBS_LEN
947.2535028420386,124.04661799035966,97.4,0.41423258954177167,0.19658374711871143,0.0,29.545457581058145,0.8805533082024735,1.9419319611042734,0.4541115296934307,232645.8,0.9345127586151074,0.4636491045690584,3.3761921024480055e-05,1.0,76489.59247158133,116.0904473748058,0.49436675968021965,0.728710442539732,0.5727106799659617,0.5167557877111882,0.8261916935437208,21.0,5.0,0.8,5.0,12.0,1.0,,2.5233656069354052e+38,1.0,1e-15,1.2,42.0,0.5,exhaustive_selection_config,"[[0, 0.1, 0.2, 0.3, 0.4, 0.5, 0.6, 0.7, 0.8, 0.9, 1]]","['nap', 'rtp']",252336560693540533935881068298825202077_eps1_s5,BPI2012_C,WEIGHTED_PROBS_LEN
947.2535028420386,124.57231718152761,97.4,0.4120466506817245,0.1944090370088815,0.0,29.432025764137506,0.880031562152342,1.9419319611042734,0.4524103650844558,232645.8,0.9342230211241382,0.4627470304854449,3.3761921024480055e-05,1.0,77864.30188376308,124.3043039560318,0.49328243102308056,0.7275538800998284,0.5725530732949726,0.5158871817480868,0.8253991522565546,21.0,5.0,0.8,5.0,12.0,1.0,,2.5233656069354052e+38,1.0,1e-15,1.2,42.0,0.6,exhaustive_selection_config,"[[0, 0.1, 0.2, 0.3, 0.4, 0.5, 0.6, 0.7, 0.8, 0.9, 1]]","['nap', 'rtp']",252336560693540533935881068298825202077_eps1_s6,BPI2012_C,WEIGHTED_PROBS_LEN
947.2535028420386,116.68980688489974,97.4,0.41001797736660706,0.1965507138520479,0.0,29.699603343382478,0.8799745026512987,1.9419319611042734,0.45049509291847417,232645.8,0.9341268898553517,0.4619766680264751,3.3761921024480055e-05,1.0,79198.58365206308,117.78018562495708,0.491819645202929,0.727532933752536,0.5732669194515854,0.5148020744605984,0.8253082076565852,21.0,5.0,0.8,5.0,12.0,1.0,,2.5233656069354052e+38,1.0,1e-15,1.2,42.0,0.7,exhaustive_selection_config,"[[0, 0.1, 0.2, 0.3, 0.4, 0.5, 0.6, 0.7, 0.8, 0.9, 1]]","['nap', 'rtp']",252336560693540533935881068298825202077_eps1_s7,BPI2012_C,WEIGHTED_PROBS_LEN
947.2535028420386,120.15600360743701,97.4,0.4100383626326051,0.19931903705000875,0.0,29.497065825387836,0.8799940642517988,1.9419319611042734,0.45051547818447224,232645.8,0.9341278146292866,0.4619952360371258,3.3761921024480055e-05,1.0,80538.66122374572,116.05115898549556,0.4918402163600997,0.7275468289751656,0.573285074193642,0.5148634870005822,0.8253346139515939,21.0,5.0,0.8,5.0,12.0,1.0,,2.5233656069354052e+38,1.0,1e-15,1.2,42.0,0.8,exhaustive_selection_config,"[[0, 0.1, 0.2, 0.3, 0.4, 0.5, 0.6, 0.7, 0.8, 0.9, 1]]","['nap', 'rtp']",252336560693540533935881068298825202077_eps1_s8,BPI2012_C,WEIGHTED_PROBS_LEN
947.2535028420386,115.71512694470584,97.4,0.4096269304169102,0.19769517704844472,0.0,29.581584656238554,0.8795318361265979,1.9419319611042734,0.4500780770959585,232645.8,0.934071646798729,0.4617234403173377,3.3761921024480055e-05,1.0,81872.02230512389,117.50898849666119,0.49139077901117456,0.7272587882829724,0.5728312078231863,0.5147117441940713,0.8250572635199009,21.0,5.0,0.8,5.0,12.0,1.0,,2.5233656069354052e+38,1.0,1e-15,1.2,42.0,0.9,exhaustive_selection_config,"[[0, 0.1, 0.2, 0.3, 0.4, 0.5, 0.6, 0.7, 0.8, 0.9, 1]]","['nap', 'rtp']",252336560693540533935881068298825202077_eps1_s9,BPI2012_C,WEIGHTED_PROBS_LEN
947.2535028420386,124.55209435746073,97.4,0.33692578349793656,0.19865789823234076,0.0,30.345648770406843,0.8565262869693836,1.9419319611042734,0.3781676714022816,232645.8,0.9256893025715872,0.4132475374181867,3.3761921024480055e-05,1.0,84577.62683254629,124.96519722342491,0.42224607712209244,0.682158606323539,0.5122451501610448,0.45343545414937053,0.7903014881288116,21.0,5.0,0.8,7.0,12.0,1.0,,2.5233656069354052e+38,1.0,1e-15,1.2,42.0,0.0,exhaustive_selection_config,"[[0, 0.1, 0.2, 0.3, 0.4, 0.5, 0.6, 0.7, 0.8, 0.9, 1]]","['nap', 'rtp']",252336560693540533935881068298825202077_eps2_s0,BPI2012_C,WEIGHTED_PROBS_LEN
947.2535028420386,787.9439360417425,97.4,0.3076947456740177,0.20360328070819372,0.0,37.12210341729224,0.9503466839542727,1.9419319611042734,0.7340601559328882,232645.8,0.9748924983900601,0.5698382874324537,3.3761921024480055e-05,1.0,87913.78880818412,122.7948271740228,0.7765731343681561,0.8885760705876354,0.8285349782976542,0.7262756128440462,0.9272039040101833,21.0,5.0,0.8,7.0,12.0,1.0,,2.5233656069354052e+38,1.0,1e-15,1.2,42.0,0.1,exhaustive_selection_config,"[[0, 0.1, 0.2, 0.3, 0.4, 0.5, 0.6, 0.7, 0.8, 0.9, 1]]","['nap', 'rtp']",252336560693540533935881068298825202077_eps2_s1,BPI2012_C,WEIGHTED_PROBS_LEN
947.2535028420386,121.78743061944843,97.4,0.36835039591067814,0.19737414978444573,0.0,30.213673875108363,0.8770216980992792,1.9419319611042734,0.420781540752614,232645.8,0.9386143185059055,0.477839638087343,3.3761921024480055e-05,1.0,101288.4979214929,119.75494333207607,0.4679099603243243,0.7183422387302886,0.5595486563320938,0.5331058895161866,0.8181632071527172,21.0,5.0,0.8,7.0,12.0,1.0,,2.5233656069354052e+38,1.0,1e-15,1.2,42.0,1.0,exhaustive_selection_config,"[[0, 0.1, 0.2, 0.3, 0.4, 0.5, 0.6, 0.7, 0.8, 0.9, 1]]","['nap', 'rtp']",252336560693540533935881068298825202077_eps2_s10,BPI2012_C,WEIGHTED_PROBS_LEN
947.2535028420386,122.00806659124791,97.4,0.4319655639875865,0.19521688446402544,0.0,30.123814845830204,0.896488711653671,1.9419319611042734,0.5020323818669397,232645.8,0.9456473668171614,0.5230837687338048,3.3761921024480055e-05,1.0,90691.5160200715,116.81890611611307,0.541553957887303,0.7622745920442957,0.6172145405804211,0.5592134479972991,0.8493805169781308,21.0,5.0,0.8,7.0,12.0,1.0,,2.5233656069354052e+38,1.0,1e-15,1.2,42.0,0.2,exhaustive_selection_config,"[[0, 0.1, 0.2, 0.3, 0.4, 0.5, 0.6, 0.7, 0.8, 0.9, 1]]","['nap', 'rtp']",252336560693540533935881068298825202077_eps2_s2,BPI2012_C,WEIGHTED_PROBS_LEN
947.2535028420386,114.21488531939686,97.4,0.43042349015271153,0.19691681936383243,0.0,30.273468603938817,0.8968184855105378,1.9419319611042734,0.5036383362243718,232645.8,0.9456023291175221,0.5203735275663226,3.3761921024480055e-05,1.0,92017.03297329135,118.21588636897505,0.543282225810255,0.7635598115945156,0.6188958468092158,0.556202905116856,0.8501438498335354,21.0,5.0,0.8,7.0,12.0,1.0,,2.5233656069354052e+38,1.0,1e-15,1.2,42.0,0.3,exhaustive_selection_config,"[[0, 0.1, 0.2, 0.3, 0.4, 0.5, 0.6, 0.7, 0.8, 0.9, 1]]","['nap', 'rtp']",252336560693540533935881068298825202077_eps2_s3,BPI2012_C,WEIGHTED_PROBS_LEN
947.2535028420386,114.62466205172241,97.4,0.43045335062331996,0.19659615792334076,0.0,30.12726309709251,0.8968364804092939,1.9419319611042734,0.5036761799769106,232645.8,0.9456045684725207,0.5203666618132539,3.3761921024480055e-05,1.0,93330.63890265748,117.44345465861261,0.5433398687114795,0.763563008949458,0.6189198078686646,0.5561804344113284,0.850154109815896,21.0,5.0,0.8,7.0,12.0,1.0,,2.5233656069354052e+38,1.0,1e-15,1.2,42.0,0.4,exhaustive_selection_config,"[[0, 0.1, 0.2, 0.3, 0.4, 0.5, 0.6, 0.7, 0.8, 0.9, 1]]","['nap', 'rtp']",252336560693540533935881068298825202077_eps2_s4,BPI2012_C,WEIGHTED_PROBS_LEN
947.2535028420386,113.84612746462226,97.4,0.4291393217354617,0.20093830637633797,0.0,30.107557960227133,0.8962718320712059,1.9419319611042734,0.5023597823687986,232645.8,0.945803120844048,0.5197867967806902,3.3761921024480055e-05,1.0,94643.11610967368,117.52798640169203,0.542021588985146,0.7621693377521823,0.6175740691812723,0.5556837822545944,0.8488207855264804,21.0,5.0,0.8,7.0,12.0,1.0,,2.5233656069354052e+38,1.0,1e-15,1.2,42.0,0.5,exhaustive_selection_config,"[[0, 0.1, 0.2, 0.3, 0.4, 0.5, 0.6, 0.7, 0.8, 0.9, 1]]","['nap', 'rtp']",252336560693540533935881068298825202077_eps2_s5,BPI2012_C,WEIGHTED_PROBS_LEN
947.2535028420386,113.47425083704293,97.4,0.42916370151274236,0.197274575009942,0.0,30.175160091370344,0.8962719411567066,1.9419319611042734,0.5023827115674798,232645.8,0.9458039050895517,0.5198049127227191,3.3761921024480055e-05,1.0,95951.55629684143,116.83199504315853,0.5420423065469895,0.7621764094679752,0.617592907805611,0.5556893415163244,0.8488264140369155,21.0,5.0,0.8,7.0,12.0,1.0,,2.5233656069354052e+38,1.0,1e-15,1.2,42.0,0.6,exhaustive_selection_config,"[[0, 0.1, 0.2, 0.3, 0.4, 0.5, 0.6, 0.7, 0.8, 0.9, 1]]","['nap', 'rtp']",252336560693540533935881068298825202077_eps2_s6,BPI2012_C,WEIGHTED_PROBS_LEN
947.2535028420386,113.16828447952867,97.4,0.4291707301050559,0.19718704037368293,0.0,30.41234524846077,0.8962789697490201,1.9419319611042734,0.5023897401597933,232645.8,0.9458067165264772,0.5198405252583317,3.3761921024480055e-05,1.0,97258.45808976106,117.10321974344552,0.5420493351393031,0.7621834380602888,0.6175999363979245,0.5557005872640262,0.8488362540661545,21.0,5.0,0.8,7.0,12.0,1.0,,2.5233656069354052e+38,1.0,1e-15,1.2,42.0,0.7,exhaustive_selection_config,"[[0, 0.1, 0.2, 0.3, 0.4, 0.5, 0.6, 0.7, 0.8, 0.9, 1]]","['nap', 'rtp']",252336560693540533935881068298825202077_eps2_s7,BPI2012_C,WEIGHTED_PROBS_LEN
947.2535028420386,124.09869960620999,97.4,0.4291707301050559,0.19675008431076998,0.0,30.092590457201005,0.8962789697490201,1.9419319611042734,0.5023897401597933,232645.8,0.9458053108080143,0.5198227189905255,3.3761921024480055e-05,1.0,98603.74270040057,116.54606786966323,0.5420493351393031,0.7621834380602888,0.6175999363979245,0.5556949643901753,0.8488376597846171,21.0,5.0,0.8,7.0,12.0,1.0,,2.5233656069354052e+38,1.0,1e-15,1.2,42.0,0.8,exhaustive_selection_config,"[[0, 0.1, 0.2, 0.3, 0.4, 0.5, 0.6, 0.7, 0.8, 0.9, 1]]","['nap', 'rtp']",252336560693540533935881068298825202077_eps2_s8,BPI2012_C,WEIGHTED_PROBS_LEN
947.2535028420386,122.43851606585085,97.4,0.429731553031414,0.20055311284959307,0.0,30.210110959410667,0.8957360191234833,1.9419319611042734,0.4999067145812036,232645.8,0.9455681446490551,0.5197521971287482,3.3761921024480055e-05,1.0,99939.6669274602,117.21955348588526,0.5396166027965806,0.7608174693179872,0.6154601701576395,0.5556612271470703,0.8480193315678216,21.0,5.0,0.8,7.0,12.0,1.0,,2.5233656069354052e+38,1.0,1e-15,1.2,42.0,0.9,exhaustive_selection_config,"[[0, 0.1, 0.2, 0.3, 0.4, 0.5, 0.6, 0.7, 0.8, 0.9, 1]]","['nap', 'rtp']",252336560693540533935881068298825202077_eps2_s9,BPI2012_C,WEIGHTED_PROBS_LEN
947.2535028420386,119.42667061015963,97.4,0.33692578349793656,0.1984316065907478,0.0,29.784414024278522,0.8565262869693836,1.9419319611042734,0.3781676714022816,232645.8,0.9256893025715872,0.4132475374181867,3.3761921024480055e-05,1.0,102654.91650669053,120.27402780763805,0.42224607712209244,0.682158606323539,0.5122451501610448,0.45343545414937053,0.7903014881288116,21.0,5.0,0.8,9.0,12.0,1.0,,2.5233656069354052e+38,1.0,1e-15,1.2,42.0,0.0,exhaustive_selection_config,"[[0, 0.1, 0.2, 0.3, 0.4, 0.5, 0.6, 0.7, 0.8, 0.9, 1]]","['nap', 'rtp']",252336560693540533935881068298825202077_eps3_s0,BPI2012_C,WEIGHTED_PROBS_LEN
947.2535028420386,791.1029799580574,97.4,0.3219427257771583,0.20320555791258807,0.0,36.62056200057268,0.9527862279120685,1.9419319611042734,0.7317311808906515,232645.8,0.97665548260673,0.5877546435386669,3.3761921024480055e-05,1.0,106007.82972006612,117.71173755191266,0.7732588233476231,0.8893600881732044,0.825914340058481,0.7374343106009729,0.9286598408037307,21.0,5.0,0.8,9.0,12.0,1.0,,2.5233656069354052e+38,1.0,1e-15,1.2,42.0,0.1,exhaustive_selection_config,"[[0, 0.1, 0.2, 0.3, 0.4, 0.5, 0.6, 0.7, 0.8, 0.9, 1]]","['nap', 'rtp']",252336560693540533935881068298825202077_eps3_s1,BPI2012_C,WEIGHTED_PROBS_LEN
947.2535028420386,115.59709902554751,97.4,0.3923051747245065,0.19940395951271053,0.0,29.712485399469735,0.8913475651574391,1.9419319611042734,0.4383006116578404,232645.8,0.9456959493277581,0.5205560187432606,3.3761921024480055e-05,1.0,119662.27209003308,120.11468597576022,0.48441502940917014,0.7298382364640539,0.5744815241632659,0.5918732561601617,0.8292885678594015,21.0,5.0,0.8,9.0,12.0,1.0,,2.5233656069354052e+38,1.0,1e-15,1.2,42.0,1.0,exhaustive_selection_config,"[[0, 0.1, 0.2, 0.3, 0.4, 0.5, 0.6, 0.7, 0.8, 0.9, 1]]","['nap', 'rtp']",252336560693540533935881068298825202077_eps3_s10,BPI2012_C,WEIGHTED_PROBS_LEN
947.2535028420386,126.64642097242177,97.4,0.4473700503695506,0.19819390103220935,0.0,30.318551805242898,0.9046543959550576,1.9419319611042734,0.5053157878616015,232645.8,0.9501229943765426,0.5523105993670384,3.3761921024480055e-05,1.0,108776.0546882838,120.46752385832369,0.5465168356278212,0.7741766125030537,0.6282052347501577,0.5885882403383931,0.8586893687447004,21.0,5.0,0.8,9.0,12.0,1.0,,2.5233656069354052e+38,1.0,1e-15,1.2,42.0,0.2,exhaustive_selection_config,"[[0, 0.1, 0.2, 0.3, 0.4, 0.5, 0.6, 0.7, 0.8, 0.9, 1]]","['nap', 'rtp']",252336560693540533935881068298825202077_eps3_s2,BPI2012_C,WEIGHTED_PROBS_LEN
947.2535028420386,119.62870947010815,97.4,0.44712730870689327,0.20337345153093334,0.0,30.18508077338338,0.9044281979928659,1.9419319611042734,0.5041838740284705,232645.8,0.9499936318593922,0.5499466766379852,3.3761921024480055e-05,1.0,110117.53357736394,117.39739098958671,0.5451354997879446,0.7737000238793481,0.627528617162914,0.5875990316142332,0.8585073684489032,21.0,5.0,0.8,9.0,12.0,1.0,,2.5233656069354052e+38,1.0,1e-15,1.2,42.0,0.3,exhaustive_selection_config,"[[0, 0.1, 0.2, 0.3, 0.4, 0.5, 0.6, 0.7, 0.8, 0.9, 1]]","['nap', 'rtp']",252336560693540533935881068298825202077_eps3_s3,BPI2012_C,WEIGHTED_PROBS_LEN
947.2535028420386,123.48016530685126,97.4,0.44726655363088313,0.19704513773322102,0.0,30.206326733902095,0.9045576980126949,1.9419319611042734,0.50432290501871,232645.8,0.9501236120603267,0.5500235533305255,3.3761921024480055e-05,1.0,111472.7929665491,115.55814073644578,0.5452749847062885,0.7738315298736191,0.6276622631303999,0.5878532954608742,0.8586352946974845,21.0,5.0,0.8,9.0,12.0,1.0,,2.5233656069354052e+38,1.0,1e-15,1.2,42.0,0.4,exhaustive_selection_config,"[[0, 0.1, 0.2, 0.3, 0.4, 0.5, 0.6, 0.7, 0.8, 0.9, 1]]","['nap', 'rtp']",252336560693540533935881068298825202077_eps3_s4,BPI2012_C,WEIGHTED_PROBS_LEN
947.2535028420386,121.8070397246629,97.4,0.4460343259591994,0.1942947711795568,0.0,30.124617997184394,0.9040244472119907,1.9419319611042734,0.5030634180328251,232645.8,0.9503660692322373,0.5494371562657089,3.3761921024480055e-05,1.0,112828.6409966033,120.13065349161624,0.5440151517097993,0.7725018775083592,0.6263587235946054,0.5874477335801818,0.8573149976408624,21.0,5.0,0.8,9.0,12.0,1.0,,2.5233656069354052e+38,1.0,1e-15,1.2,42.0,0.5,exhaustive_selection_config,"[[0, 0.1, 0.2, 0.3, 0.4, 0.5, 0.6, 0.7, 0.8, 0.9, 1]]","['nap', 'rtp']",252336560693540533935881068298825202077_eps3_s5,BPI2012_C,WEIGHTED_PROBS_LEN
947.2535028420386,124.31797866895795,97.4,0.4460357571886254,0.19653058163821696,0.0,30.165471563488246,0.9040258784414167,1.9419319611042734,0.5030648492622513,232645.8,0.9503660692322373,0.5494371562657089,3.3761921024480055e-05,1.0,114198.61022222936,116.25765944570303,0.5440165829392255,0.7725033087377853,0.6263601548240315,0.5874477335801818,0.8573164288702884,21.0,5.0,0.8,9.0,12.0,1.0,,2.5233656069354052e+38,1.0,1e-15,1.2,42.0,0.6,exhaustive_selection_config,"[[0, 0.1, 0.2, 0.3, 0.4, 0.5, 0.6, 0.7, 0.8, 0.9, 1]]","['nap', 'rtp']",252336560693540533935881068298825202077_eps3_s6,BPI2012_C,WEIGHTED_PROBS_LEN
947.2535028420386,126.51937809474767,97.4,0.4460385686255509,0.19880473576486107,0.0,30.143513225018978,0.9040286898783421,1.9419319611042734,0.5030676606991766,232645.8,0.9503674749507001,0.5494549625335152,3.3761921024480055e-05,1.0,115586.02553246022,124.08910849653185,0.5440193943761509,0.7725061201747108,0.6263629662609569,0.5874533564540325,0.8573192403072138,21.0,5.0,0.8,9.0,12.0,1.0,,2.5233656069354052e+38,1.0,1e-15,1.2,42.0,0.7,exhaustive_selection_config,"[[0, 0.1, 0.2, 0.3, 0.4, 0.5, 0.6, 0.7, 0.8, 0.9, 1]]","['nap', 'rtp']",252336560693540533935881068298825202077_eps3_s7,BPI2012_C,WEIGHTED_PROBS_LEN
947.2535028420386,119.46760060936212,97.4,0.4460334416207264,0.20059474967420102,0.0,30.1456614471972,0.9040286136822029,1.9419319611042734,0.5030586068475454,232645.8,0.9503716389578821,0.5494549625335152,3.3761921024480055e-05,1.0,116934.11899569743,117.76285620965064,0.5440095573240784,0.7725032467339762,0.6263562772429154,0.5874533564540325,0.8573153326268104,21.0,5.0,0.8,9.0,12.0,1.0,,2.5233656069354052e+38,1.0,1e-15,1.2,42.0,0.8,exhaustive_selection_config,"[[0, 0.1, 0.2, 0.3, 0.4, 0.5, 0.6, 0.7, 0.8, 0.9, 1]]","['nap', 'rtp']",252336560693540533935881068298825202077_eps3_s8,BPI2012_C,WEIGHTED_PROBS_LEN
947.2535028420386,127.48841979429126,97.4,0.4460334416207264,0.20039657689630985,0.0,30.17930049300194,0.9040286136822029,1.9419319611042734,0.5030586068475454,232645.8,0.9503716389578821,0.5494549625335152,3.3761921024480055e-05,1.0,118298.85753007271,119.28513037860394,0.5440095573240784,0.7725032467339762,0.6263562772429154,0.5874533564540325,0.8573153326268104,21.0,5.0,0.8,9.0,12.0,1.0,,2.5233656069354052e+38,1.0,1e-15,1.2,42.0,0.9,exhaustive_selection_config,"[[0, 0.1, 0.2, 0.3, 0.4, 0.5, 0.6, 0.7, 0.8, 0.9, 1]]","['nap', 'rtp']",252336560693540533935881068298825202077_eps3_s9,BPI2012_C,WEIGHTED_PROBS_LEN
947.2535028420386,123.01330495849251,97.4,0.33692578349793656,0.195984236523509,0.0,29.795853807777167,0.8565262869693836,1.9419319611042734,0.3781676714022816,232645.8,0.9256893025715872,0.4132475374181867,3.3761921024480055e-05,1.0,121016.17796800732,116.49262217134238,0.42224607712209244,0.682158606323539,0.5122451501610448,0.45343545414937053,0.7903014881288116,21.0,5.0,0.8,11.0,12.0,1.0,,2.5233656069354052e+38,1.0,1e-15,1.2,42.0,0.0,exhaustive_selection_config,"[[0, 0.1, 0.2, 0.3, 0.4, 0.5, 0.6, 0.7, 0.8, 0.9, 1]]","['nap', 'rtp']",252336560693540533935881068298825202077_eps4_s0,BPI2012_C,WEIGHTED_PROBS_LEN
947.2535028420386,810.5524209883064,97.4,0.32626255783288566,0.20586532913148403,0.0,36.409882525354625,0.9538353188995845,1.9419319611042734,0.732163456239802,232645.8,0.9773378401614146,0.5930240203525449,3.3761921024480055e-05,1.0,124418.954412622,127.12989743128419,0.7737526329281932,0.8909798652081932,0.8260292062513834,0.7404515277405587,0.9304346777232897,21.0,5.0,0.8,11.0,12.0,1.0,,2.5233656069354052e+38,1.0,1e-15,1.2,42.0,0.1,exhaustive_selection_config,"[[0, 0.1, 0.2, 0.3, 0.4, 0.5, 0.6, 0.7, 0.8, 0.9, 1]]","['nap', 'rtp']",252336560693540533935881068298825202077_eps4_s1,BPI2012_C,WEIGHTED_PROBS_LEN
947.2535028420386,119.47073728777468,97.4,0.40658407144627995,0.20402565412223334,0.0,30.338101277127862,0.9055828835583897,1.9419319611042734,0.45164610108982667,232645.8,0.952957108773831,0.5579752480057613,3.3761921024480055e-05,1.0,137885.2663856171,125.5073947686702,0.49839158389563265,0.7450291807218665,0.5914919483843306,0.6396457926781662,0.8488923059279692,21.0,5.0,0.8,11.0,12.0,1.0,,2.5233656069354052e+38,1.0,1e-15,1.2,42.0,1.0,exhaustive_selection_config,"[[0, 0.1, 0.2, 0.3, 0.4, 0.5, 0.6, 0.7, 0.8, 0.9, 1]]","['nap', 'rtp']",252336560693540533935881068298825202077_eps4_s10,BPI2012_C,WEIGHTED_PROBS_LEN
947.2535028420386,124.3458850711584,97.4,0.45863613305317885,0.19713224954903122,0.0,30.045778138563037,0.9088700364220884,1.9419319611042734,0.5060764907307768,232645.8,0.9531576889260241,0.566209168664497,3.3761921024480055e-05,1.0,127268.0629487425,120.22615344412625,0.5485751062830685,0.7801465766714183,0.6317705268509011,0.6042985758184569,0.8643057935440155,21.0,5.0,0.8,11.0,12.0,1.0,,2.5233656069354052e+38,1.0,1e-15,1.2,42.0,0.2,exhaustive_selection_config,"[[0, 0.1, 0.2, 0.3, 0.4, 0.5, 0.6, 0.7, 0.8, 0.9, 1]]","['nap', 'rtp']",252336560693540533935881068298825202077_eps4_s2,BPI2012_C,WEIGHTED_PROBS_LEN
947.2535028420386,112.47667124718427,97.4,0.4579145618210155,0.20306448824703688,0.0,30.05001115389168,0.9086746452432021,1.9419319611042734,0.5053471923989308,232645.8,0.9530979560175993,0.5641582799958911,3.3761921024480055e-05,1.0,128581.70470672772,117.53503716923296,0.5478596059491629,0.7798188048532596,0.6310549356592121,0.6033990461569304,0.8641944649322003,21.0,5.0,0.8,11.0,12.0,1.0,,2.5233656069354052e+38,1.0,1e-15,1.2,42.0,0.3,exhaustive_selection_config,"[[0, 0.1, 0.2, 0.3, 0.4, 0.5, 0.6, 0.7, 0.8, 0.9, 1]]","['nap', 'rtp']",252336560693540533935881068298825202077_eps4_s3,BPI2012_C,WEIGHTED_PROBS_LEN
947.2535028420386,112.90441824793815,97.4,0.45806852024736405,0.20112990476191045,0.0,30.169823759049176,0.9088327383837065,1.9419319611042734,0.5055017836110067,232645.8,0.9532592539302076,0.5642497903229368,3.3761921024480055e-05,1.0,129888.2232597161,117.7010074980557,0.5480153834950194,0.7799771206427367,0.6312108819396155,0.603721396752902,0.8643514824638103,21.0,5.0,0.8,11.0,12.0,1.0,,2.5233656069354052e+38,1.0,1e-15,1.2,42.0,0.4,exhaustive_selection_config,"[[0, 0.1, 0.2, 0.3, 0.4, 0.5, 0.6, 0.7, 0.8, 0.9, 1]]","['nap', 'rtp']",252336560693540533935881068298825202077_eps4_s4,BPI2012_C,WEIGHTED_PROBS_LEN
947.2535028420386,114.46379404775799,97.4,0.456893683182846,0.1974489532411098,0.0,29.93628257587552,0.9083404939704931,1.9419319611042734,0.5043099889070317,232645.8,0.9534577005659125,0.5636487596236147,3.3761921024480055e-05,1.0,131197.73403029703,117.7439949259162,0.5468220582312305,0.7787933558728899,0.6300207120888204,0.6032477481228787,0.8631680245475234,21.0,5.0,0.8,11.0,12.0,1.0,,2.5233656069354052e+38,1.0,1e-15,1.2,42.0,0.5,exhaustive_selection_config,"[[0, 0.1, 0.2, 0.3, 0.4, 0.5, 0.6, 0.7, 0.8, 0.9, 1]]","['nap', 'rtp']",252336560693540533935881068298825202077_eps4_s5,BPI2012_C,WEIGHTED_PROBS_LEN
947.2535028420386,113.26936516799033,97.4,0.45650452103647926,0.20121886916458603,0.0,30.21144149117172,0.9083779500737066,1.9419319611042734,0.5040974879429896,232645.8,0.9534713276545741,0.5632406033300532,3.3761921024480055e-05,1.0,132508.772221851,117.25019590295851,0.546747423143853,0.7786688715205743,0.6301164368813735,0.603163778090973,0.8632007312672112,21.0,5.0,0.8,11.0,12.0,1.0,,2.5233656069354052e+38,1.0,1e-15,1.2,42.0,0.6,exhaustive_selection_config,"[[0, 0.1, 0.2, 0.3, 0.4, 0.5, 0.6, 0.7, 0.8, 0.9, 1]]","['nap', 'rtp']",252336560693540533935881068298825202077_eps4_s6,BPI2012_C,WEIGHTED_PROBS_LEN
947.2535028420386,121.8931242249906,97.4,0.4559149004722993,0.20771383568644525,0.0,30.19805250763893,0.9083895828892263,1.9419319611042734,0.5035615542632713,232645.8,0.9534770242464854,0.563402769377596,3.3761921024480055e-05,1.0,133841.35522962213,116.55429606959224,0.5463060947670352,0.7784487023498171,0.6299107410491175,0.6031407763763023,0.8632080419239075,21.0,5.0,0.8,11.0,12.0,1.0,,2.5233656069354052e+38,1.0,1e-15,1.2,42.0,0.7,exhaustive_selection_config,"[[0, 0.1, 0.2, 0.3, 0.4, 0.5, 0.6, 0.7, 0.8, 0.9, 1]]","['nap', 'rtp']",252336560693540533935881068298825202077_eps4_s7,BPI2012_C,WEIGHTED_PROBS_LEN
947.2535028420386,116.7904582902789,97.4,0.4559179427998868,0.19906932078301903,0.0,30.07283205576241,0.9083948830694254,1.9419319611042734,0.5035645965908587,232645.8,0.9534783041445811,0.563402769377596,3.3761921024480055e-05,1.0,135173.22489726954,115.92760886475443,0.5463093523170927,0.7784540119800142,0.6299161944703908,0.6031407763763023,0.8632133864679721,21.0,5.0,0.8,11.0,12.0,1.0,,2.5233656069354052e+38,1.0,1e-15,1.2,42.0,0.8,exhaustive_selection_config,"[[0, 0.1, 0.2, 0.3, 0.4, 0.5, 0.6, 0.7, 0.8, 0.9, 1]]","['nap', 'rtp']",252336560693540533935881068298825202077_eps4_s8,BPI2012_C,WEIGHTED_PROBS_LEN
947.2535028420386,123.55472751818597,97.4,0.4559179427998868,0.19910051897168154,0.0,30.296846191212534,0.9083948830694254,1.9419319611042734,0.5035645965908587,232645.8,0.9534783041445811,0.563402769377596,3.3761921024480055e-05,1.0,136519.592033159,117.0275223363191,0.5463093523170927,0.7784540119800142,0.6299161944703908,0.6031407763763023,0.8632133864679721,21.0,5.0,0.8,11.0,12.0,1.0,,2.5233656069354052e+38,1.0,1e-15,1.2,42.0,0.9,exhaustive_selection_config,"[[0, 0.1, 0.2, 0.3, 0.4, 0.5, 0.6, 0.7, 0.8, 0.9, 1]]","['nap', 'rtp']",252336560693540533935881068298825202077_eps4_s9,BPI2012_C,WEIGHTED_PROBS_LEN
947.2535028420386,122.43283875361085,97.4,0.33692578349793656,0.20036841370165343,0.0,29.788017044961453,0.8565262869693836,1.9419319611042734,0.3781676714022816,232645.8,0.9256893025715872,0.4132475374181867,3.3761921024480055e-05,1.0,139236.68247136884,117.82844838313758,0.42224607712209244,0.682158606323539,0.5122451501610448,0.45343545414937053,0.7903014881288116,21.0,5.0,0.8,13.0,12.0,1.0,,2.5233656069354052e+38,1.0,1e-15,1.2,42.0,0.0,exhaustive_selection_config,"[[0, 0.1, 0.2, 0.3, 0.4, 0.5, 0.6, 0.7, 0.8, 0.9, 1]]","['nap', 'rtp']",252336560693540533935881068298825202077_eps5_s0,BPI2012_C,WEIGHTED_PROBS_LEN
947.2535028420386,848.2253370285034,97.4,0.32827173330731885,0.1971817787736654,0.0,36.83870040178299,0.9544533184132634,1.9419319611042734,0.7325162319359101,232645.8,0.9775844901170393,0.5949200675806338,3.3761921024480055e-05,1.0,142736.8129863631,118.41533828638494,0.7743510909866702,0.8924289688561569,0.8268922310041258,0.7411692433825865,0.9314291120575089,21.0,5.0,0.8,13.0,12.0,1.0,,2.5233656069354052e+38,1.0,1e-15,1.2,42.0,0.1,exhaustive_selection_config,"[[0, 0.1, 0.2, 0.3, 0.4, 0.5, 0.6, 0.7, 0.8, 0.9, 1]]","['nap', 'rtp']",252336560693540533935881068298825202077_eps5_s1,BPI2012_C,WEIGHTED_PROBS_LEN
947.2535028420386,114.68844648562371,97.4,0.4109952975988177,0.19913549982011314,0.0,30.148559457436203,0.9149051894949591,1.9419319611042734,0.4605171945592755,232645.8,0.9559351319095544,0.5610800546914877,3.3761921024480055e-05,1.0,156516.3614192296,121.54162325896323,0.5094457874160877,0.7587893287448357,0.602908636074226,0.6520494294319867,0.8631036346788286,21.0,5.0,0.8,13.0,12.0,1.0,,2.5233656069354052e+38,1.0,1e-15,1.2,42.0,1.0,exhaustive_selection_config,"[[0, 0.1, 0.2, 0.3, 0.4, 0.5, 0.6, 0.7, 0.8, 0.9, 1]]","['nap', 'rtp']",252336560693540533935881068298825202077_eps5_s10,BPI2012_C,WEIGHTED_PROBS_LEN
947.2535028420386,118.31025370433926,97.4,0.464664073433232,0.20421828329563135,0.0,30.09199115410447,0.9106893142307891,1.9419319611042734,0.5087632325290641,232645.8,0.9544709202027531,0.5749760765739853,3.3761921024480055e-05,1.0,145620.12139596045,118.25830500796437,0.5501458990763973,0.7819220852427815,0.6328194375065926,0.6205644976541396,0.8667826609878375,21.0,5.0,0.8,13.0,12.0,1.0,,2.5233656069354052e+38,1.0,1e-15,1.2,42.0,0.2,exhaustive_selection_config,"[[0, 0.1, 0.2, 0.3, 0.4, 0.5, 0.6, 0.7, 0.8, 0.9, 1]]","['nap', 'rtp']",252336560693540533935881068298825202077_eps5_s2,BPI2012_C,WEIGHTED_PROBS_LEN
947.2535028420386,127.34473423548043,97.4,0.4638888307518253,0.2013146240264177,0.0,30.159332121536135,0.9106113325236114,1.9419319611042734,0.5079956832009186,232645.8,0.9544603322725098,0.5731696529001666,3.3761921024480055e-05,1.0,146969.9244491186,117.06028342396021,0.5494176295876206,0.7818382108782679,0.6323022947599585,0.6197930360994239,0.8668157472794142,21.0,5.0,0.8,13.0,12.0,1.0,,2.5233656069354052e+38,1.0,1e-15,1.2,42.0,0.3,exhaustive_selection_config,"[[0, 0.1, 0.2, 0.3, 0.4, 0.5, 0.6, 0.7, 0.8, 0.9, 1]]","['nap', 'rtp']",252336560693540533935881068298825202077_eps5_s3,BPI2012_C,WEIGHTED_PROBS_LEN
947.2535028420386,126.42392851263284,97.4,0.4640547329685266,0.1997483436018228,0.0,30.382034442201256,0.9107761918908344,1.9419319611042734,0.5081611286323111,232645.8,0.9546266172982827,0.5732569370453477,3.3761921024480055e-05,1.0,148338.16494041047,120.47488495782018,0.5495835580192021,0.7820066734149295,0.6324702234228055,0.6201210095692463,0.8669817228738393,21.0,5.0,0.8,13.0,12.0,1.0,,2.5233656069354052e+38,1.0,1e-15,1.2,42.0,0.4,exhaustive_selection_config,"[[0, 0.1, 0.2, 0.3, 0.4, 0.5, 0.6, 0.7, 0.8, 0.9, 1]]","['nap', 'rtp']",252336560693540533935881068298825202077_eps5_s4,BPI2012_C,WEIGHTED_PROBS_LEN
947.2535028420386,123.294814350456,97.4,0.46299456592588395,0.19771322496235366,0.0,30.283187222853304,0.9103246653423934,1.9419319611042734,0.507083758393559,232645.8,0.9547923147442601,0.5726601325278903,3.3761921024480055e-05,1.0,149724.79013164976,117.43604276105762,0.5485048695440575,0.7809353998132409,0.6313933549924999,0.6196417380653723,0.8659124333627808,21.0,5.0,0.8,13.0,12.0,1.0,,2.5233656069354052e+38,1.0,1e-15,1.2,42.0,0.5,exhaustive_selection_config,"[[0, 0.1, 0.2, 0.3, 0.4, 0.5, 0.6, 0.7, 0.8, 0.9, 1]]","['nap', 'rtp']",252336560693540533935881068298825202077_eps5_s5,BPI2012_C,WEIGHTED_PROBS_LEN
947.2535028420386,123.4866677146405,97.4,0.4625943943239249,0.19928693994879718,0.0,30.118800726905466,0.9104096884726989,1.9419319611042734,0.5072767990726621,232645.8,0.954832027068879,0.5727813970242371,3.3761921024480055e-05,1.0,151082.29647575878,117.2153660979122,0.5494299662967658,0.7812295036059597,0.6327007503458904,0.6196426398774812,0.8660128214221998,21.0,5.0,0.8,13.0,12.0,1.0,,2.5233656069354052e+38,1.0,1e-15,1.2,42.0,0.6,exhaustive_selection_config,"[[0, 0.1, 0.2, 0.3, 0.4, 0.5, 0.6, 0.7, 0.8, 0.9, 1]]","['nap', 'rtp']",252336560693540533935881068298825202077_eps5_s6,BPI2012_C,WEIGHTED_PROBS_LEN
947.2535028420386,118.16201746836305,97.4,0.4628508850079105,0.19779510535299774,0.0,29.842950446903707,0.9104709252202345,1.9419319611042734,0.5076379172620442,232645.8,0.9548621468228411,0.5726400177189138,3.3761921024480055e-05,1.0,152436.39595266432,118.13352418988943,0.5498767310188442,0.7813862345688676,0.6334021566050474,0.6195166752886234,0.8661153471235146,21.0,5.0,0.8,13.0,12.0,1.0,,2.5233656069354052e+38,1.0,1e-15,1.2,42.0,0.7,exhaustive_selection_config,"[[0, 0.1, 0.2, 0.3, 0.4, 0.5, 0.6, 0.7, 0.8, 0.9, 1]]","['nap', 'rtp']",252336560693540533935881068298825202077_eps5_s7,BPI2012_C,WEIGHTED_PROBS_LEN
947.2535028420386,126.96451804228127,97.4,0.4628508850079105,0.19711108431220054,0.0,29.883866746351124,0.9104709252202345,1.9419319611042734,0.5076379172620442,232645.8,0.9548621468228411,0.5726400177189138,3.3761921024480055e-05,1.0,153787.12796365953,117.77748668156565,0.5498767310188442,0.7813862345688676,0.6334021566050474,0.6195166752886234,0.8661153471235146,21.0,5.0,0.8,13.0,12.0,1.0,,2.5233656069354052e+38,1.0,1e-15,1.2,42.0,0.8,exhaustive_selection_config,"[[0, 0.1, 0.2, 0.3, 0.4, 0.5, 0.6, 0.7, 0.8, 0.9, 1]]","['nap', 'rtp']",252336560693540533935881068298825202077_eps5_s8,BPI2012_C,WEIGHTED_PROBS_LEN
947.2535028420386,126.12285009436309,97.4,0.4628508850079105,0.19921693243086333,0.0,29.713542824983598,0.9104709252202345,1.9419319611042734,0.5076379172620442,232645.8,0.9548621468228411,0.5726400177189138,3.3761921024480055e-05,1.0,155150.75641916879,120.07015223838388,0.5498767310188442,0.7813862345688676,0.6334021566050474,0.6195166752886234,0.8661153471235146,21.0,5.0,0.8,13.0,12.0,1.0,,2.5233656069354052e+38,1.0,1e-15,1.2,42.0,0.9,exhaustive_selection_config,"[[0, 0.1, 0.2, 0.3, 0.4, 0.5, 0.6, 0.7, 0.8, 0.9, 1]]","['nap', 'rtp']",252336560693540533935881068298825202077_eps5_s9,BPI2012_C,WEIGHTED_PROBS_LEN
947.2535028420386,122.89012035578489,97.4,0.33692578349793656,0.20041028335690494,0.0,29.76302521638572,0.8565262869693836,1.9419319611042734,0.3781676714022816,232645.8,0.9256893025715872,0.4132475374181867,3.3761921024480055e-05,1.0,157876.67171448618,117.29648427478969,0.42224607712209244,0.682158606323539,0.5122451501610448,0.45343545414937053,0.7903014881288116,21.0,5.0,0.8,15.0,12.0,1.0,,2.5233656069354052e+38,1.0,1e-15,1.2,42.0,0.0,exhaustive_selection_config,"[[0, 0.1, 0.2, 0.3, 0.4, 0.5, 0.6, 0.7, 0.8, 0.9, 1]]","['nap', 'rtp']",252336560693540533935881068298825202077_eps6_s0,BPI2012_C,WEIGHTED_PROBS_LEN
947.2535028420386,919.1194595418871,97.4,0.3305714432051391,0.20156109444797035,0.0,36.8277327042073,0.9548261276713434,1.9419319611042734,0.7340852375761556,232645.8,0.9777706658172342,0.5973762372606892,3.3761921024480055e-05,1.0,161588.3512323115,119.68349575586618,0.7758397358994318,0.8939140610209393,0.8285225881440332,0.7424936836022561,0.9322264216045335,21.0,5.0,0.8,15.0,12.0,1.0,,2.5233656069354052e+38,1.0,1e-15,1.2,42.0,0.1,exhaustive_selection_config,"[[0, 0.1, 0.2, 0.3, 0.4, 0.5, 0.6, 0.7, 0.8, 0.9, 1]]","['nap', 'rtp']",252336560693540533935881068298825202077_eps6_s1,BPI2012_C,WEIGHTED_PROBS_LEN
947.2535028420386,120.37082783281804,97.4,0.420025173678535,0.19778065681457516,0.0,31.152914298698306,0.9219135296151697,1.9419319611042734,0.470485469413566,232645.8,0.9591694970546193,0.5744152425291389,3.3761921024480055e-05,1.0,175337.24847459124,122.39171039499342,0.5212254206187638,0.7783376319503188,0.6157575953490559,0.6776333456682402,0.8756406314378307,21.0,5.0,0.8,15.0,12.0,1.0,,2.5233656069354052e+38,1.0,1e-15,1.2,42.0,1.0,exhaustive_selection_config,"[[0, 0.1, 0.2, 0.3, 0.4, 0.5, 0.6, 0.7, 0.8, 0.9, 1]]","['nap', 'rtp']",252336560693540533935881068298825202077_eps6_s10,BPI2012_C,WEIGHTED_PROBS_LEN
947.2535028420386,121.8522482495755,97.4,0.4683202634957818,0.2011369694024324,0.0,27.87353239953518,0.9119939807212324,1.9419319611042734,0.5117361370452997,232645.8,0.9554778225485945,0.5788366091908188,3.3761921024480055e-05,1.0,164625.85447279402,122.28247986696661,0.5528445438446234,0.7842664176417466,0.6354363838530237,0.6277781714618945,0.8686193893524186,21.0,5.0,0.8,15.0,12.0,1.0,,2.5233656069354052e+38,1.0,1e-15,1.2,42.0,0.2,exhaustive_selection_config,"[[0, 0.1, 0.2, 0.3, 0.4, 0.5, 0.6, 0.7, 0.8, 0.9, 1]]","['nap', 'rtp']",252336560693540533935881068298825202077_eps6_s2,BPI2012_C,WEIGHTED_PROBS_LEN
947.2535028420386,115.28001021333039,97.4,0.4676756320804561,0.2025092095136642,0.0,29.662174878269433,0.9119469249098833,1.9419319611042734,0.5110729659019674,232645.8,0.9554620039027147,0.5772370643669811,3.3761921024480055e-05,1.0,165944.2155803088,118.32505056597293,0.5522597900468119,0.7842425575914771,0.6350816903648907,0.6271015768335707,0.8686713150323143,21.0,5.0,0.8,15.0,12.0,1.0,,2.5233656069354052e+38,1.0,1e-15,1.2,42.0,0.3,exhaustive_selection_config,"[[0, 0.1, 0.2, 0.3, 0.4, 0.5, 0.6, 0.7, 0.8, 0.9, 1]]","['nap', 'rtp']",252336560693540533935881068298825202077_eps6_s3,BPI2012_C,WEIGHTED_PROBS_LEN
947.2535028420386,115.52176712118089,97.4,0.4678392392802409,0.19861021898686881,0.0,30.079622541740537,0.9121109116447945,1.9419319611042734,0.5112367768138968,232645.8,0.955625990637626,0.5773199007571541,3.3761921024480055e-05,1.0,167271.90792947,119.2280896242708,0.5524235585187112,0.7844065613024005,0.6352455764563019,0.6274295503033932,0.8688353017672255,21.0,5.0,0.8,15.0,12.0,1.0,,2.5233656069354052e+38,1.0,1e-15,1.2,42.0,0.4,exhaustive_selection_config,"[[0, 0.1, 0.2, 0.3, 0.4, 0.5, 0.6, 0.7, 0.8, 0.9, 1]]","['nap', 'rtp']",252336560693540533935881068298825202077_eps6_s4,BPI2012_C,WEIGHTED_PROBS_LEN
947.2535028420386,114.70972501561046,97.4,0.46689380386263774,0.19982184693217275,0.0,29.866072417795657,0.9117033343277845,1.9419319611042734,0.5102741382001843,232645.8,0.9557648443052547,0.5767275439947046,3.3761921024480055e-05,1.0,168592.38382074237,118.76224043257534,0.5514598423018169,0.7834497999248826,0.634284161550668,0.6269502787995191,0.8678809278948382,21.0,5.0,0.8,15.0,12.0,1.0,,2.5233656069354052e+38,1.0,1e-15,1.2,42.0,0.5,exhaustive_selection_config,"[[0, 0.1, 0.2, 0.3, 0.4, 0.5, 0.6, 0.7, 0.8, 0.9, 1]]","['nap', 'rtp']",252336560693540533935881068298825202077_eps6_s5,BPI2012_C,WEIGHTED_PROBS_LEN
947.2535028420386,120.02287222072482,97.4,0.46666342107287706,0.19917298108339307,0.0,29.873298020660876,0.9117573408509225,1.9419319611042734,0.5106492751771059,232645.8,0.9557870916822886,0.576217515054468,3.3761921024480055e-05,1.0,169920.93742621952,117.49068450331688,0.552649962371548,0.783859391894729,0.6357996748360096,0.6268106263457615,0.8679669437992977,21.0,5.0,0.8,15.0,12.0,1.0,,2.5233656069354052e+38,1.0,1e-15,1.2,42.0,0.6,exhaustive_selection_config,"[[0, 0.1, 0.2, 0.3, 0.4, 0.5, 0.6, 0.7, 0.8, 0.9, 1]]","['nap', 'rtp']",252336560693540533935881068298825202077_eps6_s6,BPI2012_C,WEIGHTED_PROBS_LEN
947.2535028420386,118.50767504908144,97.4,0.4669937617880916,0.19938653185963626,0.0,29.961347127705814,0.911815190480841,1.9419319611042734,0.5110291528834583,232645.8,0.9558166067973584,0.5759721461755108,3.3761921024480055e-05,1.0,171265.48454921244,117.18965874277055,0.5531692884187512,0.7840414061754243,0.6366429419980265,0.6268209347308638,0.8680571396634276,21.0,5.0,0.8,15.0,12.0,1.0,,2.5233656069354052e+38,1.0,1e-15,1.2,42.0,0.7,exhaustive_selection_config,"[[0, 0.1, 0.2, 0.3, 0.4, 0.5, 0.6, 0.7, 0.8, 0.9, 1]]","['nap', 'rtp']",252336560693540533935881068298825202077_eps6_s7,BPI2012_C,WEIGHTED_PROBS_LEN
947.2535028420386,123.46120154820383,97.4,0.4669937617880916,0.19811698645353312,0.0,30.003350980207323,0.911815190480841,1.9419319611042734,0.5110291528834583,232645.8,0.9558166067973584,0.5759721461755108,3.3761921024480055e-05,1.0,172618.4762014676,117.10662003234029,0.5531692884187512,0.7840414061754243,0.6366429419980265,0.6268209347308638,0.8680571396634276,21.0,5.0,0.8,15.0,12.0,1.0,,2.5233656069354052e+38,1.0,1e-15,1.2,42.0,0.8,exhaustive_selection_config,"[[0, 0.1, 0.2, 0.3, 0.4, 0.5, 0.6, 0.7, 0.8, 0.9, 1]]","['nap', 'rtp']",252336560693540533935881068298825202077_eps6_s8,BPI2012_C,WEIGHTED_PROBS_LEN
947.2535028420386,128.2293286394328,97.4,0.4669937617880916,0.20397913679480548,0.0,30.069413616135716,0.911815190480841,1.9419319611042734,0.5110291528834583,232645.8,0.9558166067973584,0.5759721461755108,3.3761921024480055e-05,1.0,173978.47657917588,117.44803827703,0.5531692884187512,0.7840414061754243,0.6366429419980265,0.6268209347308638,0.8680571396634276,21.0,5.0,0.8,15.0,12.0,1.0,,2.5233656069354052e+38,1.0,1e-15,1.2,42.0,0.9,exhaustive_selection_config,"[[0, 0.1, 0.2, 0.3, 0.4, 0.5, 0.6, 0.7, 0.8, 0.9, 1]]","['nap', 'rtp']",252336560693540533935881068298825202077_eps6_s9,BPI2012_C,WEIGHTED_PROBS_LEN
947.2535028420386,121.96172616295516,97.4,0.33692578349793656,0.19895629771053785,0.0,30.017050977423786,0.8565262869693836,1.9419319611042734,0.3781676714022816,232645.8,0.9256893025715872,0.4132475374181867,3.3761921024480055e-05,1.0,176722.96268256157,121.53330927044153,0.42224607712209244,0.682158606323539,0.5122451501610448,0.45343545414937053,0.7903014881288116,21.0,5.0,0.8,17.0,12.0,1.0,,2.5233656069354052e+38,1.0,1e-15,1.2,42.0,0.0,exhaustive_selection_config,"[[0, 0.1, 0.2, 0.3, 0.4, 0.5, 0.6, 0.7, 0.8, 0.9, 1]]","['nap', 'rtp']",252336560693540533935881068298825202077_eps7_s0,BPI2012_C,WEIGHTED_PROBS_LEN
947.2535028420386,944.2970828197897,97.4,0.3309765824851968,0.20383575223386283,0.0,36.744053329527375,0.9551198441546005,1.9419319611042734,0.7355184469815141,232645.8,0.977840957430713,0.5983051998824542,3.3761921024480055e-05,1.0,180546.99585166498,119.8385296985507,0.7772661592074654,0.8948184792283562,0.8299199526929548,0.7432651232419207,0.9327156615923217,21.0,5.0,0.8,17.0,12.0,1.0,,2.5233656069354052e+38,1.0,1e-15,1.2,42.0,0.1,exhaustive_selection_config,"[[0, 0.1, 0.2, 0.3, 0.4, 0.5, 0.6, 0.7, 0.8, 0.9, 1]]","['nap', 'rtp']",252336560693540533935881068298825202077_eps7_s1,BPI2012_C,WEIGHTED_PROBS_LEN
947.2535028420386,122.45200934223831,97.4,0.4237714295164974,0.20233855806291098,0.0,30.646433095633984,0.9272872459115732,1.9419319611042734,0.4797822332219643,232645.8,0.9616951067836859,0.5803661634039947,3.3761921024480055e-05,1.0,194763.01489029563,127.93952252604068,0.5335653141122807,0.7939517204365248,0.6282546255703243,0.6866309882589062,0.8846839150035273,21.0,5.0,0.8,17.0,12.0,1.0,,2.5233656069354052e+38,1.0,1e-15,1.2,42.0,1.0,exhaustive_selection_config,"[[0, 0.1, 0.2, 0.3, 0.4, 0.5, 0.6, 0.7, 0.8, 0.9, 1]]","['nap', 'rtp']",252336560693540533935881068298825202077_eps7_s10,BPI2012_C,WEIGHTED_PROBS_LEN
947.2535028420386,127.69639591760934,97.4,0.46902354725198175,0.20219928696751593,0.0,30.24290445037186,0.9124818529224115,1.9419319611042734,0.5145806512158342,232645.8,0.955769460245363,0.5792155334453964,3.3761921024480055e-05,1.0,183645.68054874876,126.02947406172753,0.5551800273932563,0.7850804241381956,0.6378104475905549,0.628523878795424,0.8689596898157266,21.0,5.0,0.8,17.0,12.0,1.0,,2.5233656069354052e+38,1.0,1e-15,1.2,42.0,0.2,exhaustive_selection_config,"[[0, 0.1, 0.2, 0.3, 0.4, 0.5, 0.6, 0.7, 0.8, 0.9, 1]]","['nap', 'rtp']",252336560693540533935881068298825202077_eps7_s2,BPI2012_C,WEIGHTED_PROBS_LEN
947.2535028420386,128.32774628400801,97.4,0.46837853949294495,0.19751151762902733,0.0,30.068050120398404,0.9124537330347431,1.9419319611042734,0.5139372498406196,232645.8,0.9557825414490303,0.5778544474160983,3.3761921024480055e-05,1.0,185029.11146806367,120.55443583577872,0.5546539508588652,0.7851166405238981,0.6375489683476925,0.6279603085164375,0.8690422246309162,21.0,5.0,0.8,17.0,12.0,1.0,,2.5233656069354052e+38,1.0,1e-15,1.2,42.0,0.3,exhaustive_selection_config,"[[0, 0.1, 0.2, 0.3, 0.4, 0.5, 0.6, 0.7, 0.8, 0.9, 1]]","['nap', 'rtp']",252336560693540533935881068298825202077_eps7_s3,BPI2012_C,WEIGHTED_PROBS_LEN
947.2535028420386,123.2289038605988,97.4,0.4685397147909307,0.20061895847320552,0.0,30.257849710807204,0.912614908332729,1.9419319611042734,0.5140984251386054,232645.8,0.955943716747016,0.5779326144781203,3.3761921024480055e-05,1.0,186426.75980555228,120.8554443925619,0.5548151261568509,0.7852778158218838,0.6377101436456784,0.6282826591124092,0.8692033999289019,21.0,5.0,0.8,17.0,12.0,1.0,,2.5233656069354052e+38,1.0,1e-15,1.2,42.0,0.4,exhaustive_selection_config,"[[0, 0.1, 0.2, 0.3, 0.4, 0.5, 0.6, 0.7, 0.8, 0.9, 1]]","['nap', 'rtp']",252336560693540533935881068298825202077_eps7_s4,BPI2012_C,WEIGHTED_PROBS_LEN
947.2535028420386,125.55799095630645,97.4,0.46766048806678456,0.1974045947194099,0.0,30.131630362942815,0.9122371762359391,1.9419319611042734,0.5132006928258155,232645.8,0.956068746256655,0.5773448165251339,3.3761921024480055e-05,1.0,187809.25395706628,117.30912778005003,0.553919819498682,0.7843926056418387,0.636818845020372,0.6278148125147899,0.8683210737365684,21.0,5.0,0.8,17.0,12.0,1.0,,2.5233656069354052e+38,1.0,1e-15,1.2,42.0,0.5,exhaustive_selection_config,"[[0, 0.1, 0.2, 0.3, 0.4, 0.5, 0.6, 0.7, 0.8, 0.9, 1]]","['nap', 'rtp']",252336560693540533935881068298825202077_eps7_s5,BPI2012_C,WEIGHTED_PROBS_LEN
947.2535028420386,127.75849343463778,97.4,0.46749255974411125,0.19860088825225825,0.0,29.943927180394535,0.912329325901258,1.9419319611042734,0.5136951643202077,232645.8,0.9561139140512512,0.5774671680650729,3.3761921024480055e-05,1.0,189208.02305096126,125.61953068114818,0.5552275676846269,0.7848689719497204,0.6384737332523502,0.6277799160373136,0.8684478356546028,21.0,5.0,0.8,17.0,12.0,1.0,,2.5233656069354052e+38,1.0,1e-15,1.2,42.0,0.6,exhaustive_selection_config,"[[0, 0.1, 0.2, 0.3, 0.4, 0.5, 0.6, 0.7, 0.8, 0.9, 1]]","['nap', 'rtp']",252336560693540533935881068298825202077_eps7_s6,BPI2012_C,WEIGHTED_PROBS_LEN
947.2535028420386,128.27946231886744,97.4,0.46777392339695567,0.20326204895973202,0.0,29.964720832556488,0.9124435015317713,1.9419319611042734,0.5141843493188587,232645.8,0.9561672782249445,0.577794484471734,3.3761921024480055e-05,1.0,190592.80341961904,121.1578111357987,0.5559683222188652,0.7851857718790222,0.6394765890407432,0.627819166571885,0.8685881597638196,21.0,5.0,0.8,17.0,12.0,1.0,,2.5233656069354052e+38,1.0,1e-15,1.2,42.0,0.7,exhaustive_selection_config,"[[0, 0.1, 0.2, 0.3, 0.4, 0.5, 0.6, 0.7, 0.8, 0.9, 1]]","['nap', 'rtp']",252336560693540533935881068298825202077_eps7_s7,BPI2012_C,WEIGHTED_PROBS_LEN
947.2535028420386,123.52037163227797,97.4,0.46777392339695567,0.19842440560460087,0.0,29.85396236181259,0.9124435015317713,1.9419319611042734,0.5141843493188587,232645.8,0.9561672782249445,0.577794484471734,3.3761921024480055e-05,1.0,191992.35916676224,121.27737882100045,0.5559683222188652,0.7851857718790222,0.6394765890407432,0.627819166571885,0.8685881597638196,21.0,5.0,0.8,17.0,12.0,1.0,,2.5233656069354052e+38,1.0,1e-15,1.2,42.0,0.8,exhaustive_selection_config,"[[0, 0.1, 0.2, 0.3, 0.4, 0.5, 0.6, 0.7, 0.8, 0.9, 1]]","['nap', 'rtp']",252336560693540533935881068298825202077_eps7_s8,BPI2012_C,WEIGHTED_PROBS_LEN
947.2535028420386,125.43998578600585,97.4,0.46777392339695567,0.19830132052302357,0.0,30.053756944835186,0.9124435015317713,1.9419319611042734,0.5141843493188587,232645.8,0.9561672782249445,0.577794484471734,3.3761921024480055e-05,1.0,193375.40562835336,117.26216912604869,0.5559683222188652,0.7851857718790222,0.6394765890407432,0.627819166571885,0.8685881597638196,21.0,5.0,0.8,17.0,12.0,1.0,,2.5233656069354052e+38,1.0,1e-15,1.2,42.0,0.9,exhaustive_selection_config,"[[0, 0.1, 0.2, 0.3, 0.4, 0.5, 0.6, 0.7, 0.8, 0.9, 1]]","['nap', 'rtp']",252336560693540533935881068298825202077_eps7_s9,BPI2012_C,WEIGHTED_PROBS_LEN
947.2535028420386,131.05499161705376,97.4,0.33692578349793656,0.19675835780799383,0.0,29.98370477668941,0.8565262869693836,1.9419319611042734,0.3781676714022816,232645.8,0.9256893025715872,0.4132475374181867,3.3761921024480055e-05,1.0,196165.30865581444,125.47255676314235,0.42224607712209244,0.682158606323539,0.5122451501610448,0.45343545414937053,0.7903014881288116,21.0,5.0,0.8,19.0,12.0,1.0,,2.5233656069354052e+38,1.0,1e-15,1.2,42.0,0.0,exhaustive_selection_config,"[[0, 0.1, 0.2, 0.3, 0.4, 0.5, 0.6, 0.7, 0.8, 0.9, 1]]","['nap', 'rtp']",252336560693540533935881068298825202077_eps8_s0,BPI2012_C,WEIGHTED_PROBS_LEN
947.2535028420386,1000.8128083869815,97.4,0.3302395962577557,0.20048927292227742,0.0,36.862066921964285,0.9552400331575137,1.9419319611042734,0.7365180374705543,232645.8,0.9779091032109853,0.5991391936695217,3.3761921024480055e-05,1.0,200181.9074080862,124.15332658588886,0.7781927476908072,0.8950551121786748,0.8306168314613158,0.7435353974602757,0.9328940531543651,21.0,5.0,0.8,19.0,12.0,1.0,,2.5233656069354052e+38,1.0,1e-15,1.2,42.0,0.1,exhaustive_selection_config,"[[0, 0.1, 0.2, 0.3, 0.4, 0.5, 0.6, 0.7, 0.8, 0.9, 1]]","['nap', 'rtp']",252336560693540533935881068298825202077_eps8_s1,BPI2012_C,WEIGHTED_PROBS_LEN
947.2535028420386,124.9590322803706,97.4,0.4250749709289905,0.20369490645825858,0.0,31.372376027703286,0.9301969263021176,1.9419319611042734,0.4863405830267877,232645.8,0.9632649165182563,0.5808939932292271,3.3761921024480055e-05,1.0,214283.36466173307,130.2796047847718,0.5431176421818661,0.8048147612418152,0.6381838550771113,0.6872280022078601,0.8902076921946189,21.0,5.0,0.8,19.0,12.0,1.0,,2.5233656069354052e+38,1.0,1e-15,1.2,42.0,1.0,exhaustive_selection_config,"[[0, 0.1, 0.2, 0.3, 0.4, 0.5, 0.6, 0.7, 0.8, 0.9, 1]]","['nap', 'rtp']",252336560693540533935881068298825202077_eps8_s10,BPI2012_C,WEIGHTED_PROBS_LEN
947.2535028420386,117.2660352051258,97.4,0.4694003223665658,0.20607194118201727,0.0,30.63848970644176,0.9126407295736051,1.9419319611042734,0.5157157605198806,232645.8,0.9559090721780045,0.5792808832258604,3.3761921024480055e-05,1.0,203376.813254337,120.60889032743871,0.5567041562485517,0.7856396414600996,0.6392430992743908,0.628855169720931,0.8692429409983962,21.0,5.0,0.8,19.0,12.0,1.0,,2.5233656069354052e+38,1.0,1e-15,1.2,42.0,0.2,exhaustive_selection_config,"[[0, 0.1, 0.2, 0.3, 0.4, 0.5, 0.6, 0.7, 0.8, 0.9, 1]]","['nap', 'rtp']",252336560693540533935881068298825202077_eps8_s2,BPI2012_C,WEIGHTED_PROBS_LEN
947.2535028420386,118.83889929316938,97.4,0.46886936982714805,0.20858219861984248,0.0,30.168891768157483,0.9126606520623358,1.9419319611042734,0.5151883473323119,232645.8,0.9559410223696071,0.5781933022987957,3.3761921024480055e-05,1.0,204720.93156464025,119.09570373110473,0.5563005596512424,0.7857427956638717,0.6390916764492499,0.6284278919632864,0.8693559594444284,21.0,5.0,0.8,19.0,12.0,1.0,,2.5233656069354052e+38,1.0,1e-15,1.2,42.0,0.3,exhaustive_selection_config,"[[0, 0.1, 0.2, 0.3, 0.4, 0.5, 0.6, 0.7, 0.8, 0.9, 1]]","['nap', 'rtp']",252336560693540533935881068298825202077_eps8_s3,BPI2012_C,WEIGHTED_PROBS_LEN
947.2535028420386,117.57571889087558,97.4,0.4690300382699169,0.20438942164182658,0.0,30.211380104348063,0.9128218273603215,1.9419319611042734,0.5153496560132494,232645.8,0.9561021976675927,0.5782714693608177,3.3761921024480055e-05,1.0,206064.01357120424,119.28516529686749,0.5564618950087703,0.7859040243150383,0.6392530384833682,0.628750242559258,0.8695171347424143,21.0,5.0,0.8,19.0,12.0,1.0,,2.5233656069354052e+38,1.0,1e-15,1.2,42.0,0.4,exhaustive_selection_config,"[[0, 0.1, 0.2, 0.3, 0.4, 0.5, 0.6, 0.7, 0.8, 0.9, 1]]","['nap', 'rtp']",252336560693540533935881068298825202077_eps8_s4,BPI2012_C,WEIGHTED_PROBS_LEN
947.2535028420386,117.96727591753006,97.4,0.4682109781794647,0.20328342691063878,0.0,30.29557562507689,0.9124449810386043,1.9419319611042734,0.5145096969104326,232645.8,0.9561788199421224,0.5776590216425348,3.3761921024480055e-05,1.0,207404.13331639432,119.48272769488395,0.5556247279129549,0.7850740573341509,0.6384236062925014,0.6282427883651849,0.8686898508429373,21.0,5.0,0.8,19.0,12.0,1.0,,2.5233656069354052e+38,1.0,1e-15,1.2,42.0,0.5,exhaustive_selection_config,"[[0, 0.1, 0.2, 0.3, 0.4, 0.5, 0.6, 0.7, 0.8, 0.9, 1]]","['nap', 'rtp']",252336560693540533935881068298825202077_eps8_s5,BPI2012_C,WEIGHTED_PROBS_LEN
947.2535028420386,122.57935021929443,97.4,0.46821153710237945,0.20123540163040152,0.0,30.321572870761155,0.9125051636041052,1.9419319611042734,0.5150296137328211,232645.8,0.956209769231845,0.577761421650511,3.3761921024480055e-05,1.0,208751.49190187006,119.3308950021863,0.5568562739220644,0.7855183595008359,0.6400164904603617,0.6282869903559553,0.8687827048916116,21.0,5.0,0.8,19.0,12.0,1.0,,2.5233656069354052e+38,1.0,1e-15,1.2,42.0,0.6,exhaustive_selection_config,"[[0, 0.1, 0.2, 0.3, 0.4, 0.5, 0.6, 0.7, 0.8, 0.9, 1]]","['nap', 'rtp']",252336560693540533935881068298825202077_eps8_s6,BPI2012_C,WEIGHTED_PROBS_LEN
947.2535028420386,125.78983020335436,97.4,0.4685838337251938,0.20312889814376828,0.0,30.2261860370636,0.9125854365045262,1.9419319611042734,0.5155122167893693,232645.8,0.9562600585364374,0.5781142971929205,3.3761921024480055e-05,1.0,210126.60847649575,117.5455996669829,0.5575229990739474,0.7857720657266851,0.6410090194460948,0.6283721686988967,0.868894700294154,21.0,5.0,0.8,19.0,12.0,1.0,,2.5233656069354052e+38,1.0,1e-15,1.2,42.0,0.7,exhaustive_selection_config,"[[0, 0.1, 0.2, 0.3, 0.4, 0.5, 0.6, 0.7, 0.8, 0.9, 1]]","['nap', 'rtp']",252336560693540533935881068298825202077_eps8_s7,BPI2012_C,WEIGHTED_PROBS_LEN
947.2535028420386,122.0837034124881,97.4,0.4685838337251938,0.20240744426846505,0.0,30.603559912368656,0.9125854365045262,1.9419319611042734,0.5155122167893693,232645.8,0.9562600585364374,0.5781142971929205,3.3761921024480055e-05,1.0,211496.7090028148,118.22333832941949,0.5575229990739474,0.7857720657266851,0.6410090194460948,0.6283721686988967,0.868894700294154,21.0,5.0,0.8,19.0,12.0,1.0,,2.5233656069354052e+38,1.0,1e-15,1.2,42.0,0.8,exhaustive_selection_config,"[[0, 0.1, 0.2, 0.3, 0.4, 0.5, 0.6, 0.7, 0.8, 0.9, 1]]","['nap', 'rtp']",252336560693540533935881068298825202077_eps8_s8,BPI2012_C,WEIGHTED_PROBS_LEN
947.2535028420386,126.87573513127863,97.4,0.4685838337251938,0.1995726097375154,0.0,30.477100301533937,0.9125854365045262,1.9419319611042734,0.5155122167893693,232645.8,0.9562600585364374,0.5781142971929205,3.3761921024480055e-05,1.0,212872.4823416792,118.35572879426181,0.5575229990739474,0.7857720657266851,0.6410090194460948,0.6283721686988967,0.868894700294154,21.0,5.0,0.8,19.0,12.0,1.0,,2.5233656069354052e+38,1.0,1e-15,1.2,42.0,0.9,exhaustive_selection_config,"[[0, 0.1, 0.2, 0.3, 0.4, 0.5, 0.6, 0.7, 0.8, 0.9, 1]]","['nap', 'rtp']",252336560693540533935881068298825202077_eps8_s9,BPI2012_C,WEIGHTED_PROBS_LEN
947.2535028420386,129.32258262969555,97.4,0.33692578349793656,0.19859104156494137,0.0,29.86195566281676,0.8565262869693836,1.9419319611042734,0.3781676714022816,232645.8,0.9256893025715872,0.4132475374181867,3.3761921024480055e-05,1.0,215685.73598884977,122.99975880421698,0.42224607712209244,0.682158606323539,0.5122451501610448,0.45343545414937053,0.7903014881288116,21.0,5.0,0.8,21.0,12.0,1.0,,2.5233656069354052e+38,1.0,1e-15,1.2,42.0,0.0,exhaustive_selection_config,"[[0, 0.1, 0.2, 0.3, 0.4, 0.5, 0.6, 0.7, 0.8, 0.9, 1]]","['nap', 'rtp']",252336560693540533935881068298825202077_eps9_s0,BPI2012_C,WEIGHTED_PROBS_LEN
947.2535028420386,1046.7361912127585,97.4,0.32999295807683116,0.20821392238140102,0.0,37.163795029371975,0.9552676408630567,1.9419319611042734,0.736991882432815,232645.8,0.9778997037701922,0.5987778315116028,3.3761921024480055e-05,1.0,219839.16648379527,125.45228243805468,0.7786515922503957,0.8951635082359186,0.8309674975411729,0.7437832499752532,0.9329596740570713,21.0,5.0,0.8,21.0,12.0,1.0,,2.5233656069354052e+38,1.0,1e-15,1.2,42.0,0.1,exhaustive_selection_config,"[[0, 0.1, 0.2, 0.3, 0.4, 0.5, 0.6, 0.7, 0.8, 0.9, 1]]","['nap', 'rtp']",252336560693540533935881068298825202077_eps9_s1,BPI2012_C,WEIGHTED_PROBS_LEN
947.2535028420386,124.42300333790482,97.4,0.4269438610378553,0.2046262621879577,0.0,31.16799640804529,0.9332442363687032,1.9419319611042734,0.4935932377418073,232645.8,0.9648357090098788,0.5867416312065828,3.3761921024480055e-05,1.0,234465.27782798707,124.02977974489332,0.5522120293328563,0.813857765380187,0.6481597098021886,0.6940485537614073,0.8951836542303336,21.0,5.0,0.8,21.0,12.0,1.0,,2.5233656069354052e+38,1.0,1e-15,1.2,42.0,1.0,exhaustive_selection_config,"[[0, 0.1, 0.2, 0.3, 0.4, 0.5, 0.6, 0.7, 0.8, 0.9, 1]]","['nap', 'rtp']",252336560693540533935881068298825202077_eps9_s10,BPI2012_C,WEIGHTED_PROBS_LEN
947.2535028420386,128.19348588325084,97.4,0.46908446268284826,0.20361494570970531,0.0,30.01463052853942,0.9128894594788617,1.9419319611042734,0.5175237841184945,232645.8,0.9560851595399082,0.5809047946790854,3.3761921024480055e-05,1.0,223164.152463508,119.3650577776134,0.5587510741026142,0.7865066486906029,0.6409056341012159,0.6296825543678959,0.8696312141857245,21.0,5.0,0.8,21.0,12.0,1.0,,2.5233656069354052e+38,1.0,1e-15,1.2,42.0,0.2,exhaustive_selection_config,"[[0, 0.1, 0.2, 0.3, 0.4, 0.5, 0.6, 0.7, 0.8, 0.9, 1]]","['nap', 'rtp']",252336560693540533935881068298825202077_eps9_s2,BPI2012_C,WEIGHTED_PROBS_LEN
947.2535028420386,131.06448829211294,97.4,0.46865825841475556,0.1998070195317268,0.0,30.069014750048517,0.9129460292465297,1.9419319611042734,0.5170976128515147,232645.8,0.9561378192654271,0.5800394475631441,3.3761921024480055e-05,1.0,224584.02443648837,127.26485178992152,0.5584520254356129,0.7866411188715968,0.6408380725444344,0.6293630673768005,0.8697686230533233,21.0,5.0,0.8,21.0,12.0,1.0,,2.5233656069354052e+38,1.0,1e-15,1.2,42.0,0.3,exhaustive_selection_config,"[[0, 0.1, 0.2, 0.3, 0.4, 0.5, 0.6, 0.7, 0.8, 0.9, 1]]","['nap', 'rtp']",252336560693540533935881068298825202077_eps9_s3,BPI2012_C,WEIGHTED_PROBS_LEN
947.2535028420386,131.4106355663389,97.4,0.46882121393053805,0.20609349198639387,0.0,30.06911095827818,0.9131072045445154,1.9419319611042734,0.5172608671451091,232645.8,0.9562989945634129,0.5801176146251661,3.3761921024480055e-05,1.0,225992.02269404865,122.54210111126304,0.5586152174838298,0.7868035639752837,0.6410012023472738,0.629685417972772,0.869930420805084,21.0,5.0,0.8,21.0,12.0,1.0,,2.5233656069354052e+38,1.0,1e-15,1.2,42.0,0.4,exhaustive_selection_config,"[[0, 0.1, 0.2, 0.3, 0.4, 0.5, 0.6, 0.7, 0.8, 0.9, 1]]","['nap', 'rtp']",252336560693540533935881068298825202077_eps9_s4,BPI2012_C,WEIGHTED_PROBS_LEN
947.2535028420386,126.40996611118317,97.4,0.46809465442206816,0.19799638688564297,0.0,30.215082340687513,0.9127714042352763,1.9419319611042734,0.5165022945353182,232645.8,0.9563721021626147,0.5795541678759051,3.3761921024480055e-05,1.0,227414.65760418697,122.777144247666,0.5578541007565928,0.7860516482458335,0.6402382705887023,0.6292058578313625,0.86918248918284,21.0,5.0,0.8,21.0,12.0,1.0,,2.5233656069354052e+38,1.0,1e-15,1.2,42.0,0.5,exhaustive_selection_config,"[[0, 0.1, 0.2, 0.3, 0.4, 0.5, 0.6, 0.7, 0.8, 0.9, 1]]","['nap', 'rtp']",252336560693540533935881068298825202077_eps9_s5,BPI2012_C,WEIGHTED_PROBS_LEN
947.2535028420386,128.10015798285605,97.4,0.4680694216016815,0.20355311334133144,0.0,30.030078561231495,0.9128598297930743,1.9419319611042734,0.517003613179268,232645.8,0.9564146270357021,0.5796276378857874,3.3761921024480055e-05,1.0,228821.4434448395,119.00611120872199,0.5590498792234116,0.7865244168568785,0.6418376230532211,0.6291831373861759,0.8693095376825786,21.0,5.0,0.8,21.0,12.0,1.0,,2.5233656069354052e+38,1.0,1e-15,1.2,42.0,0.6,exhaustive_selection_config,"[[0, 0.1, 0.2, 0.3, 0.4, 0.5, 0.6, 0.7, 0.8, 0.9, 1]]","['nap', 'rtp']",252336560693540533935881068298825202077_eps9_s6,BPI2012_C,WEIGHTED_PROBS_LEN
947.2535028420386,131.40703888647258,97.4,0.46846488993125435,0.2013739679008722,0.0,30.094431128725414,0.9129443731726365,1.9419319611042734,0.5174475155594631,232645.8,0.9564756401740862,0.5800160133575003,3.3761921024480055e-05,1.0,230233.92142779118,123.49398581497371,0.5596811813873026,0.7867721585832135,0.6427891236470351,0.629171627086665,0.8694201747094776,21.0,5.0,0.8,21.0,12.0,1.0,,2.5233656069354052e+38,1.0,1e-15,1.2,42.0,0.7,exhaustive_selection_config,"[[0, 0.1, 0.2, 0.3, 0.4, 0.5, 0.6, 0.7, 0.8, 0.9, 1]]","['nap', 'rtp']",252336560693540533935881068298825202077_eps9_s7,BPI2012_C,WEIGHTED_PROBS_LEN
947.2535028420386,130.92994375117124,97.4,0.46846488993125435,0.2024465978145599,0.0,30.076915873214602,0.9129443731726365,1.9419319611042734,0.5174475155594631,232645.8,0.9564756401740862,0.5800160133575003,3.3761921024480055e-05,1.0,231632.9575811051,122.45456117466092,0.5596811813873026,0.7867721585832135,0.6427891236470351,0.629171627086665,0.8694201747094776,21.0,5.0,0.8,21.0,12.0,1.0,,2.5233656069354052e+38,1.0,1e-15,1.2,42.0,0.8,exhaustive_selection_config,"[[0, 0.1, 0.2, 0.3, 0.4, 0.5, 0.6, 0.7, 0.8, 0.9, 1]]","['nap', 'rtp']",252336560693540533935881068298825202077_eps9_s8,BPI2012_C,WEIGHTED_PROBS_LEN
947.2535028420386,126.38477572053671,97.4,0.46846488993125435,0.19806344434618944,0.0,30.07157475501299,0.9129443731726365,1.9419319611042734,0.5174475155594631,232645.8,0.9564756401740862,0.5800160133575003,3.3761921024480055e-05,1.0,233053.78109428845,122.68124388195574,0.5596811813873026,0.7867721585832135,0.6427891236470351,0.629171627086665,0.8694201747094776,21.0,5.0,0.8,21.0,12.0,1.0,,2.5233656069354052e+38,1.0,1e-15,1.2,42.0,0.9,exhaustive_selection_config,"[[0, 0.1, 0.2, 0.3, 0.4, 0.5, 0.6, 0.7, 0.8, 0.9, 1]]","['nap', 'rtp']",252336560693540533935881068298825202077_eps9_s9,BPI2012_C,WEIGHTED_PROBS_LEN
275.9848250709474,121.52542384788394,177.0,0.2691554150377061,0.23580821715295314,0.0,37.532601706683636,0.8991380919592802,3.0620414316654205,0.4100341783506658,112511.8,0.9524594734125078,0.44873248540876987,0.00010170720861285139,1.0,1178.481747768447,140.28330401256682,0.48190137195918165,0.7582061239728132,0.5910189201511581,0.45373687130564655,0.8478477652896179,21.0,5.0,0.8,3.0,12.0,1.0,,2.5233656069354052e+38,1.0,1e-15,1.2,42.0,0.0,exhaustive_selection_config,"[[0, 0.1, 0.2, 0.3, 0.4, 0.5, 0.6, 0.7, 0.8, 0.9, 1]]","['nap', 'rtp']",252336560693540533935881068298825202077_eps0_s0,BPI2012_Full,WEIGHTED_PROBS_LEN
275.9848250709474,1928.3139991305768,177.0,0.14265380744102948,0.24246548376977445,0.0,77.13207980617881,0.986551337445875,3.0620414316654205,0.9242454461541121,112511.8,0.9932276527305255,0.6518887753004162,0.00010170720861285139,1.0,8167.759905613214,137.9818862900138,0.9452771166224663,0.9795125436659629,0.9641947181092518,0.83147053040003,0.9829628123564111,21.0,5.0,0.8,3.0,12.0,1.0,,2.5233656069354052e+38,1.0,1e-15,1.2,42.0,0.1,exhaustive_selection_config,"[[0, 0.1, 0.2, 0.3, 0.4, 0.5, 0.6, 0.7, 0.8, 0.9, 1]]","['nap', 'rtp']",252336560693540533935881068298825202077_eps0_s1,BPI2012_Full,WEIGHTED_PROBS_LEN
275.9848250709474,1991.8731218412518,177.0,0.14265380744102948,0.24741877131164075,0.0,79.57467611320317,0.986551337445875,3.0620414316654205,0.9242454461541121,112511.8,0.9932276527305255,0.6518887753004162,0.00010170720861285139,1.0,106580.4702817507,145.06928940340876,0.9452771166224663,0.9795125436659629,0.9641947181092518,0.83147053040003,0.9829628123564111,21.0,5.0,0.8,3.0,12.0,1.0,,2.5233656069354052e+38,1.0,1e-15,1.2,42.0,1.0,exhaustive_selection_config,"[[0, 0.1, 0.2, 0.3, 0.4, 0.5, 0.6, 0.7, 0.8, 0.9, 1]]","['nap', 'rtp']",252336560693540533935881068298825202077_eps0_s10,BPI2012_Full,WEIGHTED_PROBS_LEN
275.9848250709474,1928.1233827065676,177.0,0.14265380744102948,0.23613885790109634,0.0,77.7536195460707,0.986551337445875,3.0620414316654205,0.9242454461541121,112511.8,0.9932276527305255,0.6518887753004162,0.00010170720861285139,1.0,18933.194281886892,143.02942320927977,0.9452771166224663,0.9795125436659629,0.9641947181092518,0.83147053040003,0.9829628123564111,21.0,5.0,0.8,3.0,12.0,1.0,,2.5233656069354052e+38,1.0,1e-15,1.2,42.0,0.2,exhaustive_selection_config,"[[0, 0.1, 0.2, 0.3, 0.4, 0.5, 0.6, 0.7, 0.8, 0.9, 1]]","['nap', 'rtp']",252336560693540533935881068298825202077_eps0_s2,BPI2012_Full,WEIGHTED_PROBS_LEN
275.9848250709474,1940.2172886949033,177.0,0.14265380744102948,0.23429597988724704,0.0,78.05377681925893,0.986551337445875,3.0620414316654205,0.9242454461541121,112511.8,0.9932276527305255,0.6518887753004162,0.00010170720861285139,1.0,29695.645349116996,136.7136343151331,0.9452771166224663,0.9795125436659629,0.9641947181092518,0.83147053040003,0.9829628123564111,21.0,5.0,0.8,3.0,12.0,1.0,,2.5233656069354052e+38,1.0,1e-15,1.2,42.0,0.3,exhaustive_selection_config,"[[0, 0.1, 0.2, 0.3, 0.4, 0.5, 0.6, 0.7, 0.8, 0.9, 1]]","['nap', 'rtp']",252336560693540533935881068298825202077_eps0_s3,BPI2012_Full,WEIGHTED_PROBS_LEN
275.9848250709474,2038.4714000072331,177.0,0.14265380744102948,0.2832429587841033,0.0,86.13392866030335,0.986551337445875,3.0620414316654205,0.9242454461541121,112511.8,0.9932276527305255,0.6518887753004162,0.00010170720861285139,1.0,40841.52418807223,143.94115687571465,0.9452771166224663,0.9795125436659629,0.9641947181092518,0.83147053040003,0.9829628123564111,21.0,5.0,0.8,3.0,12.0,1.0,,2.5233656069354052e+38,1.0,1e-15,1.2,42.0,0.4,exhaustive_selection_config,"[[0, 0.1, 0.2, 0.3, 0.4, 0.5, 0.6, 0.7, 0.8, 0.9, 1]]","['nap', 'rtp']",252336560693540533935881068298825202077_eps0_s4,BPI2012_Full,WEIGHTED_PROBS_LEN
275.9848250709474,2003.8692366093396,177.0,0.14265380744102948,0.26340153887867923,0.0,80.9630037471652,0.986551337445875,3.0620414316654205,0.9242454461541121,112511.8,0.9932276527305255,0.6518887753004162,0.00010170720861285139,1.0,52086.005925431105,141.45824860408902,0.9452771166224663,0.9795125436659629,0.9641947181092518,0.83147053040003,0.9829628123564111,21.0,5.0,0.8,3.0,12.0,1.0,,2.5233656069354052e+38,1.0,1e-15,1.2,42.0,0.5,exhaustive_selection_config,"[[0, 0.1, 0.2, 0.3, 0.4, 0.5, 0.6, 0.7, 0.8, 0.9, 1]]","['nap', 'rtp']",252336560693540533935881068298825202077_eps0_s5,BPI2012_Full,WEIGHTED_PROBS_LEN
275.9848250709474,1936.0709853511303,177.0,0.14265380744102948,0.23884776830673213,0.0,78.65463223382831,0.986551337445875,3.0620414316654205,0.9242454461541121,112511.8,0.9932276527305255,0.6518887753004162,0.00010170720861285139,1.0,62989.061585641655,136.77338941507043,0.9452771166224663,0.9795125436659629,0.9641947181092518,0.83147053040003,0.9829628123564111,21.0,5.0,0.8,3.0,12.0,1.0,,2.5233656069354052e+38,1.0,1e-15,1.2,42.0,0.6,exhaustive_selection_config,"[[0, 0.1, 0.2, 0.3, 0.4, 0.5, 0.6, 0.7, 0.8, 0.9, 1]]","['nap', 'rtp']",252336560693540533935881068298825202077_eps0_s6,BPI2012_Full,WEIGHTED_PROBS_LEN
275.9848250709474,1945.5796940419823,177.0,0.14265380744102948,0.2343574438244104,0.0,78.88261796273291,0.986551337445875,3.0620414316654205,0.9242454461541121,112511.8,0.9932276527305255,0.6518887753004162,0.00010170720861285139,1.0,73763.94896484315,142.2809484872967,0.9452771166224663,0.9795125436659629,0.9641947181092518,0.83147053040003,0.9829628123564111,21.0,5.0,0.8,3.0,12.0,1.0,,2.5233656069354052e+38,1.0,1e-15,1.2,42.0,0.7,exhaustive_selection_config,"[[0, 0.1, 0.2, 0.3, 0.4, 0.5, 0.6, 0.7, 0.8, 0.9, 1]]","['nap', 'rtp']",252336560693540533935881068298825202077_eps0_s7,BPI2012_Full,WEIGHTED_PROBS_LEN
275.9848250709474,1967.0363302290439,177.0,0.14265380744102948,0.24067418873310084,0.0,78.60931650735438,0.986551337445875,3.0620414316654205,0.9242454461541121,112511.8,0.9932276527305255,0.6518887753004162,0.00010170720861285139,1.0,84601.44747947156,136.64459150582553,0.9452771166224663,0.9795125436659629,0.9641947181092518,0.83147053040003,0.9829628123564111,21.0,5.0,0.8,3.0,12.0,1.0,,2.5233656069354052e+38,1.0,1e-15,1.2,42.0,0.8,exhaustive_selection_config,"[[0, 0.1, 0.2, 0.3, 0.4, 0.5, 0.6, 0.7, 0.8, 0.9, 1]]","['nap', 'rtp']",252336560693540533935881068298825202077_eps0_s8,BPI2012_Full,WEIGHTED_PROBS_LEN
275.9848250709474,1968.063833886385,177.0,0.14265380744102948,0.2355779759585857,0.0,78.03211084268987,0.986551337445875,3.0620414316654205,0.9242454461541121,112511.8,0.9932276527305255,0.6518887753004162,0.00010170720861285139,1.0,95514.37452919967,136.90258292369543,0.9452771166224663,0.9795125436659629,0.9641947181092518,0.83147053040003,0.9829628123564111,21.0,5.0,0.8,3.0,12.0,1.0,,2.5233656069354052e+38,1.0,1e-15,1.2,42.0,0.9,exhaustive_selection_config,"[[0, 0.1, 0.2, 0.3, 0.4, 0.5, 0.6, 0.7, 0.8, 0.9, 1]]","['nap', 'rtp']",252336560693540533935881068298825202077_eps0_s9,BPI2012_Full,WEIGHTED_PROBS_LEN
275.9848250709474,114.37115390338003,177.0,0.2691554150377061,0.23908864185214038,0.0,42.431544448435304,0.8991380919592802,3.0620414316654205,0.4100341783506658,112511.8,0.9524594734125078,0.4444723952206332,0.00010170720861285139,1.0,111920.94480587728,141.65594679415227,0.48190137195918165,0.7582061239728132,0.5910189201511581,0.4540367570991382,0.8478477652896179,21.0,5.0,0.8,5.0,12.0,1.0,,2.5233656069354052e+38,1.0,1e-15,1.2,42.0,0.0,exhaustive_selection_config,"[[0, 0.1, 0.2, 0.3, 0.4, 0.5, 0.6, 0.7, 0.8, 0.9, 1]]","['nap', 'rtp']",252336560693540533935881068298825202077_eps1_s0,BPI2012_Full,WEIGHTED_PROBS_LEN
275.9848250709474,1304.4697163965552,177.0,0.1708142057157525,0.2438374020159244,0.0,74.06831809058785,0.9718067926566547,3.0620414316654205,0.8297836007493451,112511.8,0.986100943206384,0.6257652758680041,0.00010170720861285139,1.0,117038.25959649422,140.39668539725244,0.8589168572243422,0.9251068531836193,0.8895906255667889,0.7698749390521682,0.9550400842631042,21.0,5.0,0.8,5.0,12.0,1.0,,2.5233656069354052e+38,1.0,1e-15,1.2,42.0,0.1,exhaustive_selection_config,"[[0, 0.1, 0.2, 0.3, 0.4, 0.5, 0.6, 0.7, 0.8, 0.9, 1]]","['nap', 'rtp']",252336560693540533935881068298825202077_eps1_s1,BPI2012_Full,WEIGHTED_PROBS_LEN
275.9848250709474,129.00229265876115,177.0,0.29630988643098066,0.23650972358882422,0.0,42.540329806506634,0.9227888451547042,3.0620414316654205,0.46431500204124276,112511.8,0.9610866861210745,0.4849345852903923,0.00010170720861285139,1.0,142112.83046354912,136.3260580070317,0.5408143779855662,0.8033604159290777,0.6495356345271566,0.4649308392993291,0.8828154744604817,21.0,5.0,0.8,5.0,12.0,1.0,,2.5233656069354052e+38,1.0,1e-15,1.2,42.0,1.0,exhaustive_selection_config,"[[0, 0.1, 0.2, 0.3, 0.4, 0.5, 0.6, 0.7, 0.8, 0.9, 1]]","['nap', 'rtp']",252336560693540533935881068298825202077_eps1_s10,BPI2012_Full,WEIGHTED_PROBS_LEN
275.9848250709474,958.7833930995315,177.0,0.1711220064160251,0.24551051519811148,0.0,71.70906890854239,0.9686314439555591,3.0620414316654205,0.8158961792462808,112511.8,0.9842387119292496,0.6025190645888724,0.00010170720861285139,1.0,123566.71499415711,139.94987061433494,0.8458830811523178,0.9181546946413472,0.8783656342166519,0.7287835323944929,0.9502360765347543,21.0,5.0,0.8,5.0,12.0,1.0,,2.5233656069354052e+38,1.0,1e-15,1.2,42.0,0.2,exhaustive_selection_config,"[[0, 0.1, 0.2, 0.3, 0.4, 0.5, 0.6, 0.7, 0.8, 0.9, 1]]","['nap', 'rtp']",252336560693540533935881068298825202077_eps1_s2,BPI2012_Full,WEIGHTED_PROBS_LEN
275.9848250709474,602.3480112422258,177.0,0.23552598935395008,0.23282600753009314,0.0,58.47025471813977,0.944045933691893,3.0620414316654205,0.6462005959822201,112511.8,0.9718610396547728,0.5598567583125684,0.00010170720861285139,1.0,128325.36350274346,138.92052557915449,0.6945636508036948,0.8590383559560646,0.7631118466131148,0.5927927577361186,0.9157372465381629,21.0,5.0,0.8,5.0,12.0,1.0,,2.5233656069354052e+38,1.0,1e-15,1.2,42.0,0.3,exhaustive_selection_config,"[[0, 0.1, 0.2, 0.3, 0.4, 0.5, 0.6, 0.7, 0.8, 0.9, 1]]","['nap', 'rtp']",252336560693540533935881068298825202077_eps1_s3,BPI2012_Full,WEIGHTED_PROBS_LEN
275.9848250709474,452.7308735437691,177.0,0.25725913077937024,0.23561054840683932,0.0,54.337346556037666,0.9396890780448572,3.0620414316654205,0.6061743009656113,112511.8,0.9697999720351873,0.5544682094555542,0.00010170720861285139,1.0,131925.4205007322,136.8690297394991,0.6580761091159677,0.8462530081589333,0.7352558419435646,0.5804672895593695,0.908746659584657,21.0,5.0,0.8,5.0,12.0,1.0,,2.5233656069354052e+38,1.0,1e-15,1.2,42.0,0.4,exhaustive_selection_config,"[[0, 0.1, 0.2, 0.3, 0.4, 0.5, 0.6, 0.7, 0.8, 0.9, 1]]","['nap', 'rtp']",252336560693540533935881068298825202077_eps1_s4,BPI2012_Full,WEIGHTED_PROBS_LEN
275.9848250709474,131.60857536420227,177.0,0.3132674474849046,0.23532933369278902,0.0,42.326893120259044,0.9221247128829031,3.0620414316654205,0.4596804731455556,112511.8,0.9617372609949152,0.5292780567181308,0.00010170720861285139,1.0,134131.96019692457,140.59170766845347,0.5309013955665343,0.797959086752256,0.638803223147151,0.5155629930839782,0.8806663969793265,21.0,5.0,0.8,5.0,12.0,1.0,,2.5233656069354052e+38,1.0,1e-15,1.2,42.0,0.5,exhaustive_selection_config,"[[0, 0.1, 0.2, 0.3, 0.4, 0.5, 0.6, 0.7, 0.8, 0.9, 1]]","['nap', 'rtp']",252336560693540533935881068298825202077_eps1_s5,BPI2012_Full,WEIGHTED_PROBS_LEN
275.9848250709474,137.08540573604404,177.0,0.30707014459632476,0.23466491438448425,0.0,42.79429992921651,0.9231072280508442,3.0620414316654205,0.4544681547641698,112511.8,0.9622492805619794,0.5242377191543799,0.00010170720861285139,1.0,135741.00082445442,139.48532280363142,0.5298305081767021,0.7989522745888975,0.640741797303035,0.5007075639400176,0.8827781576806153,21.0,5.0,0.8,5.0,12.0,1.0,,2.5233656069354052e+38,1.0,1e-15,1.2,42.0,0.6,exhaustive_selection_config,"[[0, 0.1, 0.2, 0.3, 0.4, 0.5, 0.6, 0.7, 0.8, 0.9, 1]]","['nap', 'rtp']",252336560693540533935881068298825202077_eps1_s6,BPI2012_Full,WEIGHTED_PROBS_LEN
275.9848250709474,137.43865710198878,177.0,0.30995886223032715,0.23824617788195607,0.0,42.35053748674691,0.9215394962010335,3.0620414316654205,0.45748121927742147,112511.8,0.961584600453498,0.5236644517207854,0.00010170720861285139,1.0,137328.69585151674,135.68471627943217,0.5330904716841716,0.7956855201197385,0.6407438631389877,0.4977795429904569,0.880352436665772,21.0,5.0,0.8,5.0,12.0,1.0,,2.5233656069354052e+38,1.0,1e-15,1.2,42.0,0.7,exhaustive_selection_config,"[[0, 0.1, 0.2, 0.3, 0.4, 0.5, 0.6, 0.7, 0.8, 0.9, 1]]","['nap', 'rtp']",252336560693540533935881068298825202077_eps1_s7,BPI2012_Full,WEIGHTED_PROBS_LEN
275.9848250709474,141.74539859704674,177.0,0.3111203185429265,0.23753931336104867,0.0,42.54523265734315,0.9207587068776636,3.0620414316654205,0.4587069179015389,112511.8,0.9612174118829426,0.5230032358720054,0.00010170720861285139,1.0,138954.76139986253,140.10048436038196,0.5344362999578842,0.7942318915872589,0.6409794998214353,0.4949830527573848,0.8791740814248715,21.0,5.0,0.8,5.0,12.0,1.0,,2.5233656069354052e+38,1.0,1e-15,1.2,42.0,0.8,exhaustive_selection_config,"[[0, 0.1, 0.2, 0.3, 0.4, 0.5, 0.6, 0.7, 0.8, 0.9, 1]]","['nap', 'rtp']",252336560693540533935881068298825202077_eps1_s8,BPI2012_Full,WEIGHTED_PROBS_LEN
275.9848250709474,137.0919456578791,177.0,0.31375820789433506,0.23240922316908832,0.0,42.38276945985854,0.9187487238515292,3.0620414316654205,0.4615619842534592,112511.8,0.9603450804866487,0.520893576432018,0.00010170720861285139,1.0,140553.58368422015,137.68490783013402,0.5379281001727868,0.7894584705840785,0.6427030468120885,0.4872997927395919,0.8758020281681649,21.0,5.0,0.8,5.0,12.0,1.0,,2.5233656069354052e+38,1.0,1e-15,1.2,42.0,0.9,exhaustive_selection_config,"[[0, 0.1, 0.2, 0.3, 0.4, 0.5, 0.6, 0.7, 0.8, 0.9, 1]]","['nap', 'rtp']",252336560693540533935881068298825202077_eps1_s9,BPI2012_Full,WEIGHTED_PROBS_LEN
275.9848250709474,126.26985114999115,177.0,0.2691554150377061,0.2299601353704929,0.0,40.986031940206885,0.8991380919592802,3.0620414316654205,0.4100341783506658,112511.8,0.9524594734125078,0.447591492491682,0.00010170720861285139,1.0,143643.3695199311,135.83925603814424,0.48190137195918165,0.7582061239728132,0.5910189201511581,0.45372300380133235,0.8478477652896179,21.0,5.0,0.8,7.0,12.0,1.0,,2.5233656069354052e+38,1.0,1e-15,1.2,42.0,0.0,exhaustive_selection_config,"[[0, 0.1, 0.2, 0.3, 0.4, 0.5, 0.6, 0.7, 0.8, 0.9, 1]]","['nap', 'rtp']",252336560693540533935881068298825202077_eps2_s0,BPI2012_Full,WEIGHTED_PROBS_LEN
275.9848250709474,1459.5394011002033,177.0,0.1547342728119861,0.23480168133974072,0.0,76.68725382052362,0.9905169486700803,3.0620414316654205,0.9087578133191672,112511.8,0.9956240287506194,0.6874095827495041,0.00010170720861285139,1.0,149283.5137500003,136.0163124732673,0.9310221751782572,0.9752661419267066,0.9523992410099817,0.844789617955103,0.9855270064014896,21.0,5.0,0.8,7.0,12.0,1.0,,2.5233656069354052e+38,1.0,1e-15,1.2,42.0,0.1,exhaustive_selection_config,"[[0, 0.1, 0.2, 0.3, 0.4, 0.5, 0.6, 0.7, 0.8, 0.9, 1]]","['nap', 'rtp']",252336560693540533935881068298825202077_eps2_s1,BPI2012_Full,WEIGHTED_PROBS_LEN
275.9848250709474,123.43640542849899,177.0,0.3214956810468537,0.2352614756673574,0.0,39.274196811020374,0.9232449994802894,3.0620414316654205,0.4730620535936512,112511.8,0.9663075918793196,0.5477895496585139,0.00010170720861285139,1.0,176233.21705837845,138.1554945167154,0.5455325780043535,0.8012652830776119,0.6493231385833891,0.5808667797954084,0.879850110565959,21.0,5.0,0.8,7.0,12.0,1.0,,2.5233656069354052e+38,1.0,1e-15,1.2,42.0,1.0,exhaustive_selection_config,"[[0, 0.1, 0.2, 0.3, 0.4, 0.5, 0.6, 0.7, 0.8, 0.9, 1]]","['nap', 'rtp']",252336560693540533935881068298825202077_eps2_s10,BPI2012_Full,WEIGHTED_PROBS_LEN
275.9848250709474,1080.9566641565411,177.0,0.16178733254708075,0.24308046661317348,0.0,76.69481211006641,0.9856436648327153,3.0620414316654205,0.8900891154779573,112511.8,0.9931920142802392,0.6805670940406527,0.00010170720861285139,1.0,156496.02589913234,136.34472252205015,0.9130134123142606,0.9654570463241201,0.9363167385559201,0.8204175200142305,0.978701644130347,21.0,5.0,0.8,7.0,12.0,1.0,,2.5233656069354052e+38,1.0,1e-15,1.2,42.0,0.2,exhaustive_selection_config,"[[0, 0.1, 0.2, 0.3, 0.4, 0.5, 0.6, 0.7, 0.8, 0.9, 1]]","['nap', 'rtp']",252336560693540533935881068298825202077_eps2_s2,BPI2012_Full,WEIGHTED_PROBS_LEN
275.9848250709474,774.8336793672294,177.0,0.22627416194458175,0.23887001983821388,0.0,64.20952123403549,0.9670556519581908,3.0620414316654205,0.7574839552047041,112511.8,0.984063856901412,0.660285253096103,0.00010170720861285139,1.0,161984.73638022953,140.18676183633505,0.7975544065281334,0.9220733214161086,0.8500800895035603,0.7499925180018598,0.953415440552979,21.0,5.0,0.8,7.0,12.0,1.0,,2.5233656069354052e+38,1.0,1e-15,1.2,42.0,0.3,exhaustive_selection_config,"[[0, 0.1, 0.2, 0.3, 0.4, 0.5, 0.6, 0.7, 0.8, 0.9, 1]]","['nap', 'rtp']",252336560693540533935881068298825202077_eps2_s3,BPI2012_Full,WEIGHTED_PROBS_LEN
275.9848250709474,560.2281403210014,177.0,0.25494447290406025,0.2405399844050407,0.0,58.42127281650901,0.9563011182356057,3.0620414316654205,0.6848665968689867,112511.8,0.9799615071457028,0.6450932902483222,0.00010170720861285139,1.0,166267.99179709292,140.33756668381392,0.7304639626927276,0.892446081144594,0.7959637944394831,0.708809111299217,0.9358741806816774,21.0,5.0,0.8,7.0,12.0,1.0,,2.5233656069354052e+38,1.0,1e-15,1.2,42.0,0.4,exhaustive_selection_config,"[[0, 0.1, 0.2, 0.3, 0.4, 0.5, 0.6, 0.7, 0.8, 0.9, 1]]","['nap', 'rtp']",252336560693540533935881068298825202077_eps2_s4,BPI2012_Full,WEIGHTED_PROBS_LEN
275.9848250709474,135.32297664992512,177.0,0.3474661593317821,0.23453971035778517,0.0,41.24708146005869,0.9343577751499387,3.0620414316654205,0.48981754395804156,112511.8,0.9723575023811376,0.6356207272440604,0.00010170720861285139,1.0,168714.09399432206,138.92830792851746,0.5577894008428192,0.8233365100404267,0.6602009840074686,0.6732194577932236,0.8979848212204186,21.0,5.0,0.8,7.0,12.0,1.0,,2.5233656069354052e+38,1.0,1e-15,1.2,42.0,0.5,exhaustive_selection_config,"[[0, 0.1, 0.2, 0.3, 0.4, 0.5, 0.6, 0.7, 0.8, 0.9, 1]]","['nap', 'rtp']",252336560693540533935881068298825202077_eps2_s5,BPI2012_Full,WEIGHTED_PROBS_LEN
275.9848250709474,126.64131180942059,177.0,0.33844226225707164,0.24059667512774463,0.0,38.955067143961784,0.9350846214885864,3.0620414316654205,0.4775960651377741,112511.8,0.9734403342650877,0.6365875957712522,0.00010170720861285139,1.0,170262.93984103575,134.75441064760088,0.5460118010960936,0.8274227763374121,0.6581962737515205,0.6726129963533934,0.900387300992928,21.0,5.0,0.8,7.0,12.0,1.0,,2.5233656069354052e+38,1.0,1e-15,1.2,42.0,0.6,exhaustive_selection_config,"[[0, 0.1, 0.2, 0.3, 0.4, 0.5, 0.6, 0.7, 0.8, 0.9, 1]]","['nap', 'rtp']",252336560693540533935881068298825202077_eps2_s6,BPI2012_Full,WEIGHTED_PROBS_LEN
275.9848250709474,117.99390782751144,177.0,0.3393299888753778,0.2356417872011661,0.0,40.879416547715664,0.9342270188931904,3.0620414316654205,0.47910284249877444,112511.8,0.9730692478242565,0.6382438444261027,0.00010170720861285139,1.0,171746.3624813687,137.6093324624002,0.5499685518080024,0.8261830414916668,0.6609767625816264,0.6703700644979267,0.89920754665545,21.0,5.0,0.8,7.0,12.0,1.0,,2.5233656069354052e+38,1.0,1e-15,1.2,42.0,0.7,exhaustive_selection_config,"[[0, 0.1, 0.2, 0.3, 0.4, 0.5, 0.6, 0.7, 0.8, 0.9, 1]]","['nap', 'rtp']",252336560693540533935881068298825202077_eps2_s7,BPI2012_Full,WEIGHTED_PROBS_LEN
275.9848250709474,119.55340476408601,177.0,0.34321748257554135,0.23733160682022567,0.0,41.4316504098475,0.9341566766321281,3.0620414316654205,0.48419112425953237,112511.8,0.973078915636527,0.6436255856590476,0.00010170720861285139,1.0,173236.8655692257,136.76429608613253,0.5606943636082697,0.8280827333010764,0.670838628438762,0.666785691451015,0.8996711467742887,21.0,5.0,0.8,7.0,12.0,1.0,,2.5233656069354052e+38,1.0,1e-15,1.2,42.0,0.8,exhaustive_selection_config,"[[0, 0.1, 0.2, 0.3, 0.4, 0.5, 0.6, 0.7, 0.8, 0.9, 1]]","['nap', 'rtp']",252336560693540533935881068298825202077_eps2_s8,BPI2012_Full,WEIGHTED_PROBS_LEN
275.9848250709474,117.81982057578861,177.0,0.3531230905369669,0.23542333953082561,0.0,41.118380558118226,0.9284313670585161,3.0620414316654205,0.489281617002821,112511.8,0.9712901225420195,0.6408958400718022,0.00010170720861285139,1.0,174726.7516394563,137.99767959937452,0.5655975900009769,0.8098876899174124,0.6679083639030677,0.6654167147874592,0.8891836874809103,21.0,5.0,0.8,7.0,12.0,1.0,,2.5233656069354052e+38,1.0,1e-15,1.2,42.0,0.9,exhaustive_selection_config,"[[0, 0.1, 0.2, 0.3, 0.4, 0.5, 0.6, 0.7, 0.8, 0.9, 1]]","['nap', 'rtp']",252336560693540533935881068298825202077_eps2_s9,BPI2012_Full,WEIGHTED_PROBS_LEN
275.9848250709474,126.49769467487931,177.0,0.2691554150377061,0.236568546667695,0.0,38.72781547755003,0.8991380919592802,3.0620414316654205,0.4100341783506658,112511.8,0.9524594734125078,0.447591492491682,0.00010170720861285139,1.0,177742.47533418835,136.84201381318272,0.48190137195918165,0.7582061239728132,0.5910189201511581,0.45372300380133235,0.8478477652896179,21.0,5.0,0.8,9.0,12.0,1.0,,2.5233656069354052e+38,1.0,1e-15,1.2,42.0,0.0,exhaustive_selection_config,"[[0, 0.1, 0.2, 0.3, 0.4, 0.5, 0.6, 0.7, 0.8, 0.9, 1]]","['nap', 'rtp']",252336560693540533935881068298825202077_eps3_s0,BPI2012_Full,WEIGHTED_PROBS_LEN
275.9848250709474,1541.5876934714615,177.0,0.1490806308004518,0.23576248399913308,0.0,77.46301517821848,0.9931423074163603,3.0620414316654205,0.9249222542058376,112511.8,0.9964124823851682,0.6910163795141068,0.00010170720861285139,1.0,183560.8886910133,136.22520999759436,0.9462124111631478,0.9831651783062683,0.9657055731336737,0.8498410876950905,0.9897613880032614,21.0,5.0,0.8,9.0,12.0,1.0,,2.5233656069354052e+38,1.0,1e-15,1.2,42.0,0.1,exhaustive_selection_config,"[[0, 0.1, 0.2, 0.3, 0.4, 0.5, 0.6, 0.7, 0.8, 0.9, 1]]","['nap', 'rtp']",252336560693540533935881068298825202077_eps3_s1,BPI2012_Full,WEIGHTED_PROBS_LEN
275.9848250709474,125.80434270612895,177.0,0.32741532243474525,0.24011278860270974,0.0,40.341745431348684,0.9335832132199151,3.0620414316654205,0.4762440200022618,112511.8,0.972576049613464,0.5927744211319634,0.00010170720861285139,1.0,220078.08155838662,140.1234827362001,0.5484619082104191,0.8079387607174222,0.6546012399838949,0.6595722526429916,0.8875747749802162,21.0,5.0,0.8,9.0,12.0,1.0,,2.5233656069354052e+38,1.0,1e-15,1.2,42.0,1.0,exhaustive_selection_config,"[[0, 0.1, 0.2, 0.3, 0.4, 0.5, 0.6, 0.7, 0.8, 0.9, 1]]","['nap', 'rtp']",252336560693540533935881068298825202077_eps3_s10,BPI2012_Full,WEIGHTED_PROBS_LEN
275.9848250709474,1135.7839999571443,177.0,0.15406212795311247,0.23937576711177821,0.0,77.10607387684286,0.9903000246006904,3.0620414316654205,0.9128116820551476,112511.8,0.9949510522433265,0.6860107003306268,0.00010170720861285139,1.0,191122.86624512932,136.7582249574363,0.9347827158991378,0.9770595907456687,0.9559170824137174,0.8311258073453371,0.9853077355372578,21.0,5.0,0.8,9.0,12.0,1.0,,2.5233656069354052e+38,1.0,1e-15,1.2,42.0,0.2,exhaustive_selection_config,"[[0, 0.1, 0.2, 0.3, 0.4, 0.5, 0.6, 0.7, 0.8, 0.9, 1]]","['nap', 'rtp']",252336560693540533935881068298825202077_eps3_s2,BPI2012_Full,WEIGHTED_PROBS_LEN
275.9848250709474,1218.091675649956,177.0,0.17414565661269296,0.2409682143479585,0.0,74.41686904840171,0.9810848061406219,3.0620414316654205,0.8674525034503512,112511.8,0.9916320844541964,0.6796359222537742,0.00010170720861285139,1.0,198154.81134102345,136.38751063272358,0.8917367398778691,0.953549759509053,0.9192467308062765,0.8045727945697301,0.9704091645710793,21.0,5.0,0.8,9.0,12.0,1.0,,2.5233656069354052e+38,1.0,1e-15,1.2,42.0,0.3,exhaustive_selection_config,"[[0, 0.1, 0.2, 0.3, 0.4, 0.5, 0.6, 0.7, 0.8, 0.9, 1]]","['nap', 'rtp']",252336560693540533935881068298825202077_eps3_s3,BPI2012_Full,WEIGHTED_PROBS_LEN
275.9848250709474,857.2640751626343,177.0,0.18348750756238394,0.2393479414284229,0.0,73.7182965233922,0.9743755448378366,3.0620414316654205,0.8393039068137828,112511.8,0.9888762971578355,0.663685306015761,0.00010170720861285139,1.0,204307.27146784365,138.26418370865287,0.8656976733564787,0.9389013997296342,0.897285315723517,0.7630944080547681,0.9602713379577323,21.0,5.0,0.8,9.0,12.0,1.0,,2.5233656069354052e+38,1.0,1e-15,1.2,42.0,0.4,exhaustive_selection_config,"[[0, 0.1, 0.2, 0.3, 0.4, 0.5, 0.6, 0.7, 0.8, 0.9, 1]]","['nap', 'rtp']",252336560693540533935881068298825202077_eps3_s4,BPI2012_Full,WEIGHTED_PROBS_LEN
275.9848250709474,419.4446980576962,177.0,0.19950104099191554,0.23691602908074852,0.0,72.04079921394586,0.9735457403920791,3.0620414316654205,0.8327515840305963,112511.8,0.9886191753169621,0.6598607324238785,0.00010170720861285139,1.0,208174.375313263,140.76076849848033,0.8596019129507972,0.9362469710230853,0.8920698560029481,0.7190235653172347,0.958829988959453,21.0,5.0,0.8,9.0,12.0,1.0,,2.5233656069354052e+38,1.0,1e-15,1.2,42.0,0.5,exhaustive_selection_config,"[[0, 0.1, 0.2, 0.3, 0.4, 0.5, 0.6, 0.7, 0.8, 0.9, 1]]","['nap', 'rtp']",252336560693540533935881068298825202077_eps3_s5,BPI2012_Full,WEIGHTED_PROBS_LEN
275.9848250709474,277.78797238059343,177.0,0.19973118057103154,0.23981430046260352,0.0,71.55039978474379,0.9730487915923872,3.0620414316654205,0.8289407515980931,112511.8,0.9885819152337806,0.6575830269641187,0.00010170720861285139,1.0,211011.12696819083,140.3683229804039,0.8563808004623079,0.9347956341056115,0.8894528748062157,0.7125434155767059,0.9579044325020843,21.0,5.0,0.8,9.0,12.0,1.0,,2.5233656069354052e+38,1.0,1e-15,1.2,42.0,0.6,exhaustive_selection_config,"[[0, 0.1, 0.2, 0.3, 0.4, 0.5, 0.6, 0.7, 0.8, 0.9, 1]]","['nap', 'rtp']",252336560693540533935881068298825202077_eps3_s6,BPI2012_Full,WEIGHTED_PROBS_LEN
275.9848250709474,273.53794239647686,177.0,0.20523199154641958,0.23574101403355593,0.0,70.51179938875138,0.9720347897998091,3.0620414316654205,0.8180837567526696,112511.8,0.9885698700425725,0.6592392756189692,0.00010170720861285139,1.0,213435.46090971044,136.68079655766488,0.8467486793532286,0.9307430377186021,0.8816936370968111,0.7103004837212391,0.955609372617994,21.0,5.0,0.8,9.0,12.0,1.0,,2.5233656069354052e+38,1.0,1e-15,1.2,42.0,0.7,exhaustive_selection_config,"[[0, 0.1, 0.2, 0.3, 0.4, 0.5, 0.6, 0.7, 0.8, 0.9, 1]]","['nap', 'rtp']",252336560693540533935881068298825202077_eps3_s7,BPI2012_Full,WEIGHTED_PROBS_LEN
275.9848250709474,272.1693874228746,177.0,0.20630225854998258,0.23520091734826565,0.0,69.89531859718264,0.9715981531833989,3.0620414316654205,0.8140747298413519,112511.8,0.9885513213224101,0.6646210168519142,0.00010170720861285139,1.0,215863.3491332337,139.74486716650426,0.8432542675421791,0.9292533833662544,0.8790094283670642,0.7067161106743274,0.9547051698261623,21.0,5.0,0.8,9.0,12.0,1.0,,2.5233656069354052e+38,1.0,1e-15,1.2,42.0,0.8,exhaustive_selection_config,"[[0, 0.1, 0.2, 0.3, 0.4, 0.5, 0.6, 0.7, 0.8, 0.9, 1]]","['nap', 'rtp']",252336560693540533935881068298825202077_eps3_s8,BPI2012_Full,WEIGHTED_PROBS_LEN
275.9848250709474,264.98168571554123,177.0,0.2066899664407059,0.2347064603120088,0.0,69.00796862617135,0.9712948320772368,3.0620414316654205,0.809572838035405,112511.8,0.9884182734552247,0.6624703998917307,0.00010170720861285139,1.0,218245.1045421466,134.9182783368975,0.8396455537475209,0.9284774830605048,0.8768085672791667,0.7071182248756502,0.9541854064958939,21.0,5.0,0.8,9.0,12.0,1.0,,2.5233656069354052e+38,1.0,1e-15,1.2,42.0,0.9,exhaustive_selection_config,"[[0, 0.1, 0.2, 0.3, 0.4, 0.5, 0.6, 0.7, 0.8, 0.9, 1]]","['nap', 'rtp']",252336560693540533935881068298825202077_eps3_s9,BPI2012_Full,WEIGHTED_PROBS_LEN
275.9848250709474,130.65999196469784,177.0,0.2691554150377061,0.2373622547835111,0.0,40.32519451268017,0.8991380919592802,3.0620414316654205,0.4100341783506658,112511.8,0.9524594734125078,0.447591492491682,0.00010170720861285139,1.0,221628.2855308108,139.66403004191815,0.48190137195918165,0.7582061239728132,0.5910189201511581,0.45372300380133235,0.8478477652896179,21.0,5.0,0.8,11.0,12.0,1.0,,2.5233656069354052e+38,1.0,1e-15,1.2,42.0,0.0,exhaustive_selection_config,"[[0, 0.1, 0.2, 0.3, 0.4, 0.5, 0.6, 0.7, 0.8, 0.9, 1]]","['nap', 'rtp']",252336560693540533935881068298825202077_eps4_s0,BPI2012_Full,WEIGHTED_PROBS_LEN
275.9848250709474,1604.6126276556402,177.0,0.14940379746795623,0.2414840310811996,0.0,77.63909501284361,0.9939356255355474,3.0620414316654205,0.9309744827566971,112511.8,0.9965021334181958,0.6920667758514133,0.00010170720861285139,1.0,227733.9785805315,140.92068535983563,0.951985105428235,0.986374990290661,0.9708020208218626,0.8502121579599683,0.9913757268000503,21.0,5.0,0.8,11.0,12.0,1.0,,2.5233656069354052e+38,1.0,1e-15,1.2,42.0,0.1,exhaustive_selection_config,"[[0, 0.1, 0.2, 0.3, 0.4, 0.5, 0.6, 0.7, 0.8, 0.9, 1]]","['nap', 'rtp']",252336560693540533935881068298825202077_eps4_s1,BPI2012_Full,WEIGHTED_PROBS_LEN
275.9848250709474,121.82516706325114,177.0,0.3435115733914426,0.23954037204384798,0.0,40.72532485984266,0.9421107203530997,3.0620414316654205,0.4917246671986554,112511.8,0.977613780935583,0.6268021110703685,0.00010170720861285139,1.0,266214.3487335164,135.94009748585523,0.565108980076991,0.8185621530863211,0.6708391393653128,0.7238715207752975,0.9006704976614894,21.0,5.0,0.8,11.0,12.0,1.0,,2.5233656069354052e+38,1.0,1e-15,1.2,42.0,1.0,exhaustive_selection_config,"[[0, 0.1, 0.2, 0.3, 0.4, 0.5, 0.6, 0.7, 0.8, 0.9, 1]]","['nap', 'rtp']",252336560693540533935881068298825202077_eps4_s10,BPI2012_Full,WEIGHTED_PROBS_LEN
275.9848250709474,1171.2881202150136,177.0,0.15256128798923524,0.24345701076090337,0.0,76.87646259069443,0.9914409574087433,3.0620414316654205,0.9222311030967066,112511.8,0.9953602046989676,0.6884830270139045,0.00010170720861285139,1.0,235498.09699894785,138.12411337196826,0.9435672540359598,0.9813845546693848,0.9633428230132763,0.8351074444910779,0.9876611176209323,21.0,5.0,0.8,11.0,12.0,1.0,,2.5233656069354052e+38,1.0,1e-15,1.2,42.0,0.2,exhaustive_selection_config,"[[0, 0.1, 0.2, 0.3, 0.4, 0.5, 0.6, 0.7, 0.8, 0.9, 1]]","['nap', 'rtp']",252336560693540533935881068298825202077_eps4_s2,BPI2012_Full,WEIGHTED_PROBS_LEN
275.9848250709474,1304.8038676269352,177.0,0.17026031959684423,0.23949481621384616,0.0,76.40318812206388,0.983884053000407,3.0620414316654205,0.8862640270122013,112511.8,0.9928009997242473,0.6849588667629382,0.00010170720861285139,1.0,242871.54381455667,138.45316917560996,0.9092532239737038,0.9618519791247833,0.9338764455147729,0.8171421221704014,0.975227360267993,21.0,5.0,0.8,11.0,12.0,1.0,,2.5233656069354052e+38,1.0,1e-15,1.2,42.0,0.3,exhaustive_selection_config,"[[0, 0.1, 0.2, 0.3, 0.4, 0.5, 0.6, 0.7, 0.8, 0.9, 1]]","['nap', 'rtp']",252336560693540533935881068298825202077_eps4_s3,BPI2012_Full,WEIGHTED_PROBS_LEN
275.9848250709474,926.7317678272724,177.0,0.17502185892698513,0.23582197837531566,0.0,75.69055414572358,0.9831031302543014,3.0620414316654205,0.8822757926407314,112511.8,0.9926491338726773,0.6770521136946257,0.00010170720861285139,1.0,249456.8509522613,138.46250581927598,0.9053639383773548,0.9594861982593711,0.9304826313431465,0.8010133063842371,0.9738352282671879,21.0,5.0,0.8,11.0,12.0,1.0,,2.5233656069354052e+38,1.0,1e-15,1.2,42.0,0.4,exhaustive_selection_config,"[[0, 0.1, 0.2, 0.3, 0.4, 0.5, 0.6, 0.7, 0.8, 0.9, 1]]","['nap', 'rtp']",252336560693540533935881068298825202077_eps4_s4,BPI2012_Full,WEIGHTED_PROBS_LEN
275.9848250709474,457.33345918543637,177.0,0.1861852604288734,0.2427824486047029,0.0,75.65638838931918,0.9825576890800708,3.0620414316654205,0.8818111517059413,112511.8,0.9923953318282065,0.6735353830705827,0.00010170720861285139,1.0,253536.47884236014,137.85284678414465,0.9043552877539731,0.95799497610406,0.9286354749147614,0.7575321576660485,0.9729701102899975,21.0,5.0,0.8,11.0,12.0,1.0,,2.5233656069354052e+38,1.0,1e-15,1.2,42.0,0.5,exhaustive_selection_config,"[[0, 0.1, 0.2, 0.3, 0.4, 0.5, 0.6, 0.7, 0.8, 0.9, 1]]","['nap', 'rtp']",252336560693540533935881068298825202077_eps4_s5,BPI2012_Full,WEIGHTED_PROBS_LEN
275.9848250709474,305.97759528420863,177.0,0.18497974568809603,0.24383533895015713,0.0,75.36091363951564,0.9824115752709878,3.0620414316654205,0.8791709822628346,112511.8,0.9923676946358846,0.672262159052714,0.00010170720861285139,1.0,256545.68834008835,135.6872590776533,0.9023455157297713,0.9575422282031706,0.9274510393772919,0.7528094998452524,0.9727178391537639,21.0,5.0,0.8,11.0,12.0,1.0,,2.5233656069354052e+38,1.0,1e-15,1.2,42.0,0.6,exhaustive_selection_config,"[[0, 0.1, 0.2, 0.3, 0.4, 0.5, 0.6, 0.7, 0.8, 0.9, 1]]","['nap', 'rtp']",252336560693540533935881068298825202077_eps4_s6,BPI2012_Full,WEIGHTED_PROBS_LEN
275.9848250709474,304.4755892019719,177.0,0.18526847613459319,0.2364341530948877,0.0,74.77095408663153,0.9823311901533373,3.0620414316654205,0.8768759310946752,112511.8,0.9923560788026291,0.6739184077075645,0.00010170720861285139,1.0,259132.65048345475,137.04904380738736,0.9004185610793527,0.957043913258438,0.9261495449868147,0.7505665679897857,0.9725788974172968,21.0,5.0,0.8,11.0,12.0,1.0,,2.5233656069354052e+38,1.0,1e-15,1.2,42.0,0.7,exhaustive_selection_config,"[[0, 0.1, 0.2, 0.3, 0.4, 0.5, 0.6, 0.7, 0.8, 0.9, 1]]","['nap', 'rtp']",252336560693540533935881068298825202077_eps4_s7,BPI2012_Full,WEIGHTED_PROBS_LEN
275.9848250709474,304.4462206479162,177.0,0.18416142314343364,0.2360026136040687,0.0,75.04259152449667,0.9822312970014503,3.0620414316654205,0.8763881023652444,112511.8,0.9923380451576038,0.6793001489405095,0.00010170720861285139,1.0,261714.47907474302,136.3250492412597,0.9000123232873527,0.9567534437368904,0.9259170476414356,0.7469821949428739,0.9724153624099332,21.0,5.0,0.8,11.0,12.0,1.0,,2.5233656069354052e+38,1.0,1e-15,1.2,42.0,0.8,exhaustive_selection_config,"[[0, 0.1, 0.2, 0.3, 0.4, 0.5, 0.6, 0.7, 0.8, 0.9, 1]]","['nap', 'rtp']",252336560693540533935881068298825202077_eps4_s8,BPI2012_Full,WEIGHTED_PROBS_LEN
275.9848250709474,302.9704415231943,177.0,0.18300808142201558,0.23814284019172188,0.0,74.27672560811043,0.9819936717797436,3.0620414316654205,0.8743261035913014,112511.8,0.9922322558261263,0.6771495319803261,0.00010170720861285139,1.0,264291.79673723876,135.83383950553835,0.8983980858201832,0.9564148097436231,0.924948488242096,0.7473843091441967,0.972117437297326,21.0,5.0,0.8,11.0,12.0,1.0,,2.5233656069354052e+38,1.0,1e-15,1.2,42.0,0.9,exhaustive_selection_config,"[[0, 0.1, 0.2, 0.3, 0.4, 0.5, 0.6, 0.7, 0.8, 0.9, 1]]","['nap', 'rtp']",252336560693540533935881068298825202077_eps4_s9,BPI2012_Full,WEIGHTED_PROBS_LEN
275.9848250709474,127.30852279141546,177.0,0.2691554150377061,0.23620798103511328,0.0,40.32262319102883,0.8991380919592802,3.0620414316654205,0.4100341783506658,112511.8,0.9524594734125078,0.447591492491682,0.00010170720861285139,1.0,267728.64250711986,136.4826509401202,0.48190137195918165,0.7582061239728132,0.5910189201511581,0.45372300380133235,0.8478477652896179,21.0,5.0,0.8,13.0,12.0,1.0,,2.5233656069354052e+38,1.0,1e-15,1.2,42.0,0.0,exhaustive_selection_config,"[[0, 0.1, 0.2, 0.3, 0.4, 0.5, 0.6, 0.7, 0.8, 0.9, 1]]","['nap', 'rtp']",252336560693540533935881068298825202077_eps5_s0,BPI2012_Full,WEIGHTED_PROBS_LEN
275.9848250709474,1636.3462297603487,177.0,0.15120077344860486,0.2424892902374267,0.0,78.09300898052751,0.9946132774024011,3.0620414316654205,0.9312844551226143,112511.8,0.9968405812150658,0.6927906553476728,0.00010170720861285139,1.0,273906.84775888623,137.48242922909557,0.9524329437500851,0.9873798923510408,0.9714818602653823,0.8516558171035463,0.992418123670246,21.0,5.0,0.8,13.0,12.0,1.0,,2.5233656069354052e+38,1.0,1e-15,1.2,42.0,0.1,exhaustive_selection_config,"[[0, 0.1, 0.2, 0.3, 0.4, 0.5, 0.6, 0.7, 0.8, 0.9, 1]]","['nap', 'rtp']",252336560693540533935881068298825202077_eps5_s1,BPI2012_Full,WEIGHTED_PROBS_LEN
275.9848250709474,108.81192880086601,177.0,0.3509652328110299,0.24616470783948893,0.0,41.35868586376309,0.9475744856745424,3.0620414316654205,0.5016801637087239,112511.8,0.9790795179328695,0.6421839197157649,0.00010170720861285139,1.0,312322.72959807777,137.52357080876828,0.5758861916772386,0.8284828086607912,0.6814687741816765,0.7365466712158749,0.9098367375181111,21.0,5.0,0.8,13.0,12.0,1.0,,2.5233656069354052e+38,1.0,1e-15,1.2,42.0,1.0,exhaustive_selection_config,"[[0, 0.1, 0.2, 0.3, 0.4, 0.5, 0.6, 0.7, 0.8, 0.9, 1]]","['nap', 'rtp']",252336560693540533935881068298825202077_eps5_s10,BPI2012_Full,WEIGHTED_PROBS_LEN
275.9848250709474,1241.472117862478,177.0,0.15463269612391115,0.24405799694359298,0.0,77.70840135477484,0.9918174836658604,3.0620414316654205,0.9222155846092708,112511.8,0.9955242645791106,0.691283626884139,0.00010170720861285139,1.0,281963.5211395476,138.28112609200178,0.9436794612768509,0.9819886040541291,0.963652416802819,0.8367635624961764,0.9882563434492843,21.0,5.0,0.8,13.0,12.0,1.0,,2.5233656069354052e+38,1.0,1e-15,1.2,42.0,0.2,exhaustive_selection_config,"[[0, 0.1, 0.2, 0.3, 0.4, 0.5, 0.6, 0.7, 0.8, 0.9, 1]]","['nap', 'rtp']",252336560693540533935881068298825202077_eps5_s2,BPI2012_Full,WEIGHTED_PROBS_LEN
275.9848250709474,1380.4717706553638,177.0,0.17175297668455825,0.24534925892949105,0.0,76.37197204716503,0.9844702556417237,3.0620414316654205,0.8875329352437591,112511.8,0.9930652181713215,0.6877296226107228,0.00010170720861285139,1.0,289710.5830584403,137.84359715133905,0.9106345022403172,0.9632907376559089,0.9352992370181459,0.8187911056392524,0.976248733417745,21.0,5.0,0.8,13.0,12.0,1.0,,2.5233656069354052e+38,1.0,1e-15,1.2,42.0,0.3,exhaustive_selection_config,"[[0, 0.1, 0.2, 0.3, 0.4, 0.5, 0.6, 0.7, 0.8, 0.9, 1]]","['nap', 'rtp']",252336560693540533935881068298825202077_eps5_s3,BPI2012_Full,WEIGHTED_PROBS_LEN
275.9848250709474,825.3952559266239,177.0,0.17733809301378298,0.2427591189742088,0.0,76.78088686130941,0.9837608190952907,3.0620414316654205,0.8836641277627815,112511.8,0.9929556613883207,0.6805815229326427,0.00010170720861285139,1.0,295913.2311309118,136.262951086089,0.9068933857020933,0.9610788116007136,0.9320588734485762,0.8029572696654071,0.9749696308803355,21.0,5.0,0.8,13.0,12.0,1.0,,2.5233656069354052e+38,1.0,1e-15,1.2,42.0,0.4,exhaustive_selection_config,"[[0, 0.1, 0.2, 0.3, 0.4, 0.5, 0.6, 0.7, 0.8, 0.9, 1]]","['nap', 'rtp']",252336560693540533935881068298825202077_eps5_s4,BPI2012_Full,WEIGHTED_PROBS_LEN
275.9848250709474,358.42763868793844,177.0,0.186372250787652,0.24036152996122837,0.0,75.89602128230035,0.9832147207137792,3.0620414316654205,0.8833312574021507,112511.8,0.9927019305739035,0.6770647923085996,0.00010170720861285139,1.0,299743.21455311327,136.92309562005101,0.9060589175104503,0.9596029038918334,0.930303161091189,0.7594761209472186,0.9741108454237576,21.0,5.0,0.8,13.0,12.0,1.0,,2.5233656069354052e+38,1.0,1e-15,1.2,42.0,0.5,exhaustive_selection_config,"[[0, 0.1, 0.2, 0.3, 0.4, 0.5, 0.6, 0.7, 0.8, 0.9, 1]]","['nap', 'rtp']",252336560693540533935881068298825202077_eps5_s5,BPI2012_Full,WEIGHTED_PROBS_LEN
275.9848250709474,322.19156806916,177.0,0.1848393178507995,0.23874054551124574,0.0,75.56969190873205,0.9830772263056854,3.0620414316654205,0.8816087966557593,112511.8,0.9926784053571103,0.6762058802671047,0.00010170720861285139,1.0,302516.0114460308,137.15681458041072,0.9047393665713968,0.9592573392918888,0.9295599295015382,0.7554170762111414,0.973878567044235,21.0,5.0,0.8,13.0,12.0,1.0,,2.5233656069354052e+38,1.0,1e-15,1.2,42.0,0.6,exhaustive_selection_config,"[[0, 0.1, 0.2, 0.3, 0.4, 0.5, 0.6, 0.7, 0.8, 0.9, 1]]","['nap', 'rtp']",252336560693540533935881068298825202077_eps5_s6,BPI2012_Full,WEIGHTED_PROBS_LEN
275.9848250709474,320.720478977263,177.0,0.18470310209466873,0.24580759219825263,0.0,75.66651701256633,0.9829960490366865,3.0620414316654205,0.8809225421461913,112511.8,0.992666516290907,0.6778621289219552,0.00010170720861285139,1.0,305185.7269117542,136.71740369722247,0.9041553315937765,0.9589955589492775,0.9291554587235682,0.7531741443556746,0.9737380656312917,21.0,5.0,0.8,13.0,12.0,1.0,,2.5233656069354052e+38,1.0,1e-15,1.2,42.0,0.7,exhaustive_selection_config,"[[0, 0.1, 0.2, 0.3, 0.4, 0.5, 0.6, 0.7, 0.8, 0.9, 1]]","['nap', 'rtp']",252336560693540533935881068298825202077_eps5_s7,BPI2012_Full,WEIGHTED_PROBS_LEN
275.9848250709474,313.15470229424534,177.0,0.18383050006374163,0.2366775151342153,0.0,77.2038901809603,0.9828959929949764,3.0620414316654205,0.8801033911630023,112511.8,0.9926483689892768,0.6832438701549001,0.00010170720861285139,1.0,307861.88873653003,136.790053852275,0.9035317370997973,0.9587816161207234,0.928834904369509,0.7495897713087629,0.9735742940966116,21.0,5.0,0.8,13.0,12.0,1.0,,2.5233656069354052e+38,1.0,1e-15,1.2,42.0,0.8,exhaustive_selection_config,"[[0, 0.1, 0.2, 0.3, 0.4, 0.5, 0.6, 0.7, 0.8, 0.9, 1]]","['nap', 'rtp']",252336560693540533935881068298825202077_eps5_s8,BPI2012_Full,WEIGHTED_PROBS_LEN
275.9848250709474,298.0947985921055,177.0,0.1841090072571347,0.2470117587596178,0.0,74.90374162457883,0.9828905747830241,3.0620414316654205,0.8782567655985721,112511.8,0.9926598177920164,0.6834133927397825,0.00010170720861285139,1.0,310433.87707912957,138.59436913467943,0.9020487558372249,0.9585717897235553,0.9279311990777709,0.7521406759907211,0.9735408996198158,21.0,5.0,0.8,13.0,12.0,1.0,,2.5233656069354052e+38,1.0,1e-15,1.2,42.0,0.9,exhaustive_selection_config,"[[0, 0.1, 0.2, 0.3, 0.4, 0.5, 0.6, 0.7, 0.8, 0.9, 1]]","['nap', 'rtp']",252336560693540533935881068298825202077_eps5_s9,BPI2012_Full,WEIGHTED_PROBS_LEN
275.9848250709474,113.96368250139058,177.0,0.2691554150377061,0.23899338208138937,0.0,40.299477607011795,0.8991380919592802,3.0620414316654205,0.4100341783506658,112511.8,0.9524594734125078,0.447591492491682,0.00010170720861285139,1.0,313774.88927678356,136.9723836105317,0.48190137195918165,0.7582061239728132,0.5910189201511581,0.45372300380133235,0.8478477652896179,21.0,5.0,0.8,15.0,12.0,1.0,,2.5233656069354052e+38,1.0,1e-15,1.2,42.0,0.0,exhaustive_selection_config,"[[0, 0.1, 0.2, 0.3, 0.4, 0.5, 0.6, 0.7, 0.8, 0.9, 1]]","['nap', 'rtp']",252336560693540533935881068298825202077_eps6_s0,BPI2012_Full,WEIGHTED_PROBS_LEN
275.9848250709474,1714.445953989029,177.0,0.1521006801068641,0.2398552112281322,0.0,78.57534660510719,0.9944617787964403,3.0620414316654205,0.9312594357306712,112511.8,0.9967637960758701,0.6918884554418695,0.00010170720861285139,1.0,320130.8922292337,137.9333357270807,0.9523481943193884,0.9870778694710255,0.9713321400013497,0.8515562299686611,0.9921979699054951,21.0,5.0,0.8,15.0,12.0,1.0,,2.5233656069354052e+38,1.0,1e-15,1.2,42.0,0.1,exhaustive_selection_config,"[[0, 0.1, 0.2, 0.3, 0.4, 0.5, 0.6, 0.7, 0.8, 0.9, 1]]","['nap', 'rtp']",252336560693540533935881068298825202077_eps6_s1,BPI2012_Full,WEIGHTED_PROBS_LEN
275.9848250709474,123.43820737898349,177.0,0.3631072698099686,0.23990115150809282,0.0,41.783803183585405,0.951710433605642,3.0620414316654205,0.5149550577299741,112511.8,0.9813889369173125,0.6542189442345474,0.00010170720861285139,1.0,361730.3171558183,137.96180969253183,0.5892410853724218,0.8404354257132777,0.6922706651333284,0.761436114181884,0.917081813414401,21.0,5.0,0.8,15.0,12.0,1.0,,2.5233656069354052e+38,1.0,1e-15,1.2,42.0,1.0,exhaustive_selection_config,"[[0, 0.1, 0.2, 0.3, 0.4, 0.5, 0.6, 0.7, 0.8, 0.9, 1]]","['nap', 'rtp']",252336560693540533935881068298825202077_eps6_s10,BPI2012_Full,WEIGHTED_PROBS_LEN
275.9848250709474,1317.9814876765013,177.0,0.15589971296703897,0.24083127230405804,0.0,78.09557491987944,0.9917843537341143,3.0620414316654205,0.922417793973764,112511.8,0.9954533487252484,0.6903949067923143,0.00010170720861285139,1.0,328575.81128603034,137.50131453871728,0.943834779272476,0.982077829643551,0.9637850365742748,0.8366676626089451,0.9883024256417056,21.0,5.0,0.8,15.0,12.0,1.0,,2.5233656069354052e+38,1.0,1e-15,1.2,42.0,0.2,exhaustive_selection_config,"[[0, 0.1, 0.2, 0.3, 0.4, 0.5, 0.6, 0.7, 0.8, 0.9, 1]]","['nap', 'rtp']",252336560693540533935881068298825202077_eps6_s2,BPI2012_Full,WEIGHTED_PROBS_LEN
275.9848250709474,1462.919070161879,177.0,0.17257718433475505,0.24384297020733348,0.0,76.82695501409471,0.9845129156749115,3.0620414316654205,0.8885959355842609,112511.8,0.9929996376042217,0.6867333100556864,0.00010170720861285139,1.0,336722.8428563539,137.35020461343228,0.9116522352880556,0.9638653151318216,0.9363639501293802,0.818680900944473,0.9765067008012205,21.0,5.0,0.8,15.0,12.0,1.0,,2.5233656069354052e+38,1.0,1e-15,1.2,42.0,0.3,exhaustive_selection_config,"[[0, 0.1, 0.2, 0.3, 0.4, 0.5, 0.6, 0.7, 0.8, 0.9, 1]]","['nap', 'rtp']",252336560693540533935881068298825202077_eps6_s3,BPI2012_Full,WEIGHTED_PROBS_LEN
275.9848250709474,1028.918175886199,177.0,0.17769032042202187,0.25008211657404894,0.0,76.22305740378798,0.9838025003824031,3.0620414316654205,0.8847835732726456,112511.8,0.9928900381861464,0.6795852103776063,0.00010170720861285139,1.0,343905.1696423281,138.39545434899628,0.9079403769284085,0.9616571075249777,0.9331355901912538,0.8028470649706276,0.9752270447092315,21.0,5.0,0.8,15.0,12.0,1.0,,2.5233656069354052e+38,1.0,1e-15,1.2,42.0,0.4,exhaustive_selection_config,"[[0, 0.1, 0.2, 0.3, 0.4, 0.5, 0.6, 0.7, 0.8, 0.9, 1]]","['nap', 'rtp']",252336560693540533935881068298825202077_eps6_s4,BPI2012_Full,WEIGHTED_PROBS_LEN
275.9848250709474,466.0204831942916,177.0,0.18806018397245505,0.2461399715393781,0.0,75.38791934736074,0.9832557020456238,3.0620414316654205,0.8845939004123929,112511.8,0.9926360252341825,0.6760684797535632,0.00010170720861285139,1.0,348255.18972210924,141.80925761610268,0.9071648164657328,0.9601817027255656,0.9313664164898308,0.7593659162524392,0.9743680247108178,21.0,5.0,0.8,15.0,12.0,1.0,,2.5233656069354052e+38,1.0,1e-15,1.2,42.0,0.5,exhaustive_selection_config,"[[0, 0.1, 0.2, 0.3, 0.4, 0.5, 0.6, 0.7, 0.8, 0.9, 1]]","['nap', 'rtp']",252336560693540533935881068298825202077_eps6_s5,BPI2012_Full,WEIGHTED_PROBS_LEN
275.9848250709474,339.37463142611085,177.0,0.18518760289121128,0.2435205783694982,0.0,76.00262161940336,0.9831199801053654,3.0620414316654205,0.8823038913239245,112511.8,0.9926130987894999,0.6752095677120684,0.00010170720861285139,1.0,351400.8109266445,141.92173079624772,0.9056488130760332,0.959843186342539,0.930655154393496,0.7553068715163619,0.974139085310376,21.0,5.0,0.8,15.0,12.0,1.0,,2.5233656069354052e+38,1.0,1e-15,1.2,42.0,0.6,exhaustive_selection_config,"[[0, 0.1, 0.2, 0.3, 0.4, 0.5, 0.6, 0.7, 0.8, 0.9, 1]]","['nap', 'rtp']",252336560693540533935881068298825202077_eps6_s6,BPI2012_Full,WEIGHTED_PROBS_LEN
275.9848250709474,339.80133999437095,177.0,0.18505409548083906,0.23597348816692826,0.0,75.65773338079453,0.9830387245537502,3.0620414316654205,0.8816240908104154,112511.8,0.9926011707092147,0.6768658163669188,0.00010170720861285139,1.0,354177.47911420616,137.74116538986564,0.9050604730486889,0.959587927537647,0.9302508057130294,0.7530639396608951,0.9739984661577094,21.0,5.0,0.8,15.0,12.0,1.0,,2.5233656069354052e+38,1.0,1e-15,1.2,42.0,0.7,exhaustive_selection_config,"[[0, 0.1, 0.2, 0.3, 0.4, 0.5, 0.6, 0.7, 0.8, 0.9, 1]]","['nap', 'rtp']",252336560693540533935881068298825202077_eps6_s7,BPI2012_Full,WEIGHTED_PROBS_LEN
275.9848250709474,341.10854865796864,177.0,0.184436586484049,0.24553378410637378,0.0,74.54779870696366,0.982945831077761,3.0620414316654205,0.8809206156285894,112511.8,0.9925821461181104,0.6822475575998637,0.00010170720861285139,1.0,356978.55355963,141.72039302326738,0.9044300915327759,0.9593914027010223,0.929898519407101,0.7494795666139835,0.9738491731233149,21.0,5.0,0.8,15.0,12.0,1.0,,2.5233656069354052e+38,1.0,1e-15,1.2,42.0,0.8,exhaustive_selection_config,"[[0, 0.1, 0.2, 0.3, 0.4, 0.5, 0.6, 0.7, 0.8, 0.9, 1]]","['nap', 'rtp']",252336560693540533935881068298825202077_eps6_s8,BPI2012_Full,WEIGHTED_PROBS_LEN
275.9848250709474,333.0176495604217,177.0,0.18425545142603353,0.2404367465525865,0.0,74.74666904471815,0.9829573657309713,3.0620414316654205,0.8807922823146381,112511.8,0.9926012333114931,0.6833639421542983,0.00010170720861285139,1.0,359736.8618210975,137.65072673484684,0.9042485182316566,0.9593578071379797,0.9297694359160908,0.7528972377931458,0.9738336888451912,21.0,5.0,0.8,15.0,12.0,1.0,,2.5233656069354052e+38,1.0,1e-15,1.2,42.0,0.9,exhaustive_selection_config,"[[0, 0.1, 0.2, 0.3, 0.4, 0.5, 0.6, 0.7, 0.8, 0.9, 1]]","['nap', 'rtp']",252336560693540533935881068298825202077_eps6_s9,BPI2012_Full,WEIGHTED_PROBS_LEN
275.9848250709474,128.68529170043766,177.0,0.2691554150377061,0.23766948021948334,0.0,40.61874423883855,0.8991380919592802,3.0620414316654205,0.4100341783506658,112511.8,0.9524594734125078,0.447591492491682,0.00010170720861285139,1.0,363258.3616977513,137.34224426224827,0.48190137195918165,0.7582061239728132,0.5910189201511581,0.45372300380133235,0.8478477652896179,21.0,5.0,0.8,17.0,12.0,1.0,,2.5233656069354052e+38,1.0,1e-15,1.2,42.0,0.0,exhaustive_selection_config,"[[0, 0.1, 0.2, 0.3, 0.4, 0.5, 0.6, 0.7, 0.8, 0.9, 1]]","['nap', 'rtp']",252336560693540533935881068298825202077_eps7_s0,BPI2012_Full,WEIGHTED_PROBS_LEN
275.9848250709474,1805.8639407388866,177.0,0.15217369273427944,0.24654750749468798,0.0,79.90071787722408,0.9946027147464654,3.0620414316654205,0.9319246659950167,112511.8,0.9968346469978776,0.6919562714698057,0.00010170720861285139,1.0,369965.2618530489,145.73836448788643,0.9529480924933201,0.9874660746528245,0.9718235333286174,0.8516434712813481,0.9924085180876308,21.0,5.0,0.8,17.0,12.0,1.0,,2.5233656069354052e+38,1.0,1e-15,1.2,42.0,0.1,exhaustive_selection_config,"[[0, 0.1, 0.2, 0.3, 0.4, 0.5, 0.6, 0.7, 0.8, 0.9, 1]]","['nap', 'rtp']",252336560693540533935881068298825202077_eps7_s1,BPI2012_Full,WEIGHTED_PROBS_LEN
275.9848250709474,124.2815596792847,177.0,0.3689991924348404,0.24162857607007027,0.0,42.378522757068275,0.9543006317679588,3.0620414316654205,0.5220852616667956,112511.8,0.9823085961634301,0.6581852384268827,0.00010170720861285139,1.0,412162.2104212158,139.22643344923853,0.5960122655383133,0.8493923014804668,0.6968159412589993,0.7684002309926656,0.921716977390217,21.0,5.0,0.8,17.0,12.0,1.0,,2.5233656069354052e+38,1.0,1e-15,1.2,42.0,1.0,exhaustive_selection_config,"[[0, 0.1, 0.2, 0.3, 0.4, 0.5, 0.6, 0.7, 0.8, 0.9, 1]]","['nap', 'rtp']",252336560693540533935881068298825202077_eps7_s10,BPI2012_Full,WEIGHTED_PROBS_LEN
275.9848250709474,1373.5402285881341,177.0,0.1564994862988057,0.24261346831917763,0.0,77.79741670377553,0.9923065821938465,3.0620414316654205,0.923801561733678,112511.8,0.9957026905700742,0.6908626106040096,0.00010170720861285139,1.0,378799.3285165392,143.58423870913686,0.9451600078820002,0.9830899252037939,0.9650097428502559,0.8374543935530901,0.9890933581810802,21.0,5.0,0.8,17.0,12.0,1.0,,2.5233656069354052e+38,1.0,1e-15,1.2,42.0,0.2,exhaustive_selection_config,"[[0, 0.1, 0.2, 0.3, 0.4, 0.5, 0.6, 0.7, 0.8, 0.9, 1]]","['nap', 'rtp']",252336560693540533935881068298825202077_eps7_s2,BPI2012_Full,WEIGHTED_PROBS_LEN
275.9848250709474,1554.236301548034,177.0,0.17307644087446353,0.25762889347970486,0.0,77.55264545977116,0.9850583042159171,3.0620414316654205,0.8900945242245013,112511.8,0.9932545309700144,0.6871881989708609,0.00010170720861285139,1.0,387359.09304396174,145.71226336322724,0.9130972824044351,0.965000810489921,0.9378504069749576,0.8194820307600867,0.9773531196607681,21.0,5.0,0.8,17.0,12.0,1.0,,2.5233656069354052e+38,1.0,1e-15,1.2,42.0,0.3,exhaustive_selection_config,"[[0, 0.1, 0.2, 0.3, 0.4, 0.5, 0.6, 0.7, 0.8, 0.9, 1]]","['nap', 'rtp']",252336560693540533935881068298825202077_eps7_s3,BPI2012_Full,WEIGHTED_PROBS_LEN
275.9848250709474,1025.8258246939629,177.0,0.17818369304209383,0.23969631195068358,0.0,76.37630418352782,0.9843483224598149,3.0620414316654205,0.8862912361812854,112511.8,0.9931449301614894,0.6800400992927809,0.00010170720861285139,1.0,394761.73266332824,140.16470165513456,0.9093864180353346,0.9627971625863243,0.9346258402222463,0.8036481947862415,0.9760754328983976,21.0,5.0,0.8,17.0,12.0,1.0,,2.5233656069354052e+38,1.0,1e-15,1.2,42.0,0.4,exhaustive_selection_config,"[[0, 0.1, 0.2, 0.3, 0.4, 0.5, 0.6, 0.7, 0.8, 0.9, 1]]","['nap', 'rtp']",252336560693540533935881068298825202077_eps7_s4,BPI2012_Full,WEIGHTED_PROBS_LEN
275.9848250709474,434.6539515543729,177.0,0.1881825172632375,0.24295792356133455,0.0,76.20415417328476,0.9838032031140918,3.0620414316654205,0.8858815272348861,112511.8,0.9928917095820011,0.6765233686687379,0.00010170720861285139,1.0,398989.3222146221,138.9797536686063,0.908431588000499,0.9612658956523983,0.9327501301951528,0.7601670460680531,0.9751959038932266,21.0,5.0,0.8,17.0,12.0,1.0,,2.5233656069354052e+38,1.0,1e-15,1.2,42.0,0.5,exhaustive_selection_config,"[[0, 0.1, 0.2, 0.3, 0.4, 0.5, 0.6, 0.7, 0.8, 0.9, 1]]","['nap', 'rtp']",252336560693540533935881068298825202077_eps7_s5,BPI2012_Full,WEIGHTED_PROBS_LEN
275.9848250709474,317.6583809942007,177.0,0.18641214037333664,0.23951003998517986,0.0,76.31369147077203,0.9836663131611905,3.0620414316654205,0.8841992905981069,112511.8,0.9928683871858267,0.675664456627243,0.00010170720861285139,1.0,401960.5538531147,139.06118114329874,0.9071583095942494,0.9609283035156407,0.9320465917920805,0.7561080013319758,0.974965380677755,21.0,5.0,0.8,17.0,12.0,1.0,,2.5233656069354052e+38,1.0,1e-15,1.2,42.0,0.6,exhaustive_selection_config,"[[0, 0.1, 0.2, 0.3, 0.4, 0.5, 0.6, 0.7, 0.8, 0.9, 1]]","['nap', 'rtp']",252336560693540533935881068298825202077_eps7_s6,BPI2012_Full,WEIGHTED_PROBS_LEN
275.9848250709474,318.33637981452046,177.0,0.18628738769512948,0.24469510242342946,0.0,75.90605795234441,0.983585123947465,3.0620414316654205,0.8835309494303389,112511.8,0.9928564591055415,0.6773207052820933,0.00010170720861285139,1.0,404627.0576974351,139.0456270363182,0.9065928149659053,0.9606774137355234,0.9316613065338079,0.753865069476509,0.9748249024931015,21.0,5.0,0.8,17.0,12.0,1.0,,2.5233656069354052e+38,1.0,1e-15,1.2,42.0,0.7,exhaustive_selection_config,"[[0, 0.1, 0.2, 0.3, 0.4, 0.5, 0.6, 0.7, 0.8, 0.9, 1]]","['nap', 'rtp']",252336560693540533935881068298825202077_eps7_s7,BPI2012_Full,WEIGHTED_PROBS_LEN
275.9848250709474,339.9449327342212,177.0,0.1852112864620557,0.23868611417710778,0.0,76.03468469940125,0.9834941271037847,3.0620414316654205,0.8825144410224599,112511.8,0.992838060186173,0.6827024465150383,0.00010170720861285139,1.0,407382.72594425565,137.8256505522877,0.9058920791291307,0.9604893563036192,0.9313412697000242,0.7502806964295973,0.9746792852979876,21.0,5.0,0.8,17.0,12.0,1.0,,2.5233656069354052e+38,1.0,1e-15,1.2,42.0,0.8,exhaustive_selection_config,"[[0, 0.1, 0.2, 0.3, 0.4, 0.5, 0.6, 0.7, 0.8, 0.9, 1]]","['nap', 'rtp']",252336560693540533935881068298825202077_eps7_s8,BPI2012_Full,WEIGHTED_PROBS_LEN
275.9848250709474,339.35102962069215,177.0,0.18479230214057912,0.24113028645515439,0.0,75.57780236639083,0.9835037406773006,3.0620414316654205,0.8819465086538966,112511.8,0.9928565598810051,0.683818831069473,0.00010170720861285139,1.0,410141.34983324073,138.35580343902112,0.9054963489489334,0.9604440654067841,0.9311423539822478,0.7536983676087596,0.9746604444312723,21.0,5.0,0.8,17.0,12.0,1.0,,2.5233656069354052e+38,1.0,1e-15,1.2,42.0,0.9,exhaustive_selection_config,"[[0, 0.1, 0.2, 0.3, 0.4, 0.5, 0.6, 0.7, 0.8, 0.9, 1]]","['nap', 'rtp']",252336560693540533935881068298825202077_eps7_s9,BPI2012_Full,WEIGHTED_PROBS_LEN
275.9848250709474,129.85059887506068,177.0,0.2691554150377061,0.2420192945748567,0.0,40.93903958834708,0.8991380919592802,3.0620414316654205,0.4100341783506658,112511.8,0.9524594734125078,0.447591492491682,0.00010170720861285139,1.0,413703.95107636263,138.14166407994927,0.48190137195918165,0.7582061239728132,0.5910189201511581,0.45372300380133235,0.8478477652896179,21.0,5.0,0.8,19.0,12.0,1.0,,2.5233656069354052e+38,1.0,1e-15,1.2,42.0,0.0,exhaustive_selection_config,"[[0, 0.1, 0.2, 0.3, 0.4, 0.5, 0.6, 0.7, 0.8, 0.9, 1]]","['nap', 'rtp']",252336560693540533935881068298825202077_eps8_s0,BPI2012_Full,WEIGHTED_PROBS_LEN
275.9848250709474,1904.9100143551827,177.0,0.15233156643863266,0.2476003102958202,0.0,80.37028817236424,0.9946402167882233,3.0620414316654205,0.9322041054039151,112511.8,0.9968554558194349,0.6922505681319617,0.00010170720861285139,1.0,420654.8514497552,139.21215767674147,0.9531821189973316,0.9875663222783448,0.971992578538107,0.8517055926709386,0.9924669665789636,21.0,5.0,0.8,19.0,12.0,1.0,,2.5233656069354052e+38,1.0,1e-15,1.2,42.0,0.1,exhaustive_selection_config,"[[0, 0.1, 0.2, 0.3, 0.4, 0.5, 0.6, 0.7, 0.8, 0.9, 1]]","['nap', 'rtp']",252336560693540533935881068298825202077_eps8_s1,BPI2012_Full,WEIGHTED_PROBS_LEN
275.9848250709474,122.5625756829977,177.0,0.37630506976047245,0.23931845948100086,0.0,41.966277725622064,0.957588363421943,3.0620414316654205,0.5332697728418123,112511.8,0.9836204834734605,0.6696385701444085,0.00010170720861285139,1.0,464472.73757430725,142.63232819139958,0.6075763774921683,0.8589330506715669,0.7056460638412617,0.7801063602628122,0.9269910973711882,21.0,5.0,0.8,19.0,12.0,1.0,,2.5233656069354052e+38,1.0,1e-15,1.2,42.0,1.0,exhaustive_selection_config,"[[0, 0.1, 0.2, 0.3, 0.4, 0.5, 0.6, 0.7, 0.8, 0.9, 1]]","['nap', 'rtp']",252336560693540533935881068298825202077_eps8_s10,BPI2012_Full,WEIGHTED_PROBS_LEN
275.9848250709474,1441.0565935324878,177.0,0.1575142836746582,0.24583531580865378,0.0,77.77072269320487,0.9923282573729353,3.0620414316654205,0.9231741331571562,112511.8,0.995721815855334,0.6911694480236272,0.00010170720861285139,1.0,429860.96541619784,138.9548530973494,0.9445651051588282,0.9829348050474109,0.9645302525041565,0.8375201215355323,0.9891216134787939,21.0,5.0,0.8,19.0,12.0,1.0,,2.5233656069354052e+38,1.0,1e-15,1.2,42.0,0.2,exhaustive_selection_config,"[[0, 0.1, 0.2, 0.3, 0.4, 0.5, 0.6, 0.7, 0.8, 0.9, 1]]","['nap', 'rtp']",252336560693540533935881068298825202077_eps8_s2,BPI2012_Full,WEIGHTED_PROBS_LEN
275.9848250709474,1605.9499918408692,177.0,0.1741667344372939,0.24226750247180462,0.0,75.97019392549991,0.9851064250180693,3.0620414316654205,0.8895948216131011,112511.8,0.9932749335487993,0.6875094145511531,0.00010170720861285139,1.0,438704.0302713417,138.517767675966,0.9126588774831881,0.964964394031848,0.9376102065251162,0.8195477798208592,0.977438978492575,21.0,5.0,0.8,19.0,12.0,1.0,,2.5233656069354052e+38,1.0,1e-15,1.2,42.0,0.3,exhaustive_selection_config,"[[0, 0.1, 0.2, 0.3, 0.4, 0.5, 0.6, 0.7, 0.8, 0.9, 1]]","['nap', 'rtp']",252336560693540533935881068298825202077_eps8_s3,BPI2012_Full,WEIGHTED_PROBS_LEN
275.9848250709474,1100.0047176051885,177.0,0.17925883722797928,0.24439583867788311,0.0,75.8399241425097,0.9843964442030035,3.0620414316654205,0.885789152731461,112511.8,0.9931653333693182,0.680361314873073,0.00010170720861285139,1.0,446451.6711433876,138.31939802207052,0.9089459612829007,0.9627606360717073,0.9343853026184199,0.8037139438470142,0.9761612931495574,21.0,5.0,0.8,19.0,12.0,1.0,,2.5233656069354052e+38,1.0,1e-15,1.2,42.0,0.4,exhaustive_selection_config,"[[0, 0.1, 0.2, 0.3, 0.4, 0.5, 0.6, 0.7, 0.8, 0.9, 1]]","['nap', 'rtp']",252336560693540533935881068298825202077_eps8_s4,BPI2012_Full,WEIGHTED_PROBS_LEN
275.9848250709474,465.72556694000957,177.0,0.18912518667349548,0.24434241913259025,0.0,75.63340748175979,0.9838519044563666,3.0620414316654205,0.8855405919750178,112511.8,0.9929121069264406,0.6768445842490299,0.00010170720861285139,1.0,450887.35154070595,138.41245252862572,0.9081614387389895,0.9613077193695722,0.9326498557360777,0.7602327951288257,0.9753112406980697,21.0,5.0,0.8,19.0,12.0,1.0,,2.5233656069354052e+38,1.0,1e-15,1.2,42.0,0.5,exhaustive_selection_config,"[[0, 0.1, 0.2, 0.3, 0.4, 0.5, 0.6, 0.7, 0.8, 0.9, 1]]","['nap', 'rtp']",252336560693540533935881068298825202077_eps8_s5,BPI2012_Full,WEIGHTED_PROBS_LEN
275.9848250709474,342.5733054932207,177.0,0.18747804242599037,0.24462872520089146,0.0,75.21409301199019,0.9837150218433663,3.0620414316654205,0.8839730124622267,112511.8,0.9928887794316539,0.675985672207535,0.00010170720861285139,1.0,453994.47176564374,138.13919140547515,0.9069500848348937,0.9609701266839504,0.9319620996061178,0.7561737503927484,0.9750807254770992,21.0,5.0,0.8,19.0,12.0,1.0,,2.5233656069354052e+38,1.0,1e-15,1.2,42.0,0.6,exhaustive_selection_config,"[[0, 0.1, 0.2, 0.3, 0.4, 0.5, 0.6, 0.7, 0.8, 0.9, 1]]","['nap', 'rtp']",252336560693540533935881068298825202077_eps8_s6,BPI2012_Full,WEIGHTED_PROBS_LEN
275.9848250709474,344.9097669672221,177.0,0.1873655617329432,0.23771913498640057,0.0,74.69783096164466,0.9836337662917511,3.0620414316654205,0.8833166147896352,112511.8,0.9928768513513688,0.6776419208623855,0.00010170720861285139,1.0,456788.2299370434,142.72340112291278,0.9063929380191793,0.960718954523939,0.9315784063467397,0.7539308185372817,0.9749401065422584,21.0,5.0,0.8,19.0,12.0,1.0,,2.5233656069354052e+38,1.0,1e-15,1.2,42.0,0.7,exhaustive_selection_config,"[[0, 0.1, 0.2, 0.3, 0.4, 0.5, 0.6, 0.7, 0.8, 0.9, 1]]","['nap', 'rtp']",252336560693540533935881068298825202077_eps8_s7,BPI2012_Full,WEIGHTED_PROBS_LEN
275.9848250709474,342.13428205475213,177.0,0.1864964981519878,0.2368723046034574,0.0,75.09060054123401,0.9835428128934438,3.0620414316654205,0.8824971797564324,112511.8,0.9928584525946123,0.6830236620953304,0.00010170720861285139,1.0,459594.7402266886,143.46448793150483,0.9057746163824947,0.9605310891143455,0.9312714699954734,0.7503464454903699,0.9747945918823214,21.0,5.0,0.8,19.0,12.0,1.0,,2.5233656069354052e+38,1.0,1e-15,1.2,42.0,0.8,exhaustive_selection_config,"[[0, 0.1, 0.2, 0.3, 0.4, 0.5, 0.6, 0.7, 0.8, 0.9, 1]]","['nap', 'rtp']",252336560693540533935881068298825202077_eps8_s8,BPI2012_Full,WEIGHTED_PROBS_LEN
275.9848250709474,338.585286777094,177.0,0.18626711596591955,0.23862680532038208,0.0,74.72789238095284,0.9835524261956007,3.0620414316654205,0.8820940613720823,112511.8,0.9928769523680424,0.6841400466497651,0.00010170720861285139,1.0,462408.75961220975,148.61302519962192,0.9054435271611343,0.9604857983880656,0.9310867440484649,0.7537641166695321,0.9747757508087848,21.0,5.0,0.8,19.0,12.0,1.0,,2.5233656069354052e+38,1.0,1e-15,1.2,42.0,0.9,exhaustive_selection_config,"[[0, 0.1, 0.2, 0.3, 0.4, 0.5, 0.6, 0.7, 0.8, 0.9, 1]]","['nap', 'rtp']",252336560693540533935881068298825202077_eps8_s9,BPI2012_Full,WEIGHTED_PROBS_LEN
275.9848250709474,115.02839881442488,177.0,0.2691554150377061,0.2356204271316528,0.0,40.20175881572068,0.8991380919592802,3.0620414316654205,0.4100341783506658,112511.8,0.9524594734125078,0.447591492491682,0.00010170720861285139,1.0,465971.2841742061,140.63141454309226,0.48190137195918165,0.7582061239728132,0.5910189201511581,0.45372300380133235,0.8478477652896179,21.0,5.0,0.8,21.0,12.0,1.0,,2.5233656069354052e+38,1.0,1e-15,1.2,42.0,0.0,exhaustive_selection_config,"[[0, 0.1, 0.2, 0.3, 0.4, 0.5, 0.6, 0.7, 0.8, 0.9, 1]]","['nap', 'rtp']",252336560693540533935881068298825202077_eps9_s0,BPI2012_Full,WEIGHTED_PROBS_LEN
275.9848250709474,1949.5693463183939,177.0,0.15263443598694462,0.24143466353416437,0.0,78.87993509285153,0.9946308374692243,3.0620414316654205,0.9322432470211567,112511.8,0.996845894628672,0.6922304659346473,0.00010170720861285139,1.0,473028.85816454963,139.8595129236579,0.9532023900476801,0.987551294889518,0.9719948529159297,0.8516834375908455,0.9924546544501395,21.0,5.0,0.8,21.0,12.0,1.0,,2.5233656069354052e+38,1.0,1e-15,1.2,42.0,0.1,exhaustive_selection_config,"[[0, 0.1, 0.2, 0.3, 0.4, 0.5, 0.6, 0.7, 0.8, 0.9, 1]]","['nap', 'rtp']",252336560693540533935881068298825202077_eps9_s1,BPI2012_Full,WEIGHTED_PROBS_LEN
275.9848250709474,126.7881530329585,177.0,0.3811141259248621,0.24564302340149874,0.0,41.42027593255043,0.9603821265519421,3.0620414316654205,0.5415223883699258,112511.8,0.984707613420782,0.676340239412711,0.00010170720861285139,1.0,518003.4213004984,139.87341901250184,0.6164968785711418,0.8669709247098609,0.7139122750210747,0.78840009828988,0.9315317691341309,21.0,5.0,0.8,21.0,12.0,1.0,,2.5233656069354052e+38,1.0,1e-15,1.2,42.0,1.0,exhaustive_selection_config,"[[0, 0.1, 0.2, 0.3, 0.4, 0.5, 0.6, 0.7, 0.8, 0.9, 1]]","['nap', 'rtp']",252336560693540533935881068298825202077_eps9_s10,BPI2012_Full,WEIGHTED_PROBS_LEN
275.9848250709474,1478.8910904884337,177.0,0.15753693859927725,0.24687186926603313,0.0,78.09875991605222,0.9923357666778291,3.0620414316654205,0.923659396643059,112511.8,0.9957127298793109,0.6911368050688511,0.00010170720861285139,1.0,482460.9805027183,140.17400721162556,0.9449973289228497,0.9830623309409582,0.9648693700197178,0.8374943598625878,0.9891423646966176,21.0,5.0,0.8,21.0,12.0,1.0,,2.5233656069354052e+38,1.0,1e-15,1.2,42.0,0.2,exhaustive_selection_config,"[[0, 0.1, 0.2, 0.3, 0.4, 0.5, 0.6, 0.7, 0.8, 0.9, 1]]","['nap', 'rtp']",252336560693540533935881068298825202077_eps9_s2,BPI2012_Full,WEIGHTED_PROBS_LEN
275.9848250709474,1696.556271211803,177.0,0.17416680894988262,0.24366529434919357,0.0,76.80030341967941,0.9851298892972729,3.0620414316654205,0.8901683052330664,112511.8,0.9932718101470414,0.6874267092937645,0.00010170720861285139,1.0,491602.5188896373,140.10493826121092,0.9131912816999845,0.9651781570637172,0.9381115731352127,0.819529168098627,0.9774987973379646,21.0,5.0,0.8,21.0,12.0,1.0,,2.5233656069354052e+38,1.0,1e-15,1.2,42.0,0.3,exhaustive_selection_config,"[[0, 0.1, 0.2, 0.3, 0.4, 0.5, 0.6, 0.7, 0.8, 0.9, 1]]","['nap', 'rtp']",252336560693540533935881068298825202077_eps9_s3,BPI2012_Full,WEIGHTED_PROBS_LEN
275.9848250709474,1170.7403555244207,177.0,0.17926996146230198,0.2558032095432281,0.0,76.22111346237361,0.9844199068491394,3.0620414316654205,0.8863627806559806,112511.8,0.9931622090892729,0.6802786096156844,0.00010170720861285139,1.0,499804.3257409174,139.06487248688936,0.9094782762248329,0.9629798376872631,0.9348941138388988,0.8036953321247818,0.9762231051361459,21.0,5.0,0.8,21.0,12.0,1.0,,2.5233656069354052e+38,1.0,1e-15,1.2,42.0,0.4,exhaustive_selection_config,"[[0, 0.1, 0.2, 0.3, 0.4, 0.5, 0.6, 0.7, 0.8, 0.9, 1]]","['nap', 'rtp']",252336560693540533935881068298825202077_eps9_s4,BPI2012_Full,WEIGHTED_PROBS_LEN
275.9848250709474,479.38916297852995,177.0,0.18915031653568673,0.24199808649718757,0.0,75.74931198880077,0.9838753621764157,3.0620414316654205,0.8861145921663549,112511.8,0.9929089803078079,0.6767618789916414,0.00010170720861285139,1.0,504408.41713602206,139.43737865798175,0.9086908842361534,0.961526912589834,0.9331585996814453,0.7602141834065933,0.975373045122673,21.0,5.0,0.8,21.0,12.0,1.0,,2.5233656069354052e+38,1.0,1e-15,1.2,42.0,0.5,exhaustive_selection_config,"[[0, 0.1, 0.2, 0.3, 0.4, 0.5, 0.6, 0.7, 0.8, 0.9, 1]]","['nap', 'rtp']",252336560693540533935881068298825202077_eps9_s5,BPI2012_Full,WEIGHTED_PROBS_LEN
275.9848250709474,345.61227739043534,177.0,0.18749930015036081,0.2485514171421528,0.0,75.64350794069469,0.9837384864082642,3.0620414316654205,0.8845476039199699,112511.8,0.9928856562474856,0.6759029669501464,0.00010170720861285139,1.0,507561.3806306351,138.06605052165688,0.9074828848063596,0.9611916009115274,0.9324741074316979,0.756155138670516,0.9751433100263226,21.0,5.0,0.8,21.0,12.0,1.0,,2.5233656069354052e+38,1.0,1e-15,1.2,42.0,0.6,exhaustive_selection_config,"[[0, 0.1, 0.2, 0.3, 0.4, 0.5, 0.6, 0.7, 0.8, 0.9, 1]]","['nap', 'rtp']",252336560693540533935881068298825202077_eps9_s6,BPI2012_Full,WEIGHTED_PROBS_LEN
275.9848250709474,346.70376107171177,177.0,0.18738681945731359,0.2433325376361608,0.0,75.59757486842572,0.9836572308566491,3.0620414316654205,0.8838912062473783,112511.8,0.9928737281672004,0.6775592156049969,0.00010170720861285139,1.0,510368.1946087495,138.90795630291103,0.9069257379906454,0.960940428751516,0.9320904141723201,0.7539122068150492,0.9750026910914817,21.0,5.0,0.8,21.0,12.0,1.0,,2.5233656069354052e+38,1.0,1e-15,1.2,42.0,0.7,exhaustive_selection_config,"[[0, 0.1, 0.2, 0.3, 0.4, 0.5, 0.6, 0.7, 0.8, 0.9, 1]]","['nap', 'rtp']",252336560693540533935881068298825202077_eps9_s7,BPI2012_Full,WEIGHTED_PROBS_LEN
275.9848250709474,344.6063001412898,177.0,0.1865177548035662,0.2363809254020452,0.0,75.49624092690647,0.9835662774583417,3.0620414316654205,0.8830716442106775,112511.8,0.992855329410444,0.6829409568379419,0.00010170720861285139,1.0,513169.9919977725,138.586223629117,0.9063074006859921,0.9607525638783185,0.9317834796984397,0.7503278337681375,0.9748571764315447,21.0,5.0,0.8,21.0,12.0,1.0,,2.5233656069354052e+38,1.0,1e-15,1.2,42.0,0.8,exhaustive_selection_config,"[[0, 0.1, 0.2, 0.3, 0.4, 0.5, 0.6, 0.7, 0.8, 0.9, 1]]","['nap', 'rtp']",252336560693540533935881068298825202077_eps9_s8,BPI2012_Full,WEIGHTED_PROBS_LEN
275.9848250709474,342.9976684641093,177.0,0.18628858367804252,0.24529607817530627,0.0,75.34115396365523,0.9835758907604986,3.0620414316654205,0.882669342476895,112511.8,0.9928738291838741,0.6840573413923765,0.00010170720861285139,1.0,515962.71369749604,138.3138104453683,0.9059766498158133,0.9607072731520387,0.931598706437723,0.7537455049472997,0.9748383353580079,21.0,5.0,0.8,21.0,12.0,1.0,,2.5233656069354052e+38,1.0,1e-15,1.2,42.0,0.9,exhaustive_selection_config,"[[0, 0.1, 0.2, 0.3, 0.4, 0.5, 0.6, 0.7, 0.8, 0.9, 1]]","['nap', 'rtp']",252336560693540533935881068298825202077_eps9_s9,BPI2012_Full,WEIGHTED_PROBS_LEN
90.61955454014242,80.27841177619993,158.6,0.2597680189798916,0.19234112203121181,0.0,29.828881170228122,0.8722386442735672,1.997788678854704,0.36211136051146753,49993.0,0.9384720817358648,0.3989637446191911,9.454956516358133e-05,1.0,685.5706560183316,86.94956523030996,0.42638181485359644,0.7160268037558223,0.5345943667838619,0.39974953176114464,0.8165294002997117,21.0,5.0,0.8,3.0,12.0,1.0,,2.5233656069354052e+38,1.0,1e-15,1.2,42.0,0.0,exhaustive_selection_config,"[[0, 0.1, 0.2, 0.3, 0.4, 0.5, 0.6, 0.7, 0.8, 0.9, 1]]","['nap', 'rtp']",252336560693540533935881068298825202077_eps0_s0,BPI2012_W,WEIGHTED_PROBS_LEN
90.61955454014242,558.3274931844323,158.6,0.0976937268578445,0.19409965947270388,0.0,58.618318979814646,0.991491434870506,1.997788678854704,0.8940022614686045,49993.0,0.9969353176688542,0.646502478289336,9.454956516358133e-05,1.0,3213.610801960528,87.65020439215004,0.9218933967109404,0.9760264101746676,0.9492320374774579,0.8328627520850647,0.986683530534777,21.0,5.0,0.8,3.0,12.0,1.0,,2.5233656069354052e+38,1.0,1e-15,1.2,42.0,0.1,exhaustive_selection_config,"[[0, 0.1, 0.2, 0.3, 0.4, 0.5, 0.6, 0.7, 0.8, 0.9, 1]]","['nap', 'rtp']",252336560693540533935881068298825202077_eps0_s1,BPI2012_W,WEIGHTED_PROBS_LEN
90.61955454014242,549.5184653561562,158.6,0.0976937268578445,0.20103025063872332,0.0,59.05464348345995,0.991491434870506,1.997788678854704,0.8940022614686045,49993.0,0.9969353176688542,0.646502478289336,9.454956516358133e-05,1.0,34934.50833848491,89.39406505450606,0.9218933967109404,0.9760264101746676,0.9492320374774579,0.8328627520850647,0.986683530534777,21.0,5.0,0.8,3.0,12.0,1.0,,2.5233656069354052e+38,1.0,1e-15,1.2,42.0,1.0,exhaustive_selection_config,"[[0, 0.1, 0.2, 0.3, 0.4, 0.5, 0.6, 0.7, 0.8, 0.9, 1]]","['nap', 'rtp']",252336560693540533935881068298825202077_eps0_s10,BPI2012_W,WEIGHTED_PROBS_LEN
90.61955454014242,571.6110883794724,158.6,0.0976937268578445,0.19887598454952235,0.0,59.00799059644341,0.991491434870506,1.997788678854704,0.8940022614686045,49993.0,0.9969353176688542,0.646502478289336,9.454956516358133e-05,1.0,6785.97547515221,89.21891151629389,0.9218933967109404,0.9760264101746676,0.9492320374774579,0.8328627520850647,0.986683530534777,21.0,5.0,0.8,3.0,12.0,1.0,,2.5233656069354052e+38,1.0,1e-15,1.2,42.0,0.2,exhaustive_selection_config,"[[0, 0.1, 0.2, 0.3, 0.4, 0.5, 0.6, 0.7, 0.8, 0.9, 1]]","['nap', 'rtp']",252336560693540533935881068298825202077_eps0_s2,BPI2012_W,WEIGHTED_PROBS_LEN
90.61955454014242,551.4725113764405,158.6,0.0976937268578445,0.19436818696558472,0.0,58.80045392513275,0.991491434870506,1.997788678854704,0.8940022614686045,49993.0,0.9969353176688542,0.646502478289336,9.454956516358133e-05,1.0,10342.839147936553,92.97832271903754,0.9218933967109404,0.9760264101746676,0.9492320374774579,0.8328627520850647,0.986683530534777,21.0,5.0,0.8,3.0,12.0,1.0,,2.5233656069354052e+38,1.0,1e-15,1.2,42.0,0.3,exhaustive_selection_config,"[[0, 0.1, 0.2, 0.3, 0.4, 0.5, 0.6, 0.7, 0.8, 0.9, 1]]","['nap', 'rtp']",252336560693540533935881068298825202077_eps0_s3,BPI2012_W,WEIGHTED_PROBS_LEN
90.61955454014242,558.6254480686039,158.6,0.0976937268578445,0.1975866790860891,0.0,58.84648723825812,0.991491434870506,1.997788678854704,0.8940022614686045,49993.0,0.9969353176688542,0.646502478289336,9.454956516358133e-05,1.0,13878.117913432046,92.60600579231978,0.9218933967109404,0.9760264101746676,0.9492320374774579,0.8328627520850647,0.986683530534777,21.0,5.0,0.8,3.0,12.0,1.0,,2.5233656069354052e+38,1.0,1e-15,1.2,42.0,0.4,exhaustive_selection_config,"[[0, 0.1, 0.2, 0.3, 0.4, 0.5, 0.6, 0.7, 0.8, 0.9, 1]]","['nap', 'rtp']",252336560693540533935881068298825202077_eps0_s4,BPI2012_W,WEIGHTED_PROBS_LEN
90.61955454014242,555.3235598977656,158.6,0.0976937268578445,0.19894822686910624,0.0,58.881838539987804,0.991491434870506,1.997788678854704,0.8940022614686045,49993.0,0.9969353176688542,0.646502478289336,9.454956516358133e-05,1.0,17412.787220174818,91.37638340257108,0.9218933967109404,0.9760264101746676,0.9492320374774579,0.8328627520850647,0.986683530534777,21.0,5.0,0.8,3.0,12.0,1.0,,2.5233656069354052e+38,1.0,1e-15,1.2,42.0,0.5,exhaustive_selection_config,"[[0, 0.1, 0.2, 0.3, 0.4, 0.5, 0.6, 0.7, 0.8, 0.9, 1]]","['nap', 'rtp']",252336560693540533935881068298825202077_eps0_s5,BPI2012_W,WEIGHTED_PROBS_LEN
90.61955454014242,556.9333918038756,158.6,0.0976937268578445,0.1898916464298963,0.0,58.6241707213223,0.991491434870506,1.997788678854704,0.8940022614686045,49993.0,0.9969353176688542,0.646502478289336,9.454956516358133e-05,1.0,20971.182521894203,94.04832637496293,0.9218933967109404,0.9760264101746676,0.9492320374774579,0.8328627520850647,0.986683530534777,21.0,5.0,0.8,3.0,12.0,1.0,,2.5233656069354052e+38,1.0,1e-15,1.2,42.0,0.6,exhaustive_selection_config,"[[0, 0.1, 0.2, 0.3, 0.4, 0.5, 0.6, 0.7, 0.8, 0.9, 1]]","['nap', 'rtp']",252336560693540533935881068298825202077_eps0_s6,BPI2012_W,WEIGHTED_PROBS_LEN
90.61955454014242,548.3846265472472,158.6,0.0976937268578445,0.19723938144743441,0.0,58.745056414231655,0.991491434870506,1.997788678854704,0.8940022614686045,49993.0,0.9969353176688542,0.646502478289336,9.454956516358133e-05,1.0,24485.019584131987,89.2645304068923,0.9218933967109404,0.9760264101746676,0.9492320374774579,0.8328627520850647,0.986683530534777,21.0,5.0,0.8,3.0,12.0,1.0,,2.5233656069354052e+38,1.0,1e-15,1.2,42.0,0.7,exhaustive_selection_config,"[[0, 0.1, 0.2, 0.3, 0.4, 0.5, 0.6, 0.7, 0.8, 0.9, 1]]","['nap', 'rtp']",252336560693540533935881068298825202077_eps0_s7,BPI2012_W,WEIGHTED_PROBS_LEN
90.61955454014242,544.2290026728064,158.6,0.0976937268578445,0.19778622612357136,0.0,58.61803146712482,0.991491434870506,1.997788678854704,0.8940022614686045,49993.0,0.9969353176688542,0.646502478289336,9.454956516358133e-05,1.0,27950.635640168934,88.75973383262753,0.9218933967109404,0.9760264101746676,0.9492320374774579,0.8328627520850647,0.986683530534777,21.0,5.0,0.8,3.0,12.0,1.0,,2.5233656069354052e+38,1.0,1e-15,1.2,42.0,0.8,exhaustive_selection_config,"[[0, 0.1, 0.2, 0.3, 0.4, 0.5, 0.6, 0.7, 0.8, 0.9, 1]]","['nap', 'rtp']",252336560693540533935881068298825202077_eps0_s8,BPI2012_W,WEIGHTED_PROBS_LEN
90.61955454014242,553.1414307087659,158.6,0.0976937268578445,0.1930668111890554,0.0,58.79807870984077,0.991491434870506,1.997788678854704,0.8940022614686045,49993.0,0.9969353176688542,0.646502478289336,9.454956516358133e-05,1.0,31435.341710566358,88.67520757168532,0.9218933967109404,0.9760264101746676,0.9492320374774579,0.8328627520850647,0.986683530534777,21.0,5.0,0.8,3.0,12.0,1.0,,2.5233656069354052e+38,1.0,1e-15,1.2,42.0,0.9,exhaustive_selection_config,"[[0, 0.1, 0.2, 0.3, 0.4, 0.5, 0.6, 0.7, 0.8, 0.9, 1]]","['nap', 'rtp']",252336560693540533935881068298825202077_eps0_s9,BPI2012_W,WEIGHTED_PROBS_LEN
90.61955454014242,82.32229665741325,158.6,0.2597680189798916,0.19256222322583194,0.0,29.78866638094187,0.8722386442735672,1.997788678854704,0.36211136051146753,49993.0,0.9384720817358648,0.3989637446191911,9.454956516358133e-05,1.0,36918.59048289284,88.2389533303678,0.42638181485359644,0.7160268037558223,0.5345943667838619,0.39974953176114464,0.8165294002997117,21.0,5.0,0.8,5.0,12.0,1.0,,2.5233656069354052e+38,1.0,1e-15,1.2,42.0,0.0,exhaustive_selection_config,"[[0, 0.1, 0.2, 0.3, 0.4, 0.5, 0.6, 0.7, 0.8, 0.9, 1]]","['nap', 'rtp']",252336560693540533935881068298825202077_eps1_s0,BPI2012_W,WEIGHTED_PROBS_LEN
90.61955454014242,572.7694652691483,158.6,0.07647304225285838,0.19605591781437393,0.0,61.63959795720875,0.9847354378889778,1.997788678854704,0.8997253117963698,49993.0,0.9912112249532326,0.5783793846541585,9.454956516358133e-05,1.0,39519.679395073654,87.93397596031427,0.9261736781183163,0.9733528962268554,0.9509796894973459,0.7797553755851627,0.9818320868317496,21.0,5.0,0.8,5.0,12.0,1.0,,2.5233656069354052e+38,1.0,1e-15,1.2,42.0,0.1,exhaustive_selection_config,"[[0, 0.1, 0.2, 0.3, 0.4, 0.5, 0.6, 0.7, 0.8, 0.9, 1]]","['nap', 'rtp']",252336560693540533935881068298825202077_eps1_s1,BPI2012_W,WEIGHTED_PROBS_LEN
90.61955454014242,81.90848323255777,158.6,0.24495069413600906,0.1910589955747127,0.0,28.120676407217978,0.8702317870028038,1.997788678854704,0.3532977591233455,49993.0,0.9302840782518368,0.3431015727613319,9.454956516358133e-05,1.0,51295.680087557805,86.28507795445621,0.42156909124268693,0.7247333061646855,0.5360415393713829,0.2676148389982417,0.820492245156124,21.0,5.0,0.8,5.0,12.0,1.0,,2.5233656069354052e+38,1.0,1e-15,1.2,42.0,1.0,exhaustive_selection_config,"[[0, 0.1, 0.2, 0.3, 0.4, 0.5, 0.6, 0.7, 0.8, 0.9, 1]]","['nap', 'rtp']",252336560693540533935881068298825202077_eps1_s10,BPI2012_W,WEIGHTED_PROBS_LEN
90.61955454014242,349.2543220791966,158.6,0.11792124192408551,0.1943683352321386,0.0,52.05903496332466,0.9534029268704444,1.997788678854704,0.7668537052822849,49993.0,0.9768157125155288,0.5354885449328197,9.454956516358133e-05,1.0,42430.75899217315,87.48538442589343,0.8038197009476438,0.9071115218995267,0.8497107428417296,0.6798434783644468,0.9379478858593524,21.0,5.0,0.8,5.0,12.0,1.0,,2.5233656069354052e+38,1.0,1e-15,1.2,42.0,0.2,exhaustive_selection_config,"[[0, 0.1, 0.2, 0.3, 0.4, 0.5, 0.6, 0.7, 0.8, 0.9, 1]]","['nap', 'rtp']",252336560693540533935881068298825202077_eps1_s2,BPI2012_W,WEIGHTED_PROBS_LEN
90.61955454014242,163.05501559972762,158.6,0.1852644640525171,0.19251774139702316,0.0,39.76546163037419,0.8928607607632741,1.997788678854704,0.521504835135064,49993.0,0.9425371815027308,0.41244624468540164,9.454956516358133e-05,1.0,44241.62170249447,87.85280982591212,0.568419245084593,0.7719271611507859,0.646808197957576,0.3957826041004413,0.8529479571724133,21.0,5.0,0.8,5.0,12.0,1.0,,2.5233656069354052e+38,1.0,1e-15,1.2,42.0,0.3,exhaustive_selection_config,"[[0, 0.1, 0.2, 0.3, 0.4, 0.5, 0.6, 0.7, 0.8, 0.9, 1]]","['nap', 'rtp']",252336560693540533935881068298825202077_eps1_s3,BPI2012_W,WEIGHTED_PROBS_LEN
90.61955454014242,79.36056071221829,158.6,0.25357999816500076,0.19187569171190258,0.0,29.27312530130148,0.8543343393876993,1.997788678854704,0.34685541329568925,49993.0,0.9244773992694719,0.38877348446868787,9.454956516358133e-05,1.0,45434.37943426594,89.99828507788479,0.40392719604953264,0.6879525350314102,0.5065938569066398,0.30446623341466417,0.795669855780283,21.0,5.0,0.8,5.0,12.0,1.0,,2.5233656069354052e+38,1.0,1e-15,1.2,42.0,0.4,exhaustive_selection_config,"[[0, 0.1, 0.2, 0.3, 0.4, 0.5, 0.6, 0.7, 0.8, 0.9, 1]]","['nap', 'rtp']",252336560693540533935881068298825202077_eps1_s4,BPI2012_W,WEIGHTED_PROBS_LEN
90.61955454014242,79.20092899128795,158.6,0.25357999816500076,0.19162376299500467,0.0,29.295070441439748,0.8543343393876993,1.997788678854704,0.34685541329568925,49993.0,0.9244773992694719,0.38877348446868787,9.454956516358133e-05,1.0,46423.49603059031,87.39487460777164,0.40392719604953264,0.6879525350314102,0.5065938569066398,0.30446623341466417,0.795669855780283,21.0,5.0,0.8,5.0,12.0,1.0,,2.5233656069354052e+38,1.0,1e-15,1.2,42.0,0.5,exhaustive_selection_config,"[[0, 0.1, 0.2, 0.3, 0.4, 0.5, 0.6, 0.7, 0.8, 0.9, 1]]","['nap', 'rtp']",252336560693540533935881068298825202077_eps1_s5,BPI2012_W,WEIGHTED_PROBS_LEN
90.61955454014242,78.79005672596395,158.6,0.25347149183768924,0.19521845914423464,0.0,29.293467169255017,0.8543684331679835,1.997788678854704,0.3467400766654262,49993.0,0.924456254746447,0.3880087785863349,9.454956516358133e-05,1.0,47405.86738486476,87.09605127312243,0.40381219338410484,0.6882006367539815,0.5064876536579341,0.303777071806267,0.7957491733710964,21.0,5.0,0.8,5.0,12.0,1.0,,2.5233656069354052e+38,1.0,1e-15,1.2,42.0,0.6,exhaustive_selection_config,"[[0, 0.1, 0.2, 0.3, 0.4, 0.5, 0.6, 0.7, 0.8, 0.9, 1]]","['nap', 'rtp']",252336560693540533935881068298825202077_eps1_s6,BPI2012_W,WEIGHTED_PROBS_LEN
90.61955454014242,79.0659312594682,158.6,0.2545276004651582,0.19534247927367682,0.0,27.816382544115186,0.8555434316764968,1.997788678854704,0.34779374137580504,49993.0,0.9250437540007077,0.39460521019387085,9.454956516358133e-05,1.0,48389.86584605314,86.7673676814884,0.40485866998730585,0.6911959620279114,0.5072854285462193,0.3033050925603632,0.7975124005936829,21.0,5.0,0.8,5.0,12.0,1.0,,2.5233656069354052e+38,1.0,1e-15,1.2,42.0,0.7,exhaustive_selection_config,"[[0, 0.1, 0.2, 0.3, 0.4, 0.5, 0.6, 0.7, 0.8, 0.9, 1]]","['nap', 'rtp']",252336560693540533935881068298825202077_eps1_s7,BPI2012_W,WEIGHTED_PROBS_LEN
90.61955454014242,76.10926654040813,158.6,0.25580401805383496,0.19322173073887822,0.0,27.416826059296728,0.8566990959498378,1.997788678854704,0.3490669396568971,49993.0,0.9256215861373829,0.4015931800310498,9.454956516358133e-05,1.0,49334.424050669375,87.63954282924533,0.40611939473402037,0.6945623633027177,0.508345854080756,0.30339187552208197,0.7992534350482693,21.0,5.0,0.8,5.0,12.0,1.0,,2.5233656069354052e+38,1.0,1e-15,1.2,42.0,0.8,exhaustive_selection_config,"[[0, 0.1, 0.2, 0.3, 0.4, 0.5, 0.6, 0.7, 0.8, 0.9, 1]]","['nap', 'rtp']",252336560693540533935881068298825202077_eps1_s8,BPI2012_W,WEIGHTED_PROBS_LEN
90.61955454014242,77.93804605007172,158.6,0.25580401805383496,0.19599176235496993,0.0,27.27875025123358,0.8566990959498378,1.997788678854704,0.3490669396568971,49993.0,0.9256215861373829,0.4015931800310498,9.454956516358133e-05,1.0,50312.744514073434,89.68352167271078,0.40611939473402037,0.6945623633027177,0.508345854080756,0.30339187552208197,0.7992534350482693,21.0,5.0,0.8,5.0,12.0,1.0,,2.5233656069354052e+38,1.0,1e-15,1.2,42.0,0.9,exhaustive_selection_config,"[[0, 0.1, 0.2, 0.3, 0.4, 0.5, 0.6, 0.7, 0.8, 0.9, 1]]","['nap', 'rtp']",252336560693540533935881068298825202077_eps1_s9,BPI2012_W,WEIGHTED_PROBS_LEN
90.61955454014242,82.98855991214513,158.6,0.2597680189798916,0.19392382204532618,0.0,27.824476628005506,0.8722386442735672,1.997788678854704,0.36211136051146753,49993.0,0.9384720817358648,0.3989637446191911,9.454956516358133e-05,1.0,52282.39483875483,89.41481091082096,0.42638181485359644,0.7160268037558223,0.5345943667838619,0.39974953176114464,0.8165294002997117,21.0,5.0,0.8,7.0,12.0,1.0,,2.5233656069354052e+38,1.0,1e-15,1.2,42.0,0.0,exhaustive_selection_config,"[[0, 0.1, 0.2, 0.3, 0.4, 0.5, 0.6, 0.7, 0.8, 0.9, 1]]","['nap', 'rtp']",252336560693540533935881068298825202077_eps2_s0,BPI2012_W,WEIGHTED_PROBS_LEN
90.61955454014242,568.501814744249,158.6,0.10548123624792653,0.19457743316888806,0.0,52.588731062412265,0.9798262583471257,1.997788678854704,0.8763278526953071,49993.0,0.992544654743674,0.5988184634762049,9.454956516358133e-05,1.0,54851.81314044185,87.17310266159475,0.9032299251750878,0.9582689234444807,0.9304651977180622,0.8034010737374538,0.9710920730036122,21.0,5.0,0.8,7.0,12.0,1.0,,2.5233656069354052e+38,1.0,1e-15,1.2,42.0,0.1,exhaustive_selection_config,"[[0, 0.1, 0.2, 0.3, 0.4, 0.5, 0.6, 0.7, 0.8, 0.9, 1]]","['nap', 'rtp']",252336560693540533935881068298825202077_eps2_s1,BPI2012_W,WEIGHTED_PROBS_LEN
90.61955454014242,77.90132326744497,158.6,0.26129420346487964,0.19243175275623797,0.0,29.779580843448638,0.8788308412211554,1.997788678854704,0.4005885032746076,49993.0,0.946985383069398,0.4149758642356772,9.454956516358133e-05,1.0,66205.02606427894,87.5354813028127,0.4656767936921245,0.7374811335356388,0.5680837304959769,0.45271473523759564,0.8246990372411697,21.0,5.0,0.8,7.0,12.0,1.0,,2.5233656069354052e+38,1.0,1e-15,1.2,42.0,1.0,exhaustive_selection_config,"[[0, 0.1, 0.2, 0.3, 0.4, 0.5, 0.6, 0.7, 0.8, 0.9, 1]]","['nap', 'rtp']",252336560693540533935881068298825202077_eps2_s10,BPI2012_W,WEIGHTED_PROBS_LEN
90.61955454014242,343.8872167252004,158.6,0.16346031111973575,0.19768216684460635,0.0,45.09176032878459,0.9467376009220576,1.997788678854704,0.7271657990398122,49993.0,0.978785055994561,0.569343647905038,9.454956516358133e-05,1.0,57746.73253670595,93.91969078369439,0.7649964243299181,0.8812663700596388,0.8145403246862772,0.7311073395941333,0.9234458098062317,21.0,5.0,0.8,7.0,12.0,1.0,,2.5233656069354052e+38,1.0,1e-15,1.2,42.0,0.2,exhaustive_selection_config,"[[0, 0.1, 0.2, 0.3, 0.4, 0.5, 0.6, 0.7, 0.8, 0.9, 1]]","['nap', 'rtp']",252336560693540533935881068298825202077_eps2_s2,BPI2012_W,WEIGHTED_PROBS_LEN
90.61955454014242,112.23010580055416,158.6,0.26577383521916476,0.1976281594485044,0.0,32.713110611215235,0.8851537307083763,1.997788678854704,0.47201450693365865,49993.0,0.9522553439258467,0.5208935472222971,9.454956516358133e-05,1.0,59360.38495992609,88.51910744532942,0.522979157269895,0.7480554743796375,0.6071732420257632,0.5937102415893961,0.8368412635982594,21.0,5.0,0.8,7.0,12.0,1.0,,2.5233656069354052e+38,1.0,1e-15,1.2,42.0,0.3,exhaustive_selection_config,"[[0, 0.1, 0.2, 0.3, 0.4, 0.5, 0.6, 0.7, 0.8, 0.9, 1]]","['nap', 'rtp']",252336560693540533935881068298825202077_eps2_s3,BPI2012_W,WEIGHTED_PROBS_LEN
90.61955454014242,72.13952803947032,158.6,0.2889483828944576,0.19306274279952046,0.0,27.93463544845581,0.8620265708879791,1.997788678854704,0.39130777436047914,49993.0,0.9399803743933667,0.4909593471993084,9.454956516358133e-05,1.0,60395.04488347508,88.43420100882649,0.4474977095035718,0.7075141755051986,0.5432979176079625,0.4942912489695902,0.8040122979755594,21.0,5.0,0.8,7.0,12.0,1.0,,2.5233656069354052e+38,1.0,1e-15,1.2,42.0,0.4,exhaustive_selection_config,"[[0, 0.1, 0.2, 0.3, 0.4, 0.5, 0.6, 0.7, 0.8, 0.9, 1]]","['nap', 'rtp']",252336560693540533935881068298825202077_eps2_s4,BPI2012_W,WEIGHTED_PROBS_LEN
90.61955454014242,72.20896217785776,158.6,0.2851285842430721,0.19459964260458945,0.0,28.0973612204194,0.858672112613186,1.997788678854704,0.38757598863670306,49993.0,0.9370797501554211,0.4666369541264953,9.454956516358133e-05,1.0,61341.20109672323,88.27539057321846,0.44386430139643773,0.7048106387453392,0.5398374116494201,0.4635923380897181,0.8023954460863946,21.0,5.0,0.8,7.0,12.0,1.0,,2.5233656069354052e+38,1.0,1e-15,1.2,42.0,0.5,exhaustive_selection_config,"[[0, 0.1, 0.2, 0.3, 0.4, 0.5, 0.6, 0.7, 0.8, 0.9, 1]]","['nap', 'rtp']",252336560693540533935881068298825202077_eps2_s5,BPI2012_W,WEIGHTED_PROBS_LEN
90.61955454014242,76.02222401835024,158.6,0.28027486947775376,0.19223990514874453,0.0,28.466080720350146,0.8652458954991833,1.997788678854704,0.39404649013267506,49993.0,0.9420404183475405,0.4756379703551746,9.454956516358133e-05,1.0,62294.69082129859,87.65734233260154,0.4503230658910312,0.7095980775886005,0.5458347802136199,0.48520592320312445,0.8058776815140398,21.0,5.0,0.8,7.0,12.0,1.0,,2.5233656069354052e+38,1.0,1e-15,1.2,42.0,0.6,exhaustive_selection_config,"[[0, 0.1, 0.2, 0.3, 0.4, 0.5, 0.6, 0.7, 0.8, 0.9, 1]]","['nap', 'rtp']",252336560693540533935881068298825202077_eps2_s6,BPI2012_W,WEIGHTED_PROBS_LEN
90.61955454014242,79.49768299870193,158.6,0.2806945826386562,0.1933313868939876,0.0,28.442428813502193,0.8662205232841164,1.997788678854704,0.3944709386967708,49993.0,0.9425833692972395,0.48191811077672597,9.454956516358133e-05,1.0,63276.626554305105,86.81151787303388,0.4507555714459109,0.711520019959445,0.5462877466490844,0.48428760148580585,0.8071068775513845,21.0,5.0,0.8,7.0,12.0,1.0,,2.5233656069354052e+38,1.0,1e-15,1.2,42.0,0.7,exhaustive_selection_config,"[[0, 0.1, 0.2, 0.3, 0.4, 0.5, 0.6, 0.7, 0.8, 0.9, 1]]","['nap', 'rtp']",252336560693540533935881068298825202077_eps2_s7,BPI2012_W,WEIGHTED_PROBS_LEN
90.61955454014242,76.19400192350149,158.6,0.2811729265898847,0.19457114823162552,0.0,28.495609325170516,0.8673625289532053,1.997788678854704,0.3949344378237878,49993.0,0.9431802899092407,0.4888786349367985,9.454956516358133e-05,1.0,64235.20241239257,88.50938343182206,0.451186362565426,0.7144022911551872,0.5464990666893845,0.48418831171,0.8086600437899667,21.0,5.0,0.8,7.0,12.0,1.0,,2.5233656069354052e+38,1.0,1e-15,1.2,42.0,0.8,exhaustive_selection_config,"[[0, 0.1, 0.2, 0.3, 0.4, 0.5, 0.6, 0.7, 0.8, 0.9, 1]]","['nap', 'rtp']",252336560693540533935881068298825202077_eps2_s8,BPI2012_W,WEIGHTED_PROBS_LEN
90.61955454014242,78.74058214239776,158.6,0.2811729265898847,0.19256046190857884,0.0,28.477812848240138,0.8673625289532053,1.997788678854704,0.3949344378237878,49993.0,0.9431802899092407,0.4888786349367985,9.454956516358133e-05,1.0,65221.945132897425,90.22163023538887,0.451186362565426,0.7144022911551872,0.5464990666893845,0.48418831171,0.8086600437899667,21.0,5.0,0.8,7.0,12.0,1.0,,2.5233656069354052e+38,1.0,1e-15,1.2,42.0,0.9,exhaustive_selection_config,"[[0, 0.1, 0.2, 0.3, 0.4, 0.5, 0.6, 0.7, 0.8, 0.9, 1]]","['nap', 'rtp']",252336560693540533935881068298825202077_eps2_s9,BPI2012_W,WEIGHTED_PROBS_LEN
90.61955454014242,81.162110356614,158.6,0.2597680189798916,0.19427557773888107,0.0,28.616803691536187,0.8722386442735672,1.997788678854704,0.36211136051146753,49993.0,0.9384720817358648,0.3989637446191911,9.454956516358133e-05,1.0,67191.4286616005,86.82921259216964,0.42638181485359644,0.7160268037558223,0.5345943667838619,0.39974953176114464,0.8165294002997117,21.0,5.0,0.8,9.0,12.0,1.0,,2.5233656069354052e+38,1.0,1e-15,1.2,42.0,0.0,exhaustive_selection_config,"[[0, 0.1, 0.2, 0.3, 0.4, 0.5, 0.6, 0.7, 0.8, 0.9, 1]]","['nap', 'rtp']",252336560693540533935881068298825202077_eps3_s0,BPI2012_W,WEIGHTED_PROBS_LEN
90.61955454014242,577.7459319420159,158.6,0.11164071324041061,0.19446174018085,0.0,52.82274380028248,0.983803467122981,1.997788678854704,0.8810115535162506,49993.0,0.9941570467532888,0.6232594186777938,9.454956516358133e-05,1.0,69780.93102841638,88.11755732595921,0.907817833853575,0.962087925286473,0.9348311370394018,0.8133090271871934,0.9752617413474998,21.0,5.0,0.8,9.0,12.0,1.0,,2.5233656069354052e+38,1.0,1e-15,1.2,42.0,0.1,exhaustive_selection_config,"[[0, 0.1, 0.2, 0.3, 0.4, 0.5, 0.6, 0.7, 0.8, 0.9, 1]]","['nap', 'rtp']",252336560693540533935881068298825202077_eps3_s1,BPI2012_W,WEIGHTED_PROBS_LEN
90.61955454014242,71.2248546026647,158.6,0.2794212840856797,0.1987333010882139,0.0,29.05391548089683,0.8972702647046006,1.997788678854704,0.4061251218403571,49993.0,0.9576511280568013,0.5016179276177464,9.454956516358133e-05,1.0,82924.2654512383,87.89816340431571,0.4726429823592361,0.7535587401821549,0.5797937339856014,0.5605727357829452,0.8406257014496739,21.0,5.0,0.8,9.0,12.0,1.0,,2.5233656069354052e+38,1.0,1e-15,1.2,42.0,1.0,exhaustive_selection_config,"[[0, 0.1, 0.2, 0.3, 0.4, 0.5, 0.6, 0.7, 0.8, 0.9, 1]]","['nap', 'rtp']",252336560693540533935881068298825202077_eps3_s10,BPI2012_W,WEIGHTED_PROBS_LEN
90.61955454014242,438.2002290073782,158.6,0.1489095108991277,0.20334483832120892,0.0,48.164222702383995,0.9675592172555125,1.997788678854704,0.7990044874121998,49993.0,0.9872609458388725,0.6100081794572234,9.454956516358133e-05,1.0,72927.18587020338,88.39840232133865,0.8296589796311192,0.922081221381583,0.8687866184370236,0.7769988965915582,0.95122807439676,21.0,5.0,0.8,9.0,12.0,1.0,,2.5233656069354052e+38,1.0,1e-15,1.2,42.0,0.2,exhaustive_selection_config,"[[0, 0.1, 0.2, 0.3, 0.4, 0.5, 0.6, 0.7, 0.8, 0.9, 1]]","['nap', 'rtp']",252336560693540533935881068298825202077_eps3_s2,BPI2012_W,WEIGHTED_PROBS_LEN
90.61955454014242,149.35415044985712,158.6,0.21521480269843654,0.19629996642470354,0.0,41.985277607664464,0.9288958066531243,1.997788678854704,0.6597103381760767,49993.0,0.9687132349951953,0.5682527899073065,9.454956516358133e-05,1.0,74909.42337612249,90.52534835524857,0.6968687118046277,0.846613232887983,0.7546870730344439,0.6494298544768974,0.9006996439367224,21.0,5.0,0.8,9.0,12.0,1.0,,2.5233656069354052e+38,1.0,1e-15,1.2,42.0,0.3,exhaustive_selection_config,"[[0, 0.1, 0.2, 0.3, 0.4, 0.5, 0.6, 0.7, 0.8, 0.9, 1]]","['nap', 'rtp']",252336560693540533935881068298825202077_eps3_s3,BPI2012_W,WEIGHTED_PROBS_LEN
90.61955454014242,107.22878144644201,158.6,0.2510810709280443,0.19438843391835686,0.0,36.763733382150534,0.9067003090587976,1.997788678854704,0.572285663395189,49993.0,0.9580989934457044,0.5352353764454687,9.454956516358133e-05,1.0,76183.26715798564,87.7732699830085,0.6150145548292523,0.7942557192437555,0.6852850554929706,0.5407103804070773,0.8683541943953953,21.0,5.0,0.8,9.0,12.0,1.0,,2.5233656069354052e+38,1.0,1e-15,1.2,42.0,0.4,exhaustive_selection_config,"[[0, 0.1, 0.2, 0.3, 0.4, 0.5, 0.6, 0.7, 0.8, 0.9, 1]]","['nap', 'rtp']",252336560693540533935881068298825202077_eps3_s4,BPI2012_W,WEIGHTED_PROBS_LEN
90.61955454014242,102.21805588193237,158.6,0.2535125797667511,0.19152556844055652,0.0,34.96103658899665,0.8990291071910509,1.997788678854704,0.5456769898145901,49993.0,0.9536677122541253,0.5135411184314591,9.454956516358133e-05,1.0,77311.01126180738,86.85041099861265,0.5901069853751756,0.7805896133768278,0.6642396828012287,0.5131805339667557,0.8594012517707099,21.0,5.0,0.8,9.0,12.0,1.0,,2.5233656069354052e+38,1.0,1e-15,1.2,42.0,0.5,exhaustive_selection_config,"[[0, 0.1, 0.2, 0.3, 0.4, 0.5, 0.6, 0.7, 0.8, 0.9, 1]]","['nap', 'rtp']",252336560693540533935881068298825202077_eps3_s5,BPI2012_W,WEIGHTED_PROBS_LEN
90.61955454014242,103.46688507683575,158.6,0.2531187391694086,0.1920542802661657,0.0,35.345090673491356,0.9062501554678365,1.997788678854704,0.5480917821431571,49993.0,0.9588525461232305,0.5254048056618991,9.454956516358133e-05,1.0,78446.32768468447,86.84531230255962,0.5943098073697481,0.7862320504291735,0.6703054130672814,0.5425319231226118,0.8636045465168699,21.0,5.0,0.8,9.0,12.0,1.0,,2.5233656069354052e+38,1.0,1e-15,1.2,42.0,0.6,exhaustive_selection_config,"[[0, 0.1, 0.2, 0.3, 0.4, 0.5, 0.6, 0.7, 0.8, 0.9, 1]]","['nap', 'rtp']",252336560693540533935881068298825202077_eps3_s6,BPI2012_W,WEIGHTED_PROBS_LEN
90.61955454014242,105.69070749022066,158.6,0.2511064852209072,0.18981178179383273,0.0,35.69424808286131,0.9068185442745145,1.997788678854704,0.5538041802078483,49993.0,0.95913674052657,0.532001237269435,9.454956516358133e-05,1.0,79605.34385176488,93.13352258391679,0.599834786798201,0.7881400801507427,0.6746855517345796,0.5420599438767081,0.8646208041762877,21.0,5.0,0.8,9.0,12.0,1.0,,2.5233656069354052e+38,1.0,1e-15,1.2,42.0,0.7,exhaustive_selection_config,"[[0, 0.1, 0.2, 0.3, 0.4, 0.5, 0.6, 0.7, 0.8, 0.9, 1]]","['nap', 'rtp']",252336560693540533935881068298825202077_eps3_s7,BPI2012_W,WEIGHTED_PROBS_LEN
90.61955454014242,102.034298626706,158.6,0.2556658166409011,0.1938120950013399,0.0,35.07558237314224,0.906084395552982,1.997788678854704,0.5452942178929314,49993.0,0.9587691712412054,0.5389892071066139,9.454956516358133e-05,1.0,80752.98342970348,89.70188871771097,0.5921511065437159,0.7858567670612724,0.6700387482437086,0.5421467268384268,0.8633097904292235,21.0,5.0,0.8,9.0,12.0,1.0,,2.5233656069354052e+38,1.0,1e-15,1.2,42.0,0.8,exhaustive_selection_config,"[[0, 0.1, 0.2, 0.3, 0.4, 0.5, 0.6, 0.7, 0.8, 0.9, 1]]","['nap', 'rtp']",252336560693540533935881068298825202077_eps3_s8,BPI2012_W,WEIGHTED_PROBS_LEN
90.61955454014242,104.60058314837515,158.6,0.2556658166409011,0.19484548121690748,0.0,35.11981833577156,0.906084395552982,1.997788678854704,0.5452942178929314,49993.0,0.9587691712412054,0.5389892071066139,9.454956516358133e-05,1.0,81908.84794767573,90.56838795244694,0.5921511065437159,0.7858567670612724,0.6700387482437086,0.5421467268384268,0.8633097904292235,21.0,5.0,0.8,9.0,12.0,1.0,,2.5233656069354052e+38,1.0,1e-15,1.2,42.0,0.9,exhaustive_selection_config,"[[0, 0.1, 0.2, 0.3, 0.4, 0.5, 0.6, 0.7, 0.8, 0.9, 1]]","['nap', 'rtp']",252336560693540533935881068298825202077_eps3_s9,BPI2012_W,WEIGHTED_PROBS_LEN
90.61955454014242,74.9646235216409,158.6,0.2597680189798916,0.19385227337479588,0.0,28.04991645216942,0.8722386442735672,1.997788678854704,0.36211136051146753,49993.0,0.9384720817358648,0.3989637446191911,9.454956516358133e-05,1.0,83880.45699358844,88.86771261505783,0.42638181485359644,0.7160268037558223,0.5345943667838619,0.39974953176114464,0.8165294002997117,21.0,5.0,0.8,11.0,12.0,1.0,,2.5233656069354052e+38,1.0,1e-15,1.2,42.0,0.0,exhaustive_selection_config,"[[0, 0.1, 0.2, 0.3, 0.4, 0.5, 0.6, 0.7, 0.8, 0.9, 1]]","['nap', 'rtp']",252336560693540533935881068298825202077_eps4_s0,BPI2012_W,WEIGHTED_PROBS_LEN
90.61955454014242,559.1919875051826,158.6,0.11184178897021065,0.19846629612147806,0.0,52.59564834162593,0.9859225667425087,1.997788678854704,0.8861052502958321,49993.0,0.99415980462218,0.6233621909855411,9.454956516358133e-05,1.0,86383.36735369153,88.38854456692934,0.9128126045956355,0.9664791713578241,0.9395622360624991,0.8133260757557441,0.9793439024236742,21.0,5.0,0.8,11.0,12.0,1.0,,2.5233656069354052e+38,1.0,1e-15,1.2,42.0,0.1,exhaustive_selection_config,"[[0, 0.1, 0.2, 0.3, 0.4, 0.5, 0.6, 0.7, 0.8, 0.9, 1]]","['nap', 'rtp']",252336560693540533935881068298825202077_eps4_s1,BPI2012_W,WEIGHTED_PROBS_LEN
90.61955454014242,77.92916019447148,158.6,0.29778343755415665,0.19521027766168114,0.0,28.988841435685753,0.908237573879048,1.997788678854704,0.42008608911268486,49993.0,0.9610184245772899,0.5302135520246269,9.454956516358133e-05,1.0,98693.71240332648,87.35782589688897,0.48753393864596895,0.7686625220572039,0.5962448312976428,0.5965501212367672,0.856652923681831,21.0,5.0,0.8,11.0,12.0,1.0,,2.5233656069354052e+38,1.0,1e-15,1.2,42.0,1.0,exhaustive_selection_config,"[[0, 0.1, 0.2, 0.3, 0.4, 0.5, 0.6, 0.7, 0.8, 0.9, 1]]","['nap', 'rtp']",252336560693540533935881068298825202077_eps4_s10,BPI2012_W,WEIGHTED_PROBS_LEN
90.61955454014242,366.51580748334527,158.6,0.18719009705420225,0.2003993634134531,0.0,45.37148031927645,0.9637986035714043,1.997788678854704,0.7558700142843711,49993.0,0.9842922737323638,0.6114595704247847,9.454956516358133e-05,1.0,89329.6619153902,88.67487408965826,0.7902524541969224,0.906892043376381,0.8317370736705222,0.7789173723463139,0.9459167931663185,21.0,5.0,0.8,11.0,12.0,1.0,,2.5233656069354052e+38,1.0,1e-15,1.2,42.0,0.2,exhaustive_selection_config,"[[0, 0.1, 0.2, 0.3, 0.4, 0.5, 0.6, 0.7, 0.8, 0.9, 1]]","['nap', 'rtp']",252336560693540533935881068298825202077_eps4_s2,BPI2012_W,WEIGHTED_PROBS_LEN
90.61955454014242,144.7475956737995,158.6,0.25594823345730905,0.1928056556731462,0.0,38.304355279728775,0.924510263011293,1.997788678854704,0.6126604006613344,49993.0,0.9655191012256932,0.5694402057386899,9.454956516358133e-05,1.0,91102.31292581632,87.7275389969349,0.6537817988013317,0.8300689350704078,0.714724046836956,0.6524766248620717,0.8945525284251532,21.0,5.0,0.8,11.0,12.0,1.0,,2.5233656069354052e+38,1.0,1e-15,1.2,42.0,0.3,exhaustive_selection_config,"[[0, 0.1, 0.2, 0.3, 0.4, 0.5, 0.6, 0.7, 0.8, 0.9, 1]]","['nap', 'rtp']",252336560693540533935881068298825202077_eps4_s3,BPI2012_W,WEIGHTED_PROBS_LEN
90.61955454014242,97.0423569612205,158.6,0.2963786791935834,0.20008949711918828,0.0,33.51994151324034,0.9058171189507911,1.997788678854704,0.5290834675207362,49993.0,0.9570225365053464,0.5467601043197501,9.454956516358133e-05,1.0,92307.52157878615,87.0227774463594,0.5753680328265696,0.7802754564340341,0.6489638601259377,0.5621181671874622,0.8652676769120708,21.0,5.0,0.8,11.0,12.0,1.0,,2.5233656069354052e+38,1.0,1e-15,1.2,42.0,0.4,exhaustive_selection_config,"[[0, 0.1, 0.2, 0.3, 0.4, 0.5, 0.6, 0.7, 0.8, 0.9, 1]]","['nap', 'rtp']",252336560693540533935881068298825202077_eps4_s4,BPI2012_W,WEIGHTED_PROBS_LEN
90.61955454014242,93.20714673250913,158.6,0.30065943019248487,0.19815534576773638,0.0,32.25881934650242,0.8990625683012384,1.997788678854704,0.5042563984547871,49993.0,0.9532520514546714,0.5303255645346254,9.454956516358133e-05,1.0,93379.29875184596,86.6957532338798,0.5521772272980899,0.7673026646829203,0.6294239337288132,0.5412961866964935,0.8569978847045684,21.0,5.0,0.8,11.0,12.0,1.0,,2.5233656069354052e+38,1.0,1e-15,1.2,42.0,0.5,exhaustive_selection_config,"[[0, 0.1, 0.2, 0.3, 0.4, 0.5, 0.6, 0.7, 0.8, 0.9, 1]]","['nap', 'rtp']",252336560693540533935881068298825202077_eps4_s5,BPI2012_W,WEIGHTED_PROBS_LEN
90.61955454014242,93.48024850934743,158.6,0.3018534468262592,0.19556811600923535,0.0,32.2631155077368,0.9033014228391958,1.997788678854704,0.5069900430645105,49993.0,0.9578990907483751,0.5434822708925562,9.454956516358133e-05,1.0,94454.62034453712,91.08344712890684,0.5551676288123139,0.769967252385148,0.6327479505642687,0.574034367988993,0.8572167963491379,21.0,5.0,0.8,11.0,12.0,1.0,,2.5233656069354052e+38,1.0,1e-15,1.2,42.0,0.6,exhaustive_selection_config,"[[0, 0.1, 0.2, 0.3, 0.4, 0.5, 0.6, 0.7, 0.8, 0.9, 1]]","['nap', 'rtp']",252336560693540533935881068298825202077_eps4_s6,BPI2012_W,WEIGHTED_PROBS_LEN
90.61955454014242,92.56992853097617,158.6,0.3028679772724131,0.19428867474198336,0.0,32.3682571105659,0.903745855414873,1.997788678854704,0.5080045735106632,49993.0,0.9581213070362115,0.550078702500092,9.454956516358133e-05,1.0,95529.1126555115,89.93083669915795,0.5561776242797866,0.771320965676916,0.6354953436725264,0.5735623887430893,0.8578812746888957,21.0,5.0,0.8,11.0,12.0,1.0,,2.5233656069354052e+38,1.0,1e-15,1.2,42.0,0.7,exhaustive_selection_config,"[[0, 0.1, 0.2, 0.3, 0.4, 0.5, 0.6, 0.7, 0.8, 0.9, 1]]","['nap', 'rtp']",252336560693540533935881068298825202077_eps4_s7,BPI2012_W,WEIGHTED_PROBS_LEN
90.61955454014242,94.17751855179668,158.6,0.3022669184291217,0.19413172155618663,0.0,32.690137043595314,0.904608350660949,1.997788678854704,0.511491827787518,49993.0,0.958546417195258,0.5570666723372709,9.454956516358133e-05,1.0,96605.57587959207,87.3349333550781,0.55985530563876,0.7739293500722478,0.6406376349371831,0.573649171704808,0.8592815961706846,21.0,5.0,0.8,11.0,12.0,1.0,,2.5233656069354052e+38,1.0,1e-15,1.2,42.0,0.8,exhaustive_selection_config,"[[0, 0.1, 0.2, 0.3, 0.4, 0.5, 0.6, 0.7, 0.8, 0.9, 1]]","['nap', 'rtp']",252336560693540533935881068298825202077_eps4_s8,BPI2012_W,WEIGHTED_PROBS_LEN
90.61955454014242,93.97540094479919,158.6,0.3022669184291217,0.19504582844674584,0.0,32.61456502005458,0.904608350660949,1.997788678854704,0.511491827787518,49993.0,0.958546417195258,0.5570666723372709,9.454956516358133e-05,1.0,97680.72890628055,87.3221087679267,0.55985530563876,0.7739293500722478,0.6406376349371831,0.573649171704808,0.8592815961706846,21.0,5.0,0.8,11.0,12.0,1.0,,2.5233656069354052e+38,1.0,1e-15,1.2,42.0,0.9,exhaustive_selection_config,"[[0, 0.1, 0.2, 0.3, 0.4, 0.5, 0.6, 0.7, 0.8, 0.9, 1]]","['nap', 'rtp']",252336560693540533935881068298825202077_eps4_s9,BPI2012_W,WEIGHTED_PROBS_LEN
90.61955454014242,78.75728507600725,158.6,0.2597680189798916,0.19535434581339356,0.0,28.39055342897773,0.8722386442735672,1.997788678854704,0.36211136051146753,49993.0,0.9384720817358648,0.3989637446191911,9.454956516358133e-05,1.0,99656.40957455002,88.07057018615305,0.42638181485359644,0.7160268037558223,0.5345943667838619,0.39974953176114464,0.8165294002997117,21.0,5.0,0.8,13.0,12.0,1.0,,2.5233656069354052e+38,1.0,1e-15,1.2,42.0,0.0,exhaustive_selection_config,"[[0, 0.1, 0.2, 0.3, 0.4, 0.5, 0.6, 0.7, 0.8, 0.9, 1]]","['nap', 'rtp']",252336560693540533935881068298825202077_eps5_s0,BPI2012_W,WEIGHTED_PROBS_LEN
90.61955454014242,583.9406814407557,158.6,0.11285430648034864,0.20266613811254497,0.0,52.626104877516624,0.9859878080251306,1.997788678854704,0.8862234201480046,49993.0,0.9941588862393422,0.6233621909855411,9.454956516358133e-05,1.0,102266.10418411903,91.88186192549765,0.9129023096878406,0.966578190488989,0.9396377467932435,0.8133260757557441,0.9794831831699563,21.0,5.0,0.8,13.0,12.0,1.0,,2.5233656069354052e+38,1.0,1e-15,1.2,42.0,0.1,exhaustive_selection_config,"[[0, 0.1, 0.2, 0.3, 0.4, 0.5, 0.6, 0.7, 0.8, 0.9, 1]]","['nap', 'rtp']",252336560693540533935881068298825202077_eps5_s1,BPI2012_W,WEIGHTED_PROBS_LEN
90.61955454014242,79.34090604223312,158.6,0.2951960795567506,0.19671857766807074,0.0,30.399391512945293,0.9211362651851044,1.997788678854704,0.4485642025409266,49993.0,0.9686339170386459,0.5682793382337967,9.454956516358133e-05,1.0,114670.87191704176,88.8656946938485,0.5173284212396455,0.7852440266768804,0.624627522521568,0.6417802503892895,0.8733722086871886,21.0,5.0,0.8,13.0,12.0,1.0,,2.5233656069354052e+38,1.0,1e-15,1.2,42.0,1.0,exhaustive_selection_config,"[[0, 0.1, 0.2, 0.3, 0.4, 0.5, 0.6, 0.7, 0.8, 0.9, 1]]","['nap', 'rtp']",252336560693540533935881068298825202077_eps5_s10,BPI2012_W,WEIGHTED_PROBS_LEN
90.61955454014242,381.63067639246583,158.6,0.19715274365749944,0.1965860970318317,0.0,45.40929342955351,0.9672383617884354,1.997788678854704,0.7552359477631323,49993.0,0.9858547740950676,0.6165164762981176,9.454956516358133e-05,1.0,105319.71255787164,91.9460731152445,0.78784733382622,0.9135234513739088,0.8353889875998037,0.7840083621033539,0.9507187043515284,21.0,5.0,0.8,13.0,12.0,1.0,,2.5233656069354052e+38,1.0,1e-15,1.2,42.0,0.2,exhaustive_selection_config,"[[0, 0.1, 0.2, 0.3, 0.4, 0.5, 0.6, 0.7, 0.8, 0.9, 1]]","['nap', 'rtp']",252336560693540533935881068298825202077_eps5_s2,BPI2012_W,WEIGHTED_PROBS_LEN
90.61955454014242,142.89057880304753,158.6,0.26776300889148646,0.19686728231608863,0.0,38.65748776718974,0.9326663305710629,1.997788678854704,0.6140523331242572,49993.0,0.9700826704280257,0.5801544178712249,9.454956516358133e-05,1.0,107118.64641063884,88.2611448019743,0.6531005688764394,0.8395037612011675,0.7209464689369439,0.6669052722705479,0.9055245206889841,21.0,5.0,0.8,13.0,12.0,1.0,,2.5233656069354052e+38,1.0,1e-15,1.2,42.0,0.3,exhaustive_selection_config,"[[0, 0.1, 0.2, 0.3, 0.4, 0.5, 0.6, 0.7, 0.8, 0.9, 1]]","['nap', 'rtp']",252336560693540533935881068298825202077_eps5_s3,BPI2012_W,WEIGHTED_PROBS_LEN
90.61955454014242,100.90993084609508,158.6,0.3060376732044704,0.19303462170064445,0.0,33.50966596007347,0.917523961416476,1.997788678854704,0.5265154335218679,49993.0,0.9633732156504408,0.5598497923923087,9.454956516358133e-05,1.0,108360.6726293657,90.96074449568987,0.5748310476168751,0.7963968780555855,0.6588561897800176,0.579400789023732,0.88121727475812,21.0,5.0,0.8,13.0,12.0,1.0,,2.5233656069354052e+38,1.0,1e-15,1.2,42.0,0.4,exhaustive_selection_config,"[[0, 0.1, 0.2, 0.3, 0.4, 0.5, 0.6, 0.7, 0.8, 0.9, 1]]","['nap', 'rtp']",252336560693540533935881068298825202077_eps5_s4,BPI2012_W,WEIGHTED_PROBS_LEN
90.61955454014242,91.97215137928724,158.6,0.31027266779642854,0.19143816679716105,0.0,31.50757213905454,0.9105316178928456,1.997788678854704,0.5016271790865858,49993.0,0.9594493389504543,0.5419104278989185,9.454956516358133e-05,1.0,109451.34027532041,91.0991198208183,0.5515692179647139,0.783280546786592,0.639217571966943,0.5567226595967919,0.8728594165106933,21.0,5.0,0.8,13.0,12.0,1.0,,2.5233656069354052e+38,1.0,1e-15,1.2,42.0,0.5,exhaustive_selection_config,"[[0, 0.1, 0.2, 0.3, 0.4, 0.5, 0.6, 0.7, 0.8, 0.9, 1]]","['nap', 'rtp']",252336560693540533935881068298825202077_eps5_s5,BPI2012_W,WEIGHTED_PROBS_LEN
90.61955454014242,86.95172930173575,158.6,0.31127016965460835,0.19447831027209755,0.0,32.33412948437035,0.9147692023790436,1.997788678854704,0.5039911105407233,49993.0,0.9640308352958978,0.5543196544508986,9.454956516358133e-05,1.0,110492.15083749146,88.59118135385215,0.5540162754559997,0.7860621629752547,0.6423013777037591,0.5874833687860752,0.8731414243729843,21.0,5.0,0.8,13.0,12.0,1.0,,2.5233656069354052e+38,1.0,1e-15,1.2,42.0,0.6,exhaustive_selection_config,"[[0, 0.1, 0.2, 0.3, 0.4, 0.5, 0.6, 0.7, 0.8, 0.9, 1]]","['nap', 'rtp']",252336560693540533935881068298825202077_eps5_s6,BPI2012_W,WEIGHTED_PROBS_LEN
90.61955454014242,87.37780059501529,158.6,0.31225698832021853,0.1992041084915399,0.0,32.606352378427985,0.9150850134125526,1.997788678854704,0.5049751852558911,49993.0,0.9641887408126528,0.5609160860584346,9.454956516358133e-05,1.0,111535.94169038945,88.12641850970685,0.5549363853543705,0.787131984242359,0.6452022024179349,0.5870113895401715,0.8736358395169729,21.0,5.0,0.8,13.0,12.0,1.0,,2.5233656069354052e+38,1.0,1e-15,1.2,42.0,0.7,exhaustive_selection_config,"[[0, 0.1, 0.2, 0.3, 0.4, 0.5, 0.6, 0.7, 0.8, 0.9, 1]]","['nap', 'rtp']",252336560693540533935881068298825202077_eps5_s7,BPI2012_W,WEIGHTED_PROBS_LEN
90.61955454014242,87.32217479497194,158.6,0.31184541025581225,0.1985584747046232,0.0,32.90674729533494,0.9156690961365748,1.997788678854704,0.5088341830798833,49993.0,0.9644749889942545,0.5679040558956135,9.454956516358133e-05,1.0,112582.23991351276,89.16003968827427,0.5593447861538399,0.7889655144304524,0.6494643923547411,0.5870981725018902,0.8745924867513566,21.0,5.0,0.8,13.0,12.0,1.0,,2.5233656069354052e+38,1.0,1e-15,1.2,42.0,0.8,exhaustive_selection_config,"[[0, 0.1, 0.2, 0.3, 0.4, 0.5, 0.6, 0.7, 0.8, 0.9, 1]]","['nap', 'rtp']",252336560693540533935881068298825202077_eps5_s8,BPI2012_W,WEIGHTED_PROBS_LEN
90.61955454014242,94.23568600565196,158.6,0.31184541025581225,0.19595416411757466,0.0,32.741911086812614,0.9156690961365748,1.997788678854704,0.5088341830798833,49993.0,0.9644749889942545,0.5679040558956135,9.454956516358133e-05,1.0,113652.42495718486,88.11522053554654,0.5593447861538399,0.7889655144304524,0.6494643923547411,0.5870981725018902,0.8745924867513566,21.0,5.0,0.8,13.0,12.0,1.0,,2.5233656069354052e+38,1.0,1e-15,1.2,42.0,0.9,exhaustive_selection_config,"[[0, 0.1, 0.2, 0.3, 0.4, 0.5, 0.6, 0.7, 0.8, 0.9, 1]]","['nap', 'rtp']",252336560693540533935881068298825202077_eps5_s9,BPI2012_W,WEIGHTED_PROBS_LEN
90.61955454014242,81.4222991079092,158.6,0.2597680189798916,0.19560080803930757,0.0,28.369025433063506,0.8722386442735672,1.997788678854704,0.36211136051146753,49993.0,0.9384720817358648,0.3989637446191911,9.454956516358133e-05,1.0,115663.38851020225,87.2873347491026,0.42638181485359644,0.7160268037558223,0.5345943667838619,0.39974953176114464,0.8165294002997117,21.0,5.0,0.8,15.0,12.0,1.0,,2.5233656069354052e+38,1.0,1e-15,1.2,42.0,0.0,exhaustive_selection_config,"[[0, 0.1, 0.2, 0.3, 0.4, 0.5, 0.6, 0.7, 0.8, 0.9, 1]]","['nap', 'rtp']",252336560693540533935881068298825202077_eps6_s0,BPI2012_W,WEIGHTED_PROBS_LEN
90.61955454014242,611.5806478895247,158.6,0.11381243877941097,0.19602989107370372,0.0,52.711586410179734,0.9861498829752187,1.997788678854704,0.886684473681014,49993.0,0.9941594632638487,0.6233621909855411,9.454956516358133e-05,1.0,118348.77783937976,88.32850696071982,0.9133577262231733,0.9669372114262005,0.940080692126784,0.8133260757557441,0.9798051308833099,21.0,5.0,0.8,15.0,12.0,1.0,,2.5233656069354052e+38,1.0,1e-15,1.2,42.0,0.1,exhaustive_selection_config,"[[0, 0.1, 0.2, 0.3, 0.4, 0.5, 0.6, 0.7, 0.8, 0.9, 1]]","['nap', 'rtp']",252336560693540533935881068298825202077_eps6_s1,BPI2012_W,WEIGHTED_PROBS_LEN
90.61955454014242,78.0720480196178,158.6,0.3136787160287223,0.1968678522855043,0.0,29.165857259184122,0.9247766059789665,1.997788678854704,0.4452349690121576,49993.0,0.9700687374585953,0.5835803878156475,9.454956516358133e-05,1.0,130946.5098461967,88.10461165159941,0.5188169569051555,0.7890382702070308,0.62935498908673,0.6672084610497369,0.8788309971412014,21.0,5.0,0.8,15.0,12.0,1.0,,2.5233656069354052e+38,1.0,1e-15,1.2,42.0,1.0,exhaustive_selection_config,"[[0, 0.1, 0.2, 0.3, 0.4, 0.5, 0.6, 0.7, 0.8, 0.9, 1]]","['nap', 'rtp']",252336560693540533935881068298825202077_eps6_s10,BPI2012_W,WEIGHTED_PROBS_LEN
90.61955454014242,392.1532860886306,158.6,0.1987733873244534,0.1984877612441778,0.0,45.022182784229514,0.967898672300674,1.997788678854704,0.7580413026573224,49993.0,0.9861162821626037,0.617997836131899,9.454956516358133e-05,1.0,121448.4736216262,88.2787795342505,0.7905394775792249,0.9151529416319732,0.8378642382947386,0.7862394788741145,0.9517906299373268,21.0,5.0,0.8,15.0,12.0,1.0,,2.5233656069354052e+38,1.0,1e-15,1.2,42.0,0.2,exhaustive_selection_config,"[[0, 0.1, 0.2, 0.3, 0.4, 0.5, 0.6, 0.7, 0.8, 0.9, 1]]","['nap', 'rtp']",252336560693540533935881068298825202077_eps6_s2,BPI2012_W,WEIGHTED_PROBS_LEN
90.61955454014242,145.67204279452562,158.6,0.2728964368996566,0.20004900656640526,0.0,38.329881083965304,0.9336150280478555,1.997788678854704,0.6192372919477469,49993.0,0.9705011285432628,0.5821813467821869,9.454956516358133e-05,1.0,123292.08188322447,90.68007957823575,0.6590141072528114,0.8424410602757775,0.7266177062770248,0.6744370710204092,0.9072561856836361,21.0,5.0,0.8,15.0,12.0,1.0,,2.5233656069354052e+38,1.0,1e-15,1.2,42.0,0.3,exhaustive_selection_config,"[[0, 0.1, 0.2, 0.3, 0.4, 0.5, 0.6, 0.7, 0.8, 0.9, 1]]","['nap', 'rtp']",252336560693540533935881068298825202077_eps6_s3,BPI2012_W,WEIGHTED_PROBS_LEN
90.61955454014242,98.98633773587645,158.6,0.3125776948281592,0.19612214416265486,0.0,33.67319055013358,0.9180115190112605,1.997788678854704,0.533034943541257,49993.0,0.9635218372923106,0.5610952685698043,9.454956516358133e-05,1.0,124513.09297814555,86.94782848544419,0.5821039572591702,0.799311321754439,0.6654001879174081,0.5872271218999032,0.882642941385097,21.0,5.0,0.8,15.0,12.0,1.0,,2.5233656069354052e+38,1.0,1e-15,1.2,42.0,0.4,exhaustive_selection_config,"[[0, 0.1, 0.2, 0.3, 0.4, 0.5, 0.6, 0.7, 0.8, 0.9, 1]]","['nap', 'rtp']",252336560693540533935881068298825202077_eps6_s4,BPI2012_W,WEIGHTED_PROBS_LEN
90.61955454014242,94.13995789140463,158.6,0.31915252227410706,0.1975693173706531,0.0,32.53505900166929,0.9128619938367575,1.997788678854704,0.5102674323135616,49993.0,0.9609115545928691,0.5508734377992768,9.454956516358133e-05,1.0,125589.57997045628,88.15796616189182,0.5607737943571605,0.7875775352153254,0.6477916221322179,0.574766972603357,0.8753371427256958,21.0,5.0,0.8,15.0,12.0,1.0,,2.5233656069354052e+38,1.0,1e-15,1.2,42.0,0.5,exhaustive_selection_config,"[[0, 0.1, 0.2, 0.3, 0.4, 0.5, 0.6, 0.7, 0.8, 0.9, 1]]","['nap', 'rtp']",252336560693540533935881068298825202077_eps6_s5,BPI2012_W,WEIGHTED_PROBS_LEN
90.61955454014242,94.68698812350631,158.6,0.3186442663901344,0.19580382034182545,0.0,32.558763816580175,0.9172212505107946,1.997788678854704,0.5097343203954163,49993.0,0.9648882438586132,0.5614387798900237,9.454956516358133e-05,1.0,126673.87530402877,87.58894140571356,0.5607874333626772,0.7907807162375559,0.6500159899671853,0.6007765378376856,0.876970717207816,21.0,5.0,0.8,15.0,12.0,1.0,,2.5233656069354052e+38,1.0,1e-15,1.2,42.0,0.6,exhaustive_selection_config,"[[0, 0.1, 0.2, 0.3, 0.4, 0.5, 0.6, 0.7, 0.8, 0.9, 1]]","['nap', 'rtp']",252336560693540533935881068298825202077_eps6_s6,BPI2012_W,WEIGHTED_PROBS_LEN
90.61955454014242,90.97924413606525,158.6,0.3196310850557445,0.19554174579679962,0.0,32.62291041500866,0.9175370615443036,1.997788678854704,0.5107183951105843,49993.0,0.9650461493753684,0.5680352114975595,9.454956516358133e-05,1.0,127728.74919261076,88.39474668167531,0.5617075432610481,0.7918505375046601,0.6529168146813612,0.6003045585917819,0.8774651323518045,21.0,5.0,0.8,15.0,12.0,1.0,,2.5233656069354052e+38,1.0,1e-15,1.2,42.0,0.7,exhaustive_selection_config,"[[0, 0.1, 0.2, 0.3, 0.4, 0.5, 0.6, 0.7, 0.8, 0.9, 1]]","['nap', 'rtp']",252336560693540533935881068298825202077_eps6_s7,BPI2012_W,WEIGHTED_PROBS_LEN
90.61955454014242,94.20626517906786,158.6,0.3192278392564194,0.1951778247952461,0.0,32.79308786764741,0.9181209211344086,1.997788678854704,0.5145759186432184,49993.0,0.9653320031740128,0.5750231813347385,9.454956516358133e-05,1.0,128816.01443086602,91.02234000861645,0.5661077486096708,0.7936763389256847,0.6571717270607903,0.6003913415535006,0.8784179345462946,21.0,5.0,0.8,15.0,12.0,1.0,,2.5233656069354052e+38,1.0,1e-15,1.2,42.0,0.8,exhaustive_selection_config,"[[0, 0.1, 0.2, 0.3, 0.4, 0.5, 0.6, 0.7, 0.8, 0.9, 1]]","['nap', 'rtp']",252336560693540533935881068298825202077_eps6_s8,BPI2012_W,WEIGHTED_PROBS_LEN
90.61955454014242,97.61528173573315,158.6,0.3192278392564194,0.19416006989777085,0.0,32.88269418366254,0.9181209211344086,1.997788678854704,0.5145759186432184,49993.0,0.9653320031740128,0.5750231813347385,9.454956516358133e-05,1.0,129922.40488097556,91.21253270581364,0.5661077486096708,0.7936763389256847,0.6571717270607903,0.6003913415535006,0.8784179345462946,21.0,5.0,0.8,15.0,12.0,1.0,,2.5233656069354052e+38,1.0,1e-15,1.2,42.0,0.9,exhaustive_selection_config,"[[0, 0.1, 0.2, 0.3, 0.4, 0.5, 0.6, 0.7, 0.8, 0.9, 1]]","['nap', 'rtp']",252336560693540533935881068298825202077_eps6_s9,BPI2012_W,WEIGHTED_PROBS_LEN
90.61955454014242,90.01088494993746,158.6,0.2597680189798916,0.19873742498457428,0.0,27.896030842885374,0.8722386442735672,1.997788678854704,0.36211136051146753,49993.0,0.9384720817358648,0.3989637446191911,9.454956516358133e-05,1.0,131978.3991445072,93.64127702265978,0.42638181485359644,0.7160268037558223,0.5345943667838619,0.39974953176114464,0.8165294002997117,21.0,5.0,0.8,17.0,12.0,1.0,,2.5233656069354052e+38,1.0,1e-15,1.2,42.0,0.0,exhaustive_selection_config,"[[0, 0.1, 0.2, 0.3, 0.4, 0.5, 0.6, 0.7, 0.8, 0.9, 1]]","['nap', 'rtp']",252336560693540533935881068298825202077_eps7_s0,BPI2012_W,WEIGHTED_PROBS_LEN
90.61955454014242,626.5049987051636,158.6,0.1141962639293616,0.1992698840796947,0.0,52.60866635069251,0.9862091711984393,1.997788678854704,0.8867531053997901,49993.0,0.9941594168996672,0.6233554478972068,9.454956516358133e-05,1.0,134725.9925383147,89.29003456234932,0.9134450596883402,0.9670561624166462,0.94018913680997,0.8133204116379303,0.9799080748951312,21.0,5.0,0.8,17.0,12.0,1.0,,2.5233656069354052e+38,1.0,1e-15,1.2,42.0,0.1,exhaustive_selection_config,"[[0, 0.1, 0.2, 0.3, 0.4, 0.5, 0.6, 0.7, 0.8, 0.9, 1]]","['nap', 'rtp']",252336560693540533935881068298825202077_eps7_s1,BPI2012_W,WEIGHTED_PROBS_LEN
90.61955454014242,79.97911117076873,158.6,0.3170998027929647,0.2016116846352815,0.0,30.10656209848821,0.9357760323582491,1.997788678854704,0.4595793532835878,49993.0,0.9747352314903603,0.5910828335108578,9.454956516358133e-05,1.0,147382.37367301696,87.83477452099324,0.5348220159666799,0.8046663235556976,0.6470337037336844,0.6765324864955844,0.8934279615617566,21.0,5.0,0.8,17.0,12.0,1.0,,2.5233656069354052e+38,1.0,1e-15,1.2,42.0,1.0,exhaustive_selection_config,"[[0, 0.1, 0.2, 0.3, 0.4, 0.5, 0.6, 0.7, 0.8, 0.9, 1]]","['nap', 'rtp']",252336560693540533935881068298825202077_eps7_s10,BPI2012_W,WEIGHTED_PROBS_LEN
90.61955454014242,397.5466716557741,158.6,0.20009681294868426,0.2020944364368915,0.0,45.25962347760797,0.9688735878302703,1.997788678854704,0.759667695293735,49993.0,0.9866068701121066,0.6213053719958037,9.454956516358133e-05,1.0,137901.85908127725,89.03194774948061,0.7921559924594341,0.9164708580385776,0.8394101253344914,0.7897602304056587,0.952886772529807,21.0,5.0,0.8,17.0,12.0,1.0,,2.5233656069354052e+38,1.0,1e-15,1.2,42.0,0.2,exhaustive_selection_config,"[[0, 0.1, 0.2, 0.3, 0.4, 0.5, 0.6, 0.7, 0.8, 0.9, 1]]","['nap', 'rtp']",252336560693540533935881068298825202077_eps7_s2,BPI2012_W,WEIGHTED_PROBS_LEN
90.61955454014242,141.19515031687916,158.6,0.27573738356116684,0.19893654920160764,0.0,38.649180450290444,0.9349304528724997,1.997788678854704,0.6222059219758704,49993.0,0.9714099338299491,0.5864958261185235,9.454956516358133e-05,1.0,139727.46509306395,89.12604108713568,0.661937759189098,0.8441670240385337,0.7291395234786648,0.6829955810445327,0.9087404083280328,21.0,5.0,0.8,17.0,12.0,1.0,,2.5233656069354052e+38,1.0,1e-15,1.2,42.0,0.3,exhaustive_selection_config,"[[0, 0.1, 0.2, 0.3, 0.4, 0.5, 0.6, 0.7, 0.8, 0.9, 1]]","['nap', 'rtp']",252336560693540533935881068298825202077_eps7_s3,BPI2012_W,WEIGHTED_PROBS_LEN
90.61955454014242,92.59879454933107,158.6,0.3155657299802631,0.19772523231804368,0.0,33.824464454874395,0.9192739854425204,1.997788678854704,0.5360112827865173,49993.0,0.9644709965187659,0.5652528817115388,9.454956516358133e-05,1.0,140922.48817327284,88.37479476183653,0.5850628819714851,0.8008982008191324,0.6678573823688024,0.5967768525414157,0.884043075038673,21.0,5.0,0.8,17.0,12.0,1.0,,2.5233656069354052e+38,1.0,1e-15,1.2,42.0,0.4,exhaustive_selection_config,"[[0, 0.1, 0.2, 0.3, 0.4, 0.5, 0.6, 0.7, 0.8, 0.9, 1]]","['nap', 'rtp']",252336560693540533935881068298825202077_eps7_s4,BPI2012_W,WEIGHTED_PROBS_LEN
90.61955454014242,95.38488897681236,158.6,0.32242226287251585,0.20063726641237736,0.0,32.59007980786264,0.9142142110287346,1.997788678854704,0.5135600272840454,49993.0,0.9619190923229273,0.555449861428288,9.454956516358133e-05,1.0,142000.41847561783,87.90237167738378,0.5638898987010287,0.7892535814812657,0.6504380903898902,0.5848454698400499,0.8768135975930189,21.0,5.0,0.8,17.0,12.0,1.0,,2.5233656069354052e+38,1.0,1e-15,1.2,42.0,0.5,exhaustive_selection_config,"[[0, 0.1, 0.2, 0.3, 0.4, 0.5, 0.6, 0.7, 0.8, 0.9, 1]]","['nap', 'rtp']",252336560693540533935881068298825202077_eps7_s5,BPI2012_W,WEIGHTED_PROBS_LEN
90.61955454014242,95.1484597042203,158.6,0.3219633663670384,0.19959509000182146,0.0,32.53183903135359,0.9186011151306364,1.997788678854704,0.5128919915256939,49993.0,0.9657807650882658,0.565370943237747,9.454956516358133e-05,1.0,143089.57096990867,91.43847058527172,0.5636958699107508,0.7921177988205487,0.6524740088476919,0.6090873160899077,0.8785782124880248,21.0,5.0,0.8,17.0,12.0,1.0,,2.5233656069354052e+38,1.0,1e-15,1.2,42.0,0.6,exhaustive_selection_config,"[[0, 0.1, 0.2, 0.3, 0.4, 0.5, 0.6, 0.7, 0.8, 0.9, 1]]","['nap', 'rtp']",252336560693540533935881068298825202077_eps7_s6,BPI2012_W,WEIGHTED_PROBS_LEN
90.61955454014242,94.37738231681287,158.6,0.3229501850326484,0.19481196403503415,0.0,32.66167300157249,0.9189169261641453,1.997788678854704,0.5138760662408619,49993.0,0.9659386706050206,0.5719673748452829,9.454956516358133e-05,1.0,144177.84919038863,90.99094604402781,0.5646159798091216,0.7931876200876531,0.6553748335618679,0.608615336844004,0.8790726276320134,21.0,5.0,0.8,17.0,12.0,1.0,,2.5233656069354052e+38,1.0,1e-15,1.2,42.0,0.7,exhaustive_selection_config,"[[0, 0.1, 0.2, 0.3, 0.4, 0.5, 0.6, 0.7, 0.8, 0.9, 1]]","['nap', 'rtp']",252336560693540533935881068298825202077_eps7_s7,BPI2012_W,WEIGHTED_PROBS_LEN
90.61955454014242,95.70348109789192,158.6,0.3225262968166399,0.19501897394657133,0.0,32.630222792178394,0.9194891235148388,1.997788678854704,0.5176990886943532,49993.0,0.966221477857737,0.5789553446824619,9.454956516358133e-05,1.0,145267.7368697591,87.82026516608894,0.5689859731361359,0.795005580035237,0.6595999112339681,0.6087021198057228,0.880014042235778,21.0,5.0,0.8,17.0,12.0,1.0,,2.5233656069354052e+38,1.0,1e-15,1.2,42.0,0.8,exhaustive_selection_config,"[[0, 0.1, 0.2, 0.3, 0.4, 0.5, 0.6, 0.7, 0.8, 0.9, 1]]","['nap', 'rtp']",252336560693540533935881068298825202077_eps7_s8,BPI2012_W,WEIGHTED_PROBS_LEN
90.61955454014242,95.93236009851098,158.6,0.3225262968166399,0.19985538609325884,0.0,32.69384461827576,0.9194891235148388,1.997788678854704,0.5176990886943532,49993.0,0.966221477857737,0.5789553446824619,9.454956516358133e-05,1.0,146354.01027384883,87.9937042567879,0.5689859731361359,0.795005580035237,0.6595999112339681,0.6087021198057228,0.880014042235778,21.0,5.0,0.8,17.0,12.0,1.0,,2.5233656069354052e+38,1.0,1e-15,1.2,42.0,0.9,exhaustive_selection_config,"[[0, 0.1, 0.2, 0.3, 0.4, 0.5, 0.6, 0.7, 0.8, 0.9, 1]]","['nap', 'rtp']",252336560693540533935881068298825202077_eps7_s9,BPI2012_W,WEIGHTED_PROBS_LEN
90.61955454014242,82.68113694600761,158.6,0.2597680189798916,0.19391033127903934,0.0,28.479457049444317,0.8722386442735672,1.997788678854704,0.36211136051146753,49993.0,0.9384720817358648,0.3989637446191911,9.454956516358133e-05,1.0,148387.04723606855,91.45707659125328,0.42638181485359644,0.7160268037558223,0.5345943667838619,0.39974953176114464,0.8165294002997117,21.0,5.0,0.8,19.0,12.0,1.0,,2.5233656069354052e+38,1.0,1e-15,1.2,42.0,0.0,exhaustive_selection_config,"[[0, 0.1, 0.2, 0.3, 0.4, 0.5, 0.6, 0.7, 0.8, 0.9, 1]]","['nap', 'rtp']",252336560693540533935881068298825202077_eps8_s0,BPI2012_W,WEIGHTED_PROBS_LEN
90.61955454014242,672.103403474018,158.6,0.11517739033859135,0.2047541327774524,0.0,52.467263515666126,0.986254386612828,1.997788678854704,0.8862258538858292,49993.0,0.9941592054533747,0.6233554478972068,9.454956516358133e-05,1.0,151252.9784758739,89.16181080676616,0.9129905226377165,0.9670155326593012,0.9398891885013981,0.8133204116379303,0.9799800872962517,21.0,5.0,0.8,19.0,12.0,1.0,,2.5233656069354052e+38,1.0,1e-15,1.2,42.0,0.1,exhaustive_selection_config,"[[0, 0.1, 0.2, 0.3, 0.4, 0.5, 0.6, 0.7, 0.8, 0.9, 1]]","['nap', 'rtp']",252336560693540533935881068298825202077_eps8_s1,BPI2012_W,WEIGHTED_PROBS_LEN
90.61955454014242,73.79826610945165,158.6,0.3155120596025021,0.1965930260717868,0.0,30.394020760804416,0.9396404540970809,1.997788678854704,0.47102526807755396,49993.0,0.9767040000255655,0.5992727035575748,9.454956516358133e-05,1.0,164263.6554016877,89.92146473638714,0.545291983564156,0.8140994125295349,0.6587168420957557,0.6945129532384117,0.8996078480012605,21.0,5.0,0.8,19.0,12.0,1.0,,2.5233656069354052e+38,1.0,1e-15,1.2,42.0,1.0,exhaustive_selection_config,"[[0, 0.1, 0.2, 0.3, 0.4, 0.5, 0.6, 0.7, 0.8, 0.9, 1]]","['nap', 'rtp']",252336560693540533935881068298825202077_eps8_s10,BPI2012_W,WEIGHTED_PROBS_LEN
90.61955454014242,425.41157288327815,158.6,0.20123093332351288,0.19872927330434317,0.0,45.067872346937655,0.9691034344761817,1.997788678854704,0.7604030568122704,49993.0,0.9867067138044398,0.62217717082533,9.454956516358133e-05,1.0,154610.12062675544,88.3858585216105,0.7929257991789186,0.9169666801209712,0.8401338687223288,0.7905625342161097,0.9532391751517665,21.0,5.0,0.8,19.0,12.0,1.0,,2.5233656069354052e+38,1.0,1e-15,1.2,42.0,0.2,exhaustive_selection_config,"[[0, 0.1, 0.2, 0.3, 0.4, 0.5, 0.6, 0.7, 0.8, 0.9, 1]]","['nap', 'rtp']",252336560693540533935881068298825202077_eps8_s2,BPI2012_W,WEIGHTED_PROBS_LEN
90.61955454014242,152.59060805477202,158.6,0.27674745855662086,0.1961918663233518,0.0,38.39152951687574,0.9352183509645198,1.997788678854704,0.6229562153946928,49993.0,0.9716391134744671,0.5878180341289838,9.454956516358133e-05,1.0,156524.17609558962,91.61100910007954,0.6627838015558133,0.8445569702635094,0.7297887883724572,0.6852381649432508,0.9090866069297011,21.0,5.0,0.8,19.0,12.0,1.0,,2.5233656069354052e+38,1.0,1e-15,1.2,42.0,0.3,exhaustive_selection_config,"[[0, 0.1, 0.2, 0.3, 0.4, 0.5, 0.6, 0.7, 0.8, 0.9, 1]]","['nap', 'rtp']",252336560693540533935881068298825202077_eps8_s3,BPI2012_W,WEIGHTED_PROBS_LEN
90.61955454014242,100.11667847931385,158.6,0.315216659600368,0.19927319325506682,0.0,33.74316123053431,0.9198662123634817,1.997788678854704,0.5355277430440373,49993.0,0.964871089157084,0.5673300777911566,9.454956516358133e-05,1.0,157771.82862157637,91.00756822265684,0.5847553952941029,0.8009700698555353,0.6674747914137993,0.5998407335231131,0.8844825716690181,21.0,5.0,0.8,19.0,12.0,1.0,,2.5233656069354052e+38,1.0,1e-15,1.2,42.0,0.4,exhaustive_selection_config,"[[0, 0.1, 0.2, 0.3, 0.4, 0.5, 0.6, 0.7, 0.8, 0.9, 1]]","['nap', 'rtp']",252336560693540533935881068298825202077_eps8_s4,BPI2012_W,WEIGHTED_PROBS_LEN
90.61955454014242,99.013642263785,158.6,0.32365195543164516,0.19551145732402797,0.0,32.545657032728194,0.9162873171474597,1.997788678854704,0.5147091660387886,49993.0,0.9634383438744658,0.5677692744275028,9.454956516358133e-05,1.0,158882.56286440342,91.04125525578857,0.5654218263572675,0.7898822636737667,0.6513033541256703,0.6002271072400147,0.8781530487195385,21.0,5.0,0.8,19.0,12.0,1.0,,2.5233656069354052e+38,1.0,1e-15,1.2,42.0,0.5,exhaustive_selection_config,"[[0, 0.1, 0.2, 0.3, 0.4, 0.5, 0.6, 0.7, 0.8, 0.9, 1]]","['nap', 'rtp']",252336560693540533935881068298825202077_eps8_s5,BPI2012_W,WEIGHTED_PROBS_LEN
90.61955454014242,95.91060896851123,158.6,0.32420865142710314,0.1989428762346506,0.0,32.56231214888394,0.9204596479019275,1.997788678854704,0.5151233516323829,49993.0,0.9669104096095665,0.5761768415283681,9.454956516358133e-05,1.0,159980.98271415493,88.35226072184741,0.5666566166591545,0.7925046632212077,0.6538494740697611,0.6200249783614891,0.8798385679497052,21.0,5.0,0.8,19.0,12.0,1.0,,2.5233656069354052e+38,1.0,1e-15,1.2,42.0,0.6,exhaustive_selection_config,"[[0, 0.1, 0.2, 0.3, 0.4, 0.5, 0.6, 0.7, 0.8, 0.9, 1]]","['nap', 'rtp']",252336560693540533935881068298825202077_eps8_s6,BPI2012_W,WEIGHTED_PROBS_LEN
90.61955454014242,103.70912121795118,158.6,0.3251954700927132,0.19273142218589778,0.0,32.20087926201522,0.9207754589354364,1.997788678854704,0.516107426347551,49993.0,0.9670683151263215,0.582773273135904,9.454956516358133e-05,1.0,161111.3536142256,93.64727484397591,0.5675767265575253,0.7935744844883121,0.6567502987839372,0.6195529991155853,0.8803329830936937,21.0,5.0,0.8,19.0,12.0,1.0,,2.5233656069354052e+38,1.0,1e-15,1.2,42.0,0.7,exhaustive_selection_config,"[[0, 0.1, 0.2, 0.3, 0.4, 0.5, 0.6, 0.7, 0.8, 0.9, 1]]","['nap', 'rtp']",252336560693540533935881068298825202077_eps8_s7,BPI2012_W,WEIGHTED_PROBS_LEN
90.61955454014242,89.90451043359936,158.6,0.32465785134834907,0.19704217985272404,0.0,32.259003567695615,0.9213283815438501,1.997788678854704,0.5199858356806398,49993.0,0.9673485960782802,0.589761242973083,9.454956516358133e-05,1.0,162203.38830668703,89.17455276288092,0.5720022104943074,0.7954024836408163,0.6609873427141438,0.619639782077304,0.8812665359611505,21.0,5.0,0.8,19.0,12.0,1.0,,2.5233656069354052e+38,1.0,1e-15,1.2,42.0,0.8,exhaustive_selection_config,"[[0, 0.1, 0.2, 0.3, 0.4, 0.5, 0.6, 0.7, 0.8, 0.9, 1]]","['nap', 'rtp']",252336560693540533935881068298825202077_eps8_s8,BPI2012_W,WEIGHTED_PROBS_LEN
90.61955454014242,90.0683618158102,158.6,0.32465785134834907,0.19927832856774327,0.0,32.34107317402959,0.9213283815438501,1.997788678854704,0.5199858356806398,49993.0,0.9673485960782802,0.589761242973083,9.454956516358133e-05,1.0,163263.26290363297,88.85573505982757,0.5720022104943074,0.7954024836408163,0.6609873427141438,0.619639782077304,0.8812665359611505,21.0,5.0,0.8,19.0,12.0,1.0,,2.5233656069354052e+38,1.0,1e-15,1.2,42.0,0.9,exhaustive_selection_config,"[[0, 0.1, 0.2, 0.3, 0.4, 0.5, 0.6, 0.7, 0.8, 0.9, 1]]","['nap', 'rtp']",252336560693540533935881068298825202077_eps8_s9,BPI2012_W,WEIGHTED_PROBS_LEN
90.61955454014242,79.97948421947657,158.6,0.2597680189798916,0.19822628274559972,0.0,28.19697906151414,0.8722386442735672,1.997788678854704,0.36211136051146753,49993.0,0.9384720817358648,0.3989637446191911,9.454956516358133e-05,1.0,165240.55664041266,89.65609592944384,0.42638181485359644,0.7160268037558223,0.5345943667838619,0.39974953176114464,0.8165294002997117,21.0,5.0,0.8,21.0,12.0,1.0,,2.5233656069354052e+38,1.0,1e-15,1.2,42.0,0.0,exhaustive_selection_config,"[[0, 0.1, 0.2, 0.3, 0.4, 0.5, 0.6, 0.7, 0.8, 0.9, 1]]","['nap', 'rtp']",252336560693540533935881068298825202077_eps9_s0,BPI2012_W,WEIGHTED_PROBS_LEN
90.61955454014242,705.9987634561955,158.6,0.11534638933951666,0.1912322901189327,0.0,52.549339696019885,0.9862502836512761,1.997788678854704,0.8860868658890304,49993.0,0.9941592054533747,0.6233554478972068,9.454956516358133e-05,1.0,168213.54651377088,90.0414607744664,0.9128695652838094,0.9669779993677778,0.939809414557596,0.8133204116379303,0.9799681393955948,21.0,5.0,0.8,21.0,12.0,1.0,,2.5233656069354052e+38,1.0,1e-15,1.2,42.0,0.1,exhaustive_selection_config,"[[0, 0.1, 0.2, 0.3, 0.4, 0.5, 0.6, 0.7, 0.8, 0.9, 1]]","['nap', 'rtp']",252336560693540533935881068298825202077_eps9_s1,BPI2012_W,WEIGHTED_PROBS_LEN
90.61955454014242,80.60755248591303,158.6,0.3177029215450412,0.2095530349761247,0.0,30.822001165151597,0.9453987027979929,1.997788678854704,0.48190586518569367,49993.0,0.9793526733222453,0.6098141138857153,9.454956516358133e-05,1.0,181500.6362351641,89.83715741857887,0.5581141540408359,0.8261767143306258,0.6698629167142999,0.7047604945462522,0.9071962680401999,21.0,5.0,0.8,21.0,12.0,1.0,,2.5233656069354052e+38,1.0,1e-15,1.2,42.0,1.0,exhaustive_selection_config,"[[0, 0.1, 0.2, 0.3, 0.4, 0.5, 0.6, 0.7, 0.8, 0.9, 1]]","['nap', 'rtp']",252336560693540533935881068298825202077_eps9_s10,BPI2012_W,WEIGHTED_PROBS_LEN
90.61955454014242,458.0154056552798,158.6,0.20162722173407457,0.201915143430233,0.0,45.42589777857065,0.9695686345445846,1.997788678854704,0.7611266881606671,49993.0,0.9869581936964709,0.6240488077622384,9.454956516358133e-05,1.0,171739.68282663226,89.01277615539729,0.7936405753775919,0.9175463372506931,0.840848902078766,0.7921942774725381,0.9537399502581942,21.0,5.0,0.8,21.0,12.0,1.0,,2.5233656069354052e+38,1.0,1e-15,1.2,42.0,0.2,exhaustive_selection_config,"[[0, 0.1, 0.2, 0.3, 0.4, 0.5, 0.6, 0.7, 0.8, 0.9, 1]]","['nap', 'rtp']",252336560693540533935881068298825202077_eps9_s2,BPI2012_W,WEIGHTED_PROBS_LEN
90.61955454014242,155.3534360218793,158.6,0.2766353115211316,0.19554112963378426,0.0,38.61767151765525,0.9365369964063917,1.997788678854704,0.6231450448124217,49993.0,0.9726649558140481,0.5920402386957946,9.454956516358133e-05,1.0,173714.6486589823,92.12348931096494,0.662771709341736,0.8449256086466509,0.7296474566008078,0.6937912784651931,0.9099789499680838,21.0,5.0,0.8,21.0,12.0,1.0,,2.5233656069354052e+38,1.0,1e-15,1.2,42.0,0.3,exhaustive_selection_config,"[[0, 0.1, 0.2, 0.3, 0.4, 0.5, 0.6, 0.7, 0.8, 0.9, 1]]","['nap', 'rtp']",252336560693540533935881068298825202077_eps9_s3,BPI2012_W,WEIGHTED_PROBS_LEN
90.61955454014242,100.75353538282215,158.6,0.315724862586569,0.19802981540560718,0.0,33.65385260693729,0.9213635586497453,1.997788678854704,0.5359804786949799,49993.0,0.9660349981428421,0.571862824919307,9.454956516358133e-05,1.0,174990.9414551772,91.68451666645706,0.5849691334716581,0.8017585245004657,0.6674588638684388,0.609322762366494,0.8856046074121793,21.0,5.0,0.8,21.0,12.0,1.0,,2.5233656069354052e+38,1.0,1e-15,1.2,42.0,0.4,exhaustive_selection_config,"[[0, 0.1, 0.2, 0.3, 0.4, 0.5, 0.6, 0.7, 0.8, 0.9, 1]]","['nap', 'rtp']",252336560693540533935881068298825202077_eps9_s4,BPI2012_W,WEIGHTED_PROBS_LEN
90.61955454014242,96.97059204690159,158.6,0.32422766853773227,0.1966807950288057,0.0,32.57838469818235,0.9178309427639755,1.997788678854704,0.5152288357580627,49993.0,0.9646310615078055,0.5725047752447068,9.454956516358133e-05,1.0,176089.45920180902,88.68446938693523,0.5656995484115681,0.7907266175074509,0.6513512042121299,0.6099510057616098,0.8793202339736096,21.0,5.0,0.8,21.0,12.0,1.0,,2.5233656069354052e+38,1.0,1e-15,1.2,42.0,0.5,exhaustive_selection_config,"[[0, 0.1, 0.2, 0.3, 0.4, 0.5, 0.6, 0.7, 0.8, 0.9, 1]]","['nap', 'rtp']",252336560693540533935881068298825202077_eps9_s5,BPI2012_W,WEIGHTED_PROBS_LEN
90.61955454014242,96.67997789271176,158.6,0.3219379405683075,0.1959083937108516,0.0,32.65265493765473,0.9220527606184987,1.997788678854704,0.5126921027839998,49993.0,0.9679500326598802,0.5802499669328205,9.454956516358133e-05,1.0,177182.07180172802,88.56419701687992,0.5631827587055573,0.7926128395683963,0.6505158883965583,0.6278860962107513,0.8811926276744739,21.0,5.0,0.8,21.0,12.0,1.0,,2.5233656069354052e+38,1.0,1e-15,1.2,42.0,0.6,exhaustive_selection_config,"[[0, 0.1, 0.2, 0.3, 0.4, 0.5, 0.6, 0.7, 0.8, 0.9, 1]]","['nap', 'rtp']",252336560693540533935881068298825202077_eps9_s6,BPI2012_W,WEIGHTED_PROBS_LEN
90.61955454014242,97.48426593132316,158.6,0.3229247592339175,0.19622410126030443,0.0,32.69440210871399,0.9223685716520077,1.997788678854704,0.5136761774991678,49993.0,0.9681079381766355,0.5868463985403565,9.454956516358133e-05,1.0,178284.6017628625,87.99422106705606,0.5641028686039281,0.7936826608355008,0.6534167131107342,0.6274141169648477,0.8816870428184627,21.0,5.0,0.8,21.0,12.0,1.0,,2.5233656069354052e+38,1.0,1e-15,1.2,42.0,0.7,exhaustive_selection_config,"[[0, 0.1, 0.2, 0.3, 0.4, 0.5, 0.6, 0.7, 0.8, 0.9, 1]]","['nap', 'rtp']",252336560693540533935881068298825202077_eps9_s7,BPI2012_W,WEIGHTED_PROBS_LEN
90.61955454014242,94.27855122536421,158.6,0.3225086214558239,0.19574321731925007,0.0,32.53584164828062,0.9229195359809598,1.997788678854704,0.5176387435459677,49993.0,0.9683767300956962,0.5938343683775354,9.454956516358133e-05,1.0,179357.35561644062,89.1260795749724,0.5685988934241377,0.7955115657667233,0.6577005032956669,0.6275008999265663,0.8826171015744251,21.0,5.0,0.8,21.0,12.0,1.0,,2.5233656069354052e+38,1.0,1e-15,1.2,42.0,0.8,exhaustive_selection_config,"[[0, 0.1, 0.2, 0.3, 0.4, 0.5, 0.6, 0.7, 0.8, 0.9, 1]]","['nap', 'rtp']",252336560693540533935881068298825202077_eps9_s8,BPI2012_W,WEIGHTED_PROBS_LEN
90.61955454014242,96.77537368834018,158.6,0.3225086214558239,0.20334202386438843,0.0,32.64466037116945,0.9229195359809598,1.997788678854704,0.5176387435459677,49993.0,0.9683767300956962,0.5938343683775354,9.454956516358133e-05,1.0,180461.45642792917,91.42723584398627,0.5685988934241377,0.7955115657667233,0.6577005032956669,0.6275008999265663,0.8826171015744251,21.0,5.0,0.8,21.0,12.0,1.0,,2.5233656069354052e+38,1.0,1e-15,1.2,42.0,0.9,exhaustive_selection_config,"[[0, 0.1, 0.2, 0.3, 0.4, 0.5, 0.6, 0.7, 0.8, 0.9, 1]]","['nap', 'rtp']",252336560693540533935881068298825202077_eps9_s9,BPI2012_W,WEIGHTED_PROBS_LEN
174.49873278662562,55.32305240482092,76.6,0.3027187306345927,0.1487114422023296,0.0,18.548359832912684,0.7626483103912525,0.927440695464611,0.31602215585217036,87289.8,0.8766155256952451,0.30736795788299925,1.210214207914801e-05,1.0,576.2606713850051,58.552118150889875,0.33348725600170714,0.5409874429054892,0.3842887587897589,0.3081340443772179,0.6725429254264125,21.0,5.0,0.8,3.0,12.0,1.0,,2.5233656069354052e+38,1.0,1e-15,1.2,42.0,0.0,exhaustive_selection_config,"[[0, 0.1, 0.2, 0.3, 0.4, 0.5, 0.6, 0.7, 0.8, 0.9, 1]]","['nap', 'rtp']",252336560693540533935881068298825202077_eps0_s0,BPI2012_WC,WEIGHTED_PROBS_LEN
174.49873278662562,275.0697892718017,76.6,0.056936111856348934,0.15426758155226702,0.0,25.096759455278516,0.9853292562014768,0.927440695464611,0.7814784128283498,87289.8,0.9928595040097855,0.4955769837344107,1.210214207914801e-05,1.0,1931.4102915130557,59.462011545524,0.8430621302826895,0.9578562532135283,0.9028847134693085,0.6635277922957792,0.9769193879617604,21.0,5.0,0.8,3.0,12.0,1.0,,2.5233656069354052e+38,1.0,1e-15,1.2,42.0,0.1,exhaustive_selection_config,"[[0, 0.1, 0.2, 0.3, 0.4, 0.5, 0.6, 0.7, 0.8, 0.9, 1]]","['nap', 'rtp']",252336560693540533935881068298825202077_eps0_s1,BPI2012_WC,WEIGHTED_PROBS_LEN
174.49873278662562,274.4190027695149,76.6,0.056936111856348934,0.1519784715026617,0.0,23.07747218869627,0.9853292562014768,0.927440695464611,0.7814784128283498,87289.8,0.9928595040097855,0.4955769837344107,1.210214207914801e-05,1.0,18184.34249264747,60.15418160967529,0.8430621302826895,0.9578562532135283,0.9028847134693085,0.6635277922957792,0.9769193879617604,21.0,5.0,0.8,3.0,12.0,1.0,,2.5233656069354052e+38,1.0,1e-15,1.2,42.0,1.0,exhaustive_selection_config,"[[0, 0.1, 0.2, 0.3, 0.4, 0.5, 0.6, 0.7, 0.8, 0.9, 1]]","['nap', 'rtp']",252336560693540533935881068298825202077_eps0_s10,BPI2012_WC,WEIGHTED_PROBS_LEN
174.49873278662562,274.168010571599,76.6,0.056936111856348934,0.15403651930391785,0.0,25.037713715806603,0.9853292562014768,0.927440695464611,0.7814784128283498,87289.8,0.9928595040097855,0.4955769837344107,1.210214207914801e-05,1.0,3728.083476435393,59.08846636898816,0.8430621302826895,0.9578562532135283,0.9028847134693085,0.6635277922957792,0.9769193879617604,21.0,5.0,0.8,3.0,12.0,1.0,,2.5233656069354052e+38,1.0,1e-15,1.2,42.0,0.2,exhaustive_selection_config,"[[0, 0.1, 0.2, 0.3, 0.4, 0.5, 0.6, 0.7, 0.8, 0.9, 1]]","['nap', 'rtp']",252336560693540533935881068298825202077_eps0_s2,BPI2012_WC,WEIGHTED_PROBS_LEN
174.49873278662562,275.4746802523732,76.6,0.056936111856348934,0.15467954427003858,0.0,24.942725563421845,0.9853292562014768,0.927440695464611,0.7814784128283498,87289.8,0.9928595040097855,0.4955769837344107,1.210214207914801e-05,1.0,5524.215397860855,59.86633817255497,0.8430621302826895,0.9578562532135283,0.9028847134693085,0.6635277922957792,0.9769193879617604,21.0,5.0,0.8,3.0,12.0,1.0,,2.5233656069354052e+38,1.0,1e-15,1.2,42.0,0.3,exhaustive_selection_config,"[[0, 0.1, 0.2, 0.3, 0.4, 0.5, 0.6, 0.7, 0.8, 0.9, 1]]","['nap', 'rtp']",252336560693540533935881068298825202077_eps0_s3,BPI2012_WC,WEIGHTED_PROBS_LEN
174.49873278662562,273.3272924084216,76.6,0.056936111856348934,0.15878858342766758,0.0,25.192883141338825,0.9853292562014768,0.927440695464611,0.7814784128283498,87289.8,0.9928595040097855,0.4955769837344107,1.210214207914801e-05,1.0,7324.43773589842,59.081565372645855,0.8430621302826895,0.9578562532135283,0.9028847134693085,0.6635277922957792,0.9769193879617604,21.0,5.0,0.8,3.0,12.0,1.0,,2.5233656069354052e+38,1.0,1e-15,1.2,42.0,0.4,exhaustive_selection_config,"[[0, 0.1, 0.2, 0.3, 0.4, 0.5, 0.6, 0.7, 0.8, 0.9, 1]]","['nap', 'rtp']",252336560693540533935881068298825202077_eps0_s4,BPI2012_WC,WEIGHTED_PROBS_LEN
174.49873278662562,276.59925620853903,76.6,0.056936111856348934,0.15655920356512065,0.0,24.894937561824918,0.9853292562014768,0.927440695464611,0.7814784128283498,87289.8,0.9928595040097855,0.4955769837344107,1.210214207914801e-05,1.0,9128.7851703763,59.19378148503601,0.8430621302826895,0.9578562532135283,0.9028847134693085,0.6635277922957792,0.9769193879617604,21.0,5.0,0.8,3.0,12.0,1.0,,2.5233656069354052e+38,1.0,1e-15,1.2,42.0,0.5,exhaustive_selection_config,"[[0, 0.1, 0.2, 0.3, 0.4, 0.5, 0.6, 0.7, 0.8, 0.9, 1]]","['nap', 'rtp']",252336560693540533935881068298825202077_eps0_s5,BPI2012_WC,WEIGHTED_PROBS_LEN
174.49873278662562,275.77016291953623,76.6,0.056936111856348934,0.15403525084257122,0.0,24.93764143064618,0.9853292562014768,0.927440695464611,0.7814784128283498,87289.8,0.9928595040097855,0.4955769837344107,1.210214207914801e-05,1.0,10931.527227826044,59.43656857945025,0.8430621302826895,0.9578562532135283,0.9028847134693085,0.6635277922957792,0.9769193879617604,21.0,5.0,0.8,3.0,12.0,1.0,,2.5233656069354052e+38,1.0,1e-15,1.2,42.0,0.6,exhaustive_selection_config,"[[0, 0.1, 0.2, 0.3, 0.4, 0.5, 0.6, 0.7, 0.8, 0.9, 1]]","['nap', 'rtp']",252336560693540533935881068298825202077_eps0_s6,BPI2012_WC,WEIGHTED_PROBS_LEN
174.49873278662562,276.26579869054257,76.6,0.056936111856348934,0.15317061953246588,0.0,24.97217896170914,0.9853292562014768,0.927440695464611,0.7814784128283498,87289.8,0.9928595040097855,0.4955769837344107,1.210214207914801e-05,1.0,12734.901915913075,59.29363219290972,0.8430621302826895,0.9578562532135283,0.9028847134693085,0.6635277922957792,0.9769193879617604,21.0,5.0,0.8,3.0,12.0,1.0,,2.5233656069354052e+38,1.0,1e-15,1.2,42.0,0.7,exhaustive_selection_config,"[[0, 0.1, 0.2, 0.3, 0.4, 0.5, 0.6, 0.7, 0.8, 0.9, 1]]","['nap', 'rtp']",252336560693540533935881068298825202077_eps0_s7,BPI2012_WC,WEIGHTED_PROBS_LEN
174.49873278662562,280.2244625736028,76.6,0.056936111856348934,0.15548349805176256,0.0,24.998746257275343,0.9853292562014768,0.927440695464611,0.7814784128283498,87289.8,0.9928595040097855,0.4955769837344107,1.210214207914801e-05,1.0,14548.916511818394,61.07899119332433,0.8430621302826895,0.9578562532135283,0.9028847134693085,0.6635277922957792,0.9769193879617604,21.0,5.0,0.8,3.0,12.0,1.0,,2.5233656069354052e+38,1.0,1e-15,1.2,42.0,0.8,exhaustive_selection_config,"[[0, 0.1, 0.2, 0.3, 0.4, 0.5, 0.6, 0.7, 0.8, 0.9, 1]]","['nap', 'rtp']",252336560693540533935881068298825202077_eps0_s8,BPI2012_WC,WEIGHTED_PROBS_LEN
174.49873278662562,276.41220947764816,76.6,0.056936111856348934,0.15356576964259147,0.0,24.935501028969885,0.9853292562014768,0.927440695464611,0.7814784128283498,87289.8,0.9928595040097855,0.4955769837344107,1.210214207914801e-05,1.0,16373.495880441367,59.75371976867318,0.8430621302826895,0.9578562532135283,0.9028847134693085,0.6635277922957792,0.9769193879617604,21.0,5.0,0.8,3.0,12.0,1.0,,2.5233656069354052e+38,1.0,1e-15,1.2,42.0,0.9,exhaustive_selection_config,"[[0, 0.1, 0.2, 0.3, 0.4, 0.5, 0.6, 0.7, 0.8, 0.9, 1]]","['nap', 'rtp']",252336560693540533935881068298825202077_eps0_s9,BPI2012_WC,WEIGHTED_PROBS_LEN
174.49873278662562,59.02652706503868,76.6,0.3027187306345927,0.1522625103592872,0.0,17.727563727274536,0.7626483103912525,0.927440695464611,0.31602215585217036,87289.8,0.8766155256952451,0.30736795788299925,1.210214207914801e-05,1.0,19306.656005598605,59.47390338741243,0.33348725600170714,0.5409874429054892,0.3842887587897589,0.3081340443772179,0.6725429254264125,21.0,5.0,0.8,5.0,12.0,1.0,,2.5233656069354052e+38,1.0,1e-15,1.2,42.0,0.0,exhaustive_selection_config,"[[0, 0.1, 0.2, 0.3, 0.4, 0.5, 0.6, 0.7, 0.8, 0.9, 1]]","['nap', 'rtp']",252336560693540533935881068298825202077_eps1_s0,BPI2012_WC,WEIGHTED_PROBS_LEN
174.49873278662562,264.11290616504846,76.6,0.09043178897190234,0.15710311681032177,0.0,22.737274701893334,0.9723687706288574,0.927440695464611,0.7635146927356101,87289.8,0.9843130142343703,0.4491558699654826,1.210214207914801e-05,1.0,20619.46284899041,58.455422113463285,0.8219500047533279,0.9381052199692238,0.880320935763035,0.6503306919360053,0.9609899444361233,21.0,5.0,0.8,5.0,12.0,1.0,,2.5233656069354052e+38,1.0,1e-15,1.2,42.0,0.1,exhaustive_selection_config,"[[0, 0.1, 0.2, 0.3, 0.4, 0.5, 0.6, 0.7, 0.8, 0.9, 1]]","['nap', 'rtp']",252336560693540533935881068298825202077_eps1_s1,BPI2012_WC,WEIGHTED_PROBS_LEN
174.49873278662562,56.49555426314473,76.6,0.23512896788429827,0.15252748951315875,0.0,18.810931586101653,0.761145702991848,0.927440695464611,0.4041100733691197,87289.8,0.8698928547964574,0.22044158491396054,1.210214207914801e-05,1.0,29159.88774376437,59.303927063569425,0.429137389579284,0.5926059075094077,0.4754806300554305,0.1796021326402837,0.6886505157319122,21.0,5.0,0.8,5.0,12.0,1.0,,2.5233656069354052e+38,1.0,1e-15,1.2,42.0,1.0,exhaustive_selection_config,"[[0, 0.1, 0.2, 0.3, 0.4, 0.5, 0.6, 0.7, 0.8, 0.9, 1]]","['nap', 'rtp']",252336560693540533935881068298825202077_eps1_s10,BPI2012_WC,WEIGHTED_PROBS_LEN
174.49873278662562,229.41932389810682,76.6,0.12033142542210311,0.1543374247848987,0.0,21.833057514205574,0.9194762321799969,0.927440695464611,0.6816181726465966,87289.8,0.9575654438759212,0.44873110622196516,1.210214207914801e-05,1.0,22242.606733812394,58.41856666170061,0.7336806572144636,0.8608610579886238,0.7908287888431069,0.5854110201143974,0.8972870560132286,21.0,5.0,0.8,5.0,12.0,1.0,,2.5233656069354052e+38,1.0,1e-15,1.2,42.0,0.2,exhaustive_selection_config,"[[0, 0.1, 0.2, 0.3, 0.4, 0.5, 0.6, 0.7, 0.8, 0.9, 1]]","['nap', 'rtp']",252336560693540533935881068298825202077_eps1_s2,BPI2012_WC,WEIGHTED_PROBS_LEN
174.49873278662562,208.05971672981977,76.6,0.14613390580226193,0.1544385991990566,0.0,21.317520792782307,0.8927451715611123,0.927440695464611,0.630967945476241,87289.8,0.9417298531518054,0.42701247656513663,1.210214207914801e-05,1.0,23722.235745515674,60.571927042678,0.6784680747506482,0.8151785085274336,0.7349031658935246,0.533987947544466,0.8625351472960385,21.0,5.0,0.8,5.0,12.0,1.0,,2.5233656069354052e+38,1.0,1e-15,1.2,42.0,0.3,exhaustive_selection_config,"[[0, 0.1, 0.2, 0.3, 0.4, 0.5, 0.6, 0.7, 0.8, 0.9, 1]]","['nap', 'rtp']",252336560693540533935881068298825202077_eps1_s3,BPI2012_WC,WEIGHTED_PROBS_LEN
174.49873278662562,125.33091530092061,76.6,0.1673841639176204,0.15474310666322705,0.0,20.49923489131033,0.853643054734122,0.927440695464611,0.5616989649051531,87289.8,0.9205442249978617,0.30131974399276945,1.210214207914801e-05,1.0,24915.173849264163,58.094614865258336,0.6026005682917688,0.7490958924211263,0.6567541428913872,0.34066774138619327,0.8108733724285381,21.0,5.0,0.8,5.0,12.0,1.0,,2.5233656069354052e+38,1.0,1e-15,1.2,42.0,0.4,exhaustive_selection_config,"[[0, 0.1, 0.2, 0.3, 0.4, 0.5, 0.6, 0.7, 0.8, 0.9, 1]]","['nap', 'rtp']",252336560693540533935881068298825202077_eps1_s4,BPI2012_WC,WEIGHTED_PROBS_LEN
174.49873278662562,55.06399919912219,76.6,0.2485195964227364,0.1510126464068889,0.0,18.678207765892147,0.7691191685096441,0.927440695464611,0.4212061960633145,87289.8,0.8743208982110616,0.2454779000751109,1.210214207914801e-05,1.0,25738.806505361943,59.22335163541138,0.4464759912089673,0.6060103076041526,0.49298385198499384,0.21339482822619055,0.6982057038895586,21.0,5.0,0.8,5.0,12.0,1.0,,2.5233656069354052e+38,1.0,1e-15,1.2,42.0,0.5,exhaustive_selection_config,"[[0, 0.1, 0.2, 0.3, 0.4, 0.5, 0.6, 0.7, 0.8, 0.9, 1]]","['nap', 'rtp']",252336560693540533935881068298825202077_eps1_s5,BPI2012_WC,WEIGHTED_PROBS_LEN
174.49873278662562,57.85018799416721,76.6,0.24865660204797999,0.1575302224606275,0.0,18.878441601991653,0.769223483544518,0.927440695464611,0.421343201688558,87289.8,0.8743159468314324,0.24390548169287998,1.210214207914801e-05,1.0,26415.811961265652,59.397770427539946,0.4466150466085881,0.6062058615872241,0.4931322657971619,0.21237030160078985,0.6984802165749706,21.0,5.0,0.8,5.0,12.0,1.0,,2.5233656069354052e+38,1.0,1e-15,1.2,42.0,0.6,exhaustive_selection_config,"[[0, 0.1, 0.2, 0.3, 0.4, 0.5, 0.6, 0.7, 0.8, 0.9, 1]]","['nap', 'rtp']",252336560693540533935881068298825202077_eps1_s6,BPI2012_WC,WEIGHTED_PROBS_LEN
174.49873278662562,57.39470977187157,76.6,0.24412628667186068,0.1513132896274328,0.0,18.923489560186862,0.7647046711455115,0.927440695464611,0.41680370034917374,87289.8,0.8709968564070245,0.234011669973543,1.210214207914801e-05,1.0,27092.276102809607,59.65979849472642,0.4420748162245004,0.6016667402347765,0.4885913063683702,0.19385851295982356,0.6939615499849042,21.0,5.0,0.8,5.0,12.0,1.0,,2.5233656069354052e+38,1.0,1e-15,1.2,42.0,0.7,exhaustive_selection_config,"[[0, 0.1, 0.2, 0.3, 0.4, 0.5, 0.6, 0.7, 0.8, 0.9, 1]]","['nap', 'rtp']",252336560693540533935881068298825202077_eps1_s7,BPI2012_WC,WEIGHTED_PROBS_LEN
174.49873278662562,59.158536246046424,76.6,0.24493399232800933,0.15493687242269513,0.0,19.091039195284246,0.7636023218258423,0.927440695464611,0.4147578786249938,87289.8,0.8703262508652498,0.23271058395435468,1.210214207914801e-05,1.0,27772.77840887308,61.08864316046238,0.4398735608993781,0.599827015911014,0.48637689897431213,0.19106652952010744,0.6925460779357391,21.0,5.0,0.8,5.0,12.0,1.0,,2.5233656069354052e+38,1.0,1e-15,1.2,42.0,0.8,exhaustive_selection_config,"[[0, 0.1, 0.2, 0.3, 0.4, 0.5, 0.6, 0.7, 0.8, 0.9, 1]]","['nap', 'rtp']",252336560693540533935881068298825202077_eps1_s8,BPI2012_WC,WEIGHTED_PROBS_LEN
174.49873278662562,57.77253895625472,76.6,0.24520306675759737,0.15051414333283897,0.0,18.845010555163025,0.7633162511410079,0.927440695464611,0.41422789467500704,87289.8,0.8701541603453782,0.23252733302346673,1.210214207914801e-05,1.0,28464.788161181285,59.786029782891276,0.4392981616570493,0.5993333034659606,0.4857957117625795,0.19053654862406993,0.6921672060876406,21.0,5.0,0.8,5.0,12.0,1.0,,2.5233656069354052e+38,1.0,1e-15,1.2,42.0,0.9,exhaustive_selection_config,"[[0, 0.1, 0.2, 0.3, 0.4, 0.5, 0.6, 0.7, 0.8, 0.9, 1]]","['nap', 'rtp']",252336560693540533935881068298825202077_eps1_s9,BPI2012_WC,WEIGHTED_PROBS_LEN
174.49873278662562,54.24068876504898,76.6,0.3027187306345927,0.15353065803647037,0.0,17.86398483812809,0.7626483103912525,0.927440695464611,0.31602215585217036,87289.8,0.8766155256952451,0.30736795788299925,1.210214207914801e-05,1.0,29816.611860179157,57.82956011258066,0.33348725600170714,0.5409874429054892,0.3842887587897589,0.3081340443772179,0.6725429254264125,21.0,5.0,0.8,7.0,12.0,1.0,,2.5233656069354052e+38,1.0,1e-15,1.2,42.0,0.0,exhaustive_selection_config,"[[0, 0.1, 0.2, 0.3, 0.4, 0.5, 0.6, 0.7, 0.8, 0.9, 1]]","['nap', 'rtp']",252336560693540533935881068298825202077_eps2_s0,BPI2012_WC,WEIGHTED_PROBS_LEN
174.49873278662562,260.76164013147354,76.6,0.1026105583917607,0.1559741377830505,0.0,22.49995874091983,0.9619966693067387,0.927440695464611,0.7481809881577426,87289.8,0.9790575506231024,0.4780114741781764,1.210214207914801e-05,1.0,31113.686213936657,58.44028656668961,0.8046221670465998,0.9201311600498139,0.8616845034595195,0.647754955250796,0.9461857868667825,21.0,5.0,0.8,7.0,12.0,1.0,,2.5233656069354052e+38,1.0,1e-15,1.2,42.0,0.1,exhaustive_selection_config,"[[0, 0.1, 0.2, 0.3, 0.4, 0.5, 0.6, 0.7, 0.8, 0.9, 1]]","['nap', 'rtp']",252336560693540533935881068298825202077_eps2_s1,BPI2012_WC,WEIGHTED_PROBS_LEN
174.49873278662562,52.25561485514045,76.6,0.26061369957659763,0.15424199439585207,0.0,18.24679233543575,0.7788896356782546,0.927440695464611,0.3796239638356932,87289.8,0.8864531749586121,0.3356669797906308,1.210214207914801e-05,1.0,39028.98140809797,57.469493275508285,0.40564620521771594,0.5949518293328867,0.45979818043254017,0.31367422042728743,0.697029426899412,21.0,5.0,0.8,7.0,12.0,1.0,,2.5233656069354052e+38,1.0,1e-15,1.2,42.0,1.0,exhaustive_selection_config,"[[0, 0.1, 0.2, 0.3, 0.4, 0.5, 0.6, 0.7, 0.8, 0.9, 1]]","['nap', 'rtp']",252336560693540533935881068298825202077_eps2_s10,BPI2012_WC,WEIGHTED_PROBS_LEN
174.49873278662562,224.00589084737004,76.6,0.14889715761281686,0.1551341146230697,0.0,21.670470025017856,0.9341409589105505,0.927440695464611,0.6906771021494437,87289.8,0.9663731424099586,0.554997234010272,1.210214207914801e-05,1.0,32715.036396617816,59.07871552631259,0.7413111639918456,0.8691310775090182,0.7976756848623274,0.6364367982057451,0.9082673239396584,21.0,5.0,0.8,7.0,12.0,1.0,,2.5233656069354052e+38,1.0,1e-15,1.2,42.0,0.2,exhaustive_selection_config,"[[0, 0.1, 0.2, 0.3, 0.4, 0.5, 0.6, 0.7, 0.8, 0.9, 1]]","['nap', 'rtp']",252336560693540533935881068298825202077_eps2_s2,BPI2012_WC,WEIGHTED_PROBS_LEN
174.49873278662562,187.9491399053484,76.6,0.18253760175248174,0.15553815253078934,0.0,20.95434907786548,0.8961178113253215,0.927440695464611,0.6189227325999397,87289.8,0.9453365820175108,0.5234720738876614,1.210214207914801e-05,1.0,34130.54229727723,59.00419917628169,0.6634237850411946,0.8041334199532629,0.7187399322845297,0.5543642089495382,0.8581606756333201,21.0,5.0,0.8,7.0,12.0,1.0,,2.5233656069354052e+38,1.0,1e-15,1.2,42.0,0.3,exhaustive_selection_config,"[[0, 0.1, 0.2, 0.3, 0.4, 0.5, 0.6, 0.7, 0.8, 0.9, 1]]","['nap', 'rtp']",252336560693540533935881068298825202077_eps2_s3,BPI2012_WC,WEIGHTED_PROBS_LEN
174.49873278662562,62.22561780512333,76.6,0.23291207606743014,0.15266670361161228,0.0,19.359336172416807,0.8268136368427987,0.927440695464611,0.48885499362894747,87289.8,0.9082817268401276,0.3705684009748772,1.210214207914801e-05,1.0,35062.11043798104,57.959985461086035,0.5220997051857461,0.6869305231176892,0.5755298610908239,0.2851415220034762,0.7668860858541527,21.0,5.0,0.8,7.0,12.0,1.0,,2.5233656069354052e+38,1.0,1e-15,1.2,42.0,0.4,exhaustive_selection_config,"[[0, 0.1, 0.2, 0.3, 0.4, 0.5, 0.6, 0.7, 0.8, 0.9, 1]]","['nap', 'rtp']",252336560693540533935881068298825202077_eps2_s4,BPI2012_WC,WEIGHTED_PROBS_LEN
174.49873278662562,54.4472625464201,76.6,0.2651869345813151,0.1500699862837791,0.0,18.451849842071532,0.7893428564443621,0.927440695464611,0.4232234293824657,87289.8,0.8886301150040898,0.34976663095221766,1.210214207914801e-05,1.0,35750.93347857408,57.93114389851689,0.4501192375405094,0.6226651062123911,0.5009948897021761,0.23779697081107326,0.7162816538875599,21.0,5.0,0.8,7.0,12.0,1.0,,2.5233656069354052e+38,1.0,1e-15,1.2,42.0,0.5,exhaustive_selection_config,"[[0, 0.1, 0.2, 0.3, 0.4, 0.5, 0.6, 0.7, 0.8, 0.9, 1]]","['nap', 'rtp']",252336560693540533935881068298825202077_eps2_s5,BPI2012_WC,WEIGHTED_PROBS_LEN
174.49873278662562,51.783935628458856,76.6,0.26458950241777723,0.15228769630193711,0.0,18.572683833166955,0.7884931133485201,0.927440695464611,0.4226210879792429,87289.8,0.8881397050278881,0.3486339163416925,1.210214207914801e-05,1.0,36405.57539790533,57.615822803974154,0.44951032877970587,0.6217052726094144,0.5003264431548443,0.23187296952134115,0.7149324537018429,21.0,5.0,0.8,7.0,12.0,1.0,,2.5233656069354052e+38,1.0,1e-15,1.2,42.0,0.6,exhaustive_selection_config,"[[0, 0.1, 0.2, 0.3, 0.4, 0.5, 0.6, 0.7, 0.8, 0.9, 1]]","['nap', 'rtp']",252336560693540533935881068298825202077_eps2_s6,BPI2012_WC,WEIGHTED_PROBS_LEN
174.49873278662562,54.28502023406327,76.6,0.26447904575962394,0.1528163261711597,0.0,18.38266189619899,0.7883826566903669,0.927440695464611,0.4225106313210897,87289.8,0.888070791865591,0.3484214670595175,1.210214207914801e-05,1.0,37058.068023755775,57.1026200208813,0.4493998721215526,0.6215948159512612,0.500215986496691,0.2314724558553153,0.7148219970436896,21.0,5.0,0.8,7.0,12.0,1.0,,2.5233656069354052e+38,1.0,1e-15,1.2,42.0,0.7,exhaustive_selection_config,"[[0, 0.1, 0.2, 0.3, 0.4, 0.5, 0.6, 0.7, 0.8, 0.9, 1]]","['nap', 'rtp']",252336560693540533935881068298825202077_eps2_s7,BPI2012_WC,WEIGHTED_PROBS_LEN
174.49873278662562,55.62080209515989,76.6,0.26441694513376424,0.15225078649818896,0.0,18.427145485952497,0.7882057025162397,0.927440695464611,0.4224193641592562,87289.8,0.8879647722077731,0.3482680490336366,1.210214207914801e-05,1.0,37712.89194206819,59.653514842689034,0.4492890940752659,0.6214257057748683,0.5000802187248069,0.23111721286260484,0.7146181734835177,21.0,5.0,0.8,7.0,12.0,1.0,,2.5233656069354052e+38,1.0,1e-15,1.2,42.0,0.8,exhaustive_selection_config,"[[0, 0.1, 0.2, 0.3, 0.4, 0.5, 0.6, 0.7, 0.8, 0.9, 1]]","['nap', 'rtp']",252336560693540533935881068298825202077_eps2_s8,BPI2012_WC,WEIGHTED_PROBS_LEN
174.49873278662562,54.63035791516304,76.6,0.26440239630124773,0.15115066878497602,0.0,18.39549546353519,0.7881776408361848,0.927440695464611,0.4224048153267397,87289.8,0.8879325771861183,0.34821645725067835,1.210214207914801e-05,1.0,38374.99940014258,57.81930009350181,0.4492745452427494,0.6214193441382134,0.5000666237403519,0.2309808125898043,0.7146049918332228,21.0,5.0,0.8,7.0,12.0,1.0,,2.5233656069354052e+38,1.0,1e-15,1.2,42.0,0.9,exhaustive_selection_config,"[[0, 0.1, 0.2, 0.3, 0.4, 0.5, 0.6, 0.7, 0.8, 0.9, 1]]","['nap', 'rtp']",252336560693540533935881068298825202077_eps2_s9,BPI2012_WC,WEIGHTED_PROBS_LEN
174.49873278662562,57.062925670295954,76.6,0.3027187306345927,0.15106335058808326,0.0,17.593554602190853,0.7626483103912525,0.927440695464611,0.31602215585217036,87289.8,0.8766155256952451,0.30736795788299925,1.210214207914801e-05,1.0,39690.26887582056,57.929394209012386,0.33348725600170714,0.5409874429054892,0.3842887587897589,0.3081340443772179,0.6725429254264125,21.0,5.0,0.8,9.0,12.0,1.0,,2.5233656069354052e+38,1.0,1e-15,1.2,42.0,0.0,exhaustive_selection_config,"[[0, 0.1, 0.2, 0.3, 0.4, 0.5, 0.6, 0.7, 0.8, 0.9, 1]]","['nap', 'rtp']",252336560693540533935881068298825202077_eps3_s0,BPI2012_WC,WEIGHTED_PROBS_LEN
174.49873278662562,269.80811423920096,76.6,0.10416836371389052,0.15625926218926903,0.0,22.364164860919118,0.9578518824015267,0.927440695464611,0.7454523603794202,87289.8,0.9768780697033493,0.4784964688721554,1.210214207914801e-05,1.0,41011.71170863286,58.575712183490396,0.8015795071722633,0.917156650183679,0.8583697804638103,0.6446737986315637,0.943453708253025,21.0,5.0,0.8,9.0,12.0,1.0,,2.5233656069354052e+38,1.0,1e-15,1.2,42.0,0.1,exhaustive_selection_config,"[[0, 0.1, 0.2, 0.3, 0.4, 0.5, 0.6, 0.7, 0.8, 0.9, 1]]","['nap', 'rtp']",252336560693540533935881068298825202077_eps3_s1,BPI2012_WC,WEIGHTED_PROBS_LEN
174.49873278662562,54.28393143415451,76.6,0.27913272697294167,0.15733173750340937,0.0,17.92123056203127,0.7790273479620149,0.927440695464611,0.33577883862943597,87289.8,0.8898494992380017,0.3353536051116168,1.210214207914801e-05,1.0,48915.44521793611,57.55295712389052,0.364045418740468,0.5820780454213351,0.42689664237199104,0.324756038525105,0.6990842143315673,21.0,5.0,0.8,9.0,12.0,1.0,,2.5233656069354052e+38,1.0,1e-15,1.2,42.0,1.0,exhaustive_selection_config,"[[0, 0.1, 0.2, 0.3, 0.4, 0.5, 0.6, 0.7, 0.8, 0.9, 1]]","['nap', 'rtp']",252336560693540533935881068298825202077_eps3_s10,BPI2012_WC,WEIGHTED_PROBS_LEN
174.49873278662562,225.26749261841178,76.6,0.15310524465259318,0.15722202137112612,0.0,21.498386819660663,0.9277704450690374,0.927440695464611,0.6807233182714748,87289.8,0.9632622989211349,0.5474571396708752,1.210214207914801e-05,1.0,42637.10222971961,60.844383424520494,0.7304323048301335,0.8588411925254812,0.7862012582092385,0.6279512692457934,0.9014554317636968,21.0,5.0,0.8,9.0,12.0,1.0,,2.5233656069354052e+38,1.0,1e-15,1.2,42.0,0.2,exhaustive_selection_config,"[[0, 0.1, 0.2, 0.3, 0.4, 0.5, 0.6, 0.7, 0.8, 0.9, 1]]","['nap', 'rtp']",252336560693540533935881068298825202077_eps3_s2,BPI2012_WC,WEIGHTED_PROBS_LEN
174.49873278662562,181.20229825265704,76.6,0.19661004565135917,0.15561572834849352,0.0,20.428426273539664,0.8876028934742424,0.927440695464611,0.5993056998357689,87289.8,0.9423118452025886,0.5083634905046546,1.210214207914801e-05,1.0,44035.28275660947,60.714117142558095,0.6417255368629966,0.785458530761937,0.6961319678323311,0.5476653150109172,0.846447978690786,21.0,5.0,0.8,9.0,12.0,1.0,,2.5233656069354052e+38,1.0,1e-15,1.2,42.0,0.3,exhaustive_selection_config,"[[0, 0.1, 0.2, 0.3, 0.4, 0.5, 0.6, 0.7, 0.8, 0.9, 1]]","['nap', 'rtp']",252336560693540533935881068298825202077_eps3_s3,BPI2012_WC,WEIGHTED_PROBS_LEN
174.49873278662562,54.45115901604295,76.6,0.2963880104649107,0.15269687511026858,0.0,17.937109725922348,0.7867015892824762,0.927440695464611,0.36806837222197475,87289.8,0.8897896142456423,0.3729426900681302,1.210214207914801e-05,1.0,44950.36885314062,57.67328827567398,0.39154519984740693,0.585966722130421,0.44500021721479144,0.2856262377292965,0.704438045178575,21.0,5.0,0.8,9.0,12.0,1.0,,2.5233656069354052e+38,1.0,1e-15,1.2,42.0,0.4,exhaustive_selection_config,"[[0, 0.1, 0.2, 0.3, 0.4, 0.5, 0.6, 0.7, 0.8, 0.9, 1]]","['nap', 'rtp']",252336560693540533935881068298825202077_eps3_s4,BPI2012_WC,WEIGHTED_PROBS_LEN
174.49873278662562,51.713859216496346,76.6,0.2951972128368739,0.15253739841282363,0.0,17.856880470365287,0.7757128095066304,0.927440695464611,0.3635754909264524,87289.8,0.8831582175519369,0.3614936290936476,1.210214207914801e-05,1.0,45601.72213028185,57.248802880570295,0.38582272193886646,0.5719511111999804,0.43595880868751724,0.26045801287219505,0.6910511139483201,21.0,5.0,0.8,9.0,12.0,1.0,,2.5233656069354052e+38,1.0,1e-15,1.2,42.0,0.5,exhaustive_selection_config,"[[0, 0.1, 0.2, 0.3, 0.4, 0.5, 0.6, 0.7, 0.8, 0.9, 1]]","['nap', 'rtp']",252336560693540533935881068298825202077_eps3_s5,BPI2012_WC,WEIGHTED_PROBS_LEN
174.49873278662562,54.27272175401449,76.6,0.2951991495827534,0.15609855651855467,0.0,17.991732028126716,0.7757147462525099,0.927440695464611,0.3635774276723319,87289.8,0.8831562808060573,0.3614936290936476,1.210214207914801e-05,1.0,46253.77686514259,57.99744089357555,0.3858246586847461,0.5719530479458601,0.4359607454333968,0.26045801287219505,0.6910530506941996,21.0,5.0,0.8,9.0,12.0,1.0,,2.5233656069354052e+38,1.0,1e-15,1.2,42.0,0.6,exhaustive_selection_config,"[[0, 0.1, 0.2, 0.3, 0.4, 0.5, 0.6, 0.7, 0.8, 0.9, 1]]","['nap', 'rtp']",252336560693540533935881068298825202077_eps3_s6,BPI2012_WC,WEIGHTED_PROBS_LEN
174.49873278662562,54.08205457217991,76.6,0.2951991495827534,0.1495915442705154,0.0,18.173728534951806,0.7757147462525099,0.927440695464611,0.3635774276723319,87289.8,0.8831562808060573,0.3614936290936476,1.210214207914801e-05,1.0,46904.0057044901,57.155801095813516,0.3858246586847461,0.5719530479458601,0.4359607454333968,0.26045801287219505,0.6910530506941996,21.0,5.0,0.8,9.0,12.0,1.0,,2.5233656069354052e+38,1.0,1e-15,1.2,42.0,0.7,exhaustive_selection_config,"[[0, 0.1, 0.2, 0.3, 0.4, 0.5, 0.6, 0.7, 0.8, 0.9, 1]]","['nap', 'rtp']",252336560693540533935881068298825202077_eps3_s7,BPI2012_WC,WEIGHTED_PROBS_LEN
174.49873278662562,55.612203016504644,76.6,0.29489338730594905,0.15149112865328784,0.0,17.889716793224217,0.7749822450259948,0.927440695464611,0.36325375924195347,87289.8,0.8825985840388032,0.35999226045242055,1.210214207914801e-05,1.0,47565.94146795794,61.61034429445863,0.3854872270429394,0.5713606911187954,0.43558520313905325,0.2550205460165506,0.6902017409940824,21.0,5.0,0.8,9.0,12.0,1.0,,2.5233656069354052e+38,1.0,1e-15,1.2,42.0,0.8,exhaustive_selection_config,"[[0, 0.1, 0.2, 0.3, 0.4, 0.5, 0.6, 0.7, 0.8, 0.9, 1]]","['nap', 'rtp']",252336560693540533935881068298825202077_eps3_s8,BPI2012_WC,WEIGHTED_PROBS_LEN
174.49873278662562,57.639144691079856,76.6,0.29555396164928904,0.15841675326228138,0.0,17.959141932800414,0.7749098156459205,0.927440695464611,0.36391484354302334,87289.8,0.8825545365840188,0.35999226045242055,1.210214207914801e-05,1.0,48242.60097012855,61.88151939548552,0.3861551748772782,0.571433453130194,0.43627501096995225,0.2550205460165506,0.6901450655226211,21.0,5.0,0.8,9.0,12.0,1.0,,2.5233656069354052e+38,1.0,1e-15,1.2,42.0,0.9,exhaustive_selection_config,"[[0, 0.1, 0.2, 0.3, 0.4, 0.5, 0.6, 0.7, 0.8, 0.9, 1]]","['nap', 'rtp']",252336560693540533935881068298825202077_eps3_s9,BPI2012_WC,WEIGHTED_PROBS_LEN
174.49873278662562,56.91073350906372,76.6,0.3027187306345927,0.15668536312878129,0.0,17.889242038875818,0.7626483103912525,0.927440695464611,0.31602215585217036,87289.8,0.8766155256952451,0.30736795788299925,1.210214207914801e-05,1.0,49594.52066751495,59.347291618213056,0.33348725600170714,0.5409874429054892,0.3842887587897589,0.3081340443772179,0.6725429254264125,21.0,5.0,0.8,11.0,12.0,1.0,,2.5233656069354052e+38,1.0,1e-15,1.2,42.0,0.0,exhaustive_selection_config,"[[0, 0.1, 0.2, 0.3, 0.4, 0.5, 0.6, 0.7, 0.8, 0.9, 1]]","['nap', 'rtp']",252336560693540533935881068298825202077_eps4_s0,BPI2012_WC,WEIGHTED_PROBS_LEN
174.49873278662562,279.01774903088807,76.6,0.10703156626183599,0.15449642241001124,0.0,35.382079382240775,0.9568249236722846,0.927440695464611,0.7447040964935505,87289.8,0.9760846768699988,0.4794985213194048,1.210214207914801e-05,1.0,50998.81821531467,60.759928081184626,0.8004536994917861,0.9155008856299677,0.8569601709080313,0.6475402411878904,0.9410526417203522,21.0,5.0,0.8,11.0,12.0,1.0,,2.5233656069354052e+38,1.0,1e-15,1.2,42.0,0.1,exhaustive_selection_config,"[[0, 0.1, 0.2, 0.3, 0.4, 0.5, 0.6, 0.7, 0.8, 0.9, 1]]","['nap', 'rtp']",252336560693540533935881068298825202077_eps4_s1,BPI2012_WC,WEIGHTED_PROBS_LEN
174.49873278662562,56.67286463901401,76.6,0.30563715721470314,0.157695085927844,0.0,17.898498288169503,0.8025623668211163,0.927440695464611,0.3286051557692463,87289.8,0.9066607976590726,0.3761578473377741,1.210214207914801e-05,1.0,58778.69805991948,60.06325601004064,0.3549256333137881,0.5869767549861377,0.41965638909544384,0.37901323820378496,0.706309109146618,21.0,5.0,0.8,11.0,12.0,1.0,,2.5233656069354052e+38,1.0,1e-15,1.2,42.0,1.0,exhaustive_selection_config,"[[0, 0.1, 0.2, 0.3, 0.4, 0.5, 0.6, 0.7, 0.8, 0.9, 1]]","['nap', 'rtp']",252336560693540533935881068298825202077_eps4_s10,BPI2012_WC,WEIGHTED_PROBS_LEN
174.49873278662562,231.07573594897985,76.6,0.15551878099338196,0.1579675860702991,0.0,21.941546312347054,0.929077378054424,0.927440695464611,0.6820461452584474,87289.8,0.9643895184401655,0.5569847367409555,1.210214207914801e-05,1.0,52679.329819120096,59.16113441735506,0.7315890403900981,0.8598467487804136,0.7873173351020496,0.6371929326197392,0.9012008764998123,21.0,5.0,0.8,11.0,12.0,1.0,,2.5233656069354052e+38,1.0,1e-15,1.2,42.0,0.2,exhaustive_selection_config,"[[0, 0.1, 0.2, 0.3, 0.4, 0.5, 0.6, 0.7, 0.8, 0.9, 1]]","['nap', 'rtp']",252336560693540533935881068298825202077_eps4_s2,BPI2012_WC,WEIGHTED_PROBS_LEN
174.49873278662562,161.45776640102267,76.6,0.23359402246223254,0.16369354128837582,0.0,20.532176027074456,0.8729973078480413,0.927440695464611,0.5564605304971769,87289.8,0.9350446177736412,0.4870184103476287,1.210214207914801e-05,1.0,54024.403860958664,58.83826264999807,0.5935844043902683,0.7503220607865951,0.6484947696586701,0.526425921384593,0.8217748883003825,21.0,5.0,0.8,11.0,12.0,1.0,,2.5233656069354052e+38,1.0,1e-15,1.2,42.0,0.3,exhaustive_selection_config,"[[0, 0.1, 0.2, 0.3, 0.4, 0.5, 0.6, 0.7, 0.8, 0.9, 1]]","['nap', 'rtp']",252336560693540533935881068298825202077_eps4_s3,BPI2012_WC,WEIGHTED_PROBS_LEN
174.49873278662562,51.739936689659956,76.6,0.3223920868314788,0.15670399963855738,0.0,17.67849588729441,0.7814192756518235,0.927440695464611,0.35633179482900096,87289.8,0.889185519521577,0.4055919279217733,1.210214207914801e-05,1.0,54892.576166456565,58.21153687313199,0.37390324526297586,0.5674061491429158,0.42215662652363833,0.318970087297107,0.690132697367796,21.0,5.0,0.8,11.0,12.0,1.0,,2.5233656069354052e+38,1.0,1e-15,1.2,42.0,0.4,exhaustive_selection_config,"[[0, 0.1, 0.2, 0.3, 0.4, 0.5, 0.6, 0.7, 0.8, 0.9, 1]]","['nap', 'rtp']",252336560693540533935881068298825202077_eps4_s4,BPI2012_WC,WEIGHTED_PROBS_LEN
174.49873278662562,51.662535798549655,76.6,0.32183646607175004,0.15549987480044364,0.0,17.750956585258244,0.7803616852010073,0.927440695464611,0.35578501598776846,87289.8,0.8883871293710867,0.4038946583040322,1.210214207914801e-05,1.0,55529.77324476205,57.63809527382254,0.37337995326152634,0.5664675978093955,0.4217146206101626,0.3158299150693684,0.6890786726565354,21.0,5.0,0.8,11.0,12.0,1.0,,2.5233656069354052e+38,1.0,1e-15,1.2,42.0,0.5,exhaustive_selection_config,"[[0, 0.1, 0.2, 0.3, 0.4, 0.5, 0.6, 0.7, 0.8, 0.9, 1]]","['nap', 'rtp']",252336560693540533935881068298825202077_eps4_s5,BPI2012_WC,WEIGHTED_PROBS_LEN
174.49873278662562,51.092346663028,76.6,0.32183646607175004,0.15133593827486036,0.0,17.765760192275046,0.7803616852010073,0.927440695464611,0.35578501598776846,87289.8,0.8883871293710867,0.4038946583040322,1.210214207914801e-05,1.0,56170.227121745425,57.903155197575686,0.37337995326152634,0.5664675978093955,0.4217146206101626,0.3158299150693684,0.6890786726565354,21.0,5.0,0.8,11.0,12.0,1.0,,2.5233656069354052e+38,1.0,1e-15,1.2,42.0,0.6,exhaustive_selection_config,"[[0, 0.1, 0.2, 0.3, 0.4, 0.5, 0.6, 0.7, 0.8, 0.9, 1]]","['nap', 'rtp']",252336560693540533935881068298825202077_eps4_s6,BPI2012_WC,WEIGHTED_PROBS_LEN
174.49873278662562,54.32593976072967,76.6,0.32183646607175004,0.16020835414528842,0.0,17.780387719348074,0.7803616852010073,0.927440695464611,0.35578501598776846,87289.8,0.8883871293710867,0.4038946583040322,1.210214207914801e-05,1.0,56821.75805439129,57.85124777778983,0.37337995326152634,0.5664675978093955,0.4217146206101626,0.3158299150693684,0.6890786726565354,21.0,5.0,0.8,11.0,12.0,1.0,,2.5233656069354052e+38,1.0,1e-15,1.2,42.0,0.7,exhaustive_selection_config,"[[0, 0.1, 0.2, 0.3, 0.4, 0.5, 0.6, 0.7, 0.8, 0.9, 1]]","['nap', 'rtp']",252336560693540533935881068298825202077_eps4_s7,BPI2012_WC,WEIGHTED_PROBS_LEN
174.49873278662562,53.84757577627897,76.6,0.321816384081388,0.15586827993392938,0.0,17.797740740329026,0.7802506783079235,0.927440695464611,0.35575675624343417,87289.8,0.8883135011493722,0.40376972032993236,1.210214207914801e-05,1.0,57470.373965740204,58.00559714771807,0.373342056815824,0.5663631732675976,0.42160224365805526,0.3154540357131077,0.6889693709352078,21.0,5.0,0.8,11.0,12.0,1.0,,2.5233656069354052e+38,1.0,1e-15,1.2,42.0,0.8,exhaustive_selection_config,"[[0, 0.1, 0.2, 0.3, 0.4, 0.5, 0.6, 0.7, 0.8, 0.9, 1]]","['nap', 'rtp']",252336560693540533935881068298825202077_eps4_s8,BPI2012_WC,WEIGHTED_PROBS_LEN
174.49873278662562,54.47513822428882,76.6,0.3218199986309325,0.15607067421078677,0.0,17.749732154607774,0.7802490501644094,0.927440695464611,0.3557603707929786,87289.8,0.8883127243227282,0.40376972032993236,1.210214207914801e-05,1.0,58121.281183825806,57.916867409646514,0.3733456713653685,0.5663594860014036,0.42159681296585444,0.3154540357131077,0.688966868418325,21.0,5.0,0.8,11.0,12.0,1.0,,2.5233656069354052e+38,1.0,1e-15,1.2,42.0,0.9,exhaustive_selection_config,"[[0, 0.1, 0.2, 0.3, 0.4, 0.5, 0.6, 0.7, 0.8, 0.9, 1]]","['nap', 'rtp']",252336560693540533935881068298825202077_eps4_s9,BPI2012_WC,WEIGHTED_PROBS_LEN
174.49873278662562,58.10116004794836,76.6,0.3027187306345927,0.15419197008013721,0.0,17.807707630470397,0.7626483103912525,0.927440695464611,0.31602215585217036,87289.8,0.8766155256952451,0.30736795788299925,1.210214207914801e-05,1.0,59459.7499322094,58.75641129948199,0.33348725600170714,0.5409874429054892,0.3842887587897589,0.3081340443772179,0.6725429254264125,21.0,5.0,0.8,13.0,12.0,1.0,,2.5233656069354052e+38,1.0,1e-15,1.2,42.0,0.0,exhaustive_selection_config,"[[0, 0.1, 0.2, 0.3, 0.4, 0.5, 0.6, 0.7, 0.8, 0.9, 1]]","['nap', 'rtp']",252336560693540533935881068298825202077_eps5_s0,BPI2012_WC,WEIGHTED_PROBS_LEN
174.49873278662562,281.39461710006,76.6,0.1120583725506216,0.1579427290707826,0.0,22.496101447194814,0.9550857366727206,0.927440695464611,0.7411927131381522,87289.8,0.9749323328106744,0.48219055397822286,1.210214207914801e-05,1.0,60844.78115264252,60.95774363465607,0.7963491183901474,0.9117012091248083,0.852607338796574,0.6519865312890447,0.9387524644600902,21.0,5.0,0.8,13.0,12.0,1.0,,2.5233656069354052e+38,1.0,1e-15,1.2,42.0,0.1,exhaustive_selection_config,"[[0, 0.1, 0.2, 0.3, 0.4, 0.5, 0.6, 0.7, 0.8, 0.9, 1]]","['nap', 'rtp']",252336560693540533935881068298825202077_eps5_s1,BPI2012_WC,WEIGHTED_PROBS_LEN
174.49873278662562,57.993053587898615,76.6,0.31659447793032713,0.16804139763116832,0.0,18.827256782725453,0.8189709422657744,0.927440695464611,0.336736950613325,87289.8,0.9181945711380106,0.4188501589386247,1.210214207914801e-05,1.0,68838.43941654898,61.45810576416552,0.363132297602912,0.5875915524644288,0.42848435016430875,0.43276279082723634,0.7235346207662229,21.0,5.0,0.8,13.0,12.0,1.0,,2.5233656069354052e+38,1.0,1e-15,1.2,42.0,1.0,exhaustive_selection_config,"[[0, 0.1, 0.2, 0.3, 0.4, 0.5, 0.6, 0.7, 0.8, 0.9, 1]]","['nap', 'rtp']",252336560693540533935881068298825202077_eps5_s10,BPI2012_WC,WEIGHTED_PROBS_LEN
174.49873278662562,241.8890641052276,76.6,0.15967161718961992,0.15532679148018355,0.0,21.744277135655288,0.9288419704793063,0.927440695464611,0.6811335680643043,87289.8,0.9640403124961464,0.5599262388702095,1.210214207914801e-05,1.0,62555.86990408115,61.50804072804749,0.7303365507859642,0.8587182286377182,0.785926292269914,0.6436874596393981,0.9009897113448071,21.0,5.0,0.8,13.0,12.0,1.0,,2.5233656069354052e+38,1.0,1e-15,1.2,42.0,0.2,exhaustive_selection_config,"[[0, 0.1, 0.2, 0.3, 0.4, 0.5, 0.6, 0.7, 0.8, 0.9, 1]]","['nap', 'rtp']",252336560693540533935881068298825202077_eps5_s2,BPI2012_WC,WEIGHTED_PROBS_LEN
174.49873278662562,169.00634677410125,76.6,0.23745083248160487,0.15995138883590695,0.0,20.434855794906618,0.8752564985766875,0.927440695464611,0.5598254036379492,87289.8,0.9376289812016741,0.5029221855465322,1.210214207914801e-05,1.0,63945.49156713225,59.39570194482803,0.5967597955791442,0.7535092372111114,0.6506998799850665,0.5477195257465628,0.8248121617590215,21.0,5.0,0.8,13.0,12.0,1.0,,2.5233656069354052e+38,1.0,1e-15,1.2,42.0,0.3,exhaustive_selection_config,"[[0, 0.1, 0.2, 0.3, 0.4, 0.5, 0.6, 0.7, 0.8, 0.9, 1]]","['nap', 'rtp']",252336560693540533935881068298825202077_eps5_s3,BPI2012_WC,WEIGHTED_PROBS_LEN
174.49873278662562,56.52221152409911,76.6,0.3470760356071918,0.15117558836936945,0.0,17.747635396942496,0.7816757294310107,0.927440695464611,0.3632038197486255,87289.8,0.891769349852221,0.4402761054444985,1.210214207914801e-05,1.0,64835.860816659406,60.095158596336844,0.37997495084103383,0.5654771558958398,0.4277548969276091,0.37904853008945766,0.6910922125906216,21.0,5.0,0.8,13.0,12.0,1.0,,2.5233656069354052e+38,1.0,1e-15,1.2,42.0,0.4,exhaustive_selection_config,"[[0, 0.1, 0.2, 0.3, 0.4, 0.5, 0.6, 0.7, 0.8, 0.9, 1]]","['nap', 'rtp']",252336560693540533935881068298825202077_eps5_s4,BPI2012_WC,WEIGHTED_PROBS_LEN
174.49873278662562,54.43081700243056,76.6,0.3469886928022226,0.15439474321901792,0.0,17.781058366969226,0.7816493908531611,0.927440695464611,0.3631188877888667,87289.8,0.8917493698575477,0.4401610704739246,1.210214207914801e-05,1.0,65503.988315110655,58.49979670271277,0.37988718330579047,0.5654145812671219,0.42767053890385986,0.37891566519835074,0.6910638987963077,21.0,5.0,0.8,13.0,12.0,1.0,,2.5233656069354052e+38,1.0,1e-15,1.2,42.0,0.5,exhaustive_selection_config,"[[0, 0.1, 0.2, 0.3, 0.4, 0.5, 0.6, 0.7, 0.8, 0.9, 1]]","['nap', 'rtp']",252336560693540533935881068298825202077_eps5_s5,BPI2012_WC,WEIGHTED_PROBS_LEN
174.49873278662562,53.74638905748725,76.6,0.3469886928022226,0.1549418285489082,0.0,17.865198788419367,0.7816493908531611,0.927440695464611,0.3631188877888667,87289.8,0.8917493698575477,0.4401610704739246,1.210214207914801e-05,1.0,66176.18402131386,59.9242067322135,0.37988718330579047,0.5654145812671219,0.42767053890385986,0.37891566519835074,0.6910638987963077,21.0,5.0,0.8,13.0,12.0,1.0,,2.5233656069354052e+38,1.0,1e-15,1.2,42.0,0.6,exhaustive_selection_config,"[[0, 0.1, 0.2, 0.3, 0.4, 0.5, 0.6, 0.7, 0.8, 0.9, 1]]","['nap', 'rtp']",252336560693540533935881068298825202077_eps5_s6,BPI2012_WC,WEIGHTED_PROBS_LEN
174.49873278662562,56.721894612908365,76.6,0.3469886928022226,0.15417886376380915,0.0,17.66534309126437,0.7816493908531611,0.927440695464611,0.3631188877888667,87289.8,0.8917493698575477,0.4401610704739246,1.210214207914801e-05,1.0,66847.92388563491,60.05451533421874,0.37988718330579047,0.5654145812671219,0.42767053890385986,0.37891566519835074,0.6910638987963077,21.0,5.0,0.8,13.0,12.0,1.0,,2.5233656069354052e+38,1.0,1e-15,1.2,42.0,0.7,exhaustive_selection_config,"[[0, 0.1, 0.2, 0.3, 0.4, 0.5, 0.6, 0.7, 0.8, 0.9, 1]]","['nap', 'rtp']",252336560693540533935881068298825202077_eps5_s7,BPI2012_WC,WEIGHTED_PROBS_LEN
174.49873278662562,54.1182027220726,76.6,0.3469929048920099,0.16345279812812802,0.0,17.932517676055433,0.7816342061890447,0.927440695464611,0.3631143191484335,87289.8,0.891741064112226,0.44014927138730026,1.210214207914801e-05,1.0,67504.58490049615,58.46586834266782,0.37988168054512106,0.5654022502560601,0.42766410202295424,0.37889074796238537,0.6910501409587185,21.0,5.0,0.8,13.0,12.0,1.0,,2.5233656069354052e+38,1.0,1e-15,1.2,42.0,0.8,exhaustive_selection_config,"[[0, 0.1, 0.2, 0.3, 0.4, 0.5, 0.6, 0.7, 0.8, 0.9, 1]]","['nap', 'rtp']",252336560693540533935881068298825202077_eps5_s8,BPI2012_WC,WEIGHTED_PROBS_LEN
174.49873278662562,55.38707406930625,76.6,0.34699207485806155,0.1606826860457658,0.0,18.108459202200173,0.7816342061890447,0.927440695464611,0.36311348911448516,87289.8,0.891741064112226,0.44014927138730026,1.210214207914801e-05,1.0,68163.33980596997,59.21412778235972,0.37988085051117265,0.5654028727815212,0.4276632719890058,0.37889074796238537,0.6910503484672057,21.0,5.0,0.8,13.0,12.0,1.0,,2.5233656069354052e+38,1.0,1e-15,1.2,42.0,0.9,exhaustive_selection_config,"[[0, 0.1, 0.2, 0.3, 0.4, 0.5, 0.6, 0.7, 0.8, 0.9, 1]]","['nap', 'rtp']",252336560693540533935881068298825202077_eps5_s9,BPI2012_WC,WEIGHTED_PROBS_LEN
174.49873278662562,60.02432613633573,76.6,0.3027187306345927,0.15633748769760125,0.0,18.11818272471428,0.7626483103912525,0.927440695464611,0.31602215585217036,87289.8,0.8766155256952451,0.30736795788299925,1.210214207914801e-05,1.0,69546.52921720482,60.63760365881026,0.33348725600170714,0.5409874429054892,0.3842887587897589,0.3081340443772179,0.6725429254264125,21.0,5.0,0.8,15.0,12.0,1.0,,2.5233656069354052e+38,1.0,1e-15,1.2,42.0,0.0,exhaustive_selection_config,"[[0, 0.1, 0.2, 0.3, 0.4, 0.5, 0.6, 0.7, 0.8, 0.9, 1]]","['nap', 'rtp']",252336560693540533935881068298825202077_eps6_s0,BPI2012_WC,WEIGHTED_PROBS_LEN
174.49873278662562,291.47795371077956,76.6,0.1152821128637133,0.15781342387199399,0.0,22.519186096638443,0.9538062505586451,0.927440695464611,0.7394849145642477,87289.8,0.9737949651094585,0.48284466931949305,1.210214207914801e-05,1.0,70974.91546365581,62.53718399740755,0.7942469438985565,0.9096134379667238,0.850222671271081,0.6530136504868486,0.9372709048787694,21.0,5.0,0.8,15.0,12.0,1.0,,2.5233656069354052e+38,1.0,1e-15,1.2,42.0,0.1,exhaustive_selection_config,"[[0, 0.1, 0.2, 0.3, 0.4, 0.5, 0.6, 0.7, 0.8, 0.9, 1]]","['nap', 'rtp']",252336560693540533935881068298825202077_eps6_s1,BPI2012_WC,WEIGHTED_PROBS_LEN
174.49873278662562,56.104434948787095,76.6,0.3193829135198212,0.1662631083279848,0.0,18.353887774795293,0.8405680208363467,0.927440695464611,0.3429221888887151,87289.8,0.9292659857877557,0.4304560484562055,1.210214207914801e-05,1.0,78962.80099620223,59.59108587838709,0.37194510633779637,0.5995931420940988,0.4372994654897001,0.46510521277079137,0.7500038935229003,21.0,5.0,0.8,15.0,12.0,1.0,,2.5233656069354052e+38,1.0,1e-15,1.2,42.0,1.0,exhaustive_selection_config,"[[0, 0.1, 0.2, 0.3, 0.4, 0.5, 0.6, 0.7, 0.8, 0.9, 1]]","['nap', 'rtp']",252336560693540533935881068298825202077_eps6_s10,BPI2012_WC,WEIGHTED_PROBS_LEN
174.49873278662562,247.72242418564855,76.6,0.16281534359848485,0.16036722026765343,0.0,21.672751084715127,0.9276547412419299,0.927440695464611,0.6797714740000639,87289.8,0.9629311894174497,0.5606212371378378,1.210214207914801e-05,1.0,72717.42804128192,61.19721442423761,0.7286007333715466,0.8569433877025544,0.7839068311357633,0.6448268969353999,0.8996610764501373,21.0,5.0,0.8,15.0,12.0,1.0,,2.5233656069354052e+38,1.0,1e-15,1.2,42.0,0.2,exhaustive_selection_config,"[[0, 0.1, 0.2, 0.3, 0.4, 0.5, 0.6, 0.7, 0.8, 0.9, 1]]","['nap', 'rtp']",252336560693540533935881068298825202077_eps6_s2,BPI2012_WC,WEIGHTED_PROBS_LEN
174.49873278662562,177.3377865366638,76.6,0.23973261914145652,0.15882291607558724,0.0,20.3642823908478,0.8749532246682534,0.927440695464611,0.5624287407564845,87289.8,0.9367438317160899,0.5053131912512739,1.210214207914801e-05,1.0,74148.79036778436,62.89476475082338,0.5992833672362907,0.7536456880442929,0.6523441810391131,0.5532255099776676,0.824616946160852,21.0,5.0,0.8,15.0,12.0,1.0,,2.5233656069354052e+38,1.0,1e-15,1.2,42.0,0.3,exhaustive_selection_config,"[[0, 0.1, 0.2, 0.3, 0.4, 0.5, 0.6, 0.7, 0.8, 0.9, 1]]","['nap', 'rtp']",252336560693540533935881068298825202077_eps6_s3,BPI2012_WC,WEIGHTED_PROBS_LEN
174.49873278662562,52.04438593909144,76.6,0.343382351068636,0.15847339928150173,0.0,17.824859093129636,0.7727757041731701,0.927440695464611,0.35711209368195956,87289.8,0.8833517487827203,0.42889866934441534,1.210214207914801e-05,1.0,75061.61673851944,59.14139240011573,0.37316487115213864,0.5553173573144606,0.4175831511249716,0.3472257479918891,0.6805137467619725,21.0,5.0,0.8,15.0,12.0,1.0,,2.5233656069354052e+38,1.0,1e-15,1.2,42.0,0.4,exhaustive_selection_config,"[[0, 0.1, 0.2, 0.3, 0.4, 0.5, 0.6, 0.7, 0.8, 0.9, 1]]","['nap', 'rtp']",252336560693540533935881068298825202077_eps6_s4,BPI2012_WC,WEIGHTED_PROBS_LEN
174.49873278662562,52.46523183248937,76.6,0.3432795253207839,0.15859745815396303,0.0,17.773797530680895,0.772763772094336,0.927440695464611,0.35701156709691517,87289.8,0.8833263559067909,0.4288612038631756,1.210214207914801e-05,1.0,75707.85596598983,58.72891104258597,0.3730629503010643,0.5552622593336451,0.4174753625169729,0.3471654959532571,0.6804920756313869,21.0,5.0,0.8,15.0,12.0,1.0,,2.5233656069354052e+38,1.0,1e-15,1.2,42.0,0.5,exhaustive_selection_config,"[[0, 0.1, 0.2, 0.3, 0.4, 0.5, 0.6, 0.7, 0.8, 0.9, 1]]","['nap', 'rtp']",252336560693540533935881068298825202077_eps6_s5,BPI2012_WC,WEIGHTED_PROBS_LEN
174.49873278662562,51.78727296628058,76.6,0.3432795253207839,0.1630818400532007,0.0,17.729017851501702,0.772763772094336,0.927440695464611,0.35701156709691517,87289.8,0.8833263559067909,0.4288612038631756,1.210214207914801e-05,1.0,76353.87710083574,58.21637997031212,0.3730629503010643,0.5552622593336451,0.4174753625169729,0.3471654959532571,0.6804920756313869,21.0,5.0,0.8,15.0,12.0,1.0,,2.5233656069354052e+38,1.0,1e-15,1.2,42.0,0.6,exhaustive_selection_config,"[[0, 0.1, 0.2, 0.3, 0.4, 0.5, 0.6, 0.7, 0.8, 0.9, 1]]","['nap', 'rtp']",252336560693540533935881068298825202077_eps6_s6,BPI2012_WC,WEIGHTED_PROBS_LEN
174.49873278662562,52.26959414519369,76.6,0.3432795253207839,0.15691585317254061,0.0,17.70023167356849,0.772763772094336,0.927440695464611,0.35701156709691517,87289.8,0.8833263559067909,0.4288612038631756,1.210214207914801e-05,1.0,77000.35930190011,58.72938316203654,0.3730629503010643,0.5552622593336451,0.4174753625169729,0.3471654959532571,0.6804920756313869,21.0,5.0,0.8,15.0,12.0,1.0,,2.5233656069354052e+38,1.0,1e-15,1.2,42.0,0.7,exhaustive_selection_config,"[[0, 0.1, 0.2, 0.3, 0.4, 0.5, 0.6, 0.7, 0.8, 0.9, 1]]","['nap', 'rtp']",252336560693540533935881068298825202077_eps6_s7,BPI2012_WC,WEIGHTED_PROBS_LEN
174.49873278662562,52.45392363630235,76.6,0.34328373741057117,0.15679391212761398,0.0,17.722016731277108,0.7727485874302197,0.927440695464611,0.357006998456482,87289.8,0.8833180501614691,0.4288494047765511,1.210214207914801e-05,1.0,77646.95819492676,58.67112301215529,0.3730574475403949,0.5552499283225834,0.4174689256360673,0.3471405787172917,0.6804783177937977,21.0,5.0,0.8,15.0,12.0,1.0,,2.5233656069354052e+38,1.0,1e-15,1.2,42.0,0.8,exhaustive_selection_config,"[[0, 0.1, 0.2, 0.3, 0.4, 0.5, 0.6, 0.7, 0.8, 0.9, 1]]","['nap', 'rtp']",252336560693540533935881068298825202077_eps6_s8,BPI2012_WC,WEIGHTED_PROBS_LEN
174.49873278662562,54.1725932225585,76.6,0.34328290737662276,0.16039829589426513,0.0,17.73180938065052,0.7727485874302197,0.927440695464611,0.35700616842253363,87289.8,0.8833180501614691,0.4288494047765511,1.210214207914801e-05,1.0,78301.51453109123,59.23865272365511,0.3730566175064465,0.5552505508480446,0.41746809560211895,0.3471405787172917,0.6804785253022849,21.0,5.0,0.8,15.0,12.0,1.0,,2.5233656069354052e+38,1.0,1e-15,1.2,42.0,0.9,exhaustive_selection_config,"[[0, 0.1, 0.2, 0.3, 0.4, 0.5, 0.6, 0.7, 0.8, 0.9, 1]]","['nap', 'rtp']",252336560693540533935881068298825202077_eps6_s9,BPI2012_WC,WEIGHTED_PROBS_LEN
174.49873278662562,56.420236493647096,76.6,0.3027187306345927,0.16236065328121183,0.0,18.029678857699036,0.7626483103912525,0.927440695464611,0.31602215585217036,87289.8,0.8766155256952451,0.30736795788299925,1.210214207914801e-05,1.0,79641.10456195063,59.067735542729494,0.33348725600170714,0.5409874429054892,0.3842887587897589,0.3081340443772179,0.6725429254264125,21.0,5.0,0.8,17.0,12.0,1.0,,2.5233656069354052e+38,1.0,1e-15,1.2,42.0,0.0,exhaustive_selection_config,"[[0, 0.1, 0.2, 0.3, 0.4, 0.5, 0.6, 0.7, 0.8, 0.9, 1]]","['nap', 'rtp']",252336560693540533935881068298825202077_eps7_s0,BPI2012_WC,WEIGHTED_PROBS_LEN
174.49873278662562,311.36800952032206,76.6,0.11702739607828201,0.16079967655241484,0.0,22.92222823575139,0.9534051508249078,0.927440695464611,0.7395378698778823,87289.8,0.9732358535164998,0.4839720496041505,1.210214207914801e-05,1.0,81114.41525593176,62.043858643248676,0.7941783447078867,0.9095017444310853,0.8500883158457879,0.6542205540542178,0.9371674474292376,21.0,5.0,0.8,17.0,12.0,1.0,,2.5233656069354052e+38,1.0,1e-15,1.2,42.0,0.1,exhaustive_selection_config,"[[0, 0.1, 0.2, 0.3, 0.4, 0.5, 0.6, 0.7, 0.8, 0.9, 1]]","['nap', 'rtp']",252336560693540533935881068298825202077_eps7_s1,BPI2012_WC,WEIGHTED_PROBS_LEN
174.49873278662562,56.888057054206726,76.6,0.32030919686524045,0.15994973666965956,0.0,18.388278161361814,0.8550194950555721,0.927440695464611,0.3455858483851463,87289.8,0.9361529943649757,0.4469037322263646,1.210214207914801e-05,1.0,89383.11033973508,60.49636249803007,0.3744941037464681,0.6214329170095125,0.4460039394846179,0.4931047303310536,0.7712596847769605,21.0,5.0,0.8,17.0,12.0,1.0,,2.5233656069354052e+38,1.0,1e-15,1.2,42.0,1.0,exhaustive_selection_config,"[[0, 0.1, 0.2, 0.3, 0.4, 0.5, 0.6, 0.7, 0.8, 0.9, 1]]","['nap', 'rtp']",252336560693540533935881068298825202077_eps7_s10,BPI2012_WC,WEIGHTED_PROBS_LEN
174.49873278662562,261.30829889960586,76.6,0.1644631069459633,0.1650284811854362,0.0,21.988443534821275,0.9281008511436253,0.927440695464611,0.6811450780537627,87289.8,0.9628441055155934,0.5627423334999186,1.210214207914801e-05,1.0,82936.31082296111,60.63628777042031,0.7299542529200245,0.8582604730927853,0.785259772230998,0.6472256874769842,0.9006683534168175,21.0,5.0,0.8,17.0,12.0,1.0,,2.5233656069354052e+38,1.0,1e-15,1.2,42.0,0.2,exhaustive_selection_config,"[[0, 0.1, 0.2, 0.3, 0.4, 0.5, 0.6, 0.7, 0.8, 0.9, 1]]","['nap', 'rtp']",252336560693540533935881068298825202077_eps7_s2,BPI2012_WC,WEIGHTED_PROBS_LEN
174.49873278662562,183.1355965744704,76.6,0.2417635895527721,0.16747244000434872,0.0,20.639055059105157,0.8769538332654829,0.927440695464611,0.5647373386307201,87289.8,0.9380748883437473,0.521955736293789,1.210214207914801e-05,1.0,84413.59959808327,60.09283127039671,0.6017517499315425,0.7546822790194081,0.6549908947038591,0.571176944713735,0.8270627662262268,21.0,5.0,0.8,17.0,12.0,1.0,,2.5233656069354052e+38,1.0,1e-15,1.2,42.0,0.3,exhaustive_selection_config,"[[0, 0.1, 0.2, 0.3, 0.4, 0.5, 0.6, 0.7, 0.8, 0.9, 1]]","['nap', 'rtp']",252336560693540533935881068298825202077_eps7_s3,BPI2012_WC,WEIGHTED_PROBS_LEN
174.49873278662562,57.17276109941304,76.6,0.34779333706709864,0.15873621888458725,0.0,18.3021085139364,0.7750799843246976,0.927440695464611,0.3612501478155522,87289.8,0.8849846225731625,0.4464487059123986,1.210214207914801e-05,1.0,85345.62090259753,61.52198086082935,0.37730825174683064,0.5602736051988384,0.42191271860300594,0.3741679054638818,0.6861330167482016,21.0,5.0,0.8,17.0,12.0,1.0,,2.5233656069354052e+38,1.0,1e-15,1.2,42.0,0.4,exhaustive_selection_config,"[[0, 0.1, 0.2, 0.3, 0.4, 0.5, 0.6, 0.7, 0.8, 0.9, 1]]","['nap', 'rtp']",252336560693540533935881068298825202077_eps7_s4,BPI2012_WC,WEIGHTED_PROBS_LEN
174.49873278662562,54.66161917597056,76.6,0.34777266395071693,0.15554210059344764,0.0,18.059135814011096,0.7750722726294657,0.927440695464611,0.3612320751835282,87289.8,0.8849659312615505,0.4464112404311589,1.210214207914801e-05,1.0,86020.3231746681,58.635487742722034,0.37729415310614534,0.5602855245320193,0.4219205168152049,0.37410765342524976,0.6861561506589604,21.0,5.0,0.8,17.0,12.0,1.0,,2.5233656069354052e+38,1.0,1e-15,1.2,42.0,0.5,exhaustive_selection_config,"[[0, 0.1, 0.2, 0.3, 0.4, 0.5, 0.6, 0.7, 0.8, 0.9, 1]]","['nap', 'rtp']",252336560693540533935881068298825202077_eps7_s5,BPI2012_WC,WEIGHTED_PROBS_LEN
174.49873278662562,54.073793354257944,76.6,0.34777266395071693,0.1581383045762777,0.0,17.83911368250847,0.7750722726294657,0.927440695464611,0.3612320751835282,87289.8,0.8849659312615505,0.4464112404311589,1.210214207914801e-05,1.0,86696.58837940023,60.320524625107645,0.37729415310614534,0.5602855245320193,0.4219205168152049,0.37410765342524976,0.6861561506589604,21.0,5.0,0.8,17.0,12.0,1.0,,2.5233656069354052e+38,1.0,1e-15,1.2,42.0,0.6,exhaustive_selection_config,"[[0, 0.1, 0.2, 0.3, 0.4, 0.5, 0.6, 0.7, 0.8, 0.9, 1]]","['nap', 'rtp']",252336560693540533935881068298825202077_eps7_s6,BPI2012_WC,WEIGHTED_PROBS_LEN
174.49873278662562,56.47765995785594,76.6,0.34777266395071693,0.15632561221718785,0.0,17.77706229351461,0.7750722726294657,0.927440695464611,0.3612320751835282,87289.8,0.8849659312615505,0.4464112404311589,1.210214207914801e-05,1.0,87368.97125100493,60.37572490759194,0.37729415310614534,0.5602855245320193,0.4219205168152049,0.37410765342524976,0.6861561506589604,21.0,5.0,0.8,17.0,12.0,1.0,,2.5233656069354052e+38,1.0,1e-15,1.2,42.0,0.7,exhaustive_selection_config,"[[0, 0.1, 0.2, 0.3, 0.4, 0.5, 0.6, 0.7, 0.8, 0.9, 1]]","['nap', 'rtp']",252336560693540533935881068298825202077_eps7_s7,BPI2012_WC,WEIGHTED_PROBS_LEN
174.49873278662562,56.55690057650209,76.6,0.3477768760405042,0.15742916651070113,0.0,17.723332437500357,0.7750570879653493,0.927440695464611,0.361227506543095,87289.8,0.8849576255162288,0.4463994413445344,1.210214207914801e-05,1.0,88037.09575126693,60.06301090009511,0.37728865034547593,0.5602731935209574,0.4219140799342993,0.37408273618928434,0.6861423928213712,21.0,5.0,0.8,17.0,12.0,1.0,,2.5233656069354052e+38,1.0,1e-15,1.2,42.0,0.8,exhaustive_selection_config,"[[0, 0.1, 0.2, 0.3, 0.4, 0.5, 0.6, 0.7, 0.8, 0.9, 1]]","['nap', 'rtp']",252336560693540533935881068298825202077_eps7_s8,BPI2012_WC,WEIGHTED_PROBS_LEN
174.49873278662562,55.56503754481673,76.6,0.3477760460065558,0.16707298494875428,0.0,17.72368206717074,0.7750570879653493,0.927440695464611,0.36122667650914664,87289.8,0.8849576255162288,0.4463994413445344,1.210214207914801e-05,1.0,88705.70705032573,60.74805174693465,0.3772878203115276,0.5602738160464187,0.4219132499003509,0.37408273618928434,0.6861426003298583,21.0,5.0,0.8,17.0,12.0,1.0,,2.5233656069354052e+38,1.0,1e-15,1.2,42.0,0.9,exhaustive_selection_config,"[[0, 0.1, 0.2, 0.3, 0.4, 0.5, 0.6, 0.7, 0.8, 0.9, 1]]","['nap', 'rtp']",252336560693540533935881068298825202077_eps7_s9,BPI2012_WC,WEIGHTED_PROBS_LEN
174.49873278662562,57.036633365601304,76.6,0.3027187306345927,0.15875829011201856,0.0,17.891031556203963,0.7626483103912525,0.927440695464611,0.31602215585217036,87289.8,0.8766155256952451,0.30736795788299925,1.210214207914801e-05,1.0,90066.51917184964,59.200324434787035,0.33348725600170714,0.5409874429054892,0.3842887587897589,0.3081340443772179,0.6725429254264125,21.0,5.0,0.8,19.0,12.0,1.0,,2.5233656069354052e+38,1.0,1e-15,1.2,42.0,0.0,exhaustive_selection_config,"[[0, 0.1, 0.2, 0.3, 0.4, 0.5, 0.6, 0.7, 0.8, 0.9, 1]]","['nap', 'rtp']",252336560693540533935881068298825202077_eps8_s0,BPI2012_WC,WEIGHTED_PROBS_LEN
174.49873278662562,322.0238659281284,76.6,0.1179611064450035,0.15960483811795706,0.0,22.82047641389072,0.9533503209419297,0.927440695464611,0.739533482368734,87289.8,0.9729883045025929,0.4838811253016509,1.210214207914801e-05,1.0,91573.8437742196,62.032988582924006,0.7940980388015089,0.9095543658699455,0.8499834562494597,0.6545200107879439,0.9371788156998351,21.0,5.0,0.8,19.0,12.0,1.0,,2.5233656069354052e+38,1.0,1e-15,1.2,42.0,0.1,exhaustive_selection_config,"[[0, 0.1, 0.2, 0.3, 0.4, 0.5, 0.6, 0.7, 0.8, 0.9, 1]]","['nap', 'rtp']",252336560693540533935881068298825202077_eps8_s1,BPI2012_WC,WEIGHTED_PROBS_LEN
174.49873278662562,57.05645749717951,76.6,0.32049516745295864,0.15908590629696845,0.0,18.51126055419445,0.8654635403266264,0.927440695464611,0.3473171490768693,87289.8,0.9404861189197813,0.45271985740116116,1.210214207914801e-05,1.0,99935.79145094864,62.97340629175305,0.3765370765899101,0.6429208882555989,0.4526389880787557,0.5125627747843742,0.78758032077555,21.0,5.0,0.8,19.0,12.0,1.0,,2.5233656069354052e+38,1.0,1e-15,1.2,42.0,1.0,exhaustive_selection_config,"[[0, 0.1, 0.2, 0.3, 0.4, 0.5, 0.6, 0.7, 0.8, 0.9, 1]]","['nap', 'rtp']",252336560693540533935881068298825202077_eps8_s10,BPI2012_WC,WEIGHTED_PROBS_LEN
174.49873278662562,271.19763592258096,76.6,0.16515514882821952,0.1696405809372663,0.0,21.77834343612194,0.9281822014540907,0.927440695464611,0.6815816594917764,87289.8,0.962626697146215,0.5634627154274267,1.210214207914801e-05,1.0,93450.46681872717,62.19330512993038,0.7303519719777601,0.8587370792560046,0.7856455866673794,0.6474714667141674,0.9009734615901221,21.0,5.0,0.8,19.0,12.0,1.0,,2.5233656069354052e+38,1.0,1e-15,1.2,42.0,0.2,exhaustive_selection_config,"[[0, 0.1, 0.2, 0.3, 0.4, 0.5, 0.6, 0.7, 0.8, 0.9, 1]]","['nap', 'rtp']",252336560693540533935881068298825202077_eps8_s2,BPI2012_WC,WEIGHTED_PROBS_LEN
174.49873278662562,188.56029342897236,76.6,0.24212694170838306,0.16230845041573044,0.0,20.241866566613318,0.8761828156864464,0.927440695464611,0.5651156763847818,87289.8,0.9379548760130934,0.5246556409008567,1.210214207914801e-05,1.0,94971.44952047356,63.83135486729443,0.6021408432604662,0.7550224938942138,0.6555647673637937,0.5731387290417427,0.8266608920403249,21.0,5.0,0.8,19.0,12.0,1.0,,2.5233656069354052e+38,1.0,1e-15,1.2,42.0,0.3,exhaustive_selection_config,"[[0, 0.1, 0.2, 0.3, 0.4, 0.5, 0.6, 0.7, 0.8, 0.9, 1]]","['nap', 'rtp']",252336560693540533935881068298825202077_eps8_s3,BPI2012_WC,WEIGHTED_PROBS_LEN
174.49873278662562,58.181622948125,76.6,0.34727304094515726,0.15977769270539283,0.0,17.622624726966023,0.7729089205445352,0.927440695464611,0.36067599790175203,87289.8,0.8821285704666926,0.4451362232750714,1.210214207914801e-05,1.0,95926.96289996206,63.20570075251162,0.37681578255819936,0.5624362298645276,0.4221155968976781,0.37133935507543253,0.6854568260499694,21.0,5.0,0.8,19.0,12.0,1.0,,2.5233656069354052e+38,1.0,1e-15,1.2,42.0,0.4,exhaustive_selection_config,"[[0, 0.1, 0.2, 0.3, 0.4, 0.5, 0.6, 0.7, 0.8, 0.9, 1]]","['nap', 'rtp']",252336560693540533935881068298825202077_eps8_s4,BPI2012_WC,WEIGHTED_PROBS_LEN
174.49873278662562,56.258697636052965,76.6,0.3472555984543052,0.15795696526765818,0.0,17.795185747742654,0.7729050689517118,0.927440695464611,0.36066177369779273,87289.8,0.8821222519150244,0.4450987577938316,1.210214207914801e-05,1.0,96629.25067075194,60.89800765886903,0.3767923472820393,0.5624215022938232,0.42209631148479054,0.37127910303680045,0.6854677994363945,21.0,5.0,0.8,19.0,12.0,1.0,,2.5233656069354052e+38,1.0,1e-15,1.2,42.0,0.5,exhaustive_selection_config,"[[0, 0.1, 0.2, 0.3, 0.4, 0.5, 0.6, 0.7, 0.8, 0.9, 1]]","['nap', 'rtp']",252336560693540533935881068298825202077_eps8_s5,BPI2012_WC,WEIGHTED_PROBS_LEN
174.49873278662562,53.21495892107487,76.6,0.3472555984543052,0.15727605521678922,0.0,17.807879580929875,0.7729050689517118,0.927440695464611,0.36066177369779273,87289.8,0.8821222519150244,0.4450987577938316,1.210214207914801e-05,1.0,97287.10969621912,59.119305641949175,0.3767923472820393,0.5624215022938232,0.42209631148479054,0.37127910303680045,0.6854677994363945,21.0,5.0,0.8,19.0,12.0,1.0,,2.5233656069354052e+38,1.0,1e-15,1.2,42.0,0.6,exhaustive_selection_config,"[[0, 0.1, 0.2, 0.3, 0.4, 0.5, 0.6, 0.7, 0.8, 0.9, 1]]","['nap', 'rtp']",252336560693540533935881068298825202077_eps8_s6,BPI2012_WC,WEIGHTED_PROBS_LEN
174.49873278662562,52.92988417483866,76.6,0.3472555984543052,0.15843155980110163,0.0,17.859880444034935,0.7729050689517118,0.927440695464611,0.36066177369779273,87289.8,0.8821222519150244,0.4450987577938316,1.210214207914801e-05,1.0,97942.58633256592,59.531519246846436,0.3767923472820393,0.5624215022938232,0.42209631148479054,0.37127910303680045,0.6854677994363945,21.0,5.0,0.8,19.0,12.0,1.0,,2.5233656069354052e+38,1.0,1e-15,1.2,42.0,0.7,exhaustive_selection_config,"[[0, 0.1, 0.2, 0.3, 0.4, 0.5, 0.6, 0.7, 0.8, 0.9, 1]]","['nap', 'rtp']",252336560693540533935881068298825202077_eps8_s7,BPI2012_WC,WEIGHTED_PROBS_LEN
174.49873278662562,53.18740506060421,76.6,0.3472598105440925,0.16353101842105383,0.0,17.8736234549433,0.7728898842875955,0.927440695464611,0.3606572050573596,87289.8,0.8821139461697026,0.44508695870720716,1.210214207914801e-05,1.0,98599.49861192479,59.77077806442976,0.3767868445213699,0.5624091712827612,0.4220898746038849,0.371254185800835,0.6854540415988053,21.0,5.0,0.8,19.0,12.0,1.0,,2.5233656069354052e+38,1.0,1e-15,1.2,42.0,0.8,exhaustive_selection_config,"[[0, 0.1, 0.2, 0.3, 0.4, 0.5, 0.6, 0.7, 0.8, 0.9, 1]]","['nap', 'rtp']",252336560693540533935881068298825202077_eps8_s8,BPI2012_WC,WEIGHTED_PROBS_LEN
174.49873278662562,53.20726673938334,76.6,0.34725898051014414,0.1561712626367807,0.0,17.778632099926472,0.7728898842875955,0.927440695464611,0.3606563750234112,87289.8,0.8821139461697026,0.44508695870720716,1.210214207914801e-05,1.0,99255.86222180352,59.503979177027944,0.37678601448742155,0.5624097938082226,0.4220890445699365,0.371254185800835,0.6854542491072924,21.0,5.0,0.8,19.0,12.0,1.0,,2.5233656069354052e+38,1.0,1e-15,1.2,42.0,0.9,exhaustive_selection_config,"[[0, 0.1, 0.2, 0.3, 0.4, 0.5, 0.6, 0.7, 0.8, 0.9, 1]]","['nap', 'rtp']",252336560693540533935881068298825202077_eps8_s9,BPI2012_WC,WEIGHTED_PROBS_LEN
174.49873278662562,60.7564045958221,76.6,0.3027187306345927,0.1594941046088934,0.0,18.162371675297617,0.7626483103912525,0.927440695464611,0.31602215585217036,87289.8,0.8766155256952451,0.30736795788299925,1.210214207914801e-05,1.0,100628.8172403954,60.61853222437203,0.33348725600170714,0.5409874429054892,0.3842887587897589,0.3081340443772179,0.6725429254264125,21.0,5.0,0.8,21.0,12.0,1.0,,2.5233656069354052e+38,1.0,1e-15,1.2,42.0,0.0,exhaustive_selection_config,"[[0, 0.1, 0.2, 0.3, 0.4, 0.5, 0.6, 0.7, 0.8, 0.9, 1]]","['nap', 'rtp']",252336560693540533935881068298825202077_eps9_s0,BPI2012_WC,WEIGHTED_PROBS_LEN
174.49873278662562,335.3338015951216,76.6,0.118162299878885,0.1654719598591327,0.0,23.140714464709163,0.9535257105739163,0.927440695464611,0.7397802145710155,87289.8,0.9730406399045858,0.4832821052633526,1.210214207914801e-05,1.0,102180.70720529965,61.375517424568535,0.7943538739486128,0.9098824268258028,0.8502653196287951,0.6545069173546338,0.9374642279602006,21.0,5.0,0.8,21.0,12.0,1.0,,2.5233656069354052e+38,1.0,1e-15,1.2,42.0,0.1,exhaustive_selection_config,"[[0, 0.1, 0.2, 0.3, 0.4, 0.5, 0.6, 0.7, 0.8, 0.9, 1]]","['nap', 'rtp']",252336560693540533935881068298825202077_eps9_s1,BPI2012_WC,WEIGHTED_PROBS_LEN
174.49873278662562,63.04928640685976,76.6,0.3240836482962879,0.16128016412258145,0.0,18.534869604557752,0.873636707991355,0.927440695464611,0.35140601297954016,87289.8,0.9442577022599469,0.4592229153196549,1.210214207914801e-05,1.0,110750.51831416339,66.9594507612288,0.3824254812078167,0.6618030349953241,0.4602204844638046,0.5267635912979707,0.8004324883494321,21.0,5.0,0.8,21.0,12.0,1.0,,2.5233656069354052e+38,1.0,1e-15,1.2,42.0,1.0,exhaustive_selection_config,"[[0, 0.1, 0.2, 0.3, 0.4, 0.5, 0.6, 0.7, 0.8, 0.9, 1]]","['nap', 'rtp']",252336560693540533935881068298825202077_eps9_s10,BPI2012_WC,WEIGHTED_PROBS_LEN
174.49873278662562,283.0889504387975,76.6,0.16547479592603476,0.16305242963135239,0.0,22.1286253079772,0.9283162847835884,0.927440695464611,0.6818898537654358,87289.8,0.9626578222158184,0.5643426564453538,1.210214207914801e-05,1.0,104133.3291772049,61.22045987918973,0.7306641304445567,0.8590350807081076,0.7859515132986251,0.6476421180580074,0.9011653661208863,21.0,5.0,0.8,21.0,12.0,1.0,,2.5233656069354052e+38,1.0,1e-15,1.2,42.0,0.2,exhaustive_selection_config,"[[0, 0.1, 0.2, 0.3, 0.4, 0.5, 0.6, 0.7, 0.8, 0.9, 1]]","['nap', 'rtp']",252336560693540533935881068298825202077_eps9_s2,BPI2012_WC,WEIGHTED_PROBS_LEN
174.49873278662562,194.46553392484785,76.6,0.2432039538181899,0.16154146157205104,0.0,20.374526821821927,0.8767992267307452,0.927440695464611,0.5666653359500529,87289.8,0.9378302497938573,0.5227434133367371,1.210214207914801e-05,1.0,105686.73221020587,60.7624563112855,0.6038254309349863,0.7574183038987767,0.6575694730377071,0.571463944571169,0.8278298770085943,21.0,5.0,0.8,21.0,12.0,1.0,,2.5233656069354052e+38,1.0,1e-15,1.2,42.0,0.3,exhaustive_selection_config,"[[0, 0.1, 0.2, 0.3, 0.4, 0.5, 0.6, 0.7, 0.8, 0.9, 1]]","['nap', 'rtp']",252336560693540533935881068298825202077_eps9_s3,BPI2012_WC,WEIGHTED_PROBS_LEN
174.49873278662562,56.39087788052857,76.6,0.351435157567363,0.1598288744688034,0.0,17.789329430833458,0.7775704587606276,0.927440695464611,0.36522109602830655,87289.8,0.883702264671879,0.44924184689406327,1.210214207914801e-05,1.0,106639.89546865001,60.11266208030283,0.38250207884089227,0.5740377271114891,0.4303640087845505,0.38017973255602505,0.693410150386929,21.0,5.0,0.8,21.0,12.0,1.0,,2.5233656069354052e+38,1.0,1e-15,1.2,42.0,0.4,exhaustive_selection_config,"[[0, 0.1, 0.2, 0.3, 0.4, 0.5, 0.6, 0.7, 0.8, 0.9, 1]]","['nap', 'rtp']",252336560693540533935881068298825202077_eps9_s4,BPI2012_WC,WEIGHTED_PROBS_LEN
174.49873278662562,57.91972536332905,76.6,0.3514200640690715,0.15935531258583066,0.0,17.821458812057973,0.7775844486204282,0.927440695464611,0.3652093304612949,87289.8,0.8837017612985033,0.4492043814128236,1.210214207914801e-05,1.0,107313.84703168421,61.971356158703564,0.38249228590441153,0.5740452615089798,0.4303628293612204,0.38011948051739297,0.6934354789504524,21.0,5.0,0.8,21.0,12.0,1.0,,2.5233656069354052e+38,1.0,1e-15,1.2,42.0,0.5,exhaustive_selection_config,"[[0, 0.1, 0.2, 0.3, 0.4, 0.5, 0.6, 0.7, 0.8, 0.9, 1]]","['nap', 'rtp']",252336560693540533935881068298825202077_eps9_s5,BPI2012_WC,WEIGHTED_PROBS_LEN
174.49873278662562,55.88330055400729,76.6,0.3514200640690715,0.16542347148060793,0.0,17.76914508640766,0.7775844486204282,0.927440695464611,0.3652093304612949,87289.8,0.8837017612985033,0.4492043814128236,1.210214207914801e-05,1.0,107999.3094320804,59.86699193865061,0.38249228590441153,0.5740452615089798,0.4303628293612204,0.38011948051739297,0.6934354789504524,21.0,5.0,0.8,21.0,12.0,1.0,,2.5233656069354052e+38,1.0,1e-15,1.2,42.0,0.6,exhaustive_selection_config,"[[0, 0.1, 0.2, 0.3, 0.4, 0.5, 0.6, 0.7, 0.8, 0.9, 1]]","['nap', 'rtp']",252336560693540533935881068298825202077_eps9_s6,BPI2012_WC,WEIGHTED_PROBS_LEN
174.49873278662562,55.372119184583426,76.6,0.3514200640690715,0.15845945999026295,0.0,17.532597299292682,0.7775844486204282,0.927440695464611,0.3652093304612949,87289.8,0.8837017612985033,0.4492043814128236,1.210214207914801e-05,1.0,108685.70503255054,61.35567990429699,0.38249228590441153,0.5740452615089798,0.4303628293612204,0.38011948051739297,0.6934354789504524,21.0,5.0,0.8,21.0,12.0,1.0,,2.5233656069354052e+38,1.0,1e-15,1.2,42.0,0.7,exhaustive_selection_config,"[[0, 0.1, 0.2, 0.3, 0.4, 0.5, 0.6, 0.7, 0.8, 0.9, 1]]","['nap', 'rtp']",252336560693540533935881068298825202077_eps9_s7,BPI2012_WC,WEIGHTED_PROBS_LEN
174.49873278662562,56.22008681409061,76.6,0.3514242761588588,0.15682456754148005,0.0,17.728390872851016,0.7775692639563119,0.927440695464611,0.3652047618208617,87289.8,0.8836934555531816,0.449192582326199,1.210214207914801e-05,1.0,109352.98196037226,59.671768547594546,0.3824867831437421,0.574032930497918,0.43035639248031476,0.3800945632814276,0.6934217211128633,21.0,5.0,0.8,21.0,12.0,1.0,,2.5233656069354052e+38,1.0,1e-15,1.2,42.0,0.8,exhaustive_selection_config,"[[0, 0.1, 0.2, 0.3, 0.4, 0.5, 0.6, 0.7, 0.8, 0.9, 1]]","['nap', 'rtp']",252336560693540533935881068298825202077_eps9_s8,BPI2012_WC,WEIGHTED_PROBS_LEN
174.49873278662562,57.96587264426053,76.6,0.35142344612491044,0.15900618396699423,0.0,17.691560070589183,0.7775692639563119,0.927440695464611,0.36520393178691335,87289.8,0.8836934555531816,0.449192582326199,1.210214207914801e-05,1.0,110021.39778562114,61.53762981705368,0.3824859531097937,0.5740335530233793,0.4303555624463664,0.3800945632814276,0.6934219286213503,21.0,5.0,0.8,21.0,12.0,1.0,,2.5233656069354052e+38,1.0,1e-15,1.2,42.0,0.9,exhaustive_selection_config,"[[0, 0.1, 0.2, 0.3, 0.4, 0.5, 0.6, 0.7, 0.8, 0.9, 1]]","['nap', 'rtp']",252336560693540533935881068298825202077_eps9_s9,BPI2012_WC,WEIGHTED_PROBS_LEN
11.9674832560122,7.837731638178229,36.8,0.40690326492620804,0.10163427814841267,0.0,3.800402212142944,0.8085203400437345,0.1288687381893396,0.4354406679294371,20142.6,0.9038703606632756,0.1964467396836816,0.00049187769586428,1.0,73.2166880596429,8.350642945244909,0.4695350332513546,0.6536978657344027,0.5326512897281115,0.26065791889752726,0.7437807651395136,21.0,5.0,0.8,3.0,12.0,1.0,,2.5233656069354052e+38,1.0,1e-15,1.2,42.0,0.0,exhaustive_selection_config,"[[0, 0.1, 0.2, 0.3, 0.4, 0.5, 0.6, 0.7, 0.8, 0.9, 1]]","['nap', 'rtp']",252336560693540533935881068298825202077_eps0_s0,BPI2013_Closed,WEIGHTED_PROBS_LEN
11.9674832560122,7.882488006725907,36.8,0.7352165447950179,0.09330801256000994,0.0,3.761957346275449,0.8406578046812972,0.1288687381893396,0.7359330106492438,20142.6,0.9335735716838609,0.4207151031584385,0.00049187769586428,1.0,174.93594977147876,8.298043809831142,0.7371560654363605,0.7597817179337241,0.7418873932281415,0.6866660492067547,0.7871543188161084,21.0,5.0,0.8,3.0,12.0,1.0,,2.5233656069354052e+38,1.0,1e-15,1.2,42.0,0.1,exhaustive_selection_config,"[[0, 0.1, 0.2, 0.3, 0.4, 0.5, 0.6, 0.7, 0.8, 0.9, 1]]","['nap', 'rtp']",252336560693540533935881068298825202077_eps0_s1,BPI2013_Closed,WEIGHTED_PROBS_LEN
11.9674832560122,7.377233992889524,36.8,0.7352165447950179,0.09946939200162883,0.0,3.142808010429144,0.8406578046812972,0.1288687381893396,0.7359330106492438,20142.6,0.9335735716838609,0.4207151031584385,0.00049187769586428,1.0,1041.834824020043,7.735184422880411,0.7371560654363605,0.7597817179337241,0.7418873932281415,0.6866660492067547,0.7871543188161084,21.0,5.0,0.8,3.0,12.0,1.0,,2.5233656069354052e+38,1.0,1e-15,1.2,42.0,1.0,exhaustive_selection_config,"[[0, 0.1, 0.2, 0.3, 0.4, 0.5, 0.6, 0.7, 0.8, 0.9, 1]]","['nap', 'rtp']",252336560693540533935881068298825202077_eps0_s10,BPI2013_Closed,WEIGHTED_PROBS_LEN
11.9674832560122,7.912281860411167,36.8,0.7352165447950179,0.09540482833981512,0.0,3.6122896157205107,0.8406578046812972,0.1288687381893396,0.7359330106492438,20142.6,0.9335735716838609,0.4207151031584385,0.00049187769586428,1.0,276.8324571073055,8.31450995504856,0.7371560654363605,0.7597817179337241,0.7418873932281415,0.6866660492067547,0.7871543188161084,21.0,5.0,0.8,3.0,12.0,1.0,,2.5233656069354052e+38,1.0,1e-15,1.2,42.0,0.2,exhaustive_selection_config,"[[0, 0.1, 0.2, 0.3, 0.4, 0.5, 0.6, 0.7, 0.8, 0.9, 1]]","['nap', 'rtp']",252336560693540533935881068298825202077_eps0_s2,BPI2013_Closed,WEIGHTED_PROBS_LEN
11.9674832560122,7.933295152336359,36.8,0.7352165447950179,0.0950288280844688,0.0,3.477098062634468,0.8406578046812972,0.1288687381893396,0.7359330106492438,20142.6,0.9335735716838609,0.4207151031584385,0.00049187769586428,1.0,377.33132198527454,8.245569113641977,0.7371560654363605,0.7597817179337241,0.7418873932281415,0.6866660492067547,0.7871543188161084,21.0,5.0,0.8,3.0,12.0,1.0,,2.5233656069354052e+38,1.0,1e-15,1.2,42.0,0.3,exhaustive_selection_config,"[[0, 0.1, 0.2, 0.3, 0.4, 0.5, 0.6, 0.7, 0.8, 0.9, 1]]","['nap', 'rtp']",252336560693540533935881068298825202077_eps0_s3,BPI2013_Closed,WEIGHTED_PROBS_LEN
11.9674832560122,7.874376011639834,36.8,0.7352165447950179,0.09456615559756751,0.0,3.5606249533593655,0.8406578046812972,0.1288687381893396,0.7359330106492438,20142.6,0.9335735716838609,0.4207151031584385,0.00049187769586428,1.0,477.9026592448354,8.280596289411188,0.7371560654363605,0.7597817179337241,0.7418873932281415,0.6866660492067547,0.7871543188161084,21.0,5.0,0.8,3.0,12.0,1.0,,2.5233656069354052e+38,1.0,1e-15,1.2,42.0,0.4,exhaustive_selection_config,"[[0, 0.1, 0.2, 0.3, 0.4, 0.5, 0.6, 0.7, 0.8, 0.9, 1]]","['nap', 'rtp']",252336560693540533935881068298825202077_eps0_s4,BPI2013_Closed,WEIGHTED_PROBS_LEN
11.9674832560122,7.4859448406845335,36.8,0.7352165447950179,0.09574233964085574,0.0,3.350172272324562,0.8406578046812972,0.1288687381893396,0.7359330106492438,20142.6,0.9335735716838609,0.4207151031584385,0.00049187769586428,1.0,576.7325128138066,7.92699937671423,0.7371560654363605,0.7597817179337241,0.7418873932281415,0.6866660492067547,0.7871543188161084,21.0,5.0,0.8,3.0,12.0,1.0,,2.5233656069354052e+38,1.0,1e-15,1.2,42.0,0.5,exhaustive_selection_config,"[[0, 0.1, 0.2, 0.3, 0.4, 0.5, 0.6, 0.7, 0.8, 0.9, 1]]","['nap', 'rtp']",252336560693540533935881068298825202077_eps0_s5,BPI2013_Closed,WEIGHTED_PROBS_LEN
11.9674832560122,7.3088829785585405,36.8,0.7352165447950179,0.09687101319432254,0.0,3.0897432625293733,0.8406578046812972,0.1288687381893396,0.7359330106492438,20142.6,0.9335735716838609,0.4207151031584385,0.00049187769586428,1.0,669.9372997611761,7.759807645902038,0.7371560654363605,0.7597817179337241,0.7418873932281415,0.6866660492067547,0.7871543188161084,21.0,5.0,0.8,3.0,12.0,1.0,,2.5233656069354052e+38,1.0,1e-15,1.2,42.0,0.6,exhaustive_selection_config,"[[0, 0.1, 0.2, 0.3, 0.4, 0.5, 0.6, 0.7, 0.8, 0.9, 1]]","['nap', 'rtp']",252336560693540533935881068298825202077_eps0_s6,BPI2013_Closed,WEIGHTED_PROBS_LEN
11.9674832560122,7.249819757044316,36.8,0.7352165447950179,0.095158889144659,0.0,3.0653285041451452,0.8406578046812972,0.1288687381893396,0.7359330106492438,20142.6,0.9335735716838609,0.4207151031584385,0.00049187769586428,1.0,762.4746824778616,7.722660183161497,0.7371560654363605,0.7597817179337241,0.7418873932281415,0.6866660492067547,0.7871543188161084,21.0,5.0,0.8,3.0,12.0,1.0,,2.5233656069354052e+38,1.0,1e-15,1.2,42.0,0.7,exhaustive_selection_config,"[[0, 0.1, 0.2, 0.3, 0.4, 0.5, 0.6, 0.7, 0.8, 0.9, 1]]","['nap', 'rtp']",252336560693540533935881068298825202077_eps0_s7,BPI2013_Closed,WEIGHTED_PROBS_LEN
11.9674832560122,7.363850009441376,36.8,0.7352165447950179,0.09450078643858428,0.0,3.161050443351269,0.8406578046812972,0.1288687381893396,0.7359330106492438,20142.6,0.9335735716838609,0.4207151031584385,0.00049187769586428,1.0,855.4527184218168,7.73977824896574,0.7371560654363605,0.7597817179337241,0.7418873932281415,0.6866660492067547,0.7871543188161084,21.0,5.0,0.8,3.0,12.0,1.0,,2.5233656069354052e+38,1.0,1e-15,1.2,42.0,0.8,exhaustive_selection_config,"[[0, 0.1, 0.2, 0.3, 0.4, 0.5, 0.6, 0.7, 0.8, 0.9, 1]]","['nap', 'rtp']",252336560693540533935881068298825202077_eps0_s8,BPI2013_Closed,WEIGHTED_PROBS_LEN
11.9674832560122,7.270493835955858,36.8,0.7352165447950179,0.09561666399240491,0.0,3.170067959651351,0.8406578046812972,0.1288687381893396,0.7359330106492438,20142.6,0.9335735716838609,0.4207151031584385,0.00049187769586428,1.0,948.4753584302962,7.737756181880831,0.7371560654363605,0.7597817179337241,0.7418873932281415,0.6866660492067547,0.7871543188161084,21.0,5.0,0.8,3.0,12.0,1.0,,2.5233656069354052e+38,1.0,1e-15,1.2,42.0,0.9,exhaustive_selection_config,"[[0, 0.1, 0.2, 0.3, 0.4, 0.5, 0.6, 0.7, 0.8, 0.9, 1]]","['nap', 'rtp']",252336560693540533935881068298825202077_eps0_s9,BPI2013_Closed,WEIGHTED_PROBS_LEN
11.9674832560122,7.384129970148206,36.8,0.41210230257405955,0.09638965167105192,0.0,3.371630185842514,0.812167419171806,0.1288687381893396,0.44149371313397967,20142.6,0.90576035776994,0.1964467396836816,0.00049187769586428,1.0,1136.1560058850796,7.78183917440474,0.4744340508253839,0.6555308726523078,0.5343350739254812,0.26065791889752726,0.7465145180883985,21.0,5.0,0.8,5.0,12.0,1.0,,2.5233656069354052e+38,1.0,1e-15,1.2,42.0,0.0,exhaustive_selection_config,"[[0, 0.1, 0.2, 0.3, 0.4, 0.5, 0.6, 0.7, 0.8, 0.9, 1]]","['nap', 'rtp']",252336560693540533935881068298825202077_eps1_s0,BPI2013_Closed,WEIGHTED_PROBS_LEN
11.9674832560122,7.354058162495494,36.8,0.7327687662997141,0.09436618871986861,0.0,3.295553604513407,0.8384747422844491,0.1288687381893396,0.73348523215394,20142.6,0.9322701313916637,0.41682029041557456,0.00049187769586428,1.0,1230.852790865302,7.822469399869442,0.7347082869410567,0.7567222161688489,0.7394301994235447,0.6792717128862985,0.785262554322898,21.0,5.0,0.8,5.0,12.0,1.0,,2.5233656069354052e+38,1.0,1e-15,1.2,42.0,0.1,exhaustive_selection_config,"[[0, 0.1, 0.2, 0.3, 0.4, 0.5, 0.6, 0.7, 0.8, 0.9, 1]]","['nap', 'rtp']",252336560693540533935881068298825202077_eps1_s1,BPI2013_Closed,WEIGHTED_PROBS_LEN
11.9674832560122,7.206731280684471,36.8,0.57960579701952,0.09552230015397065,0.0,3.180697295069695,0.7931273830166287,0.1288687381893396,0.6168310684936588,20142.6,0.8935042313993744,0.2654194200634065,0.00049187769586428,1.0,2075.311870741099,7.7716765739023685,0.639994017860011,0.7064333317065532,0.6683926385121216,0.3964575276745456,0.7402625592422154,21.0,5.0,0.8,5.0,12.0,1.0,,2.5233656069354052e+38,1.0,1e-15,1.2,42.0,1.0,exhaustive_selection_config,"[[0, 0.1, 0.2, 0.3, 0.4, 0.5, 0.6, 0.7, 0.8, 0.9, 1]]","['nap', 'rtp']",252336560693540533935881068298825202077_eps1_s10,BPI2013_Closed,WEIGHTED_PROBS_LEN
11.9674832560122,7.295597568154335,36.8,0.7298701484654118,0.0956274881958961,0.0,3.2256966076791285,0.8355053147396487,0.1288687381893396,0.7305820810225707,20142.6,0.9296570985125967,0.412670574142489,0.00049187769586428,1.0,1324.9787114586682,7.821219895780087,0.7318006025126205,0.7524056893151709,0.7364900849574605,0.6639910491780572,0.7818267100246008,21.0,5.0,0.8,5.0,12.0,1.0,,2.5233656069354052e+38,1.0,1e-15,1.2,42.0,0.2,exhaustive_selection_config,"[[0, 0.1, 0.2, 0.3, 0.4, 0.5, 0.6, 0.7, 0.8, 0.9, 1]]","['nap', 'rtp']",252336560693540533935881068298825202077_eps1_s2,BPI2013_Closed,WEIGHTED_PROBS_LEN
11.9674832560122,7.207994232699275,36.8,0.7160755606073549,0.09522192627191539,0.0,3.2004723053425552,0.8275333161453041,0.1288687381893396,0.7167874931645137,20142.6,0.9256608641510222,0.390011034576723,0.00049187769586428,1.0,1418.358044873178,7.754240065068006,0.7180526041210601,0.7414540628911989,0.7231954886545231,0.6440024968330028,0.7729502734745528,21.0,5.0,0.8,5.0,12.0,1.0,,2.5233656069354052e+38,1.0,1e-15,1.2,42.0,0.3,exhaustive_selection_config,"[[0, 0.1, 0.2, 0.3, 0.4, 0.5, 0.6, 0.7, 0.8, 0.9, 1]]","['nap', 'rtp']",252336560693540533935881068298825202077_eps1_s3,BPI2013_Closed,WEIGHTED_PROBS_LEN
11.9674832560122,7.227902663871646,36.8,0.6804985181336384,0.09516495354473589,0.0,3.0427001610398294,0.8353257435804929,0.1288687381893396,0.6899243125014636,20142.6,0.9287091248771349,0.37749450684133046,0.00049187769586428,1.0,1510.891910599917,7.770430707931519,0.7032884949568492,0.7494046225754165,0.7207582993615309,0.6361846691352888,0.7848343454552069,21.0,5.0,0.8,5.0,12.0,1.0,,2.5233656069354052e+38,1.0,1e-15,1.2,42.0,0.4,exhaustive_selection_config,"[[0, 0.1, 0.2, 0.3, 0.4, 0.5, 0.6, 0.7, 0.8, 0.9, 1]]","['nap', 'rtp']",252336560693540533935881068298825202077_eps1_s4,BPI2013_Closed,WEIGHTED_PROBS_LEN
11.9674832560122,7.2271125938743355,36.8,0.6667173578209817,0.09587833508849139,0.0,3.0534626007080083,0.8322745094966401,0.1288687381893396,0.676227852052161,20142.6,0.9265734230464784,0.3657453822596849,0.00049187769586428,1.0,1603.3909816220403,7.753800964355468,0.6898360692084746,0.7365368420806417,0.7074580415416878,0.6195633015408232,0.7783668210678131,21.0,5.0,0.8,5.0,12.0,1.0,,2.5233656069354052e+38,1.0,1e-15,1.2,42.0,0.5,exhaustive_selection_config,"[[0, 0.1, 0.2, 0.3, 0.4, 0.5, 0.6, 0.7, 0.8, 0.9, 1]]","['nap', 'rtp']",252336560693540533935881068298825202077_eps1_s5,BPI2013_Closed,WEIGHTED_PROBS_LEN
11.9674832560122,7.673379000276327,36.8,0.5930324431231566,0.09455630332231516,0.0,3.18151411190629,0.8399918837797383,0.1288687381893396,0.636632351292777,20142.6,0.9281037085227485,0.3313397256878031,0.00049187769586428,1.0,1697.6364503256978,8.172422114387155,0.6623441021818921,0.7308252036000905,0.6934399829612913,0.5793166570956495,0.7831540169815787,21.0,5.0,0.8,5.0,12.0,1.0,,2.5233656069354052e+38,1.0,1e-15,1.2,42.0,0.6,exhaustive_selection_config,"[[0, 0.1, 0.2, 0.3, 0.4, 0.5, 0.6, 0.7, 0.8, 0.9, 1]]","['nap', 'rtp']",252336560693540533935881068298825202077_eps1_s6,BPI2013_Closed,WEIGHTED_PROBS_LEN
11.9674832560122,7.317445426434278,36.8,0.5921460188259359,0.09415914975106712,0.0,3.208662812784314,0.8298750088345995,0.1288687381893396,0.6307143752302714,20142.6,0.9209320447138541,0.31753904989570203,0.00049187769586428,1.0,1793.35637402758,7.730201905220747,0.6556750353261044,0.7256202679766801,0.6862690449541189,0.5417474803894355,0.774686848587609,21.0,5.0,0.8,5.0,12.0,1.0,,2.5233656069354052e+38,1.0,1e-15,1.2,42.0,0.7,exhaustive_selection_config,"[[0, 0.1, 0.2, 0.3, 0.4, 0.5, 0.6, 0.7, 0.8, 0.9, 1]]","['nap', 'rtp']",252336560693540533935881068298825202077_eps1_s7,BPI2013_Closed,WEIGHTED_PROBS_LEN
11.9674832560122,7.114064585417509,36.8,0.582841028671998,0.09692869856953616,0.0,3.2059994105249645,0.7934315482361648,0.1288687381893396,0.6201325605214479,20142.6,0.8938413799837306,0.2673772898221724,0.00049187769586428,1.0,1886.4454623091965,7.7732872072607275,0.6430249570896094,0.708690607111053,0.6708798746579098,0.3997174224445238,0.7418262356421097,21.0,5.0,0.8,5.0,12.0,1.0,,2.5233656069354052e+38,1.0,1e-15,1.2,42.0,0.8,exhaustive_selection_config,"[[0, 0.1, 0.2, 0.3, 0.4, 0.5, 0.6, 0.7, 0.8, 0.9, 1]]","['nap', 'rtp']",252336560693540533935881068298825202077_eps1_s8,BPI2013_Closed,WEIGHTED_PROBS_LEN
11.9674832560122,7.50442914403975,36.8,0.5807070950471792,0.09838760755956169,0.0,3.186297760903835,0.793514864602065,0.1288687381893396,0.6180377633825308,20142.6,0.8937483642652916,0.2662031665406682,0.00049187769586428,1.0,1982.538115948811,8.069127778708935,0.6413133453521622,0.7083872999808843,0.669769985954606,0.39754323774376055,0.741253827328844,21.0,5.0,0.8,5.0,12.0,1.0,,2.5233656069354052e+38,1.0,1e-15,1.2,42.0,0.9,exhaustive_selection_config,"[[0, 0.1, 0.2, 0.3, 0.4, 0.5, 0.6, 0.7, 0.8, 0.9, 1]]","['nap', 'rtp']",252336560693540533935881068298825202077_eps1_s9,BPI2013_Closed,WEIGHTED_PROBS_LEN
11.9674832560122,7.748761258274317,36.8,0.4119244211774705,0.09693457931280132,0.0,3.246697725355625,0.8118665432918993,0.1288687381893396,0.4410775161393351,20142.6,0.9055876125466824,0.1964467396836816,0.00049187769586428,1.0,2170.9011011023076,8.163890953361989,0.47387484785980316,0.6545684645684091,0.5334925828185322,0.26065791889752726,0.7456601179876227,21.0,5.0,0.8,7.0,12.0,1.0,,2.5233656069354052e+38,1.0,1e-15,1.2,42.0,0.0,exhaustive_selection_config,"[[0, 0.1, 0.2, 0.3, 0.4, 0.5, 0.6, 0.7, 0.8, 0.9, 1]]","['nap', 'rtp']",252336560693540533935881068298825202077_eps2_s0,BPI2013_Closed,WEIGHTED_PROBS_LEN
11.9674832560122,7.578360442817211,36.8,0.7276547624219805,0.09537368267774579,0.0,3.1652103908360005,0.8364119188823682,0.1288687381893396,0.7283712282762064,20142.6,0.9305535423249717,0.41450318164009203,0.00049187769586428,1.0,2266.4874474309386,8.032238733395934,0.7295897497662561,0.7515979507812818,0.7342329203421449,0.6667371264158295,0.7806596371881424,21.0,5.0,0.8,7.0,12.0,1.0,,2.5233656069354052e+38,1.0,1e-15,1.2,42.0,0.1,exhaustive_selection_config,"[[0, 0.1, 0.2, 0.3, 0.4, 0.5, 0.6, 0.7, 0.8, 0.9, 1]]","['nap', 'rtp']",252336560693540533935881068298825202077_eps2_s1,BPI2013_Closed,WEIGHTED_PROBS_LEN
11.9674832560122,7.204294728860259,36.8,0.49705964259172764,0.09660663828253742,0.0,3.0862610593438147,0.7371174972195917,0.1288687381893396,0.5011473422729029,20142.6,0.8645553957193073,0.18216737360460794,0.00049187769586428,1.0,3127.367124481499,7.829526770487428,0.5081846739387553,0.5890520845396793,0.5283181465341452,0.22786896052108005,0.6644050012609334,21.0,5.0,0.8,7.0,12.0,1.0,,2.5233656069354052e+38,1.0,1e-15,1.2,42.0,1.0,exhaustive_selection_config,"[[0, 0.1, 0.2, 0.3, 0.4, 0.5, 0.6, 0.7, 0.8, 0.9, 1]]","['nap', 'rtp']",252336560693540533935881068298825202077_eps2_s10,BPI2013_Closed,WEIGHTED_PROBS_LEN
11.9674832560122,7.518879605457187,36.8,0.6952555467031076,0.09366865381598466,0.0,3.12936884239316,0.8119041279631187,0.1288687381893396,0.695950198784921,20142.6,0.9174716729345512,0.3955178263836442,0.00049187769586428,1.0,2362.272851998359,7.986970948800445,0.697154052111651,0.7225879974831386,0.7011685688036036,0.604730041508861,0.7547776082470179,21.0,5.0,0.8,7.0,12.0,1.0,,2.5233656069354052e+38,1.0,1e-15,1.2,42.0,0.2,exhaustive_selection_config,"[[0, 0.1, 0.2, 0.3, 0.4, 0.5, 0.6, 0.7, 0.8, 0.9, 1]]","['nap', 'rtp']",252336560693540533935881068298825202077_eps2_s2,BPI2013_Closed,WEIGHTED_PROBS_LEN
11.9674832560122,7.233250897750258,36.8,0.6631328226632842,0.09597739204764362,0.0,3.1410853836685417,0.805597349841763,0.1288687381893396,0.6640928018018688,20142.6,0.9110115838725958,0.3380051919662428,0.00049187769586428,1.0,2456.9619903672487,7.7319813195616005,0.6660470432002847,0.7071598161465757,0.6730750131953285,0.5434151873346666,0.7501485407404791,21.0,5.0,0.8,7.0,12.0,1.0,,2.5233656069354052e+38,1.0,1e-15,1.2,42.0,0.3,exhaustive_selection_config,"[[0, 0.1, 0.2, 0.3, 0.4, 0.5, 0.6, 0.7, 0.8, 0.9, 1]]","['nap', 'rtp']",252336560693540533935881068298825202077_eps2_s3,BPI2013_Closed,WEIGHTED_PROBS_LEN
11.9674832560122,7.25520748719573,36.8,0.6617567749066406,0.09605554342269894,0.0,3.0877227686345576,0.8064429960956921,0.1288687381893396,0.6627116243142667,20142.6,0.911107517187754,0.33701544692646135,0.00049187769586428,1.0,2549.7805600762367,7.713142627105117,0.6646087198839377,0.7074237861687055,0.672097298829722,0.5420895868627607,0.7512888776706668,21.0,5.0,0.8,7.0,12.0,1.0,,2.5233656069354052e+38,1.0,1e-15,1.2,42.0,0.4,exhaustive_selection_config,"[[0, 0.1, 0.2, 0.3, 0.4, 0.5, 0.6, 0.7, 0.8, 0.9, 1]]","['nap', 'rtp']",252336560693540533935881068298825202077_eps2_s4,BPI2013_Closed,WEIGHTED_PROBS_LEN
11.9674832560122,7.788501534610987,36.8,0.6151235742288987,0.09435392320156094,0.0,3.087494796141982,0.783597397144298,0.1288687381893396,0.6160924241037035,20142.6,0.9000785969097826,0.30086613633614245,0.00049187769586428,1.0,2647.0447042588144,8.436212185397745,0.6182458669312683,0.669915624627863,0.6275277937934737,0.4936110237818986,0.7231357742186973,21.0,5.0,0.8,7.0,12.0,1.0,,2.5233656069354052e+38,1.0,1e-15,1.2,42.0,0.5,exhaustive_selection_config,"[[0, 0.1, 0.2, 0.3, 0.4, 0.5, 0.6, 0.7, 0.8, 0.9, 1]]","['nap', 'rtp']",252336560693540533935881068298825202077_eps2_s5,BPI2013_Closed,WEIGHTED_PROBS_LEN
11.9674832560122,7.949766044318676,36.8,0.6144045079908377,0.0955734852701425,0.0,3.081994001567364,0.7837038823304094,0.1288687381893396,0.6154867855300493,20142.6,0.9003251281376674,0.30085287505589087,0.00049187769586428,1.0,2745.519262823835,8.370124939456582,0.6176914312048974,0.6686062602996133,0.6267668431529829,0.49362536422901704,0.723302134860587,21.0,5.0,0.8,7.0,12.0,1.0,,2.5233656069354052e+38,1.0,1e-15,1.2,42.0,0.6,exhaustive_selection_config,"[[0, 0.1, 0.2, 0.3, 0.4, 0.5, 0.6, 0.7, 0.8, 0.9, 1]]","['nap', 'rtp']",252336560693540533935881068298825202077_eps2_s6,BPI2013_Closed,WEIGHTED_PROBS_LEN
11.9674832560122,7.150066012516618,36.8,0.6096155539264569,0.09603330790996546,0.0,3.1402444172650577,0.7756477779657546,0.1288687381893396,0.6107000942367484,20142.6,0.8931686326493923,0.2880939946638527,0.00049187769586428,1.0,2840.37288457565,7.793070581182837,0.6128729084903493,0.6629625434748156,0.6219919575242605,0.4583775920413218,0.7161423353774288,21.0,5.0,0.8,7.0,12.0,1.0,,2.5233656069354052e+38,1.0,1e-15,1.2,42.0,0.7,exhaustive_selection_config,"[[0, 0.1, 0.2, 0.3, 0.4, 0.5, 0.6, 0.7, 0.8, 0.9, 1]]","['nap', 'rtp']",252336560693540533935881068298825202077_eps2_s7,BPI2013_Closed,WEIGHTED_PROBS_LEN
11.9674832560122,7.734197026863694,36.8,0.5848026245823756,0.09368074201047413,0.0,3.6848854538053275,0.7448283649275464,0.1288687381893396,0.585893330728204,20142.6,0.8630669847707478,0.24341941614367335,0.00049187769586428,1.0,2937.689080499485,8.742092475295067,0.5879160712805884,0.6378393647483914,0.5972017419689808,0.32388790036448434,0.6878340956448954,21.0,5.0,0.8,7.0,12.0,1.0,,2.5233656069354052e+38,1.0,1e-15,1.2,42.0,0.8,exhaustive_selection_config,"[[0, 0.1, 0.2, 0.3, 0.4, 0.5, 0.6, 0.7, 0.8, 0.9, 1]]","['nap', 'rtp']",252336560693540533935881068298825202077_eps2_s8,BPI2013_Closed,WEIGHTED_PROBS_LEN
11.9674832560122,7.078742979094386,36.8,0.584386890944218,0.09539970159530636,0.0,3.0597637452185156,0.7451354898140666,0.1288687381893396,0.5854605244745217,20142.6,0.863158223419577,0.24309608897467747,0.00049187769586428,1.0,3034.8761203020813,7.75172480866313,0.5874389140924107,0.6381077343795758,0.5968681344410229,0.32325349944436493,0.6882617724503761,21.0,5.0,0.8,7.0,12.0,1.0,,2.5233656069354052e+38,1.0,1e-15,1.2,42.0,0.9,exhaustive_selection_config,"[[0, 0.1, 0.2, 0.3, 0.4, 0.5, 0.6, 0.7, 0.8, 0.9, 1]]","['nap', 'rtp']",252336560693540533935881068298825202077_eps2_s9,BPI2013_Closed,WEIGHTED_PROBS_LEN
11.9674832560122,7.387044470012188,36.8,0.4119244211774705,0.09718798324465747,0.0,3.1137828297913073,0.8118665432918993,0.1288687381893396,0.4410775161393351,20142.6,0.9055876125466824,0.1964467396836816,0.00049187769586428,1.0,3220.4373061481865,7.748421378433704,0.47387484785980316,0.6545684645684091,0.5334925828185322,0.26065791889752726,0.7456601179876227,21.0,5.0,0.8,9.0,12.0,1.0,,2.5233656069354052e+38,1.0,1e-15,1.2,42.0,0.0,exhaustive_selection_config,"[[0, 0.1, 0.2, 0.3, 0.4, 0.5, 0.6, 0.7, 0.8, 0.9, 1]]","['nap', 'rtp']",252336560693540533935881068298825202077_eps3_s0,BPI2013_Closed,WEIGHTED_PROBS_LEN
11.9674832560122,7.247826113551855,36.8,0.730280087052264,0.09492846094071859,0.0,3.064346593618393,0.8376107940475078,0.1288687381893396,0.7309965529064899,20142.6,0.9315941726832916,0.4169493113675686,0.00049187769586428,1.0,3313.5279887378215,7.7854845214635136,0.7322196076936066,0.7549625942223382,0.7369319637977263,0.6756234171259022,0.7825889980486928,21.0,5.0,0.8,9.0,12.0,1.0,,2.5233656069354052e+38,1.0,1e-15,1.2,42.0,0.1,exhaustive_selection_config,"[[0, 0.1, 0.2, 0.3, 0.4, 0.5, 0.6, 0.7, 0.8, 0.9, 1]]","['nap', 'rtp']",252336560693540533935881068298825202077_eps3_s1,BPI2013_Closed,WEIGHTED_PROBS_LEN
11.9674832560122,7.099039999768138,36.8,0.4681480673480764,0.09562318101525304,0.0,3.110990137979388,0.7610193210041609,0.1288687381893396,0.4727028338356415,20142.6,0.8825936451908868,0.2045160863987344,0.00049187769586428,1.0,4141.500801800564,7.782523944601417,0.4806304553699878,0.5911929072289851,0.5066035282474781,0.28415968741966485,0.674137446982036,21.0,5.0,0.8,9.0,12.0,1.0,,2.5233656069354052e+38,1.0,1e-15,1.2,42.0,1.0,exhaustive_selection_config,"[[0, 0.1, 0.2, 0.3, 0.4, 0.5, 0.6, 0.7, 0.8, 0.9, 1]]","['nap', 'rtp']",252336560693540533935881068298825202077_eps3_s10,BPI2013_Closed,WEIGHTED_PROBS_LEN
11.9674832560122,7.2453520454466345,36.8,0.703043316075278,0.09294806085526938,0.0,2.966989776492119,0.8186259599065295,0.1288687381893396,0.7037322856931751,20142.6,0.9239494161233427,0.40706455073069303,0.00049187769586428,1.0,3405.604933868349,7.666519479453564,0.7049278981382763,0.7307977375449499,0.7095301329365856,0.6437755453742666,0.7622992781415283,21.0,5.0,0.8,9.0,12.0,1.0,,2.5233656069354052e+38,1.0,1e-15,1.2,42.0,0.2,exhaustive_selection_config,"[[0, 0.1, 0.2, 0.3, 0.4, 0.5, 0.6, 0.7, 0.8, 0.9, 1]]","['nap', 'rtp']",252336560693540533935881068298825202077_eps3_s2,BPI2013_Closed,WEIGHTED_PROBS_LEN
11.9674832560122,7.248567512631416,36.8,0.681897335959414,0.0948650367558002,0.0,3.175616350769997,0.8114039753662778,0.1288687381893396,0.6857338066593371,20142.6,0.9175321214262965,0.36885779374372013,0.00049187769586428,1.0,3497.6410569202153,7.679093601182103,0.6880430391631244,0.7179397919026177,0.6942282816501197,0.605171058826923,0.7535323333354076,21.0,5.0,0.8,9.0,12.0,1.0,,2.5233656069354052e+38,1.0,1e-15,1.2,42.0,0.3,exhaustive_selection_config,"[[0, 0.1, 0.2, 0.3, 0.4, 0.5, 0.6, 0.7, 0.8, 0.9, 1]]","['nap', 'rtp']",252336560693540533935881068298825202077_eps3_s3,BPI2013_Closed,WEIGHTED_PROBS_LEN
11.9674832560122,7.2425766628235575,36.8,0.6810310842219863,0.09664256833493703,0.0,2.995087218657136,0.810499395693175,0.1288687381893396,0.6848675549219094,20142.6,0.9171486124603483,0.3622256784601645,0.00049187769586428,1.0,3590.069987751916,7.733212752640247,0.6871829672457596,0.7170579790946341,0.6934547870816583,0.6031425394907656,0.7530196459004748,21.0,5.0,0.8,9.0,12.0,1.0,,2.5233656069354052e+38,1.0,1e-15,1.2,42.0,0.4,exhaustive_selection_config,"[[0, 0.1, 0.2, 0.3, 0.4, 0.5, 0.6, 0.7, 0.8, 0.9, 1]]","['nap', 'rtp']",252336560693540533935881068298825202077_eps3_s4,BPI2013_Closed,WEIGHTED_PROBS_LEN
11.9674832560122,7.180853145942092,36.8,0.6340899398775173,0.09632651470601557,0.0,3.0050897490233184,0.7879050961290595,0.1288687381893396,0.638337155972768,20142.6,0.9059909624353883,0.3211245863610715,0.00049187769586428,1.0,3682.1158687993884,7.805734835937619,0.6410971192756636,0.6803626217958227,0.6486196165725392,0.549475282476134,0.7255663278879787,21.0,5.0,0.8,9.0,12.0,1.0,,2.5233656069354052e+38,1.0,1e-15,1.2,42.0,0.5,exhaustive_selection_config,"[[0, 0.1, 0.2, 0.3, 0.4, 0.5, 0.6, 0.7, 0.8, 0.9, 1]]","['nap', 'rtp']",252336560693540533935881068298825202077_eps3_s5,BPI2013_Closed,WEIGHTED_PROBS_LEN
11.9674832560122,7.224844133853912,36.8,0.634351085611819,0.09459312409162515,0.0,2.971329091116786,0.7879096866055717,0.1288687381893396,0.6385983017070697,20142.6,0.9060590200818623,0.321687693157188,0.00049187769586428,1.0,3774.0428749177604,7.742142812907696,0.6413582650099652,0.6803879847435417,0.6488110605354713,0.5497285715492978,0.7255073623777089,21.0,5.0,0.8,9.0,12.0,1.0,,2.5233656069354052e+38,1.0,1e-15,1.2,42.0,0.6,exhaustive_selection_config,"[[0, 0.1, 0.2, 0.3, 0.4, 0.5, 0.6, 0.7, 0.8, 0.9, 1]]","['nap', 'rtp']",252336560693540533935881068298825202077_eps3_s6,BPI2013_Closed,WEIGHTED_PROBS_LEN
11.9674832560122,7.117229517549276,36.8,0.6342067192747921,0.09360782206058496,0.0,3.0939216546714308,0.7879176032556903,0.1288687381893396,0.6384594955590892,20142.6,0.9060615221669333,0.3216075649520598,0.00049187769586428,1.0,3866.0848953459413,7.829394276440143,0.6412472598072169,0.6804179435716655,0.6487523211097594,0.5496062473902763,0.7254845523640732,21.0,5.0,0.8,9.0,12.0,1.0,,2.5233656069354052e+38,1.0,1e-15,1.2,42.0,0.7,exhaustive_selection_config,"[[0, 0.1, 0.2, 0.3, 0.4, 0.5, 0.6, 0.7, 0.8, 0.9, 1]]","['nap', 'rtp']",252336560693540533935881068298825202077_eps3_s7,BPI2013_Closed,WEIGHTED_PROBS_LEN
11.9674832560122,7.128724892809987,36.8,0.633863064140812,0.09730782769620416,0.0,2.986542138457298,0.7877574231964022,0.1288687381893396,0.638115840425109,20142.6,0.9059490611040651,0.32152272703741575,0.00049187769586428,1.0,3957.844001214579,7.756877305358648,0.6409036046732368,0.680327475410966,0.6485288900172416,0.548892763134808,0.7253275577394893,21.0,5.0,0.8,9.0,12.0,1.0,,2.5233656069354052e+38,1.0,1e-15,1.2,42.0,0.8,exhaustive_selection_config,"[[0, 0.1, 0.2, 0.3, 0.4, 0.5, 0.6, 0.7, 0.8, 0.9, 1]]","['nap', 'rtp']",252336560693540533935881068298825202077_eps3_s8,BPI2013_Closed,WEIGHTED_PROBS_LEN
11.9674832560122,7.0951073538511995,36.8,0.6339631535451188,0.0951535530388355,0.0,3.0056211523711682,0.7875772586985388,0.1288687381893396,0.6381735863079746,20142.6,0.9058652213695801,0.32139615226856205,0.00049187769586428,1.0,4049.654840444028,7.765975343808532,0.6409346452670115,0.6803723332749568,0.6485512537334504,0.5486510323717567,0.7252255548658738,21.0,5.0,0.8,9.0,12.0,1.0,,2.5233656069354052e+38,1.0,1e-15,1.2,42.0,0.9,exhaustive_selection_config,"[[0, 0.1, 0.2, 0.3, 0.4, 0.5, 0.6, 0.7, 0.8, 0.9, 1]]","['nap', 'rtp']",252336560693540533935881068298825202077_eps3_s9,BPI2013_Closed,WEIGHTED_PROBS_LEN
11.9674832560122,7.2297572560608385,36.8,0.4119244211774705,0.09341287277638906,0.0,3.117001144960523,0.8118665432918993,0.1288687381893396,0.4410775161393351,20142.6,0.9055876125466824,0.1964467396836816,0.00049187769586428,1.0,4233.507837172225,7.661693860590458,0.47387484785980316,0.6545684645684091,0.5334925828185322,0.26065791889752726,0.7456601179876227,21.0,5.0,0.8,11.0,12.0,1.0,,2.5233656069354052e+38,1.0,1e-15,1.2,42.0,0.0,exhaustive_selection_config,"[[0, 0.1, 0.2, 0.3, 0.4, 0.5, 0.6, 0.7, 0.8, 0.9, 1]]","['nap', 'rtp']",252336560693540533935881068298825202077_eps4_s0,BPI2013_Closed,WEIGHTED_PROBS_LEN
11.9674832560122,7.19800569973886,36.8,0.7309566959039099,0.09675950631499286,0.0,2.9740111328661443,0.8381644994438723,0.1288687381893396,0.7316731617581359,20142.6,0.9319379965860515,0.4172780624523815,0.00049187769586428,1.0,4325.84617622979,7.794240148738027,0.7328962165452526,0.7557560149209616,0.7375878774817456,0.6775918418404829,0.7839958486853837,21.0,5.0,0.8,11.0,12.0,1.0,,2.5233656069354052e+38,1.0,1e-15,1.2,42.0,0.1,exhaustive_selection_config,"[[0, 0.1, 0.2, 0.3, 0.4, 0.5, 0.6, 0.7, 0.8, 0.9, 1]]","['nap', 'rtp']",252336560693540533935881068298825202077_eps4_s1,BPI2013_Closed,WEIGHTED_PROBS_LEN
11.9674832560122,7.436645310372114,36.8,0.47998652039895706,0.09593663401901717,0.0,3.144262705370784,0.7718020486163997,0.1288687381893396,0.48255732950294367,20142.6,0.8922493741360153,0.2318003048892785,0.00049187769586428,1.0,5167.388094586879,8.118853241950273,0.48863433497782777,0.5836738372918948,0.5102087723379005,0.32938340015003054,0.6785397131913675,21.0,5.0,0.8,11.0,12.0,1.0,,2.5233656069354052e+38,1.0,1e-15,1.2,42.0,1.0,exhaustive_selection_config,"[[0, 0.1, 0.2, 0.3, 0.4, 0.5, 0.6, 0.7, 0.8, 0.9, 1]]","['nap', 'rtp']",252336560693540533935881068298825202077_eps4_s10,BPI2013_Closed,WEIGHTED_PROBS_LEN
11.9674832560122,7.514564258977771,36.8,0.7231099188270651,0.09489816203713414,0.0,2.92024421133101,0.835110286190601,0.1288687381893396,0.7237988884449622,20142.6,0.9306684096790349,0.41579064583209585,0.00049187769586428,1.0,4419.093184944987,8.10026456080377,0.7250148054372424,0.7496185144398158,0.7295947978706085,0.6682246417458695,0.7816679341544056,21.0,5.0,0.8,11.0,12.0,1.0,,2.5233656069354052e+38,1.0,1e-15,1.2,42.0,0.2,exhaustive_selection_config,"[[0, 0.1, 0.2, 0.3, 0.4, 0.5, 0.6, 0.7, 0.8, 0.9, 1]]","['nap', 'rtp']",252336560693540533935881068298825202077_eps4_s2,BPI2013_Closed,WEIGHTED_PROBS_LEN
11.9674832560122,7.484845794737339,36.8,0.7000621633750826,0.09512515142559999,0.0,2.943839193508029,0.8284824083268255,0.1288687381893396,0.703751332388016,20142.6,0.9277494315070847,0.4014067948776917,0.00049187769586428,1.0,4512.55657075867,8.049150199443101,0.7060790234606904,0.7375053371903592,0.7120756726914749,0.6456756578448201,0.7727056644840968,21.0,5.0,0.8,11.0,12.0,1.0,,2.5233656069354052e+38,1.0,1e-15,1.2,42.0,0.3,exhaustive_selection_config,"[[0, 0.1, 0.2, 0.3, 0.4, 0.5, 0.6, 0.7, 0.8, 0.9, 1]]","['nap', 'rtp']",252336560693540533935881068298825202077_eps4_s3,BPI2013_Closed,WEIGHTED_PROBS_LEN
11.9674832560122,7.142629242688417,36.8,0.6991111080689342,0.09806940108537669,0.0,2.982038327679038,0.8279987062593029,0.1288687381893396,0.7028628588648794,20142.6,0.9275944315685575,0.4012115277263616,0.00049187769586428,1.0,4606.256799142435,7.556973772123456,0.7052047730700564,0.735723836489024,0.7112162595392524,0.6453200262453027,0.7715651595898547,21.0,5.0,0.8,11.0,12.0,1.0,,2.5233656069354052e+38,1.0,1e-15,1.2,42.0,0.4,exhaustive_selection_config,"[[0, 0.1, 0.2, 0.3, 0.4, 0.5, 0.6, 0.7, 0.8, 0.9, 1]]","['nap', 'rtp']",252336560693540533935881068298825202077_eps4_s4,BPI2013_Closed,WEIGHTED_PROBS_LEN
11.9674832560122,7.57152893729508,36.8,0.666893597669817,0.09491702541708943,0.0,3.00217425711453,0.8125532345351608,0.1288687381893396,0.6710511017395911,20142.6,0.9200089073542985,0.37267420443284355,0.00049187769586428,1.0,4700.179827166348,8.042417775839567,0.6737143902294328,0.714182172477918,0.6823162093869931,0.6082832523298768,0.7540879502550767,21.0,5.0,0.8,11.0,12.0,1.0,,2.5233656069354052e+38,1.0,1e-15,1.2,42.0,0.5,exhaustive_selection_config,"[[0, 0.1, 0.2, 0.3, 0.4, 0.5, 0.6, 0.7, 0.8, 0.9, 1]]","['nap', 'rtp']",252336560693540533935881068298825202077_eps4_s5,BPI2013_Closed,WEIGHTED_PROBS_LEN
11.9674832560122,7.149027761444449,36.8,0.6675426036107558,0.09498635977506634,0.0,2.9937681652605534,0.8121838352882513,0.1288687381893396,0.6717001076805298,20142.6,0.9198680802401796,0.3732373112289601,0.00049187769586428,1.0,4792.270987118781,7.657969676703215,0.6743781209332417,0.7132255517416619,0.6819442041046135,0.6085365414030406,0.7534824775793444,21.0,5.0,0.8,11.0,12.0,1.0,,2.5233656069354052e+38,1.0,1e-15,1.2,42.0,0.6,exhaustive_selection_config,"[[0, 0.1, 0.2, 0.3, 0.4, 0.5, 0.6, 0.7, 0.8, 0.9, 1]]","['nap', 'rtp']",252336560693540533935881068298825202077_eps4_s6,BPI2013_Closed,WEIGHTED_PROBS_LEN
11.9674832560122,7.4365026615560055,36.8,0.6674406593436738,0.09496119692921631,0.0,2.9878681991249323,0.8121611134636945,0.1288687381893396,0.6715736985816436,20142.6,0.91985603974924,0.3731571830238319,0.00049187769586428,1.0,4884.47483218126,7.98607782907784,0.6742272470025512,0.7131694267589316,0.6817876844435067,0.6084142172440192,0.7534490744211706,21.0,5.0,0.8,11.0,12.0,1.0,,2.5233656069354052e+38,1.0,1e-15,1.2,42.0,0.7,exhaustive_selection_config,"[[0, 0.1, 0.2, 0.3, 0.4, 0.5, 0.6, 0.7, 0.8, 0.9, 1]]","['nap', 'rtp']",252336560693540533935881068298825202077_eps4_s7,BPI2013_Closed,WEIGHTED_PROBS_LEN
11.9674832560122,7.438264656811953,36.8,0.6671762985770435,0.09320688918232913,0.0,3.0550463534891605,0.8120272701524577,0.1288687381893396,0.6713093378150135,20142.6,0.9197688898203984,0.37307234510918785,0.00049187769586428,1.0,4978.534066680074,7.9158835776150225,0.6739773361203218,0.7128578239268049,0.6815134026019816,0.6077007329885509,0.7532330877182336,21.0,5.0,0.8,11.0,12.0,1.0,,2.5233656069354052e+38,1.0,1e-15,1.2,42.0,0.8,exhaustive_selection_config,"[[0, 0.1, 0.2, 0.3, 0.4, 0.5, 0.6, 0.7, 0.8, 0.9, 1]]","['nap', 'rtp']",252336560693540533935881068298825202077_eps4_s8,BPI2013_Closed,WEIGHTED_PROBS_LEN
11.9674832560122,7.150803159549833,36.8,0.6671961335467921,0.09470969922840591,0.0,3.0607917077839373,0.8119440581847964,0.1288687381893396,0.6714159595063934,20142.6,0.9197366469873389,0.37294577034033416,0.00049187769586428,1.0,5071.866714768857,7.636463578417898,0.6741630868814249,0.7130026696273977,0.6817917232072513,0.6074590022254995,0.7532467190345,21.0,5.0,0.8,11.0,12.0,1.0,,2.5233656069354052e+38,1.0,1e-15,1.2,42.0,0.9,exhaustive_selection_config,"[[0, 0.1, 0.2, 0.3, 0.4, 0.5, 0.6, 0.7, 0.8, 0.9, 1]]","['nap', 'rtp']",252336560693540533935881068298825202077_eps4_s9,BPI2013_Closed,WEIGHTED_PROBS_LEN
11.9674832560122,7.707155123725533,36.8,0.4119244211774705,0.09608759023249144,0.0,3.1162098575383426,0.8118665432918993,0.1288687381893396,0.4410775161393351,20142.6,0.9055876125466824,0.1964467396836816,0.00049187769586428,1.0,5263.8307195566595,8.132473434507848,0.47387484785980316,0.6545684645684091,0.5334925828185322,0.26065791889752726,0.7456601179876227,21.0,5.0,0.8,13.0,12.0,1.0,,2.5233656069354052e+38,1.0,1e-15,1.2,42.0,0.0,exhaustive_selection_config,"[[0, 0.1, 0.2, 0.3, 0.4, 0.5, 0.6, 0.7, 0.8, 0.9, 1]]","['nap', 'rtp']",252336560693540533935881068298825202077_eps5_s0,BPI2013_Closed,WEIGHTED_PROBS_LEN
11.9674832560122,8.291126058623195,36.8,0.7312295454562674,0.09431376270949839,0.0,3.011275894194841,0.8381206149481111,0.1288687381893396,0.7319460113104934,20142.6,0.9318954038637821,0.4172633231527663,0.00049187769586428,1.0,5362.7573657728735,8.83155735321343,0.73316906609761,0.7560721058644109,0.737828939816304,0.6775804261011495,0.7841240641260502,21.0,5.0,0.8,13.0,12.0,1.0,,2.5233656069354052e+38,1.0,1e-15,1.2,42.0,0.1,exhaustive_selection_config,"[[0, 0.1, 0.2, 0.3, 0.4, 0.5, 0.6, 0.7, 0.8, 0.9, 1]]","['nap', 'rtp']",252336560693540533935881068298825202077_eps5_s1,BPI2013_Closed,WEIGHTED_PROBS_LEN
11.9674832560122,7.203416874632239,36.8,0.4783630645145145,0.0955372687429189,0.0,3.057060919329524,0.7855500723322423,0.1288687381893396,0.4800468821657026,20142.6,0.901360962157689,0.2650076098815321,0.00049187769586428,1.0,6199.756281564757,7.8888607516884806,0.4838981307254402,0.5776718514735294,0.5005845262955794,0.38204947291800584,0.6922406819022562,21.0,5.0,0.8,13.0,12.0,1.0,,2.5233656069354052e+38,1.0,1e-15,1.2,42.0,1.0,exhaustive_selection_config,"[[0, 0.1, 0.2, 0.3, 0.4, 0.5, 0.6, 0.7, 0.8, 0.9, 1]]","['nap', 'rtp']",252336560693540533935881068298825202077_eps5_s10,BPI2013_Closed,WEIGHTED_PROBS_LEN
11.9674832560122,7.474133532866835,36.8,0.7232645233951371,0.09561598040163516,0.0,2.946775707229972,0.8352541755484406,0.1288687381893396,0.7239534930130344,20142.6,0.9308042847596004,0.4155807024226113,0.00049187769586428,1.0,5459.032894565165,7.966363067924976,0.7252601193106913,0.7503037146740862,0.7300354861567602,0.668366797813986,0.781828936171474,21.0,5.0,0.8,13.0,12.0,1.0,,2.5233656069354052e+38,1.0,1e-15,1.2,42.0,0.2,exhaustive_selection_config,"[[0, 0.1, 0.2, 0.3, 0.4, 0.5, 0.6, 0.7, 0.8, 0.9, 1]]","['nap', 'rtp']",252336560693540533935881068298825202077_eps5_s2,BPI2013_Closed,WEIGHTED_PROBS_LEN
11.9674832560122,7.495603071898222,36.8,0.7143208439185076,0.09537250287830826,0.0,2.9739122513681653,0.8349536857230243,0.1288687381893396,0.7177044704697024,20142.6,0.9302318986260373,0.4117514413974698,0.00049187769586428,1.0,5553.606867687777,8.014028268679976,0.7200485203412621,0.7487678443371443,0.7261738811129896,0.6623764573088129,0.7819762959986871,21.0,5.0,0.8,13.0,12.0,1.0,,2.5233656069354052e+38,1.0,1e-15,1.2,42.0,0.3,exhaustive_selection_config,"[[0, 0.1, 0.2, 0.3, 0.4, 0.5, 0.6, 0.7, 0.8, 0.9, 1]]","['nap', 'rtp']",252336560693540533935881068298825202077_eps5_s3,BPI2013_Closed,WEIGHTED_PROBS_LEN
11.9674832560122,7.833005306869746,36.8,0.7140195307677636,0.09381824694573873,0.0,3.0086478017270566,0.8347773605931479,0.1288687381893396,0.7174657391019705,20142.6,0.9301114499583141,0.4113279871327066,0.00049187769586428,1.0,5651.046202717722,7.954201889038086,0.7198240121060326,0.748582521134864,0.7259804162298378,0.6617790949462444,0.7818503894265394,21.0,5.0,0.8,13.0,12.0,1.0,,2.5233656069354052e+38,1.0,1e-15,1.2,42.0,0.4,exhaustive_selection_config,"[[0, 0.1, 0.2, 0.3, 0.4, 0.5, 0.6, 0.7, 0.8, 0.9, 1]]","['nap', 'rtp']",252336560693540533935881068298825202077_eps5_s4,BPI2013_Closed,WEIGHTED_PROBS_LEN
11.9674832560122,7.074360706657171,36.8,0.688593382676901,0.09421316757798193,0.0,2.979462971165776,0.820640034788806,0.1288687381893396,0.6920993281676191,20142.6,0.923272566262996,0.38900092739904896,0.00049187769586428,1.0,5743.00707356967,7.561698170751333,0.6945542970824072,0.7294310017208568,0.7016613244324545,0.6312244033337053,0.7652858315837433,21.0,5.0,0.8,13.0,12.0,1.0,,2.5233656069354052e+38,1.0,1e-15,1.2,42.0,0.5,exhaustive_selection_config,"[[0, 0.1, 0.2, 0.3, 0.4, 0.5, 0.6, 0.7, 0.8, 0.9, 1]]","['nap', 'rtp']",252336560693540533935881068298825202077_eps5_s5,BPI2013_Closed,WEIGHTED_PROBS_LEN
11.9674832560122,7.217124535888433,36.8,0.6888744714230933,0.0947336960583925,0.0,3.026490666344762,0.8207033504453325,0.1288687381893396,0.6923804169138115,20142.6,0.9233520902790104,0.38956403419516544,0.00049187769586428,1.0,5834.4697883576155,7.735635204985738,0.6948353858285996,0.7295849072146086,0.7019424131786469,0.6314776924068692,0.765346621339589,21.0,5.0,0.8,13.0,12.0,1.0,,2.5233656069354052e+38,1.0,1e-15,1.2,42.0,0.6,exhaustive_selection_config,"[[0, 0.1, 0.2, 0.3, 0.4, 0.5, 0.6, 0.7, 0.8, 0.9, 1]]","['nap', 'rtp']",252336560693540533935881068298825202077_eps5_s6,BPI2013_Closed,WEIGHTED_PROBS_LEN
11.9674832560122,7.082379771396518,36.8,0.6887749616905561,0.09677185714244836,0.0,2.9603968910872935,0.8206805360188483,0.1288687381893396,0.6922809071812741,20142.6,0.9233406830657683,0.3894839059900372,0.00049187769586428,1.0,5925.6504223153,7.711134617030621,0.6947358760960624,0.7295278711483981,0.7018429034461096,0.6313553682478478,0.7653123996998628,21.0,5.0,0.8,13.0,12.0,1.0,,2.5233656069354052e+38,1.0,1e-15,1.2,42.0,0.7,exhaustive_selection_config,"[[0, 0.1, 0.2, 0.3, 0.4, 0.5, 0.6, 0.7, 0.8, 0.9, 1]]","['nap', 'rtp']",252336560693540533935881068298825202077_eps5_s7,BPI2013_Closed,WEIGHTED_PROBS_LEN
11.9674832560122,6.953014960885048,36.8,0.6885735484279706,0.09557051137089725,0.0,3.0391841623932123,0.820557975563138,0.1288687381893396,0.6920794939186887,20142.6,0.9232487317910891,0.3893990680753932,0.00049187769586428,1.0,6016.498509638756,7.698933202773333,0.6945344628334769,0.7293390227202823,0.7016102420065188,0.6306418839923793,0.7651626300359214,21.0,5.0,0.8,13.0,12.0,1.0,,2.5233656069354052e+38,1.0,1e-15,1.2,42.0,0.8,exhaustive_selection_config,"[[0, 0.1, 0.2, 0.3, 0.4, 0.5, 0.6, 0.7, 0.8, 0.9, 1]]","['nap', 'rtp']",252336560693540533935881068298825202077_eps5_s8,BPI2013_Closed,WEIGHTED_PROBS_LEN
11.9674832560122,7.081819336488843,36.8,0.6887173696295601,0.09616679623723023,0.0,2.9994275886565447,0.8205209463931334,0.1288687381893396,0.6922233151202783,20142.6,0.9232193731707798,0.3892724933065395,0.00049187769586428,1.0,6107.6474897418175,7.744956874102354,0.6946782840350665,0.7293277079447125,0.7017481348683495,0.6304001532293281,0.7651469103605493,21.0,5.0,0.8,13.0,12.0,1.0,,2.5233656069354052e+38,1.0,1e-15,1.2,42.0,0.9,exhaustive_selection_config,"[[0, 0.1, 0.2, 0.3, 0.4, 0.5, 0.6, 0.7, 0.8, 0.9, 1]]","['nap', 'rtp']",252336560693540533935881068298825202077_eps5_s9,BPI2013_Closed,WEIGHTED_PROBS_LEN
11.9674832560122,7.3669876351952555,36.8,0.4119244211774705,0.09644837453961368,0.0,3.1443045631051065,0.8118665432918993,0.1288687381893396,0.4410775161393351,20142.6,0.9055876125466824,0.1964467396836816,0.00049187769586428,1.0,6293.100977776945,7.770099169388414,0.47387484785980316,0.6545684645684091,0.5334925828185322,0.26065791889752726,0.7456601179876227,21.0,5.0,0.8,15.0,12.0,1.0,,2.5233656069354052e+38,1.0,1e-15,1.2,42.0,0.0,exhaustive_selection_config,"[[0, 0.1, 0.2, 0.3, 0.4, 0.5, 0.6, 0.7, 0.8, 0.9, 1]]","['nap', 'rtp']",252336560693540533935881068298825202077_eps6_s0,BPI2013_Closed,WEIGHTED_PROBS_LEN
11.9674832560122,7.173522858694196,36.8,0.7312072001696666,0.09477380327880376,0.0,2.9873203586786987,0.838103210695332,0.1288687381893396,0.7319236660238925,20142.6,0.9318873654835761,0.4172633231527663,0.00049187769586428,1.0,6385.162036130205,7.629465034604072,0.7331467208110091,0.7560301694719916,0.7378177149077959,0.6775804261011495,0.7840993759866813,21.0,5.0,0.8,15.0,12.0,1.0,,2.5233656069354052e+38,1.0,1e-15,1.2,42.0,0.1,exhaustive_selection_config,"[[0, 0.1, 0.2, 0.3, 0.4, 0.5, 0.6, 0.7, 0.8, 0.9, 1]]","['nap', 'rtp']",252336560693540533935881068298825202077_eps6_s1,BPI2013_Closed,WEIGHTED_PROBS_LEN
11.9674832560122,7.314101004227996,36.8,0.48790469032171674,0.10027690678834911,0.0,3.078086653724313,0.7970388837171887,0.1288687381893396,0.48914571102660787,20142.6,0.9071694329752356,0.2680244265447894,0.00049187769586428,1.0,7210.887932838499,7.921455674991011,0.4925288087370131,0.5881087162478652,0.5102665555342153,0.4212972062697199,0.704610868153009,21.0,5.0,0.8,15.0,12.0,1.0,,2.5233656069354052e+38,1.0,1e-15,1.2,42.0,1.0,exhaustive_selection_config,"[[0, 0.1, 0.2, 0.3, 0.4, 0.5, 0.6, 0.7, 0.8, 0.9, 1]]","['nap', 'rtp']",252336560693540533935881068298825202077_eps6_s10,BPI2013_Closed,WEIGHTED_PROBS_LEN
11.9674832560122,7.112720085680484,36.8,0.7232849581534403,0.092720053717494,0.0,3.124179868772626,0.8352821891790956,0.1288687381893396,0.7239739277713373,20142.6,0.930844944318882,0.41567811331736443,0.00049187769586428,1.0,6476.796191511676,7.630254544317722,0.7251823865297272,0.7502507069598613,0.7297844277882055,0.6686200868871499,0.7818183940959131,21.0,5.0,0.8,15.0,12.0,1.0,,2.5233656069354052e+38,1.0,1e-15,1.2,42.0,0.2,exhaustive_selection_config,"[[0, 0.1, 0.2, 0.3, 0.4, 0.5, 0.6, 0.7, 0.8, 0.9, 1]]","['nap', 'rtp']",252336560693540533935881068298825202077_eps6_s2,BPI2013_Closed,WEIGHTED_PROBS_LEN
11.9674832560122,7.16209951415658,36.8,0.7157360742189262,0.09681847281754012,0.0,3.0637385927140715,0.8352222806769136,0.1288687381893396,0.7190297362670347,20142.6,0.9303888605673241,0.41265839346484484,0.00049187769586428,1.0,6567.951736728474,7.665019055828452,0.7213183676463168,0.7494071574786874,0.7274018180924828,0.6631221851584133,0.782459601161557,21.0,5.0,0.8,15.0,12.0,1.0,,2.5233656069354052e+38,1.0,1e-15,1.2,42.0,0.3,exhaustive_selection_config,"[[0, 0.1, 0.2, 0.3, 0.4, 0.5, 0.6, 0.7, 0.8, 0.9, 1]]","['nap', 'rtp']",252336560693540533935881068298825202077_eps6_s3,BPI2013_Closed,WEIGHTED_PROBS_LEN
11.9674832560122,7.252810511365533,36.8,0.7152957131219417,0.09942342601716511,0.0,2.972329454496503,0.8350686912001895,0.1288687381893396,0.71860533049514,20142.6,0.930287218678088,0.41223493920008164,0.00049187769586428,1.0,6659.7404804237185,7.674902434274554,0.7209133541405046,0.7490439054010116,0.7270524754082611,0.6625248227958447,0.7822788883868571,21.0,5.0,0.8,15.0,12.0,1.0,,2.5233656069354052e+38,1.0,1e-15,1.2,42.0,0.4,exhaustive_selection_config,"[[0, 0.1, 0.2, 0.3, 0.4, 0.5, 0.6, 0.7, 0.8, 0.9, 1]]","['nap', 'rtp']",252336560693540533935881068298825202077_eps6_s4,BPI2013_Closed,WEIGHTED_PROBS_LEN
11.9674832560122,7.11405850276351,36.8,0.7042687582434599,0.09756096862256522,0.0,3.0730176750570535,0.8295134332808878,0.1288687381893396,0.7076381127731695,20142.6,0.9275953337082429,0.40204726329552687,0.00049187769586428,1.0,6751.253876956925,7.629290421679616,0.709968098608428,0.7409487507515466,0.7163917570252194,0.6499275535177098,0.775495422760741,21.0,5.0,0.8,15.0,12.0,1.0,,2.5233656069354052e+38,1.0,1e-15,1.2,42.0,0.5,exhaustive_selection_config,"[[0, 0.1, 0.2, 0.3, 0.4, 0.5, 0.6, 0.7, 0.8, 0.9, 1]]","['nap', 'rtp']",252336560693540533935881068298825202077_eps6_s5,BPI2013_Closed,WEIGHTED_PROBS_LEN
11.9674832560122,7.177260488271713,36.8,0.7045537326728526,0.09534295760095116,0.0,2.9207013390958307,0.829590348828615,0.1288687381893396,0.7079230872025621,20142.6,0.9276816576698576,0.40261037009164335,0.00049187769586428,1.0,6842.2989874850955,7.620317610353231,0.7102530730378207,0.7411366559733004,0.7166767314546119,0.6501808425908736,0.7755766123533882,21.0,5.0,0.8,15.0,12.0,1.0,,2.5233656069354052e+38,1.0,1e-15,1.2,42.0,0.6,exhaustive_selection_config,"[[0, 0.1, 0.2, 0.3, 0.4, 0.5, 0.6, 0.7, 0.8, 0.9, 1]]","['nap', 'rtp']",252336560693540533935881068298825202077_eps6_s6,BPI2013_Closed,WEIGHTED_PROBS_LEN
11.9674832560122,7.342720209807157,36.8,0.7044161179939534,0.09500386677682399,0.0,3.045003527775407,0.8295597677888598,0.1288687381893396,0.707785472523663,20142.6,0.9276510766301023,0.40253024188651504,0.00049187769586428,1.0,6933.745382934064,8.201665852963924,0.7101154583589216,0.7410296223341567,0.7165391167757129,0.6500585184318523,0.7755460313136326,21.0,5.0,0.8,15.0,12.0,1.0,,2.5233656069354052e+38,1.0,1e-15,1.2,42.0,0.7,exhaustive_selection_config,"[[0, 0.1, 0.2, 0.3, 0.4, 0.5, 0.6, 0.7, 0.8, 0.9, 1]]","['nap', 'rtp']",252336560693540533935881068298825202077_eps6_s7,BPI2013_Closed,WEIGHTED_PROBS_LEN
11.9674832560122,6.947244800254703,36.8,0.7042147047313679,0.09590360261499878,0.0,2.96912668608129,0.8294372073331495,0.1288687381893396,0.7075840592610776,20142.6,0.9275591253554232,0.40244540397187106,0.00049187769586428,1.0,7027.648585001007,7.619993808865547,0.7099140450963362,0.7408407739060408,0.7163064553361221,0.6493450341763839,0.7753962616496913,21.0,5.0,0.8,15.0,12.0,1.0,,2.5233656069354052e+38,1.0,1e-15,1.2,42.0,0.8,exhaustive_selection_config,"[[0, 0.1, 0.2, 0.3, 0.4, 0.5, 0.6, 0.7, 0.8, 0.9, 1]]","['nap', 'rtp']",252336560693540533935881068298825202077_eps6_s8,BPI2013_Closed,WEIGHTED_PROBS_LEN
11.9674832560122,7.067996797338128,36.8,0.7041409655498244,0.09565041922032828,0.0,3.06440664306283,0.8293557123862806,0.1288687381893396,0.707510320079534,20142.6,0.9275337302205809,0.4023188292030174,0.00049187769586428,1.0,7118.408617469296,7.666356894001365,0.7098403059147925,0.7408154594401586,0.7162691032956793,0.6491033034133327,0.7753137346103757,21.0,5.0,0.8,15.0,12.0,1.0,,2.5233656069354052e+38,1.0,1e-15,1.2,42.0,0.9,exhaustive_selection_config,"[[0, 0.1, 0.2, 0.3, 0.4, 0.5, 0.6, 0.7, 0.8, 0.9, 1]]","['nap', 'rtp']",252336560693540533935881068298825202077_eps6_s9,BPI2013_Closed,WEIGHTED_PROBS_LEN
11.9674832560122,7.369430159404874,36.8,0.4119244211774705,0.09477009363472458,0.0,3.148952374979854,0.8118665432918993,0.1288687381893396,0.4410775161393351,20142.6,0.9055876125466824,0.1964467396836816,0.00049187769586428,1.0,7304.699261535332,7.76627209559083,0.47387484785980316,0.6545684645684091,0.5334925828185322,0.26065791889752726,0.7456601179876227,21.0,5.0,0.8,17.0,12.0,1.0,,2.5233656069354052e+38,1.0,1e-15,1.2,42.0,0.0,exhaustive_selection_config,"[[0, 0.1, 0.2, 0.3, 0.4, 0.5, 0.6, 0.7, 0.8, 0.9, 1]]","['nap', 'rtp']",252336560693540533935881068298825202077_eps7_s0,BPI2013_Closed,WEIGHTED_PROBS_LEN
11.9674832560122,7.580966297909617,36.8,0.7312040549919493,0.0953635718673467,0.0,3.186770093813539,0.838120201552463,0.1288687381893396,0.7319205208461753,20142.6,0.9318925830186264,0.4172633231527663,0.00049187769586428,1.0,7401.12890000157,8.230293694138528,0.733143575633292,0.7560799177450471,0.7378255935769642,0.6775804261011495,0.784124250123209,21.0,5.0,0.8,17.0,12.0,1.0,,2.5233656069354052e+38,1.0,1e-15,1.2,42.0,0.1,exhaustive_selection_config,"[[0, 0.1, 0.2, 0.3, 0.4, 0.5, 0.6, 0.7, 0.8, 0.9, 1]]","['nap', 'rtp']",252336560693540533935881068298825202077_eps7_s1,BPI2013_Closed,WEIGHTED_PROBS_LEN
11.9674832560122,7.71621858254075,36.8,0.49311545540340235,0.09933157600462432,0.0,3.118679950758815,0.7967699973925422,0.1288687381893396,0.49453916612395304,20142.6,0.9066030995938883,0.27008742968613614,0.00049187769586428,1.0,8254.791836312414,8.337294637411834,0.4982868993253173,0.59048187283849,0.5132681956262883,0.4214496968910112,0.705698710639985,21.0,5.0,0.8,17.0,12.0,1.0,,2.5233656069354052e+38,1.0,1e-15,1.2,42.0,1.0,exhaustive_selection_config,"[[0, 0.1, 0.2, 0.3, 0.4, 0.5, 0.6, 0.7, 0.8, 0.9, 1]]","['nap', 'rtp']",252336560693540533935881068298825202077_eps7_s10,BPI2013_Closed,WEIGHTED_PROBS_LEN
11.9674832560122,7.233842983096838,36.8,0.7233603439134608,0.09748221561312673,0.0,3.060894598066807,0.8352134703079944,0.1288687381893396,0.7240493135313579,20142.6,0.9308065621585042,0.41567811331736443,0.00049187769586428,1.0,7495.132095549256,7.787940806150436,0.725257772289748,0.7501133883616107,0.7299326154607119,0.6686200868871499,0.7817200923185098,21.0,5.0,0.8,17.0,12.0,1.0,,2.5233656069354052e+38,1.0,1e-15,1.2,42.0,0.2,exhaustive_selection_config,"[[0, 0.1, 0.2, 0.3, 0.4, 0.5, 0.6, 0.7, 0.8, 0.9, 1]]","['nap', 'rtp']",252336560693540533935881068298825202077_eps7_s2,BPI2013_Closed,WEIGHTED_PROBS_LEN
11.9674832560122,7.209507085755467,36.8,0.715896792720079,0.09722564630210394,0.0,3.037688638269901,0.8354800385148666,0.1288687381893396,0.7191904547681875,20142.6,0.9305516273955202,0.41285379951943746,0.00049187769586428,1.0,7587.220382053405,7.727485013008118,0.7215264981433244,0.7495695046234375,0.7276429973521139,0.6633839652631253,0.7826673271231451,21.0,5.0,0.8,17.0,12.0,1.0,,2.5233656069354052e+38,1.0,1e-15,1.2,42.0,0.3,exhaustive_selection_config,"[[0, 0.1, 0.2, 0.3, 0.4, 0.5, 0.6, 0.7, 0.8, 0.9, 1]]","['nap', 'rtp']",252336560693540533935881068298825202077_eps7_s3,BPI2013_Closed,WEIGHTED_PROBS_LEN
11.9674832560122,7.557321145385504,36.8,0.7154564316230946,0.09631666392087931,0.0,2.966875395551324,0.8353264490381423,0.1288687381893396,0.7187660489962927,20142.6,0.9304499855062843,0.41243034525467426,0.00049187769586428,1.0,7682.136557544023,8.115855272486806,0.7211214846375121,0.7492062525457617,0.7272936546678923,0.6627866029005568,0.7824866143484452,21.0,5.0,0.8,17.0,12.0,1.0,,2.5233656069354052e+38,1.0,1e-15,1.2,42.0,0.4,exhaustive_selection_config,"[[0, 0.1, 0.2, 0.3, 0.4, 0.5, 0.6, 0.7, 0.8, 0.9, 1]]","['nap', 'rtp']",252336560693540533935881068298825202077_eps7_s4,BPI2013_Closed,WEIGHTED_PROBS_LEN
11.9674832560122,7.560617327317596,36.8,0.7053006059966714,0.09587281532585616,0.0,3.055673084035516,0.8301714558558115,0.1288687381893396,0.7086759100742153,20142.6,0.9279551127964064,0.40302116244018704,0.00049187769586428,1.0,7777.604782825709,8.074787676334381,0.7110604690748353,0.7417427967299048,0.7175250695921063,0.6513044067788443,0.7761760781803747,21.0,5.0,0.8,17.0,12.0,1.0,,2.5233656069354052e+38,1.0,1e-15,1.2,42.0,0.5,exhaustive_selection_config,"[[0, 0.1, 0.2, 0.3, 0.4, 0.5, 0.6, 0.7, 0.8, 0.9, 1]]","['nap', 'rtp']",252336560693540533935881068298825202077_eps7_s5,BPI2013_Closed,WEIGHTED_PROBS_LEN
11.9674832560122,7.14250159189105,36.8,0.705585580426064,0.09812623187899586,0.0,2.984499783441424,0.8302483714035388,0.1288687381893396,0.7089608845036081,20142.6,0.928041436758021,0.40358426923630353,0.00049187769586428,1.0,7869.69133486338,7.704639597982168,0.7113454435042279,0.7419307019516588,0.7178100440214988,0.6515576958520082,0.7762572677730217,21.0,5.0,0.8,17.0,12.0,1.0,,2.5233656069354052e+38,1.0,1e-15,1.2,42.0,0.6,exhaustive_selection_config,"[[0, 0.1, 0.2, 0.3, 0.4, 0.5, 0.6, 0.7, 0.8, 0.9, 1]]","['nap', 'rtp']",252336560693540533935881068298825202077_eps7_s6,BPI2013_Closed,WEIGHTED_PROBS_LEN
11.9674832560122,7.738410849869251,36.8,0.705447965747165,0.09646593593060966,0.0,2.963399776816368,0.8302177903637835,0.1288687381893396,0.7088232698247089,20142.6,0.9280108557182658,0.4035041410311753,0.00049187769586428,1.0,7964.775015432388,8.36166677698493,0.7112078288253288,0.741823668312515,0.7176724293425998,0.6514353716929867,0.7762266867332663,21.0,5.0,0.8,17.0,12.0,1.0,,2.5233656069354052e+38,1.0,1e-15,1.2,42.0,0.7,exhaustive_selection_config,"[[0, 0.1, 0.2, 0.3, 0.4, 0.5, 0.6, 0.7, 0.8, 0.9, 1]]","['nap', 'rtp']",252336560693540533935881068298825202077_eps7_s7,BPI2013_Closed,WEIGHTED_PROBS_LEN
11.9674832560122,7.303183780610562,36.8,0.7052465524845795,0.09365897662937636,0.0,3.0315907564014197,0.8300952299080733,0.1288687381893396,0.7086218565621234,20142.6,0.9279189044435867,0.40341930311653124,0.00049187769586428,1.0,8059.463730476424,7.925592355430126,0.7110064155627434,0.7416348198843989,0.7174397679030091,0.6507218874375184,0.7760769170693251,21.0,5.0,0.8,17.0,12.0,1.0,,2.5233656069354052e+38,1.0,1e-15,1.2,42.0,0.8,exhaustive_selection_config,"[[0, 0.1, 0.2, 0.3, 0.4, 0.5, 0.6, 0.7, 0.8, 0.9, 1]]","['nap', 'rtp']",252336560693540533935881068298825202077_eps7_s8,BPI2013_Closed,WEIGHTED_PROBS_LEN
11.9674832560122,7.768106372281909,36.8,0.7052299930961942,0.09542186222970482,0.0,2.930602944642305,0.8300013045713873,0.1288687381893396,0.7086052971737381,20142.6,0.9278885371528178,0.40329272834767754,0.00049187769586428,1.0,8156.179159355908,8.295336761698128,0.7109898561743581,0.7415722142490658,0.7174223044862734,0.6504801566744671,0.7759695292503753,21.0,5.0,0.8,17.0,12.0,1.0,,2.5233656069354052e+38,1.0,1e-15,1.2,42.0,0.9,exhaustive_selection_config,"[[0, 0.1, 0.2, 0.3, 0.4, 0.5, 0.6, 0.7, 0.8, 0.9, 1]]","['nap', 'rtp']",252336560693540533935881068298825202077_eps7_s9,BPI2013_Closed,WEIGHTED_PROBS_LEN
11.9674832560122,8.46703905314207,36.8,0.4119244211774705,0.0954482782632112,0.0,3.128990687057376,0.8118665432918993,0.1288687381893396,0.4410775161393351,20142.6,0.9055876125466824,0.1964467396836816,0.00049187769586428,1.0,8354.998086971416,8.549144446477294,0.47387484785980316,0.6545684645684091,0.5334925828185322,0.26065791889752726,0.7456601179876227,21.0,5.0,0.8,19.0,12.0,1.0,,2.5233656069354052e+38,1.0,1e-15,1.2,42.0,0.0,exhaustive_selection_config,"[[0, 0.1, 0.2, 0.3, 0.4, 0.5, 0.6, 0.7, 0.8, 0.9, 1]]","['nap', 'rtp']",252336560693540533935881068298825202077_eps8_s0,BPI2013_Closed,WEIGHTED_PROBS_LEN
11.9674832560122,7.268090738728643,36.8,0.7312027845998996,0.09656206779181951,0.0,2.9711113762110473,0.8381119361504028,0.1288687381893396,0.7319192504541255,20142.6,0.9318884503175964,0.4172633231527663,0.00049187769586428,1.0,8450.572996192053,7.711574013903737,0.7331423052412422,0.7560673694180277,0.7377818219715506,0.6775804261011495,0.7841179759596992,21.0,5.0,0.8,19.0,12.0,1.0,,2.5233656069354052e+38,1.0,1e-15,1.2,42.0,0.1,exhaustive_selection_config,"[[0, 0.1, 0.2, 0.3, 0.4, 0.5, 0.6, 0.7, 0.8, 0.9, 1]]","['nap', 'rtp']",252336560693540533935881068298825202077_eps8_s1,BPI2013_Closed,WEIGHTED_PROBS_LEN
11.9674832560122,7.462337507680059,36.8,0.4935991587203253,0.09587743580341336,0.0,3.099458725377917,0.7974892176734684,0.1288687381893396,0.4958065457899231,20142.6,0.90764010875544,0.2754978736311939,0.00049187769586428,1.0,9279.975187550113,8.190679594129325,0.49935909016578306,0.5902239338220185,0.5131271241987055,0.4312638287040375,0.7077496586376963,21.0,5.0,0.8,19.0,12.0,1.0,,2.5233656069354052e+38,1.0,1e-15,1.2,42.0,1.0,exhaustive_selection_config,"[[0, 0.1, 0.2, 0.3, 0.4, 0.5, 0.6, 0.7, 0.8, 0.9, 1]]","['nap', 'rtp']",252336560693540533935881068298825202077_eps8_s10,BPI2013_Closed,WEIGHTED_PROBS_LEN
11.9674832560122,7.221308268606663,36.8,0.7232964755881873,0.09498668722808357,0.0,2.9144827287644146,0.8352879203499299,0.1288687381893396,0.7239854452060844,20142.6,0.9308441386664832,0.41567811331736443,0.00049187769586428,1.0,8542.302493376284,7.699232748895883,0.7251939039644743,0.7502866863959607,0.7299446715016705,0.6686200868871499,0.7818324736029425,21.0,5.0,0.8,19.0,12.0,1.0,,2.5233656069354052e+38,1.0,1e-15,1.2,42.0,0.2,exhaustive_selection_config,"[[0, 0.1, 0.2, 0.3, 0.4, 0.5, 0.6, 0.7, 0.8, 0.9, 1]]","['nap', 'rtp']",252336560693540533935881068298825202077_eps8_s2,BPI2013_Closed,WEIGHTED_PROBS_LEN
11.9674832560122,7.25684290714562,36.8,0.7158853063237525,0.09619416370987885,0.0,3.1332815408706667,0.8355023152146591,0.1288687381893396,0.7191849179196953,20142.6,0.9305592067555132,0.41285379951943746,0.00049187769586428,1.0,8634.567927525193,7.729637041687965,0.721566562602022,0.7495917139364113,0.7276505888228046,0.6633839652631253,0.7826914229834785,21.0,5.0,0.8,19.0,12.0,1.0,,2.5233656069354052e+38,1.0,1e-15,1.2,42.0,0.3,exhaustive_selection_config,"[[0, 0.1, 0.2, 0.3, 0.4, 0.5, 0.6, 0.7, 0.8, 0.9, 1]]","['nap', 'rtp']",252336560693540533935881068298825202077_eps8_s3,BPI2013_Closed,WEIGHTED_PROBS_LEN
11.9674832560122,7.211911980807781,36.8,0.7154449452267679,0.09585118442773813,0.0,2.9182204812765122,0.835348725737935,0.1288687381893396,0.7187605121478005,20142.6,0.9304575648662772,0.41243034525467426,0.00049187769586428,1.0,8726.117020571604,7.633692613989115,0.7211615490962098,0.7492284618587355,0.727301246138583,0.6627866029005568,0.7825107102087786,21.0,5.0,0.8,19.0,12.0,1.0,,2.5233656069354052e+38,1.0,1e-15,1.2,42.0,0.4,exhaustive_selection_config,"[[0, 0.1, 0.2, 0.3, 0.4, 0.5, 0.6, 0.7, 0.8, 0.9, 1]]","['nap', 'rtp']",252336560693540533935881068298825202077_eps8_s4,BPI2013_Closed,WEIGHTED_PROBS_LEN
11.9674832560122,7.163250327855349,36.8,0.7056370330643873,0.09790681153535838,0.0,2.986261731758714,0.8301222927175447,0.1288687381893396,0.7090123371419312,20142.6,0.9279147598279034,0.40328787651030185,0.00049187769586428,1.0,8817.71912706755,7.746827708184719,0.7114079210196315,0.7418182898644197,0.7178492089492389,0.6516739603156871,0.7762037489214615,21.0,5.0,0.8,19.0,12.0,1.0,,2.5233656069354052e+38,1.0,1e-15,1.2,42.0,0.5,exhaustive_selection_config,"[[0, 0.1, 0.2, 0.3, 0.4, 0.5, 0.6, 0.7, 0.8, 0.9, 1]]","['nap', 'rtp']",252336560693540533935881068298825202077_eps8_s5,BPI2013_Closed,WEIGHTED_PROBS_LEN
11.9674832560122,7.223203455656767,36.8,0.7059220074937799,0.09989731721580024,0.0,3.1332600388675926,0.8301992082652718,0.1288687381893396,0.7092973115713239,20142.6,0.928001083789518,0.40385098330641844,0.00049187769586428,1.0,8910.012718854845,7.753178874030709,0.7116928954490241,0.7420061950861736,0.7181341833786314,0.6519272493888509,0.7762849385141086,21.0,5.0,0.8,19.0,12.0,1.0,,2.5233656069354052e+38,1.0,1e-15,1.2,42.0,0.6,exhaustive_selection_config,"[[0, 0.1, 0.2, 0.3, 0.4, 0.5, 0.6, 0.7, 0.8, 0.9, 1]]","['nap', 'rtp']",252336560693540533935881068298825202077_eps8_s6,BPI2013_Closed,WEIGHTED_PROBS_LEN
11.9674832560122,7.082510641217231,36.8,0.7057843928148808,0.09687663242220874,0.0,2.971962859481573,0.8301686272255167,0.1288687381893396,0.7091596968924248,20142.6,0.9279705027497627,0.40377085510129024,0.00049187769586428,1.0,9001.657233269885,7.728940300643444,0.711555280770125,0.7418991614470298,0.7179965686997324,0.6518049252298296,0.7762543574743532,21.0,5.0,0.8,19.0,12.0,1.0,,2.5233656069354052e+38,1.0,1e-15,1.2,42.0,0.7,exhaustive_selection_config,"[[0, 0.1, 0.2, 0.3, 0.4, 0.5, 0.6, 0.7, 0.8, 0.9, 1]]","['nap', 'rtp']",252336560693540533935881068298825202077_eps8_s7,BPI2013_Closed,WEIGHTED_PROBS_LEN
11.9674832560122,7.062523771822453,36.8,0.7055829795522953,0.10209419280290596,0.0,3.0407139282673596,0.8300460667698063,0.1288687381893396,0.7089582836298393,20142.6,0.9278785514750837,0.40368601718664615,0.00049187769586428,1.0,9093.156332869456,7.789784454926848,0.7113538675075395,0.7417103130189138,0.7177639072601416,0.6510914409743613,0.7761045878104119,21.0,5.0,0.8,19.0,12.0,1.0,,2.5233656069354052e+38,1.0,1e-15,1.2,42.0,0.8,exhaustive_selection_config,"[[0, 0.1, 0.2, 0.3, 0.4, 0.5, 0.6, 0.7, 0.8, 0.9, 1]]","['nap', 'rtp']",252336560693540533935881068298825202077_eps8_s8,BPI2013_Closed,WEIGHTED_PROBS_LEN
11.9674832560122,7.1037567660212515,36.8,0.70556642016391,0.0987997535616159,0.0,3.124052992463112,0.8299521414331205,0.1288687381893396,0.708941724241454,20142.6,0.9278481841843147,0.40355944241779246,0.00049187769586428,1.0,9185.216780924424,7.791925604641437,0.7113373081191543,0.7416477073835807,0.717746443843406,0.65084971021131,0.7759971999914622,21.0,5.0,0.8,19.0,12.0,1.0,,2.5233656069354052e+38,1.0,1e-15,1.2,42.0,0.9,exhaustive_selection_config,"[[0, 0.1, 0.2, 0.3, 0.4, 0.5, 0.6, 0.7, 0.8, 0.9, 1]]","['nap', 'rtp']",252336560693540533935881068298825202077_eps8_s9,BPI2013_Closed,WEIGHTED_PROBS_LEN
11.9674832560122,7.412367572262883,36.8,0.4119244211774705,0.09596542008221146,0.0,3.165066970139742,0.8118665432918993,0.1288687381893396,0.4410775161393351,20142.6,0.9055876125466824,0.1964467396836816,0.00049187769586428,1.0,9374.437964226678,7.817395462468267,0.47387484785980316,0.6545684645684091,0.5334925828185322,0.26065791889752726,0.7456601179876227,21.0,5.0,0.8,21.0,12.0,1.0,,2.5233656069354052e+38,1.0,1e-15,1.2,42.0,0.0,exhaustive_selection_config,"[[0, 0.1, 0.2, 0.3, 0.4, 0.5, 0.6, 0.7, 0.8, 0.9, 1]]","['nap', 'rtp']",252336560693540533935881068298825202077_eps9_s0,BPI2013_Closed,WEIGHTED_PROBS_LEN
11.9674832560122,7.26002466455102,36.8,0.7312032654854883,0.09619775898754593,0.0,3.096677516773343,0.8381120732376907,0.1288687381893396,0.7319197313397143,20142.6,0.9318893543459467,0.4172633231527663,0.00049187769586428,1.0,9468.044461901114,7.775332135334611,0.7331427861268309,0.7560643016537772,0.7377731114452868,0.6775804261011495,0.7841164420775741,21.0,5.0,0.8,21.0,12.0,1.0,,2.5233656069354052e+38,1.0,1e-15,1.2,42.0,0.1,exhaustive_selection_config,"[[0, 0.1, 0.2, 0.3, 0.4, 0.5, 0.6, 0.7, 0.8, 0.9, 1]]","['nap', 'rtp']",252336560693540533935881068298825202077_eps9_s1,BPI2013_Closed,WEIGHTED_PROBS_LEN
11.9674832560122,7.872805824130774,36.8,0.49155953822891485,0.09545446336269374,0.0,3.071474679931998,0.7968725632503049,0.1288687381893396,0.49424470184866653,20142.6,0.907207263427987,0.2789129709002661,0.00049187769586428,1.0,10304.084733378888,8.712757449224592,0.498273547343316,0.5943358446716065,0.5124950600625239,0.4329154751791283,0.7086742235448839,21.0,5.0,0.8,21.0,12.0,1.0,,2.5233656069354052e+38,1.0,1e-15,1.2,42.0,1.0,exhaustive_selection_config,"[[0, 0.1, 0.2, 0.3, 0.4, 0.5, 0.6, 0.7, 0.8, 0.9, 1]]","['nap', 'rtp']",252336560693540533935881068298825202077_eps9_s10,BPI2013_Closed,WEIGHTED_PROBS_LEN
11.9674832560122,7.228322669491172,36.8,0.7232814572072819,0.09613389186561107,0.0,3.0977436412125825,0.8352962157287328,0.1288687381893396,0.723970426825179,20142.6,0.9308499777777997,0.41567811331736443,0.00049187769586428,1.0,9560.635447612778,7.708327301964164,0.7251788855835689,0.7502973657293254,0.7299608280537604,0.6686200868871499,0.7818373861379158,21.0,5.0,0.8,21.0,12.0,1.0,,2.5233656069354052e+38,1.0,1e-15,1.2,42.0,0.2,exhaustive_selection_config,"[[0, 0.1, 0.2, 0.3, 0.4, 0.5, 0.6, 0.7, 0.8, 0.9, 1]]","['nap', 'rtp']",252336560693540533935881068298825202077_eps9_s2,BPI2013_Closed,WEIGHTED_PROBS_LEN
11.9674832560122,7.282998847216367,36.8,0.7158597861712446,0.10206016376614564,0.0,2.9488947287201883,0.8355430434971094,0.1288687381893396,0.7191764676931147,20142.6,0.9305816004046719,0.41285379951943746,0.00049187769586428,1.0,9652.437297909706,7.644685313850641,0.7215593537422695,0.7496858144611468,0.7276896728142861,0.6633839652631253,0.7827587713542415,21.0,5.0,0.8,21.0,12.0,1.0,,2.5233656069354052e+38,1.0,1e-15,1.2,42.0,0.3,exhaustive_selection_config,"[[0, 0.1, 0.2, 0.3, 0.4, 0.5, 0.6, 0.7, 0.8, 0.9, 1]]","['nap', 'rtp']",252336560693540533935881068298825202077_eps9_s3,BPI2013_Closed,WEIGHTED_PROBS_LEN
11.9674832560122,7.233879245445133,36.8,0.7154194250742602,0.09859284497797485,0.0,2.9499519899487496,0.8353894540203852,0.1288687381893396,0.71875206192122,20142.6,0.9304799585154357,0.41243034525467426,0.00049187769586428,1.0,9744.297797945886,7.6809409011155365,0.7211543402364573,0.749322562383471,0.7273403301300645,0.6627866029005568,0.7825780585795418,21.0,5.0,0.8,21.0,12.0,1.0,,2.5233656069354052e+38,1.0,1e-15,1.2,42.0,0.4,exhaustive_selection_config,"[[0, 0.1, 0.2, 0.3, 0.4, 0.5, 0.6, 0.7, 0.8, 0.9, 1]]","['nap', 'rtp']",252336560693540533935881068298825202077_eps9_s4,BPI2013_Closed,WEIGHTED_PROBS_LEN
11.9674832560122,7.654287356883287,36.8,0.7057090844671798,0.0964772921055555,0.0,3.0644192595034836,0.8300269380333237,0.1288687381893396,0.709101458470651,20142.6,0.9278494241972771,0.40328787651030185,0.00049187769586428,1.0,9840.0284534771,8.289600760489702,0.7114929186204855,0.7416548046771221,0.7178890670018918,0.6516739603156871,0.7761464855834317,21.0,5.0,0.8,21.0,12.0,1.0,,2.5233656069354052e+38,1.0,1e-15,1.2,42.0,0.5,exhaustive_selection_config,"[[0, 0.1, 0.2, 0.3, 0.4, 0.5, 0.6, 0.7, 0.8, 0.9, 1]]","['nap', 'rtp']",252336560693540533935881068298825202077_eps9_s5,BPI2013_Closed,WEIGHTED_PROBS_LEN
11.9674832560122,7.237634024769068,36.8,0.7059940588965725,0.09778854623436924,0.0,2.959292688593268,0.8301038535810509,0.1288687381893396,0.7093864329000437,20142.6,0.9279357481588919,0.40385098330641844,0.00049187769586428,1.0,9933.000059484319,7.727763103693723,0.7117778930498779,0.7418427098988759,0.7181740414312843,0.6519272493888509,0.7762276751760787,21.0,5.0,0.8,21.0,12.0,1.0,,2.5233656069354052e+38,1.0,1e-15,1.2,42.0,0.6,exhaustive_selection_config,"[[0, 0.1, 0.2, 0.3, 0.4, 0.5, 0.6, 0.7, 0.8, 0.9, 1]]","['nap', 'rtp']",252336560693540533935881068298825202077_eps9_s6,BPI2013_Closed,WEIGHTED_PROBS_LEN
11.9674832560122,7.1269658204168085,36.8,0.7058564442176734,0.0960848908871412,0.0,3.0097889464348553,0.8300732725412956,0.1288687381893396,0.7092488182211445,20142.6,0.9279051671191365,0.40377085510129024,0.00049187769586428,1.0,10024.756967052444,7.718003774434328,0.711640278370979,0.7417356762597321,0.7180364267523853,0.6518049252298296,0.7761970941363233,21.0,5.0,0.8,21.0,12.0,1.0,,2.5233656069354052e+38,1.0,1e-15,1.2,42.0,0.7,exhaustive_selection_config,"[[0, 0.1, 0.2, 0.3, 0.4, 0.5, 0.6, 0.7, 0.8, 0.9, 1]]","['nap', 'rtp']",252336560693540533935881068298825202077_eps9_s7,BPI2013_Closed,WEIGHTED_PROBS_LEN
11.9674832560122,7.042729577794671,36.8,0.705655030955088,0.0970649108290672,0.0,3.0805447667837145,0.8299507120855854,0.1288687381893396,0.7090474049585591,20142.6,0.9278132158444576,0.40368601718664615,0.00049187769586428,1.0,10115.987507300824,7.702274928987026,0.7114388651083934,0.7415468278316161,0.7178037653127944,0.6510914409743613,0.7760473244723821,21.0,5.0,0.8,21.0,12.0,1.0,,2.5233656069354052e+38,1.0,1e-15,1.2,42.0,0.8,exhaustive_selection_config,"[[0, 0.1, 0.2, 0.3, 0.4, 0.5, 0.6, 0.7, 0.8, 0.9, 1]]","['nap', 'rtp']",252336560693540533935881068298825202077_eps9_s8,BPI2013_Closed,WEIGHTED_PROBS_LEN
11.9674832560122,7.032313925400376,36.8,0.7056384715667027,0.09583532065153118,0.0,2.9750086326152085,0.8298567867488995,0.1288687381893396,0.7090308455701738,20142.6,0.9277828485536885,0.40355944241779246,0.00049187769586428,1.0,10207.094571644067,7.6492036141455175,0.7114223057200082,0.741484222196283,0.717786301896059,0.65084971021131,0.7759399366534323,21.0,5.0,0.8,21.0,12.0,1.0,,2.5233656069354052e+38,1.0,1e-15,1.2,42.0,0.9,exhaustive_selection_config,"[[0, 0.1, 0.2, 0.3, 0.4, 0.5, 0.6, 0.7, 0.8, 0.9, 1]]","['nap', 'rtp']",252336560693540533935881068298825202077_eps9_s9,BPI2013_Closed,WEIGHTED_PROBS_LEN
463.56043948605657,67.68207623548805,124.6,0.27908398055897665,0.133447914943099,0.0,17.207880014926197,0.8147148531291407,2.233052955940366,0.3351918261627912,173374.6,0.9014428215731047,0.12911517199118894,0.00017675058614579682,1.0,929.1507428240031,70.33766284510493,0.3779427360298821,0.6238887079452539,0.45914945672723445,0.1392419820160094,0.7399103533477472,21.0,5.0,0.8,3.0,12.0,1.0,,2.5233656069354052e+38,1.0,1e-15,1.2,42.0,0.0,exhaustive_selection_config,"[[0, 0.1, 0.2, 0.3, 0.4, 0.5, 0.6, 0.7, 0.8, 0.9, 1]]","['nap', 'rtp']",252336560693540533935881068298825202077_eps0_s0,BPI2013_Incidents,WEIGHTED_PROBS_LEN
463.56043948605657,534.3924096211791,124.6,0.32850040608213177,0.1350159306079149,0.0,22.057115342468023,0.9564764842672192,2.233052955940366,0.8248981561501504,173374.6,0.9805655194713075,0.3091174671574227,0.00017675058614579682,1.0,3079.011494375393,70.65344716310501,0.8546835467932308,0.921344028282397,0.8865502492127435,0.702790723222742,0.9376259918205155,21.0,5.0,0.8,3.0,12.0,1.0,,2.5233656069354052e+38,1.0,1e-15,1.2,42.0,0.1,exhaustive_selection_config,"[[0, 0.1, 0.2, 0.3, 0.4, 0.5, 0.6, 0.7, 0.8, 0.9, 1]]","['nap', 'rtp']",252336560693540533935881068298825202077_eps0_s1,BPI2013_Incidents,WEIGHTED_PROBS_LEN
463.56043948605657,526.9657538868487,124.6,0.32850040608213177,0.14132689759135245,0.0,22.13297894895077,0.9564764842672192,2.233052955940366,0.8248981561501504,173374.6,0.9805655194713075,0.3091174671574227,0.00017675058614579682,1.0,36060.466965894404,70.68893605284393,0.8546835467932308,0.921344028282397,0.8865502492127435,0.702790723222742,0.9376259918205155,21.0,5.0,0.8,3.0,12.0,1.0,,2.5233656069354052e+38,1.0,1e-15,1.2,42.0,1.0,exhaustive_selection_config,"[[0, 0.1, 0.2, 0.3, 0.4, 0.5, 0.6, 0.7, 0.8, 0.9, 1]]","['nap', 'rtp']",252336560693540533935881068298825202077_eps0_s10,BPI2013_Incidents,WEIGHTED_PROBS_LEN
463.56043948605657,530.2493696924299,124.6,0.32850040608213177,0.13849325813353058,0.0,21.92703371345997,0.9564764842672192,2.233052955940366,0.8248981561501504,173374.6,0.9805655194713075,0.3091174671574227,0.00017675058614579682,1.0,6207.654771893844,70.82237462066114,0.8546835467932308,0.921344028282397,0.8865502492127435,0.702790723222742,0.9376259918205155,21.0,5.0,0.8,3.0,12.0,1.0,,2.5233656069354052e+38,1.0,1e-15,1.2,42.0,0.2,exhaustive_selection_config,"[[0, 0.1, 0.2, 0.3, 0.4, 0.5, 0.6, 0.7, 0.8, 0.9, 1]]","['nap', 'rtp']",252336560693540533935881068298825202077_eps0_s2,BPI2013_Incidents,WEIGHTED_PROBS_LEN
463.56043948605657,529.5008809302002,124.6,0.32850040608213177,0.13406703211367127,0.0,22.000105088576674,0.9564764842672192,2.233052955940366,0.8248981561501504,173374.6,0.9805655194713075,0.3091174671574227,0.00017675058614579682,1.0,9317.623308432847,70.71235492415727,0.8546835467932308,0.921344028282397,0.8865502492127435,0.702790723222742,0.9376259918205155,21.0,5.0,0.8,3.0,12.0,1.0,,2.5233656069354052e+38,1.0,1e-15,1.2,42.0,0.3,exhaustive_selection_config,"[[0, 0.1, 0.2, 0.3, 0.4, 0.5, 0.6, 0.7, 0.8, 0.9, 1]]","['nap', 'rtp']",252336560693540533935881068298825202077_eps0_s3,BPI2013_Incidents,WEIGHTED_PROBS_LEN
463.56043948605657,527.9052758660167,124.6,0.32850040608213177,0.1343012053519487,0.0,22.088615596666934,0.9564764842672192,2.233052955940366,0.8248981561501504,173374.6,0.9805655194713075,0.3091174671574227,0.00017675058614579682,1.0,12428.077863666042,70.59323997870088,0.8546835467932308,0.921344028282397,0.8865502492127435,0.702790723222742,0.9376259918205155,21.0,5.0,0.8,3.0,12.0,1.0,,2.5233656069354052e+38,1.0,1e-15,1.2,42.0,0.4,exhaustive_selection_config,"[[0, 0.1, 0.2, 0.3, 0.4, 0.5, 0.6, 0.7, 0.8, 0.9, 1]]","['nap', 'rtp']",252336560693540533935881068298825202077_eps0_s4,BPI2013_Incidents,WEIGHTED_PROBS_LEN
463.56043948605657,539.706191534549,124.6,0.32850040608213177,0.1361217632889747,0.0,23.573250360041857,0.9564764842672192,2.233052955940366,0.8248981561501504,173374.6,0.9805655194713075,0.3091174671574227,0.00017675058614579682,1.0,15591.14879549928,75.57304743528366,0.8546835467932308,0.921344028282397,0.8865502492127435,0.702790723222742,0.9376259918205155,21.0,5.0,0.8,3.0,12.0,1.0,,2.5233656069354052e+38,1.0,1e-15,1.2,42.0,0.5,exhaustive_selection_config,"[[0, 0.1, 0.2, 0.3, 0.4, 0.5, 0.6, 0.7, 0.8, 0.9, 1]]","['nap', 'rtp']",252336560693540533935881068298825202077_eps0_s5,BPI2013_Incidents,WEIGHTED_PROBS_LEN
463.56043948605657,597.3907904174179,124.6,0.32850040608213177,65.50764162614942,0.0,194.0361422047019,0.9564764842672192,2.233052955940366,0.8248981561501504,173374.6,0.9805655194713075,0.3091174671574227,0.00017675058614579682,1.0,19892.3307327915,76.34380122311413,0.8546835467932308,0.921344028282397,0.8865502492127435,0.702790723222742,0.9376259918205155,21.0,5.0,0.8,3.0,12.0,1.0,,2.5233656069354052e+38,1.0,1e-15,1.2,42.0,0.6,exhaustive_selection_config,"[[0, 0.1, 0.2, 0.3, 0.4, 0.5, 0.6, 0.7, 0.8, 0.9, 1]]","['nap', 'rtp']",252336560693540533935881068298825202077_eps0_s6,BPI2013_Incidents,WEIGHTED_PROBS_LEN
463.56043948605657,591.5729672234505,124.6,0.32850040608213177,75.68944027796388,0.0,206.86856243647634,0.9564764842672192,2.233052955940366,0.8248981561501504,173374.6,0.9805655194713075,0.3091174671574227,0.00017675058614579682,1.0,25410.0640693564,76.73154198415577,0.8546835467932308,0.921344028282397,0.8865502492127435,0.702790723222742,0.9376259918205155,21.0,5.0,0.8,3.0,12.0,1.0,,2.5233656069354052e+38,1.0,1e-15,1.2,42.0,0.7,exhaustive_selection_config,"[[0, 0.1, 0.2, 0.3, 0.4, 0.5, 0.6, 0.7, 0.8, 0.9, 1]]","['nap', 'rtp']",252336560693540533935881068298825202077_eps0_s7,BPI2013_Incidents,WEIGHTED_PROBS_LEN
463.56043948605657,536.8960930097849,124.6,0.32850040608213177,2.246661600470543,0.0,22.352061008661984,0.9564764842672192,2.233052955940366,0.8248981561501504,173374.6,0.9805655194713075,0.3091174671574227,0.00017675058614579682,1.0,29788.135827882586,72.40305929966271,0.8546835467932308,0.921344028282397,0.8865502492127435,0.702790723222742,0.9376259918205155,21.0,5.0,0.8,3.0,12.0,1.0,,2.5233656069354052e+38,1.0,1e-15,1.2,42.0,0.8,exhaustive_selection_config,"[[0, 0.1, 0.2, 0.3, 0.4, 0.5, 0.6, 0.7, 0.8, 0.9, 1]]","['nap', 'rtp']",252336560693540533935881068298825202077_eps0_s8,BPI2013_Incidents,WEIGHTED_PROBS_LEN
463.56043948605657,534.7694474797696,124.6,0.32850040608213177,0.13348880559206006,0.0,22.3319583106786,0.9564764842672192,2.233052955940366,0.8248981561501504,173374.6,0.9805655194713075,0.3091174671574227,0.00017675058614579682,1.0,32942.86829113476,75.69549956470728,0.8546835467932308,0.921344028282397,0.8865502492127435,0.702790723222742,0.9376259918205155,21.0,5.0,0.8,3.0,12.0,1.0,,2.5233656069354052e+38,1.0,1e-15,1.2,42.0,0.9,exhaustive_selection_config,"[[0, 0.1, 0.2, 0.3, 0.4, 0.5, 0.6, 0.7, 0.8, 0.9, 1]]","['nap', 'rtp']",252336560693540533935881068298825202077_eps0_s9,BPI2013_Incidents,WEIGHTED_PROBS_LEN
463.56043948605657,67.50558125115931,124.6,0.27889883714468156,0.13686957582831377,0.0,18.035136669129134,0.8136401747564704,2.233052955940366,0.33500274625285636,173374.6,0.9006474390386092,0.12910803444815921,0.00017675058614579682,1.0,37809.726278121394,70.2458722382784,0.37761255914411584,0.6226559381158576,0.4583222396361649,0.1392142476853317,0.7384628104982536,21.0,5.0,0.8,5.0,12.0,1.0,,2.5233656069354052e+38,1.0,1e-15,1.2,42.0,0.0,exhaustive_selection_config,"[[0, 0.1, 0.2, 0.3, 0.4, 0.5, 0.6, 0.7, 0.8, 0.9, 1]]","['nap', 'rtp']",252336560693540533935881068298825202077_eps1_s0,BPI2013_Incidents,WEIGHTED_PROBS_LEN
463.56043948605657,534.3314773019404,124.6,0.3032827825791752,0.13485497198998925,0.0,21.755549128353596,0.9503989627280415,2.233052955940366,0.8072091784911202,173374.6,0.9769791072759991,0.28629452399639665,0.00017675058614579682,1.0,39958.054839436336,70.59796490520239,0.8374234282281767,0.9034773068928221,0.8695858776828587,0.6659464805501931,0.92881397344898,21.0,5.0,0.8,5.0,12.0,1.0,,2.5233656069354052e+38,1.0,1e-15,1.2,42.0,0.1,exhaustive_selection_config,"[[0, 0.1, 0.2, 0.3, 0.4, 0.5, 0.6, 0.7, 0.8, 0.9, 1]]","['nap', 'rtp']",252336560693540533935881068298825202077_eps1_s1,BPI2013_Incidents,WEIGHTED_PROBS_LEN
463.56043948605657,71.57977859154343,124.6,0.3928418009069744,0.13877914845943448,0.0,18.379575691744684,0.8183309758804602,2.233052955940366,0.47761479902039267,173374.6,0.9089456765124881,0.26844383324732257,0.00017675058614579682,1.0,52896.674960884455,71.74153654426337,0.49805838112114237,0.6445212680353778,0.5402826077020602,0.31517618092834243,0.7430406062174846,21.0,5.0,0.8,5.0,12.0,1.0,,2.5233656069354052e+38,1.0,1e-15,1.2,42.0,1.0,exhaustive_selection_config,"[[0, 0.1, 0.2, 0.3, 0.4, 0.5, 0.6, 0.7, 0.8, 0.9, 1]]","['nap', 'rtp']",252336560693540533935881068298825202077_eps1_s10,BPI2013_Incidents,WEIGHTED_PROBS_LEN
463.56043948605657,527.9768551640212,124.6,0.3077624535684948,0.13490164242684838,0.0,21.71235868446529,0.9453822414924986,2.233052955940366,0.7976039259691221,173374.6,0.9737707712729439,0.2808379957276047,0.00017675058614579682,1.0,43099.3152374249,75.38388369716704,0.8273066885365068,0.893536917236001,0.8592474350766153,0.6272117694127592,0.9218007493009285,21.0,5.0,0.8,5.0,12.0,1.0,,2.5233656069354052e+38,1.0,1e-15,1.2,42.0,0.2,exhaustive_selection_config,"[[0, 0.1, 0.2, 0.3, 0.4, 0.5, 0.6, 0.7, 0.8, 0.9, 1]]","['nap', 'rtp']",252336560693540533935881068298825202077_eps1_s2,BPI2013_Incidents,WEIGHTED_PROBS_LEN
463.56043948605657,521.1220595423132,124.6,0.28635980869675304,0.14242660291492934,0.0,21.659053517878057,0.9427054790586233,2.233052955940366,0.7780803431768166,173374.6,0.9727232659683637,0.27307314418373896,0.00017675058614579682,1.0,46174.83483602889,70.44504644423724,0.8079915251063486,0.8807062212529575,0.8404476957115985,0.6115038217980111,0.9166010787728538,21.0,5.0,0.8,5.0,12.0,1.0,,2.5233656069354052e+38,1.0,1e-15,1.2,42.0,0.3,exhaustive_selection_config,"[[0, 0.1, 0.2, 0.3, 0.4, 0.5, 0.6, 0.7, 0.8, 0.9, 1]]","['nap', 'rtp']",252336560693540533935881068298825202077_eps1_s3,BPI2013_Incidents,WEIGHTED_PROBS_LEN
463.56043948605657,70.51530603803694,124.6,0.4337920617657063,0.13238529264926907,0.0,17.647255378216506,0.8336142553457137,2.233052955940366,0.490950467954782,173374.6,0.918457838427058,0.2729948195976811,0.00017675058614579682,1.0,47929.63078419007,70.2283483531326,0.5094007529700225,0.6514387642478796,0.5476783875022585,0.4147596370235074,0.75627205402354,21.0,5.0,0.8,5.0,12.0,1.0,,2.5233656069354052e+38,1.0,1e-15,1.2,42.0,0.4,exhaustive_selection_config,"[[0, 0.1, 0.2, 0.3, 0.4, 0.5, 0.6, 0.7, 0.8, 0.9, 1]]","['nap', 'rtp']",252336560693540533935881068298825202077_eps1_s4,BPI2013_Incidents,WEIGHTED_PROBS_LEN
463.56043948605657,77.29204954132437,124.6,0.4276329719956434,0.13236301802098746,0.0,17.929903945326807,0.8374798888630972,2.233052955940366,0.49561751781475827,173374.6,0.9202009963555493,0.2736670962732203,0.00017675058614579682,1.0,48750.3927932702,76.23494300246239,0.5143884922739028,0.658725164673448,0.554286811169138,0.41378995377617445,0.7618271740093936,21.0,5.0,0.8,5.0,12.0,1.0,,2.5233656069354052e+38,1.0,1e-15,1.2,42.0,0.5,exhaustive_selection_config,"[[0, 0.1, 0.2, 0.3, 0.4, 0.5, 0.6, 0.7, 0.8, 0.9, 1]]","['nap', 'rtp']",252336560693540533935881068298825202077_eps1_s5,BPI2013_Incidents,WEIGHTED_PROBS_LEN
463.56043948605657,80.48597295098007,124.6,0.4219175116193011,0.12932202666997905,0.0,17.80655409321189,0.8381494260949787,2.233052955940366,0.4900503092920279,173374.6,0.9205437484855242,0.2721830326255043,0.00017675058614579682,1.0,49635.04243135974,73.86837909892202,0.5089147311660203,0.6601918239087818,0.5491217947387722,0.4116750568977706,0.7633119075264198,21.0,5.0,0.8,5.0,12.0,1.0,,2.5233656069354052e+38,1.0,1e-15,1.2,42.0,0.6,exhaustive_selection_config,"[[0, 0.1, 0.2, 0.3, 0.4, 0.5, 0.6, 0.7, 0.8, 0.9, 1]]","['nap', 'rtp']",252336560693540533935881068298825202077_eps1_s6,BPI2013_Incidents,WEIGHTED_PROBS_LEN
463.56043948605657,72.58968304879963,124.6,0.4166661380562364,0.1383375003933906,0.0,18.327296130359176,0.838790078873636,2.233052955940366,0.4847254963357394,173374.6,0.9208357344643616,0.2695740929910576,0.00017675058614579682,1.0,50455.41226724535,70.99997595101595,0.5035811947909666,0.6605329335564128,0.545768956597083,0.4082362719769003,0.7642109806082138,21.0,5.0,0.8,5.0,12.0,1.0,,2.5233656069354052e+38,1.0,1e-15,1.2,42.0,0.7,exhaustive_selection_config,"[[0, 0.1, 0.2, 0.3, 0.4, 0.5, 0.6, 0.7, 0.8, 0.9, 1]]","['nap', 'rtp']",252336560693540533935881068298825202077_eps1_s7,BPI2013_Incidents,WEIGHTED_PROBS_LEN
463.56043948605657,72.56254714913666,124.6,0.41727205014601526,0.1380671791732311,0.0,18.39712963886559,0.8388844203865904,2.233052955940366,0.48763352870804566,173374.6,0.9208730872241961,0.26854030802894746,0.00017675058614579682,1.0,51267.7619176928,70.97144430093468,0.506531198998723,0.6616374374550515,0.5486504488437055,0.4060805024129991,0.7643296577254667,21.0,5.0,0.8,5.0,12.0,1.0,,2.5233656069354052e+38,1.0,1e-15,1.2,42.0,0.8,exhaustive_selection_config,"[[0, 0.1, 0.2, 0.3, 0.4, 0.5, 0.6, 0.7, 0.8, 0.9, 1]]","['nap', 'rtp']",252336560693540533935881068298825202077_eps1_s8,BPI2013_Incidents,WEIGHTED_PROBS_LEN
463.56043948605657,72.87583663538098,124.6,0.41854320725024435,0.150712214037776,0.0,18.418503685295583,0.8396776077416004,2.233052955940366,0.48907824300716596,173374.6,0.9207825157286734,0.2683422906138119,0.00017675058614579682,1.0,52083.229990430176,71.40620838440955,0.5080316030858055,0.6631365158177009,0.5501837063501682,0.40331147038421095,0.76533968502873,21.0,5.0,0.8,5.0,12.0,1.0,,2.5233656069354052e+38,1.0,1e-15,1.2,42.0,0.9,exhaustive_selection_config,"[[0, 0.1, 0.2, 0.3, 0.4, 0.5, 0.6, 0.7, 0.8, 0.9, 1]]","['nap', 'rtp']",252336560693540533935881068298825202077_eps1_s9,BPI2013_Incidents,WEIGHTED_PROBS_LEN
463.56043948605657,69.7352745268494,124.6,0.27889883714468156,0.14002622887492172,0.0,18.56882182843983,0.8136401747564704,2.233052955940366,0.33500274625285636,173374.6,0.9006474390386092,0.12910803444815921,0.00017675058614579682,1.0,53704.81139572933,71.71971271708608,0.37761255914411584,0.6226559381158576,0.4583222396361649,0.1392142476853317,0.7384628104982536,21.0,5.0,0.8,7.0,12.0,1.0,,2.5233656069354052e+38,1.0,1e-15,1.2,42.0,0.0,exhaustive_selection_config,"[[0, 0.1, 0.2, 0.3, 0.4, 0.5, 0.6, 0.7, 0.8, 0.9, 1]]","['nap', 'rtp']",252336560693540533935881068298825202077_eps2_s0,BPI2013_Incidents,WEIGHTED_PROBS_LEN
463.56043948605657,596.9594947241246,124.6,0.2786579895590196,0.14445653520524498,0.0,22.71773529611528,0.9571602649766845,2.233052955940366,0.8092074144401303,173374.6,0.9802506591174902,0.2890830989195495,0.00017675058614579682,1.0,56056.50140682608,71.79811568558216,0.8401839713427094,0.9083023136254514,0.8720782801599624,0.6641447684488299,0.9370730905188565,21.0,5.0,0.8,7.0,12.0,1.0,,2.5233656069354052e+38,1.0,1e-15,1.2,42.0,0.1,exhaustive_selection_config,"[[0, 0.1, 0.2, 0.3, 0.4, 0.5, 0.6, 0.7, 0.8, 0.9, 1]]","['nap', 'rtp']",252336560693540533935881068298825202077_eps2_s1,BPI2013_Incidents,WEIGHTED_PROBS_LEN
463.56043948605657,67.05635349415243,124.6,0.3518730354511817,0.14181025028228753,0.0,18.032589856535196,0.8022725050197435,2.233052955940366,0.38832609672279106,173374.6,0.9036198832962427,0.15903905396670778,0.00017675058614579682,1.0,68624.97098707446,71.4444169856608,0.41695449048293404,0.6048189860769323,0.47616013635802384,0.20150790625902787,0.7178847484551033,21.0,5.0,0.8,7.0,12.0,1.0,,2.5233656069354052e+38,1.0,1e-15,1.2,42.0,1.0,exhaustive_selection_config,"[[0, 0.1, 0.2, 0.3, 0.4, 0.5, 0.6, 0.7, 0.8, 0.9, 1]]","['nap', 'rtp']",252336560693540533935881068298825202077_eps2_s10,BPI2013_Incidents,WEIGHTED_PROBS_LEN
463.56043948605657,605.5079069305211,124.6,0.23115386456215664,0.1694254837930202,0.0,22.73700098954141,0.9472159621492826,2.233052955940366,0.7808920580808821,173374.6,0.9742492994830645,0.24893398844457781,0.00017675058614579682,1.0,59550.62600549683,72.43491985462606,0.8134599464590249,0.8986071825883993,0.8499803910564878,0.58537794698936,0.9261533199293319,21.0,5.0,0.8,7.0,12.0,1.0,,2.5233656069354052e+38,1.0,1e-15,1.2,42.0,0.2,exhaustive_selection_config,"[[0, 0.1, 0.2, 0.3, 0.4, 0.5, 0.6, 0.7, 0.8, 0.9, 1]]","['nap', 'rtp']",252336560693540533935881068298825202077_eps2_s2,BPI2013_Incidents,WEIGHTED_PROBS_LEN
463.56043948605657,378.2495185930282,124.6,0.34485005623472026,0.14079756662249565,0.0,21.071008036658167,0.9115320409151186,2.233052955940366,0.6700506481403325,173374.6,0.959732052439137,0.2908919467611668,0.00017675058614579682,1.0,62404.681274402516,72.00391055010259,0.6956635751499197,0.8034703580050756,0.7322004078162407,0.551400037116044,0.8660590379911651,21.0,5.0,0.8,7.0,12.0,1.0,,2.5233656069354052e+38,1.0,1e-15,1.2,42.0,0.3,exhaustive_selection_config,"[[0, 0.1, 0.2, 0.3, 0.4, 0.5, 0.6, 0.7, 0.8, 0.9, 1]]","['nap', 'rtp']",252336560693540533935881068298825202077_eps2_s3,BPI2013_Incidents,WEIGHTED_PROBS_LEN
463.56043948605657,69.12072362117469,124.6,0.4490391965239178,0.1431662775576114,0.0,18.04057215563953,0.8187930828766568,2.233052955940366,0.4705502852527618,173374.6,0.909247697014888,0.2707157524519078,0.00017675058614579682,1.0,63831.260607004166,71.99853104501963,0.48829508071558764,0.6361518704697382,0.5273955141713031,0.3369359887284989,0.7425376585336452,21.0,5.0,0.8,7.0,12.0,1.0,,2.5233656069354052e+38,1.0,1e-15,1.2,42.0,0.4,exhaustive_selection_config,"[[0, 0.1, 0.2, 0.3, 0.4, 0.5, 0.6, 0.7, 0.8, 0.9, 1]]","['nap', 'rtp']",252336560693540533935881068298825202077_eps2_s4,BPI2013_Incidents,WEIGHTED_PROBS_LEN
463.56043948605657,68.35863742418587,124.6,0.4479878242470156,0.14389840364456175,0.0,18.068284830451013,0.8193237765815216,2.233052955940366,0.4690579322434688,173374.6,0.909410481038317,0.2686351963642707,0.00017675058614579682,1.0,64625.49333254546,71.5815833941102,0.4870042506544672,0.6360855864490382,0.5265774301080224,0.3349460711078855,0.7429598699320985,21.0,5.0,0.8,7.0,12.0,1.0,,2.5233656069354052e+38,1.0,1e-15,1.2,42.0,0.5,exhaustive_selection_config,"[[0, 0.1, 0.2, 0.3, 0.4, 0.5, 0.6, 0.7, 0.8, 0.9, 1]]","['nap', 'rtp']",252336560693540533935881068298825202077_eps2_s5,BPI2013_Incidents,WEIGHTED_PROBS_LEN
463.56043948605657,69.36196007058024,124.6,0.4327223955283099,0.14171493612229819,0.0,18.337458538636564,0.8137316298483078,2.233052955940366,0.45402465414928894,173374.6,0.9066580777120257,0.2541729595082334,0.00017675058614579682,1.0,65424.588526976484,72.20453725196421,0.47202012461086823,0.6250394891363283,0.512847524859013,0.31691453104011413,0.7348482008964583,21.0,5.0,0.8,7.0,12.0,1.0,,2.5233656069354052e+38,1.0,1e-15,1.2,42.0,0.6,exhaustive_selection_config,"[[0, 0.1, 0.2, 0.3, 0.4, 0.5, 0.6, 0.7, 0.8, 0.9, 1]]","['nap', 'rtp']",252336560693540533935881068298825202077_eps2_s6,BPI2013_Incidents,WEIGHTED_PROBS_LEN
463.56043948605657,72.67431588061154,124.6,0.4310493729512137,0.14131636694073674,0.0,17.969792745262385,0.8126482656163049,2.233052955940366,0.4522079994658682,173374.6,0.9061133251418703,0.250264872201696,0.00017675058614579682,1.0,66233.02553443052,71.47448639981448,0.4700286033251989,0.6237028792255611,0.5113275997760651,0.3111889431896785,0.7332460312301267,21.0,5.0,0.8,7.0,12.0,1.0,,2.5233656069354052e+38,1.0,1e-15,1.2,42.0,0.7,exhaustive_selection_config,"[[0, 0.1, 0.2, 0.3, 0.4, 0.5, 0.6, 0.7, 0.8, 0.9, 1]]","['nap', 'rtp']",252336560693540533935881068298825202077_eps2_s7,BPI2013_Incidents,WEIGHTED_PROBS_LEN
463.56043948605657,69.5965072195977,124.6,0.39195426324251537,0.14427034109830852,0.0,18.12926750481129,0.8122467016227839,2.233052955940366,0.4252523300455847,173374.6,0.905913225763525,0.21423914843040476,0.00017675058614579682,1.0,67037.20276546032,71.26679797023534,0.4500146791858678,0.6239782946917225,0.5016500192425257,0.28328576519424054,0.7319369570954789,21.0,5.0,0.8,7.0,12.0,1.0,,2.5233656069354052e+38,1.0,1e-15,1.2,42.0,0.8,exhaustive_selection_config,"[[0, 0.1, 0.2, 0.3, 0.4, 0.5, 0.6, 0.7, 0.8, 0.9, 1]]","['nap', 'rtp']",252336560693540533935881068298825202077_eps2_s8,BPI2013_Incidents,WEIGHTED_PROBS_LEN
463.56043948605657,69.05958346910775,124.6,0.39187740456819986,0.1494098979979753,0.0,18.113979668170213,0.8123349883400968,2.233052955940366,0.42527887034512035,173374.6,0.9059526779334952,0.2142891638393453,0.00017675058614579682,1.0,67834.28963406532,71.67553446218372,0.45006888257575167,0.6240583396287743,0.5017571901035952,0.28330148665316923,0.7320327514054702,21.0,5.0,0.8,7.0,12.0,1.0,,2.5233656069354052e+38,1.0,1e-15,1.2,42.0,0.9,exhaustive_selection_config,"[[0, 0.1, 0.2, 0.3, 0.4, 0.5, 0.6, 0.7, 0.8, 0.9, 1]]","['nap', 'rtp']",252336560693540533935881068298825202077_eps2_s9,BPI2013_Incidents,WEIGHTED_PROBS_LEN
463.56043948605657,77.23816364780069,124.6,0.27889883714468156,0.14198847375810142,0.0,18.483848367631435,0.8136401747564704,2.233052955940366,0.33500274625285636,173374.6,0.9006474390386092,0.12910803444815921,0.00017675058614579682,1.0,69471.40940595604,76.78385973870755,0.37761255914411584,0.6226559381158576,0.4583222396361649,0.1392142476853317,0.7384628104982536,21.0,5.0,0.8,9.0,12.0,1.0,,2.5233656069354052e+38,1.0,1e-15,1.2,42.0,0.0,exhaustive_selection_config,"[[0, 0.1, 0.2, 0.3, 0.4, 0.5, 0.6, 0.7, 0.8, 0.9, 1]]","['nap', 'rtp']",252336560693540533935881068298825202077_eps3_s0,BPI2013_Incidents,WEIGHTED_PROBS_LEN
463.56043948605657,632.9787945263088,124.6,0.2676003374037986,0.14691340364515776,0.0,22.992603766918183,0.9628225045621385,2.233052955940366,0.8213230330011687,173374.6,0.9827082152940761,0.29414821836182103,0.00017675058614579682,1.0,71930.78700230941,72.3902082465589,0.8531519268654802,0.9231272596475343,0.8854661994821698,0.670107845723761,0.9460242555532712,21.0,5.0,0.8,9.0,12.0,1.0,,2.5233656069354052e+38,1.0,1e-15,1.2,42.0,0.1,exhaustive_selection_config,"[[0, 0.1, 0.2, 0.3, 0.4, 0.5, 0.6, 0.7, 0.8, 0.9, 1]]","['nap', 'rtp']",252336560693540533935881068298825202077_eps3_s1,BPI2013_Incidents,WEIGHTED_PROBS_LEN
463.56043948605657,67.44048213250935,124.6,0.32943689056530356,0.13824013695120807,0.0,18.53858127295971,0.8480492537714847,2.233052955940366,0.39827802170419274,173374.6,0.9310507119895772,0.16708866368204403,0.00017675058614579682,1.0,84784.42180813775,72.25282968617975,0.4425075904092258,0.6634183195704355,0.5197240348382177,0.32207862299487855,0.7694151066355188,21.0,5.0,0.8,9.0,12.0,1.0,,2.5233656069354052e+38,1.0,1e-15,1.2,42.0,1.0,exhaustive_selection_config,"[[0, 0.1, 0.2, 0.3, 0.4, 0.5, 0.6, 0.7, 0.8, 0.9, 1]]","['nap', 'rtp']",252336560693540533935881068298825202077_eps3_s10,BPI2013_Incidents,WEIGHTED_PROBS_LEN
463.56043948605657,626.9443952519447,124.6,0.23942799985025093,0.14482057914137839,0.0,23.037532896175982,0.959212769755706,2.233052955940366,0.7990855197650756,173374.6,0.9821520112436704,0.26335087705107013,0.00017675058614579682,1.0,75563.75349478424,72.35898377411067,0.8319758443322345,0.9130241467815237,0.8682135125942361,0.6307499207002283,0.9384074252381431,21.0,5.0,0.8,9.0,12.0,1.0,,2.5233656069354052e+38,1.0,1e-15,1.2,42.0,0.2,exhaustive_selection_config,"[[0, 0.1, 0.2, 0.3, 0.4, 0.5, 0.6, 0.7, 0.8, 0.9, 1]]","['nap', 'rtp']",252336560693540533935881068298825202077_eps3_s2,BPI2013_Incidents,WEIGHTED_PROBS_LEN
463.56043948605657,369.0488273385912,124.6,0.3764494309543418,0.1467384111136198,0.0,20.98454432711005,0.9180363245804066,2.233052955940366,0.6745483540710208,173374.6,0.9643771927199101,0.3099128898221418,0.00017675058614579682,1.0,78431.93205303252,72.75314370058477,0.6994427280352536,0.808246520845189,0.7346030320435813,0.6022421137390038,0.8705836344055159,21.0,5.0,0.8,9.0,12.0,1.0,,2.5233656069354052e+38,1.0,1e-15,1.2,42.0,0.3,exhaustive_selection_config,"[[0, 0.1, 0.2, 0.3, 0.4, 0.5, 0.6, 0.7, 0.8, 0.9, 1]]","['nap', 'rtp']",252336560693540533935881068298825202077_eps3_s3,BPI2013_Incidents,WEIGHTED_PROBS_LEN
463.56043948605657,76.37151423729956,124.6,0.5118095304985888,0.1427893210202455,0.0,18.18148510195315,0.8656301198062011,2.233052955940366,0.5297675554841341,173374.6,0.9408919081966143,0.31032045208863934,0.00017675058614579682,1.0,79907.33827898279,76.66283398233354,0.546273466503911,0.6900875308007904,0.5819450642942195,0.5443324377940489,0.7906356392525821,21.0,5.0,0.8,9.0,12.0,1.0,,2.5233656069354052e+38,1.0,1e-15,1.2,42.0,0.4,exhaustive_selection_config,"[[0, 0.1, 0.2, 0.3, 0.4, 0.5, 0.6, 0.7, 0.8, 0.9, 1]]","['nap', 'rtp']",252336560693540533935881068298825202077_eps3_s4,BPI2013_Incidents,WEIGHTED_PROBS_LEN
463.56043948605657,69.47733968608081,124.6,0.510461595087764,0.1429331228137016,0.0,18.023090265318753,0.8660484566465734,2.233052955940366,0.5284928723235298,173374.6,0.9410140350239731,0.3103594194072494,0.00017675058614579682,1.0,80716.40971096605,71.66121709272265,0.5453002272806986,0.6909183769202457,0.5815492823106554,0.5443058130190745,0.7914609881946868,21.0,5.0,0.8,9.0,12.0,1.0,,2.5233656069354052e+38,1.0,1e-15,1.2,42.0,0.5,exhaustive_selection_config,"[[0, 0.1, 0.2, 0.3, 0.4, 0.5, 0.6, 0.7, 0.8, 0.9, 1]]","['nap', 'rtp']",252336560693540533935881068298825202077_eps3_s5,BPI2013_Incidents,WEIGHTED_PROBS_LEN
463.56043948605657,69.88590022101998,124.6,0.5105276867002744,0.1464727811515331,0.0,18.42158321514726,0.8660146443537844,2.233052955940366,0.5285478807581321,173374.6,0.9410003429820698,0.31024750528955974,0.00017675058614579682,1.0,81519.17888482474,72.38895935527981,0.5453343420031146,0.6909095979104446,0.581584533396345,0.5441542879832578,0.791435972282614,21.0,5.0,0.8,9.0,12.0,1.0,,2.5233656069354052e+38,1.0,1e-15,1.2,42.0,0.6,exhaustive_selection_config,"[[0, 0.1, 0.2, 0.3, 0.4, 0.5, 0.6, 0.7, 0.8, 0.9, 1]]","['nap', 'rtp']",252336560693540533935881068298825202077_eps3_s6,BPI2013_Incidents,WEIGHTED_PROBS_LEN
463.56043948605657,69.21308551244438,124.6,0.5105502055079908,0.13685882873833174,0.0,17.969808340072632,0.8660436816364587,2.233052955940366,0.5285718549109092,173374.6,0.9410240449694172,0.3102662944527397,0.00017675058614579682,1.0,82322.60604190156,71.93481416739523,0.5453691002051541,0.6909557177933714,0.5816398423496176,0.5441678261948601,0.7914802052032524,21.0,5.0,0.8,9.0,12.0,1.0,,2.5233656069354052e+38,1.0,1e-15,1.2,42.0,0.7,exhaustive_selection_config,"[[0, 0.1, 0.2, 0.3, 0.4, 0.5, 0.6, 0.7, 0.8, 0.9, 1]]","['nap', 'rtp']",252336560693540533935881068298825202077_eps3_s7,BPI2013_Incidents,WEIGHTED_PROBS_LEN
463.56043948605657,77.62952416911722,124.6,0.4226755848876579,0.13959836363792416,0.0,18.201316473260523,0.8670424232574792,2.233052955940366,0.4630630250353966,173374.6,0.940401085352476,0.2622999991266698,0.00017675058614579682,1.0,83172.21689216122,76.2436017639935,0.497953359879332,0.693114815960364,0.560142727332795,0.47712317463007875,0.7943406779733592,21.0,5.0,0.8,9.0,12.0,1.0,,2.5233656069354052e+38,1.0,1e-15,1.2,42.0,0.8,exhaustive_selection_config,"[[0, 0.1, 0.2, 0.3, 0.4, 0.5, 0.6, 0.7, 0.8, 0.9, 1]]","['nap', 'rtp']",252336560693540533935881068298825202077_eps3_s8,BPI2013_Incidents,WEIGHTED_PROBS_LEN
463.56043948605657,70.40847569592297,124.6,0.42264924588602426,0.1391982097178697,0.0,18.220646934211253,0.8670136369920065,2.233052955940366,0.462999421836204,173374.6,0.9403796287681636,0.2622661890707881,0.00017675058614579682,1.0,83985.8602853842,71.66284903995692,0.49786905757699157,0.6930489018384693,0.5600086537864549,0.47709638449771585,0.794285615763151,21.0,5.0,0.8,9.0,12.0,1.0,,2.5233656069354052e+38,1.0,1e-15,1.2,42.0,0.9,exhaustive_selection_config,"[[0, 0.1, 0.2, 0.3, 0.4, 0.5, 0.6, 0.7, 0.8, 0.9, 1]]","['nap', 'rtp']",252336560693540533935881068298825202077_eps3_s9,BPI2013_Incidents,WEIGHTED_PROBS_LEN
463.56043948605657,76.38311484567821,124.6,0.27889883714468156,0.13874346502125257,0.0,18.545163822546602,0.8136401747564704,2.233052955940366,0.33500274625285636,173374.6,0.9006474390386092,0.12910803444815921,0.00017675058614579682,1.0,85611.16975614689,78.67440105229616,0.37761255914411584,0.6226559381158576,0.4583222396361649,0.1392142476853317,0.7384628104982536,21.0,5.0,0.8,11.0,12.0,1.0,,2.5233656069354052e+38,1.0,1e-15,1.2,42.0,0.0,exhaustive_selection_config,"[[0, 0.1, 0.2, 0.3, 0.4, 0.5, 0.6, 0.7, 0.8, 0.9, 1]]","['nap', 'rtp']",252336560693540533935881068298825202077_eps4_s0,BPI2013_Incidents,WEIGHTED_PROBS_LEN
463.56043948605657,647.1510811820626,124.6,0.2932378057090299,0.14653822556138035,0.0,22.642109578847887,0.955851518528654,2.233052955940366,0.8134367177893826,173374.6,0.9800880167325483,0.2966593603495785,0.00017675058614579682,1.0,88178.99003397339,77.27056031860411,0.844043160666143,0.9119145952798184,0.8762233766446614,0.6739529576352995,0.9353346767959618,21.0,5.0,0.8,11.0,12.0,1.0,,2.5233656069354052e+38,1.0,1e-15,1.2,42.0,0.1,exhaustive_selection_config,"[[0, 0.1, 0.2, 0.3, 0.4, 0.5, 0.6, 0.7, 0.8, 0.9, 1]]","['nap', 'rtp']",252336560693540533935881068298825202077_eps4_s1,BPI2013_Incidents,WEIGHTED_PROBS_LEN
463.56043948605657,68.62869264967739,124.6,0.35399763973164566,0.13829430826008315,0.0,18.12716092057526,0.8751111991394127,2.233052955940366,0.4415247564317443,173374.6,0.9428424576362229,0.1925700198800204,0.00017675058614579682,1.0,102920.14981184043,72.48207371160387,0.4886253386535497,0.7026368675050854,0.5642696338368187,0.39936395111409034,0.80538483894404,21.0,5.0,0.8,11.0,12.0,1.0,,2.5233656069354052e+38,1.0,1e-15,1.2,42.0,1.0,exhaustive_selection_config,"[[0, 0.1, 0.2, 0.3, 0.4, 0.5, 0.6, 0.7, 0.8, 0.9, 1]]","['nap', 'rtp']",252336560693540533935881068298825202077_eps4_s10,BPI2013_Incidents,WEIGHTED_PROBS_LEN
463.56043948605657,693.2580189198255,124.6,0.2666936084301265,76.04833169467747,0.0,173.16934750452637,0.9518634839318546,2.233052955940366,0.7981808954162547,173374.6,0.9788925438598026,0.26681533651112943,0.00017675058614579682,1.0,93188.87992212363,77.073919916898,0.8299652179115521,0.9050645041902889,0.8636437713417573,0.6412187126264006,0.9286400255310996,21.0,5.0,0.8,11.0,12.0,1.0,,2.5233656069354052e+38,1.0,1e-15,1.2,42.0,0.2,exhaustive_selection_config,"[[0, 0.1, 0.2, 0.3, 0.4, 0.5, 0.6, 0.7, 0.8, 0.9, 1]]","['nap', 'rtp']",252336560693540533935881068298825202077_eps4_s2,BPI2013_Incidents,WEIGHTED_PROBS_LEN
463.56043948605657,311.75701494812967,124.6,0.4322190071649836,0.145072653517127,0.0,20.02507972382009,0.9035474618976748,2.233052955940366,0.6547845628988337,173374.6,0.9589474755014555,0.31441987156234535,0.00017675058614579682,1.0,96847.18505240158,72.85609885789454,0.6766773882918975,0.7853446327866459,0.7099576063216501,0.6100590437718768,0.8494253756692768,21.0,5.0,0.8,11.0,12.0,1.0,,2.5233656069354052e+38,1.0,1e-15,1.2,42.0,0.3,exhaustive_selection_config,"[[0, 0.1, 0.2, 0.3, 0.4, 0.5, 0.6, 0.7, 0.8, 0.9, 1]]","['nap', 'rtp']",252336560693540533935881068298825202077_eps4_s3,BPI2013_Incidents,WEIGHTED_PROBS_LEN
463.56043948605657,69.96892681866885,124.6,0.5366467787579314,0.14467225261032576,0.0,18.533166458457707,0.869095585150388,2.233052955940366,0.554441387615087,173374.6,0.9444757313836799,0.3177098162634977,0.00017675058614579682,1.0,98159.87116053476,73.35932274349034,0.5697416613796343,0.704938085571298,0.6039177403402733,0.5822003701044961,0.7968082510899289,21.0,5.0,0.8,11.0,12.0,1.0,,2.5233656069354052e+38,1.0,1e-15,1.2,42.0,0.4,exhaustive_selection_config,"[[0, 0.1, 0.2, 0.3, 0.4, 0.5, 0.6, 0.7, 0.8, 0.9, 1]]","['nap', 'rtp']",252336560693540533935881068298825202077_eps4_s4,BPI2013_Incidents,WEIGHTED_PROBS_LEN
463.56043948605657,68.84782404527068,124.6,0.5366770112215437,0.14080561883747572,0.0,17.67358853444457,0.869071620885504,2.233052955940366,0.5544560217223085,173374.6,0.9444734562948097,0.31775758729062503,0.00017675058614579682,1.0,98962.02182831653,71.53694216459989,0.5697590552110284,0.7048895881770981,0.6039038166062578,0.5822008251308265,0.7967570441712437,21.0,5.0,0.8,11.0,12.0,1.0,,2.5233656069354052e+38,1.0,1e-15,1.2,42.0,0.5,exhaustive_selection_config,"[[0, 0.1, 0.2, 0.3, 0.4, 0.5, 0.6, 0.7, 0.8, 0.9, 1]]","['nap', 'rtp']",252336560693540533935881068298825202077_eps4_s5,BPI2013_Incidents,WEIGHTED_PROBS_LEN
463.56043948605657,67.78977747038007,124.6,0.5366447132613084,0.12838077321648594,0.0,17.32844659537077,0.869050790950137,2.233052955940366,0.5544270871493995,173374.6,0.9444645597940202,0.3176979107391051,0.00017675058614579682,1.0,99745.7484200567,70.9627673946321,0.5697369278536042,0.7048467628203059,0.6038579333057505,0.5821323738229435,0.7967224208032972,21.0,5.0,0.8,11.0,12.0,1.0,,2.5233656069354052e+38,1.0,1e-15,1.2,42.0,0.6,exhaustive_selection_config,"[[0, 0.1, 0.2, 0.3, 0.4, 0.5, 0.6, 0.7, 0.8, 0.9, 1]]","['nap', 'rtp']",252336560693540533935881068298825202077_eps4_s6,BPI2013_Incidents,WEIGHTED_PROBS_LEN
463.56043948605657,67.82506320439279,124.6,0.5366576941287124,0.1342777635902166,0.0,17.537685529515148,0.8690684877014621,2.233052955940366,0.5544419198371842,173374.6,0.9444723402537264,0.3177229733957467,0.00017675058614579682,1.0,100529.35344775021,70.77782230637968,0.5697402358547002,0.7048152859751211,0.6038533489404234,0.5821459120345457,0.7967478212550008,21.0,5.0,0.8,11.0,12.0,1.0,,2.5233656069354052e+38,1.0,1e-15,1.2,42.0,0.7,exhaustive_selection_config,"[[0, 0.1, 0.2, 0.3, 0.4, 0.5, 0.6, 0.7, 0.8, 0.9, 1]]","['nap', 'rtp']",252336560693540533935881068298825202077_eps4_s7,BPI2013_Incidents,WEIGHTED_PROBS_LEN
463.56043948605657,69.9883302140981,124.6,0.470105792901674,0.15308311581611628,0.0,17.99680275581777,0.8650554742881749,2.233052955940366,0.4964274703595125,173374.6,0.9418885201807938,0.27494253307156014,0.00017675058614579682,1.0,101326.83783496432,72.59945001415909,0.519573919068733,0.6937930011866588,0.5701400971351306,0.52517849780804,0.7909768434568065,21.0,5.0,0.8,11.0,12.0,1.0,,2.5233656069354052e+38,1.0,1e-15,1.2,42.0,0.8,exhaustive_selection_config,"[[0, 0.1, 0.2, 0.3, 0.4, 0.5, 0.6, 0.7, 0.8, 0.9, 1]]","['nap', 'rtp']",252336560693540533935881068298825202077_eps4_s8,BPI2013_Incidents,WEIGHTED_PROBS_LEN
463.56043948605657,68.6876438818872,124.6,0.47008271071297614,0.13452690243721005,0.0,17.72372068874538,0.8650489834499174,2.233052955940366,0.4964443738677232,173374.6,0.9418886831119997,0.2749182503912817,0.00017675058614579682,1.0,102124.63352112137,71.39701282978058,0.5196093190922271,0.6937646102476772,0.5701552118124131,0.5251517076756771,0.790951142426982,21.0,5.0,0.8,11.0,12.0,1.0,,2.5233656069354052e+38,1.0,1e-15,1.2,42.0,0.9,exhaustive_selection_config,"[[0, 0.1, 0.2, 0.3, 0.4, 0.5, 0.6, 0.7, 0.8, 0.9, 1]]","['nap', 'rtp']",252336560693540533935881068298825202077_eps4_s9,BPI2013_Incidents,WEIGHTED_PROBS_LEN
463.56043948605657,69.18664878197015,124.6,0.27889883714468156,0.1303629267960786,0.0,17.875192583352327,0.8136401747564704,2.233052955940366,0.33500274625285636,173374.6,0.9006474390386092,0.12910803444815921,0.00017675058614579682,1.0,103715.31482913047,71.66497407704591,0.37761255914411584,0.6226559381158576,0.4583222396361649,0.1392142476853317,0.7384628104982536,21.0,5.0,0.8,13.0,12.0,1.0,,2.5233656069354052e+38,1.0,1e-15,1.2,42.0,0.0,exhaustive_selection_config,"[[0, 0.1, 0.2, 0.3, 0.4, 0.5, 0.6, 0.7, 0.8, 0.9, 1]]","['nap', 'rtp']",252336560693540533935881068298825202077_eps5_s0,BPI2013_Incidents,WEIGHTED_PROBS_LEN
463.56043948605657,638.7771717399359,124.6,0.30231606453873583,0.13775368072092528,0.0,59.37966457121074,0.9551773757362275,2.233052955940366,0.8127665598983421,173374.6,0.9799223226664886,0.3022323982626929,0.00017675058614579682,1.0,106197.04407906272,72.4080172624439,0.8430699256821361,0.9108705412444736,0.8750195368760336,0.6787173569091813,0.9341898512981391,21.0,5.0,0.8,13.0,12.0,1.0,,2.5233656069354052e+38,1.0,1e-15,1.2,42.0,0.1,exhaustive_selection_config,"[[0, 0.1, 0.2, 0.3, 0.4, 0.5, 0.6, 0.7, 0.8, 0.9, 1]]","['nap', 'rtp']",252336560693540533935881068298825202077_eps5_s1,BPI2013_Incidents,WEIGHTED_PROBS_LEN
463.56043948605657,78.01412758752704,124.6,0.37651826558730683,0.13499578088521952,0.0,18.192467523738742,0.8837861093338999,2.233052955940366,0.45594841031823624,173374.6,0.947225817903443,0.19128685558444483,0.00017675058614579682,1.0,124002.65099491552,79.93073450885713,0.4999089913016067,0.7109624497406395,0.5722522524091183,0.4457853086347573,0.8163682787300187,21.0,5.0,0.8,13.0,12.0,1.0,,2.5233656069354052e+38,1.0,1e-15,1.2,42.0,1.0,exhaustive_selection_config,"[[0, 0.1, 0.2, 0.3, 0.4, 0.5, 0.6, 0.7, 0.8, 0.9, 1]]","['nap', 'rtp']",252336560693540533935881068298825202077_eps5_s10,BPI2013_Incidents,WEIGHTED_PROBS_LEN
463.56043948605657,704.1951481495053,124.6,0.28426916941354763,90.33320332691073,0.0,212.2412740226835,0.9525276098683231,2.233052955940366,0.8001143705884349,173374.6,0.9794941093738997,0.28081341800967147,0.00017675058614579682,1.0,111758.83003151901,80.61546397209167,0.8312660077984819,0.9061508601895512,0.8645296904463284,0.6549988976533307,0.9297639040280059,21.0,5.0,0.8,13.0,12.0,1.0,,2.5233656069354052e+38,1.0,1e-15,1.2,42.0,0.2,exhaustive_selection_config,"[[0, 0.1, 0.2, 0.3, 0.4, 0.5, 0.6, 0.7, 0.8, 0.9, 1]]","['nap', 'rtp']",252336560693540533935881068298825202077_eps5_s2,BPI2013_Incidents,WEIGHTED_PROBS_LEN
463.56043948605657,326.37036143951116,124.6,0.44783608493186433,66.77143851816655,0.0,173.48420213721693,0.906644421205347,2.233052955940366,0.6594329355547178,173374.6,0.960751096794515,0.3299285751156501,0.00017675058614579682,1.0,117110.81630255468,76.42462036572397,0.6811292445818694,0.7894791631221155,0.7142129464058037,0.626829011606034,0.8532120471784242,21.0,5.0,0.8,13.0,12.0,1.0,,2.5233656069354052e+38,1.0,1e-15,1.2,42.0,0.3,exhaustive_selection_config,"[[0, 0.1, 0.2, 0.3, 0.4, 0.5, 0.6, 0.7, 0.8, 0.9, 1]]","['nap', 'rtp']",252336560693540533935881068298825202077_eps5_s3,BPI2013_Incidents,WEIGHTED_PROBS_LEN
463.56043948605657,68.21513372436166,124.6,0.5490222050707004,0.13511011563241476,0.0,17.35418199263513,0.8737276385710757,2.233052955940366,0.5679362521273055,173374.6,0.946849457835298,0.33285962065917846,0.00017675058614579682,1.0,119154.97276529558,71.37229070551693,0.5833436366911529,0.715061124192001,0.6173320624628789,0.6009563609359158,0.8025327303150462,21.0,5.0,0.8,13.0,12.0,1.0,,2.5233656069354052e+38,1.0,1e-15,1.2,42.0,0.4,exhaustive_selection_config,"[[0, 0.1, 0.2, 0.3, 0.4, 0.5, 0.6, 0.7, 0.8, 0.9, 1]]","['nap', 'rtp']",252336560693540533935881068298825202077_eps5_s4,BPI2013_Incidents,WEIGHTED_PROBS_LEN
463.56043948605657,68.5706057138741,124.6,0.5490185293235081,0.13148707039654253,0.0,17.36983621753752,0.8737231103359433,2.233052955940366,0.5679321509160762,173374.6,0.9468464192163738,0.3329026369137028,0.00017675058614579682,1.0,119943.91968182326,71.50827704146505,0.5833437976515914,0.7150375117185088,0.6173445166102354,0.6009291534449571,0.8025266160654546,21.0,5.0,0.8,13.0,12.0,1.0,,2.5233656069354052e+38,1.0,1e-15,1.2,42.0,0.5,exhaustive_selection_config,"[[0, 0.1, 0.2, 0.3, 0.4, 0.5, 0.6, 0.7, 0.8, 0.9, 1]]","['nap', 'rtp']",252336560693540533935881068298825202077_eps5_s5,BPI2013_Incidents,WEIGHTED_PROBS_LEN
463.56043948605657,75.50441062524915,124.6,0.5489757964562612,0.13715644665062424,0.0,17.4247733425349,0.8736907213678744,2.233052955940366,0.5679010017066484,173374.6,0.9468319951786753,0.3327963520141936,0.00017675058614579682,1.0,120781.03253954164,75.93160521574319,0.583317835929108,0.7150100396773775,0.6173228910572883,0.6008468565157518,0.8024961737284395,21.0,5.0,0.8,13.0,12.0,1.0,,2.5233656069354052e+38,1.0,1e-15,1.2,42.0,0.6,exhaustive_selection_config,"[[0, 0.1, 0.2, 0.3, 0.4, 0.5, 0.6, 0.7, 0.8, 0.9, 1]]","['nap', 'rtp']",252336560693540533935881068298825202077_eps5_s6,BPI2013_Incidents,WEIGHTED_PROBS_LEN
463.56043948605657,68.82311139665543,124.6,0.5489473812052065,0.1340423725545406,0.0,17.448264965415,0.8736938331855288,2.233052955940366,0.5678689559212469,173374.6,0.9468384538718997,0.33282141467083526,0.00017675058614579682,1.0,121579.55738212727,71.16326778531075,0.5832904978580207,0.7150127514815896,0.6173194875420712,0.6008603947273541,0.8024996693188271,21.0,5.0,0.8,13.0,12.0,1.0,,2.5233656069354052e+38,1.0,1e-15,1.2,42.0,0.7,exhaustive_selection_config,"[[0, 0.1, 0.2, 0.3, 0.4, 0.5, 0.6, 0.7, 0.8, 0.9, 1]]","['nap', 'rtp']",252336560693540533935881068298825202077_eps5_s7,BPI2013_Incidents,WEIGHTED_PROBS_LEN
463.56043948605657,68.7457579523325,124.6,0.49546749587061517,0.13349408172070978,0.0,17.494770205393433,0.8655069907004924,2.233052955940366,0.5194049061638669,173374.6,0.9424300813644665,0.2950782160669775,0.00017675058614579682,1.0,122370.52775412984,71.42947830967606,0.5405509384405028,0.6991362003481543,0.5857278357535347,0.550514686664174,0.7904346744863799,21.0,5.0,0.8,13.0,12.0,1.0,,2.5233656069354052e+38,1.0,1e-15,1.2,42.0,0.8,exhaustive_selection_config,"[[0, 0.1, 0.2, 0.3, 0.4, 0.5, 0.6, 0.7, 0.8, 0.9, 1]]","['nap', 'rtp']",252336560693540533935881068298825202077_eps5_s8,BPI2013_Incidents,WEIGHTED_PROBS_LEN
463.56043948605657,65.27879109941424,124.6,0.49547372624030483,0.13279795683920378,0.0,17.527390276268125,0.8654989286445934,2.233052955940366,0.5194008389623157,173374.6,0.9424231547732049,0.29505393338669894,0.00017675058614579682,1.0,123151.0912173666,71.17411631196737,0.5405420652231233,0.6991329340369651,0.5857145848408114,0.5504878965318112,0.7904183465517569,21.0,5.0,0.8,13.0,12.0,1.0,,2.5233656069354052e+38,1.0,1e-15,1.2,42.0,0.9,exhaustive_selection_config,"[[0, 0.1, 0.2, 0.3, 0.4, 0.5, 0.6, 0.7, 0.8, 0.9, 1]]","['nap', 'rtp']",252336560693540533935881068298825202077_eps5_s9,BPI2013_Incidents,WEIGHTED_PROBS_LEN
463.56043948605657,70.40920899920165,124.6,0.27889883714468156,0.14048109464347358,0.0,17.872442722320557,0.8136401747564704,2.233052955940366,0.33500274625285636,173374.6,0.9006474390386092,0.12910803444815921,0.00017675058614579682,1.0,124825.22036940008,72.30942742340267,0.37761255914411584,0.6226559381158576,0.4583222396361649,0.1392142476853317,0.7384628104982536,21.0,5.0,0.8,15.0,12.0,1.0,,2.5233656069354052e+38,1.0,1e-15,1.2,42.0,0.0,exhaustive_selection_config,"[[0, 0.1, 0.2, 0.3, 0.4, 0.5, 0.6, 0.7, 0.8, 0.9, 1]]","['nap', 'rtp']",252336560693540533935881068298825202077_eps6_s0,BPI2013_Incidents,WEIGHTED_PROBS_LEN
463.56043948605657,660.2209197476507,124.6,0.30782958521237824,0.1397567138075828,0.0,21.7484149415046,0.9558366165993201,2.233052955940366,0.8151088407023082,173374.6,0.9802806450249324,0.30705945304233895,0.00017675058614579682,1.0,127354.70502272136,72.99297541454435,0.8452267740709946,0.9128693953134135,0.876979973279189,0.6838681683412815,0.9351983755374087,21.0,5.0,0.8,15.0,12.0,1.0,,2.5233656069354052e+38,1.0,1e-15,1.2,42.0,0.1,exhaustive_selection_config,"[[0, 0.1, 0.2, 0.3, 0.4, 0.5, 0.6, 0.7, 0.8, 0.9, 1]]","['nap', 'rtp']",252336560693540533935881068298825202077_eps6_s1,BPI2013_Incidents,WEIGHTED_PROBS_LEN
463.56043948605657,76.53357953988015,124.6,0.3992210928122852,0.137262362614274,0.0,18.067419567331672,0.8884989158387858,2.233052955940366,0.466226664613143,173374.6,0.9492551089381628,0.20734806437077533,0.00017675058614579682,1.0,142198.4287477169,81.8810232616961,0.5078503800866693,0.7173046316225947,0.5765813324368192,0.4786758207107247,0.8228601907643551,21.0,5.0,0.8,15.0,12.0,1.0,,2.5233656069354052e+38,1.0,1e-15,1.2,42.0,1.0,exhaustive_selection_config,"[[0, 0.1, 0.2, 0.3, 0.4, 0.5, 0.6, 0.7, 0.8, 0.9, 1]]","['nap', 'rtp']",252336560693540533935881068298825202077_eps6_s10,BPI2013_Incidents,WEIGHTED_PROBS_LEN
463.56043948605657,647.1034768931568,124.6,0.29355966336744493,0.13664384111762043,0.0,21.698186852782964,0.9530146160597109,2.233052955940366,0.8027782195507995,173374.6,0.9798652598192665,0.2879271709571623,0.00017675058614579682,1.0,131102.65332835316,77.25363789834083,0.8335503634727349,0.9073357240464321,0.8665483344885032,0.6624834018879282,0.9303242242080312,21.0,5.0,0.8,15.0,12.0,1.0,,2.5233656069354052e+38,1.0,1e-15,1.2,42.0,0.2,exhaustive_selection_config,"[[0, 0.1, 0.2, 0.3, 0.4, 0.5, 0.6, 0.7, 0.8, 0.9, 1]]","['nap', 'rtp']",252336560693540533935881068298825202077_eps6_s2,BPI2013_Incidents,WEIGHTED_PROBS_LEN
463.56043948605657,323.5189841698855,124.6,0.45701087790259454,0.13927340283989903,0.0,19.39804391860962,0.9073792790278036,2.233052955940366,0.6631440397036775,173374.6,0.9613207460748061,0.3376074301290021,0.00017675058614579682,1.0,133922.33813789822,77.40651246495545,0.6843967550979558,0.7911186349519722,0.7171095301155518,0.635921144337653,0.8541859031135883,21.0,5.0,0.8,15.0,12.0,1.0,,2.5233656069354052e+38,1.0,1e-15,1.2,42.0,0.3,exhaustive_selection_config,"[[0, 0.1, 0.2, 0.3, 0.4, 0.5, 0.6, 0.7, 0.8, 0.9, 1]]","['nap', 'rtp']",252336560693540533935881068298825202077_eps6_s3,BPI2013_Incidents,WEIGHTED_PROBS_LEN
463.56043948605657,69.82201939970255,124.6,0.556958248715264,0.13572780266404144,0.0,17.33395086079836,0.8757464858506683,2.233052955940366,0.5752365976803459,173374.6,0.9478884754914427,0.33922177154239613,0.00017675058614579682,1.0,135242.07185977587,72.29492595158517,0.5903484398489601,0.7199832715633879,0.6239271963864625,0.6109751622038517,0.8059119144372516,21.0,5.0,0.8,15.0,12.0,1.0,,2.5233656069354052e+38,1.0,1e-15,1.2,42.0,0.4,exhaustive_selection_config,"[[0, 0.1, 0.2, 0.3, 0.4, 0.5, 0.6, 0.7, 0.8, 0.9, 1]]","['nap', 'rtp']",252336560693540533935881068298825202077_eps6_s4,BPI2013_Incidents,WEIGHTED_PROBS_LEN
463.56043948605657,69.21502484865486,124.6,0.5569243977256348,0.13419641517102715,0.0,17.415938029065728,0.8757540159361096,2.233052955940366,0.5752129963494079,173374.6,0.9478971545614696,0.33926716518322203,0.00017675058614579682,1.0,136039.96104410104,72.0325172368437,0.5903316601013671,0.7199458333279629,0.6239076339528801,0.6109617859715377,0.8059071406965252,21.0,5.0,0.8,15.0,12.0,1.0,,2.5233656069354052e+38,1.0,1e-15,1.2,42.0,0.5,exhaustive_selection_config,"[[0, 0.1, 0.2, 0.3, 0.4, 0.5, 0.6, 0.7, 0.8, 0.9, 1]]","['nap', 'rtp']",252336560693540533935881068298825202077_eps6_s5,BPI2013_Incidents,WEIGHTED_PROBS_LEN
463.56043948605657,80.14450571537017,124.6,0.5568636588731183,45.43761150836944,0.0,152.42128460630775,0.8757188376984857,2.233052955940366,0.5751490817481268,173374.6,0.9478765857145565,0.3392001178738462,0.00017675058614579682,1.0,137252.58574589007,81.35765470564365,0.5902608545254621,0.7199287947778844,0.6238708057484663,0.6109071802849769,0.8058662568374872,21.0,5.0,0.8,15.0,12.0,1.0,,2.5233656069354052e+38,1.0,1e-15,1.2,42.0,0.6,exhaustive_selection_config,"[[0, 0.1, 0.2, 0.3, 0.4, 0.5, 0.6, 0.7, 0.8, 0.9, 1]]","['nap', 'rtp']",252336560693540533935881068298825202077_eps6_s6,BPI2013_Incidents,WEIGHTED_PROBS_LEN
463.56043948605657,70.71690729446709,124.6,0.5568433958521192,22.28854476362467,0.0,65.29248868338763,0.8757504063186721,2.233052955940366,0.5751397766617476,173374.6,0.9478926878552365,0.3392251805304878,0.00017675058614579682,1.0,139722.25064925215,74.54747194461524,0.5902564870360613,0.7199552745144205,0.6238898823967949,0.6109207184965791,0.8059082881294012,21.0,5.0,0.8,15.0,12.0,1.0,,2.5233656069354052e+38,1.0,1e-15,1.2,42.0,0.7,exhaustive_selection_config,"[[0, 0.1, 0.2, 0.3, 0.4, 0.5, 0.6, 0.7, 0.8, 0.9, 1]]","['nap', 'rtp']",252336560693540533935881068298825202077_eps6_s7,BPI2013_Incidents,WEIGHTED_PROBS_LEN
463.56043948605657,70.20363007970154,124.6,0.5130183374588765,0.13603258989751338,0.0,17.406360116228463,0.8702710249703172,2.233052955940366,0.5368043011101704,173374.6,0.9449907711685117,0.30819589923623764,0.00017675058614579682,1.0,140565.49749374838,72.59905689321458,0.5567571415596977,0.7083312247646575,0.5990492799929837,0.5706253766142574,0.7977569095863812,21.0,5.0,0.8,15.0,12.0,1.0,,2.5233656069354052e+38,1.0,1e-15,1.2,42.0,0.8,exhaustive_selection_config,"[[0, 0.1, 0.2, 0.3, 0.4, 0.5, 0.6, 0.7, 0.8, 0.9, 1]]","['nap', 'rtp']",252336560693540533935881068298825202077_eps6_s8,BPI2013_Incidents,WEIGHTED_PROBS_LEN
463.56043948605657,65.82714494690299,124.6,0.5129857367996993,0.1364707805216312,0.0,17.51702389009297,0.8702658190869267,2.233052955940366,0.5368097411855516,173374.6,0.9449783734373559,0.30816531774013656,0.00017675058614579682,1.0,141355.85559893027,72.37006122395397,0.5567638202758216,0.7083746094050921,0.5990435128511893,0.5705847552232499,0.7977554618063044,21.0,5.0,0.8,15.0,12.0,1.0,,2.5233656069354052e+38,1.0,1e-15,1.2,42.0,0.9,exhaustive_selection_config,"[[0, 0.1, 0.2, 0.3, 0.4, 0.5, 0.6, 0.7, 0.8, 0.9, 1]]","['nap', 'rtp']",252336560693540533935881068298825202077_eps6_s9,BPI2013_Incidents,WEIGHTED_PROBS_LEN
463.56043948605657,72.432458762452,124.6,0.27889883714468156,0.13700821436941618,0.0,17.86694914922118,0.8136401747564704,2.233052955940366,0.33500274625285636,173374.6,0.9006474390386092,0.12910803444815921,0.00017675058614579682,1.0,143048.1744705111,74.76418716199696,0.37761255914411584,0.6226559381158576,0.4583222396361649,0.1392142476853317,0.7384628104982536,21.0,5.0,0.8,17.0,12.0,1.0,,2.5233656069354052e+38,1.0,1e-15,1.2,42.0,0.0,exhaustive_selection_config,"[[0, 0.1, 0.2, 0.3, 0.4, 0.5, 0.6, 0.7, 0.8, 0.9, 1]]","['nap', 'rtp']",252336560693540533935881068298825202077_eps7_s0,BPI2013_Incidents,WEIGHTED_PROBS_LEN
463.56043948605657,688.1641457270831,124.6,0.309916319666412,0.14128131493926044,0.0,21.614042478054763,0.9566830863176421,2.233052955940366,0.8163840123016545,173374.6,0.980612261675254,0.30954797678907464,0.00017675058614579682,1.0,145672.68940401636,74.0725791875273,0.8464986241829028,0.9147518346369953,0.8783091429269941,0.6863756257397325,0.936717078178116,21.0,5.0,0.8,17.0,12.0,1.0,,2.5233656069354052e+38,1.0,1e-15,1.2,42.0,0.1,exhaustive_selection_config,"[[0, 0.1, 0.2, 0.3, 0.4, 0.5, 0.6, 0.7, 0.8, 0.9, 1]]","['nap', 'rtp']",252336560693540533935881068298825202077_eps7_s1,BPI2013_Incidents,WEIGHTED_PROBS_LEN
463.56043948605657,87.04633748531342,124.6,0.4180603204233986,0.14003036245703693,0.0,18.046186780557036,0.8907289127506319,2.233052955940366,0.47419895624663394,173374.6,0.9500433790220125,0.21460767866294272,0.00017675058614579682,1.0,158730.9277145762,93.372917310521,0.5119417076956629,0.721417620081817,0.5805042046735803,0.49228928403300765,0.8264756164370484,21.0,5.0,0.8,17.0,12.0,1.0,,2.5233656069354052e+38,1.0,1e-15,1.2,42.0,1.0,exhaustive_selection_config,"[[0, 0.1, 0.2, 0.3, 0.4, 0.5, 0.6, 0.7, 0.8, 0.9, 1]]","['nap', 'rtp']",252336560693540533935881068298825202077_eps7_s10,BPI2013_Incidents,WEIGHTED_PROBS_LEN
463.56043948605657,667.0812769863754,124.6,0.30148472409309657,0.14138696566224093,0.0,21.615492191910743,0.9539569893479207,2.233052955940366,0.8047435087198307,173374.6,0.9801873309558736,0.29482504818689015,0.00017675058614579682,1.0,149538.41491486208,74.20992353819311,0.8353309599089934,0.908848386485721,0.8682312792400874,0.6695963723485057,0.9318235741266283,21.0,5.0,0.8,17.0,12.0,1.0,,2.5233656069354052e+38,1.0,1e-15,1.2,42.0,0.2,exhaustive_selection_config,"[[0, 0.1, 0.2, 0.3, 0.4, 0.5, 0.6, 0.7, 0.8, 0.9, 1]]","['nap', 'rtp']",252336560693540533935881068298825202077_eps7_s2,BPI2013_Incidents,WEIGHTED_PROBS_LEN
463.56043948605657,322.97130017206075,124.6,0.4643458166905572,0.14101332910358902,0.0,19.476668871939182,0.9083832098860862,2.233052955940366,0.6652224330021287,173374.6,0.9618348215550931,0.34384559275169346,0.00017675058614579682,1.0,152361.15849018618,74.04218688420951,0.6862811375457943,0.7926509133064115,0.71900249950846,0.6431437199011192,0.8554366738743509,21.0,5.0,0.8,17.0,12.0,1.0,,2.5233656069354052e+38,1.0,1e-15,1.2,42.0,0.3,exhaustive_selection_config,"[[0, 0.1, 0.2, 0.3, 0.4, 0.5, 0.6, 0.7, 0.8, 0.9, 1]]","['nap', 'rtp']",252336560693540533935881068298825202077_eps7_s3,BPI2013_Incidents,WEIGHTED_PROBS_LEN
463.56043948605657,76.27903565317392,124.6,0.5624394881472199,0.13395116552710531,0.0,17.30943473353982,0.8778199914810578,2.233052955940366,0.5803813325449136,173374.6,0.9489788130726236,0.346149203593077,0.00017675058614579682,1.0,153699.69490175025,73.85398332104087,0.5955892224506041,0.7235896683889431,0.6291613650439959,0.6194832911922054,0.8084586745237156,21.0,5.0,0.8,17.0,12.0,1.0,,2.5233656069354052e+38,1.0,1e-15,1.2,42.0,0.4,exhaustive_selection_config,"[[0, 0.1, 0.2, 0.3, 0.4, 0.5, 0.6, 0.7, 0.8, 0.9, 1]]","['nap', 'rtp']",252336560693540533935881068298825202077_eps7_s4,BPI2013_Incidents,WEIGHTED_PROBS_LEN
463.56043948605657,71.37192731872202,124.6,0.5623881720268463,0.13476545624434944,0.0,17.463945538923145,0.8778136241488905,2.233052955940366,0.5803374158215944,173374.6,0.9489699571029535,0.3461945972339029,0.00017675058614579682,1.0,154532.239002382,73.52609395682812,0.5955574219664961,0.7235530841990802,0.6291353895404179,0.6194699149598912,0.8084437508169093,21.0,5.0,0.8,17.0,12.0,1.0,,2.5233656069354052e+38,1.0,1e-15,1.2,42.0,0.5,exhaustive_selection_config,"[[0, 0.1, 0.2, 0.3, 0.4, 0.5, 0.6, 0.7, 0.8, 0.9, 1]]","['nap', 'rtp']",252336560693540533935881068298825202077_eps7_s5,BPI2013_Incidents,WEIGHTED_PROBS_LEN
463.56043948605657,71.00164871290326,124.6,0.5623607445452369,0.13484228700399395,0.0,17.442993696033955,0.8777858704319408,2.233052955940366,0.5803075578191507,173374.6,0.9489543847874071,0.3461089326379794,0.00017675058614579682,1.0,155346.03251722865,73.71816242225468,0.5955281930866818,0.7235189278470228,0.6290970387285613,0.6193737724093638,0.8084106336469519,21.0,5.0,0.8,17.0,12.0,1.0,,2.5233656069354052e+38,1.0,1e-15,1.2,42.0,0.6,exhaustive_selection_config,"[[0, 0.1, 0.2, 0.3, 0.4, 0.5, 0.6, 0.7, 0.8, 0.9, 1]]","['nap', 'rtp']",252336560693540533935881068298825202077_eps7_s6,BPI2013_Incidents,WEIGHTED_PROBS_LEN
463.56043948605657,70.83517829962075,124.6,0.5623925085027743,0.13470794819295404,0.0,17.441464933007957,0.8778174166577675,2.233052955940366,0.5803420259276298,173374.6,0.948967065609766,0.34613399529462097,0.00017675058614579682,1.0,156159.50326396228,73.78550001531839,0.5955564721780903,0.7235399192354055,0.6291079118711672,0.6193873106209659,0.8084445244641574,21.0,5.0,0.8,17.0,12.0,1.0,,2.5233656069354052e+38,1.0,1e-15,1.2,42.0,0.7,exhaustive_selection_config,"[[0, 0.1, 0.2, 0.3, 0.4, 0.5, 0.6, 0.7, 0.8, 0.9, 1]]","['nap', 'rtp']",252336560693540533935881068298825202077_eps7_s7,BPI2013_Incidents,WEIGHTED_PROBS_LEN
463.56043948605657,77.99303236864507,124.6,0.5297917856066329,0.1362682711333036,0.0,17.398437191545963,0.8714839181466573,2.233052955940366,0.5493121022330992,173374.6,0.9456760040350559,0.3218052043080834,0.00017675058614579682,1.0,156993.3367453955,76.14979690872133,0.5668390037737647,0.7104814704020063,0.6059213744336363,0.5860940624255155,0.7990991553564961,21.0,5.0,0.8,17.0,12.0,1.0,,2.5233656069354052e+38,1.0,1e-15,1.2,42.0,0.8,exhaustive_selection_config,"[[0, 0.1, 0.2, 0.3, 0.4, 0.5, 0.6, 0.7, 0.8, 0.9, 1]]","['nap', 'rtp']",252336560693540533935881068298825202077_eps7_s8,BPI2013_Incidents,WEIGHTED_PROBS_LEN
463.56043948605657,67.01708047986031,124.6,0.5297515817803153,0.1330805696547031,0.0,17.394572468847038,0.8714954526012335,2.233052955940366,0.5492650985098007,173374.6,0.945683077877631,0.32175405274640057,0.00017675058614579682,1.0,157820.3153241411,73.43128238990903,0.5668151186523017,0.7104967994642367,0.6059001025448187,0.586025778517219,0.7991018984104448,21.0,5.0,0.8,17.0,12.0,1.0,,2.5233656069354052e+38,1.0,1e-15,1.2,42.0,0.9,exhaustive_selection_config,"[[0, 0.1, 0.2, 0.3, 0.4, 0.5, 0.6, 0.7, 0.8, 0.9, 1]]","['nap', 'rtp']",252336560693540533935881068298825202077_eps7_s9,BPI2013_Incidents,WEIGHTED_PROBS_LEN
463.56043948605657,73.36886960975826,124.6,0.27889883714468156,0.15705343149602408,0.0,17.970584137365222,0.8136401747564704,2.233052955940366,0.33500274625285636,173374.6,0.9006474390386092,0.12910803444815921,0.00017675058614579682,1.0,159633.9247366626,75.77360701337457,0.37761255914411584,0.6226559381158576,0.4583222396361649,0.1392142476853317,0.7384628104982536,21.0,5.0,0.8,19.0,12.0,1.0,,2.5233656069354052e+38,1.0,1e-15,1.2,42.0,0.0,exhaustive_selection_config,"[[0, 0.1, 0.2, 0.3, 0.4, 0.5, 0.6, 0.7, 0.8, 0.9, 1]]","['nap', 'rtp']",252336560693540533935881068298825202077_eps8_s0,BPI2013_Incidents,WEIGHTED_PROBS_LEN
463.56043948605657,725.8587532013655,124.6,0.3119126264670471,0.13821625858545297,0.0,21.63844525255263,0.9571815941656819,2.233052955940366,0.8174492895610561,173374.6,0.9808679396311557,0.31159964119391,0.00017675058614579682,1.0,162368.84733800814,78.57388242892921,0.8475106333381666,0.9158097331430735,0.8793446250241834,0.6885009038372969,0.9373803911254657,21.0,5.0,0.8,19.0,12.0,1.0,,2.5233656069354052e+38,1.0,1e-15,1.2,42.0,0.1,exhaustive_selection_config,"[[0, 0.1, 0.2, 0.3, 0.4, 0.5, 0.6, 0.7, 0.8, 0.9, 1]]","['nap', 'rtp']",252336560693540533935881068298825202077_eps8_s1,BPI2013_Incidents,WEIGHTED_PROBS_LEN
463.56043948605657,103.71463463045657,124.6,0.4331962843086565,0.13953375183045863,0.0,17.717440746352075,0.893430942434643,2.233052955940366,0.4825174795348084,173374.6,0.9512167616638912,0.2232157134613184,0.00017675058614579682,1.0,186126.46433730982,109.78112604431809,0.5159034082416628,0.7272191527318729,0.5826882605764736,0.5097013121108845,0.8308214291133089,21.0,5.0,0.8,19.0,12.0,1.0,,2.5233656069354052e+38,1.0,1e-15,1.2,42.0,1.0,exhaustive_selection_config,"[[0, 0.1, 0.2, 0.3, 0.4, 0.5, 0.6, 0.7, 0.8, 0.9, 1]]","['nap', 'rtp']",252336560693540533935881068298825202077_eps8_s10,BPI2013_Incidents,WEIGHTED_PROBS_LEN
463.56043948605657,692.7720895253121,124.6,0.3053301611854157,0.1403995543718338,0.0,21.57957558594644,0.9542564982838659,2.233052955940366,0.8058316644843208,173374.6,0.9803592157183474,0.29799279701344866,0.00017675058614579682,1.0,166415.30590416567,75.50538430809975,0.8362519105531112,0.9093953308904734,0.8690288926833981,0.6726790430546103,0.9322052959019211,21.0,5.0,0.8,19.0,12.0,1.0,,2.5233656069354052e+38,1.0,1e-15,1.2,42.0,0.2,exhaustive_selection_config,"[[0, 0.1, 0.2, 0.3, 0.4, 0.5, 0.6, 0.7, 0.8, 0.9, 1]]","['nap', 'rtp']",252336560693540533935881068298825202077_eps8_s2,BPI2013_Incidents,WEIGHTED_PROBS_LEN
463.56043948605657,330.16784343272445,124.6,0.4678904327734184,0.1401310350745916,0.0,19.50590755082667,0.9087098188814329,2.233052955940366,0.666605056328178,173374.6,0.9620263397040032,0.34614528071777,0.00017675058614579682,1.0,169320.82717494108,75.45949077606201,0.6874901651782945,0.793430826144163,0.7201832107095052,0.6459939637645772,0.8558965973026197,21.0,5.0,0.8,19.0,12.0,1.0,,2.5233656069354052e+38,1.0,1e-15,1.2,42.0,0.3,exhaustive_selection_config,"[[0, 0.1, 0.2, 0.3, 0.4, 0.5, 0.6, 0.7, 0.8, 0.9, 1]]","['nap', 'rtp']",252336560693540533935881068298825202077_eps8_s3,BPI2013_Incidents,WEIGHTED_PROBS_LEN
463.56043948605657,72.70557395666837,124.6,0.5652136173079901,0.13778975717723366,0.0,17.07540940195322,0.8783100261518783,2.233052955940366,0.5831946441952527,173374.6,0.9493201646347978,0.3498555886948015,0.00017675058614579682,1.0,170679.00941167027,75.00770396627486,0.598244994895977,0.7250961402463953,0.6316586991626976,0.6227999417403504,0.8092651240436043,21.0,5.0,0.8,19.0,12.0,1.0,,2.5233656069354052e+38,1.0,1e-15,1.2,42.0,0.4,exhaustive_selection_config,"[[0, 0.1, 0.2, 0.3, 0.4, 0.5, 0.6, 0.7, 0.8, 0.9, 1]]","['nap', 'rtp']",252336560693540533935881068298825202077_eps8_s4,BPI2013_Incidents,WEIGHTED_PROBS_LEN
463.56043948605657,80.42532292194664,124.6,0.5651562279282449,0.1350123535841703,0.0,58.17082446999848,0.8782972338878764,2.233052955940366,0.5831365438390472,173374.6,0.9493168099633735,0.3499009823356274,0.00017675058614579682,1.0,171568.65420334524,77.59881341531873,0.598195695003029,0.7250727771473441,0.6316277300511668,0.6227865655080362,0.8092430461685158,21.0,5.0,0.8,19.0,12.0,1.0,,2.5233656069354052e+38,1.0,1e-15,1.2,42.0,0.5,exhaustive_selection_config,"[[0, 0.1, 0.2, 0.3, 0.4, 0.5, 0.6, 0.7, 0.8, 0.9, 1]]","['nap', 'rtp']",252336560693540533935881068298825202077_eps8_s5,BPI2013_Incidents,WEIGHTED_PROBS_LEN
463.56043948605657,78.51511131227016,124.6,0.565120954300155,85.52217871174216,0.0,204.33893589563667,0.8782701696190301,2.233052955940366,0.5830998643381957,173374.6,0.9493046353049485,0.3498153177397039,0.00017675058614579682,1.0,174127.3213770531,82.03803715780377,0.5981577288826282,0.7250400343883069,0.631594329612367,0.6226904229575088,0.8092079639854168,21.0,5.0,0.8,19.0,12.0,1.0,,2.5233656069354052e+38,1.0,1e-15,1.2,42.0,0.6,exhaustive_selection_config,"[[0, 0.1, 0.2, 0.3, 0.4, 0.5, 0.6, 0.7, 0.8, 0.9, 1]]","['nap', 'rtp']",252336560693540533935881068298825202077_eps8_s6,BPI2013_Incidents,WEIGHTED_PROBS_LEN
463.56043948605657,79.10741664767265,124.6,0.5651354514077201,84.7422040682286,0.0,209.50160128436983,0.8782778123258715,2.233052955940366,0.5831150061225039,173374.6,0.9493117345178801,0.3498403803963455,0.00017675058614579682,1.0,177534.05584743991,84.20614477358758,0.5981749279086479,0.7250396707547779,0.6316075133235535,0.6227039611691109,0.8092177906070631,21.0,5.0,0.8,19.0,12.0,1.0,,2.5233656069354052e+38,1.0,1e-15,1.2,42.0,0.7,exhaustive_selection_config,"[[0, 0.1, 0.2, 0.3, 0.4, 0.5, 0.6, 0.7, 0.8, 0.9, 1]]","['nap', 'rtp']",252336560693540533935881068298825202077_eps8_s7,BPI2013_Incidents,WEIGHTED_PROBS_LEN
463.56043948605657,84.36930657327176,124.6,0.5385644738347483,90.04057263955474,0.0,224.72021015398204,0.8737290891843685,2.233052955940366,0.5574232046924908,173374.6,0.9469387754346759,0.32880192561427435,0.00017675058614579682,1.0,181023.4914541319,89.90869551710784,0.5745371532526943,0.7152785395682574,0.6129301778996757,0.5961083807249759,0.8024947191578887,21.0,5.0,0.8,19.0,12.0,1.0,,2.5233656069354052e+38,1.0,1e-15,1.2,42.0,0.8,exhaustive_selection_config,"[[0, 0.1, 0.2, 0.3, 0.4, 0.5, 0.6, 0.7, 0.8, 0.9, 1]]","['nap', 'rtp']",252336560693540533935881068298825202077_eps8_s8,BPI2013_Incidents,WEIGHTED_PROBS_LEN
463.56043948605657,84.40550826750696,124.6,0.5385432665214774,73.65795555002987,0.0,167.03300379440188,0.8737509967901312,2.233052955940366,0.5574332143953326,173374.6,0.9469402453988461,0.3287776429339959,0.00017675058614579682,1.0,184456.1256429307,90.0216323144734,0.574560165400661,0.7153145639535847,0.6129590338244133,0.5960815905926129,0.8025187707095665,21.0,5.0,0.8,19.0,12.0,1.0,,2.5233656069354052e+38,1.0,1e-15,1.2,42.0,0.9,exhaustive_selection_config,"[[0, 0.1, 0.2, 0.3, 0.4, 0.5, 0.6, 0.7, 0.8, 0.9, 1]]","['nap', 'rtp']",252336560693540533935881068298825202077_eps8_s9,BPI2013_Incidents,WEIGHTED_PROBS_LEN
463.56043948605657,74.45666616037488,124.6,0.27889883714468156,0.1392021521925926,0.0,17.763053415343165,0.8136401747564704,2.233052955940366,0.33500274625285636,173374.6,0.9006474390386092,0.12910803444815921,0.00017675058614579682,1.0,187101.9033047043,77.35590406432748,0.37761255914411584,0.6226559381158576,0.4583222396361649,0.1392142476853317,0.7384628104982536,21.0,5.0,0.8,21.0,12.0,1.0,,2.5233656069354052e+38,1.0,1e-15,1.2,42.0,0.0,exhaustive_selection_config,"[[0, 0.1, 0.2, 0.3, 0.4, 0.5, 0.6, 0.7, 0.8, 0.9, 1]]","['nap', 'rtp']",252336560693540533935881068298825202077_eps9_s0,BPI2013_Incidents,WEIGHTED_PROBS_LEN
463.56043948605657,851.0833442706614,124.6,0.3119717615157887,38.441817726567386,0.0,145.68307506777347,0.9572199324126516,2.233052955940366,0.8175321909670721,173374.6,0.9808771848958902,0.31169707378457023,0.00017675058614579682,1.0,190637.94708783552,85.20381133817136,0.847609089139491,0.9158803323150954,0.8794516890846422,0.6885834507255113,0.9374446845640592,21.0,5.0,0.8,21.0,12.0,1.0,,2.5233656069354052e+38,1.0,1e-15,1.2,42.0,0.1,exhaustive_selection_config,"[[0, 0.1, 0.2, 0.3, 0.4, 0.5, 0.6, 0.7, 0.8, 0.9, 1]]","['nap', 'rtp']",252336560693540533935881068298825202077_eps9_s1,BPI2013_Incidents,WEIGHTED_PROBS_LEN
463.56043948605657,140.28487989604474,124.6,0.4402698354774602,52.51785582751036,0.0,165.6664107836783,0.8951973076101428,2.233052955940366,0.48690567177287614,173374.6,0.9520592528683057,0.23043901885154122,0.00017675058614579682,1.0,206907.61888277196,143.89927749559283,0.52032174708171,0.7323147353645889,0.5857210748371111,0.5189121636987967,0.833927937611081,21.0,5.0,0.8,21.0,12.0,1.0,,2.5233656069354052e+38,1.0,1e-15,1.2,42.0,1.0,exhaustive_selection_config,"[[0, 0.1, 0.2, 0.3, 0.4, 0.5, 0.6, 0.7, 0.8, 0.9, 1]]","['nap', 'rtp']",252336560693540533935881068298825202077_eps9_s10,BPI2013_Incidents,WEIGHTED_PROBS_LEN
463.56043948605657,758.837607999891,124.6,0.30716515856391685,16.511200865358113,0.0,21.920901335775852,0.9544025238153859,2.233052955940366,0.8062470352325037,173374.6,0.9804622069788396,0.2991960833685009,0.00017675058614579682,1.0,196391.20846583025,82.69434330277144,0.8365916744727843,0.9096581461575152,0.8692848863727513,0.6741048575250923,0.9324161546606954,21.0,5.0,0.8,21.0,12.0,1.0,,2.5233656069354052e+38,1.0,1e-15,1.2,42.0,0.2,exhaustive_selection_config,"[[0, 0.1, 0.2, 0.3, 0.4, 0.5, 0.6, 0.7, 0.8, 0.9, 1]]","['nap', 'rtp']",252336560693540533935881068298825202077_eps9_s2,BPI2013_Incidents,WEIGHTED_PROBS_LEN
463.56043948605657,347.9931820485741,124.6,0.4690778949596489,0.13868814222514628,0.0,19.414206669479608,0.909097681703255,2.233052955940366,0.6672605932979774,173374.6,0.9622503405856314,0.3476708443593704,0.00017675058614579682,1.0,199455.8060304649,77.56164504438638,0.6881405015189751,0.794174261441534,0.7208725848495312,0.6475573427481318,0.8564545409004969,21.0,5.0,0.8,21.0,12.0,1.0,,2.5233656069354052e+38,1.0,1e-15,1.2,42.0,0.3,exhaustive_selection_config,"[[0, 0.1, 0.2, 0.3, 0.4, 0.5, 0.6, 0.7, 0.8, 0.9, 1]]","['nap', 'rtp']",252336560693540533935881068298825202077_eps9_s3,BPI2013_Incidents,WEIGHTED_PROBS_LEN
463.56043948605657,74.10116187520325,124.6,0.5664333528848084,0.1388221532106399,0.0,17.249699106439948,0.8786653283351213,2.233052955940366,0.5844102035215142,173374.6,0.9495302097770912,0.3511506223956679,0.00017675058614579682,1.0,200859.78718815296,76.70907919295132,0.5994974807094879,0.7258937978932526,0.6328311427010983,0.6242958424836726,0.8097205665147772,21.0,5.0,0.8,21.0,12.0,1.0,,2.5233656069354052e+38,1.0,1e-15,1.2,42.0,0.4,exhaustive_selection_config,"[[0, 0.1, 0.2, 0.3, 0.4, 0.5, 0.6, 0.7, 0.8, 0.9, 1]]","['nap', 'rtp']",252336560693540533935881068298825202077_eps9_s4,BPI2013_Incidents,WEIGHTED_PROBS_LEN
463.56043948605657,74.64290386624634,124.6,0.5663714451968069,0.13477896414697169,0.0,17.323561735823752,0.8786757371401865,2.233052955940366,0.5843615801312743,173374.6,0.9495321540791695,0.3511960160364938,0.00017675058614579682,1.0,201705.8571459938,76.93862762562931,0.5994600853718633,0.7258874696514849,0.6328092853545088,0.6242824662513586,0.8097305546888427,21.0,5.0,0.8,21.0,12.0,1.0,,2.5233656069354052e+38,1.0,1e-15,1.2,42.0,0.5,exhaustive_selection_config,"[[0, 0.1, 0.2, 0.3, 0.4, 0.5, 0.6, 0.7, 0.8, 0.9, 1]]","['nap', 'rtp']",252336560693540533935881068298825202077_eps9_s5,BPI2013_Incidents,WEIGHTED_PROBS_LEN
463.56043948605657,75.35643775612115,124.6,0.5663226694061843,0.13913921937346455,0.0,17.61645313091576,0.8786540835622066,2.233052955940366,0.5843142157508374,173374.6,0.9495222136568312,0.35111035144057035,0.00017675058614579682,1.0,202557.55161331818,77.58030557148159,0.5994205854560721,0.7258532829974891,0.6327635518132665,0.624186323700831,0.8096970474464816,21.0,5.0,0.8,21.0,12.0,1.0,,2.5233656069354052e+38,1.0,1e-15,1.2,42.0,0.6,exhaustive_selection_config,"[[0, 0.1, 0.2, 0.3, 0.4, 0.5, 0.6, 0.7, 0.8, 0.9, 1]]","['nap', 'rtp']",252336560693540533935881068298825202077_eps9_s6,BPI2013_Incidents,WEIGHTED_PROBS_LEN
463.56043948605657,75.44380687735975,124.6,0.5663458336109921,0.1430145155638456,0.0,17.44986851774156,0.8786696058267822,2.233052955940366,0.5843369832314955,173374.6,0.9495318773382451,0.35113541409721194,0.00017675058614579682,1.0,203411.37291717753,76.96327355280519,0.5994437711518109,0.7258611514031383,0.6327968213710579,0.6241998619124332,0.809716617910032,21.0,5.0,0.8,21.0,12.0,1.0,,2.5233656069354052e+38,1.0,1e-15,1.2,42.0,0.7,exhaustive_selection_config,"[[0, 0.1, 0.2, 0.3, 0.4, 0.5, 0.6, 0.7, 0.8, 0.9, 1]]","['nap', 'rtp']",252336560693540533935881068298825202077_eps9_s7,BPI2013_Incidents,WEIGHTED_PROBS_LEN
463.56043948605657,74.72110982872546,124.6,0.5439875657591353,0.13863403312861916,0.0,17.37175215035677,0.8745857766331575,2.233052955940366,0.5628474234144388,173374.6,0.9474753616828018,0.3335408105921902,0.00017675058614579682,1.0,204259.41535425297,76.70398127362132,0.5795603386254239,0.7167060615592679,0.6167868469770864,0.6015135133423118,0.8036041506955834,21.0,5.0,0.8,21.0,12.0,1.0,,2.5233656069354052e+38,1.0,1e-15,1.2,42.0,0.8,exhaustive_selection_config,"[[0, 0.1, 0.2, 0.3, 0.4, 0.5, 0.6, 0.7, 0.8, 0.9, 1]]","['nap', 'rtp']",252336560693540533935881068298825202077_eps9_s8,BPI2013_Incidents,WEIGHTED_PROBS_LEN
463.56043948605657,69.8134556632489,124.6,0.543953869884243,0.13997252248227593,0.0,17.32758537605405,0.874594108925568,2.233052955940366,0.5628027674315064,173374.6,0.9474762853846922,0.3335165279119118,0.00017675058614579682,1.0,205092.36078311986,76.8939572121948,0.5795276413226074,0.7167085630310295,0.6167514728264342,0.601486723209949,0.8036131670496829,21.0,5.0,0.8,21.0,12.0,1.0,,2.5233656069354052e+38,1.0,1e-15,1.2,42.0,0.9,exhaustive_selection_config,"[[0, 0.1, 0.2, 0.3, 0.4, 0.5, 0.6, 0.7, 0.8, 0.9, 1]]","['nap', 'rtp']",252336560693540533935881068298825202077_eps9_s9,BPI2013_Incidents,WEIGHTED_PROBS_LEN
5.896497044712305,8.461231468990444,26.6,0.33048979539802914,29.499630130454896,0.0,58.886117504909635,0.7655771839774415,0.2856010720133781,0.3337531716763755,8545.0,0.8853835435262314,0.3731355869263229,0.00328685374563436,1.0,822.6430781878531,9.5773616168648,0.34873437166565513,0.5269500791637961,0.3938025639322559,0.3512936821565723,0.6627964676756417,21.0,5.0,0.8,3.0,12.0,1.0,,2.5233656069354052e+38,1.0,1e-15,1.2,42.0,0.0,exhaustive_selection_config,"[[0, 0.1, 0.2, 0.3, 0.4, 0.5, 0.6, 0.7, 0.8, 0.9, 1]]","['nap', 'rtp']",252336560693540533935881068298825202077_eps0_s0,EnvPermit,WEIGHTED_PROBS_LEN
5.896497044712305,8.755081687495112,26.6,0.7502078057213935,0.10413668826222415,0.0,5.406813266500831,0.8820339551440364,0.2856010720133781,0.7503803151855889,8545.0,0.9532783645087969,0.538496135346791,0.00328685374563436,1.0,951.9864626493305,8.73775427043438,0.7511502848752761,0.7761342525540611,0.7539030510988596,0.8096182036670866,0.8283194979686186,21.0,5.0,0.8,3.0,12.0,1.0,,2.5233656069354052e+38,1.0,1e-15,1.2,42.0,0.1,exhaustive_selection_config,"[[0, 0.1, 0.2, 0.3, 0.4, 0.5, 0.6, 0.7, 0.8, 0.9, 1]]","['nap', 'rtp']",252336560693540533935881068298825202077_eps0_s1,EnvPermit,WEIGHTED_PROBS_LEN
5.896497044712305,7.588390297815204,26.6,0.7502078057213935,0.10215572081506248,0.0,4.818018792569637,0.8820339551440364,0.2856010720133781,0.7503803151855889,8545.0,0.9532783645087969,0.538496135346791,0.00328685374563436,1.0,1915.387374574691,7.817416128516197,0.7511502848752761,0.7761342525540611,0.7539030510988596,0.8096182036670866,0.8283194979686186,21.0,5.0,0.8,3.0,12.0,1.0,,2.5233656069354052e+38,1.0,1e-15,1.2,42.0,1.0,exhaustive_selection_config,"[[0, 0.1, 0.2, 0.3, 0.4, 0.5, 0.6, 0.7, 0.8, 0.9, 1]]","['nap', 'rtp']",252336560693540533935881068298825202077_eps0_s10,EnvPermit,WEIGHTED_PROBS_LEN
5.896497044712305,8.190138852968811,26.6,0.7502078057213935,0.10185201242566104,0.0,4.879114674776792,0.8820339551440364,0.2856010720133781,0.7503803151855889,8545.0,0.9532783645087969,0.538496135346791,0.00328685374563436,1.0,1062.5813069052995,8.496343503519892,0.7511502848752761,0.7761342525540611,0.7539030510988596,0.8096182036670866,0.8283194979686186,21.0,5.0,0.8,3.0,12.0,1.0,,2.5233656069354052e+38,1.0,1e-15,1.2,42.0,0.2,exhaustive_selection_config,"[[0, 0.1, 0.2, 0.3, 0.4, 0.5, 0.6, 0.7, 0.8, 0.9, 1]]","['nap', 'rtp']",252336560693540533935881068298825202077_eps0_s2,EnvPermit,WEIGHTED_PROBS_LEN
5.896497044712305,7.932627296075225,26.6,0.7502078057213935,0.10009950064122672,0.0,4.859054534882307,0.8820339551440364,0.2856010720133781,0.7503803151855889,8545.0,0.9532783645087969,0.538496135346791,0.00328685374563436,1.0,1172.7569052621723,8.1884406670928,0.7511502848752761,0.7761342525540611,0.7539030510988596,0.8096182036670866,0.8283194979686186,21.0,5.0,0.8,3.0,12.0,1.0,,2.5233656069354052e+38,1.0,1e-15,1.2,42.0,0.3,exhaustive_selection_config,"[[0, 0.1, 0.2, 0.3, 0.4, 0.5, 0.6, 0.7, 0.8, 0.9, 1]]","['nap', 'rtp']",252336560693540533935881068298825202077_eps0_s3,EnvPermit,WEIGHTED_PROBS_LEN
5.896497044712305,8.176207014918328,26.6,0.7502078057213935,0.10068140476942058,0.0,4.943866916745901,0.8820339551440364,0.2856010720133781,0.7503803151855889,8545.0,0.9532783645087969,0.538496135346791,0.00328685374563436,1.0,1280.866351212561,8.521009634062647,0.7511502848752761,0.7761342525540611,0.7539030510988596,0.8096182036670866,0.8283194979686186,21.0,5.0,0.8,3.0,12.0,1.0,,2.5233656069354052e+38,1.0,1e-15,1.2,42.0,0.4,exhaustive_selection_config,"[[0, 0.1, 0.2, 0.3, 0.4, 0.5, 0.6, 0.7, 0.8, 0.9, 1]]","['nap', 'rtp']",252336560693540533935881068298825202077_eps0_s4,EnvPermit,WEIGHTED_PROBS_LEN
5.896497044712305,8.28348986953497,26.6,0.7502078057213935,0.10515198446810241,0.0,4.891054723784327,0.8820339551440364,0.2856010720133781,0.7503803151855889,8545.0,0.9532783645087969,0.538496135346791,0.00328685374563436,1.0,1392.7236091017724,8.270321929827332,0.7511502848752761,0.7761342525540611,0.7539030510988596,0.8096182036670866,0.8283194979686186,21.0,5.0,0.8,3.0,12.0,1.0,,2.5233656069354052e+38,1.0,1e-15,1.2,42.0,0.5,exhaustive_selection_config,"[[0, 0.1, 0.2, 0.3, 0.4, 0.5, 0.6, 0.7, 0.8, 0.9, 1]]","['nap', 'rtp']",252336560693540533935881068298825202077_eps0_s5,EnvPermit,WEIGHTED_PROBS_LEN
5.896497044712305,7.6799130033701655,26.6,0.7502078057213935,0.1032727357000112,0.0,4.816996459290385,0.8820339551440364,0.2856010720133781,0.7503803151855889,8545.0,0.9532783645087969,0.538496135346791,0.00328685374563436,1.0,1498.0866165563464,8.002569391205906,0.7511502848752761,0.7761342525540611,0.7539030510988596,0.8096182036670866,0.8283194979686186,21.0,5.0,0.8,3.0,12.0,1.0,,2.5233656069354052e+38,1.0,1e-15,1.2,42.0,0.6,exhaustive_selection_config,"[[0, 0.1, 0.2, 0.3, 0.4, 0.5, 0.6, 0.7, 0.8, 0.9, 1]]","['nap', 'rtp']",252336560693540533935881068298825202077_eps0_s6,EnvPermit,WEIGHTED_PROBS_LEN
5.896497044712305,7.540737735852599,26.6,0.7502078057213935,0.10234263427555557,0.0,4.86022033803165,0.8820339551440364,0.2856010720133781,0.7503803151855889,8545.0,0.9532783645087969,0.538496135346791,0.00328685374563436,1.0,1602.6014630556106,7.989444013312459,0.7511502848752761,0.7761342525540611,0.7539030510988596,0.8096182036670866,0.8283194979686186,21.0,5.0,0.8,3.0,12.0,1.0,,2.5233656069354052e+38,1.0,1e-15,1.2,42.0,0.7,exhaustive_selection_config,"[[0, 0.1, 0.2, 0.3, 0.4, 0.5, 0.6, 0.7, 0.8, 0.9, 1]]","['nap', 'rtp']",252336560693540533935881068298825202077_eps0_s7,EnvPermit,WEIGHTED_PROBS_LEN
5.896497044712305,7.631298395246267,26.6,0.7502078057213935,0.10219984836876386,0.0,4.918129235506058,0.8820339551440364,0.2856010720133781,0.7503803151855889,8545.0,0.9532783645087969,0.538496135346791,0.00328685374563436,1.0,1707.2721835307777,7.9212309189140795,0.7511502848752761,0.7761342525540611,0.7539030510988596,0.8096182036670866,0.8283194979686186,21.0,5.0,0.8,3.0,12.0,1.0,,2.5233656069354052e+38,1.0,1e-15,1.2,42.0,0.8,exhaustive_selection_config,"[[0, 0.1, 0.2, 0.3, 0.4, 0.5, 0.6, 0.7, 0.8, 0.9, 1]]","['nap', 'rtp']",252336560693540533935881068298825202077_eps0_s8,EnvPermit,WEIGHTED_PROBS_LEN
5.896497044712305,7.575301863998175,26.6,0.7502078057213935,0.10348736904561515,0.0,4.874965137988329,0.8820339551440364,0.2856010720133781,0.7503803151855889,8545.0,0.9532783645087969,0.538496135346791,0.00328685374563436,1.0,1811.693987142667,7.90904627814889,0.7511502848752761,0.7761342525540611,0.7539030510988596,0.8096182036670866,0.8283194979686186,21.0,5.0,0.8,3.0,12.0,1.0,,2.5233656069354052e+38,1.0,1e-15,1.2,42.0,0.9,exhaustive_selection_config,"[[0, 0.1, 0.2, 0.3, 0.4, 0.5, 0.6, 0.7, 0.8, 0.9, 1]]","['nap', 'rtp']",252336560693540533935881068298825202077_eps0_s9,EnvPermit,WEIGHTED_PROBS_LEN
5.896497044712305,7.546294702216983,26.6,0.32640931252217753,0.099349882826209,0.0,4.860205724090338,0.7645399191751074,0.2856010720133781,0.3294001499934661,8545.0,0.8852241636182315,0.3682736786230477,0.00328685374563436,1.0,2018.8411122296006,7.900220509618521,0.3440126152434654,0.5249588060926931,0.39013641239539293,0.34372793948033886,0.6608904220271734,21.0,5.0,0.8,5.0,12.0,1.0,,2.5233656069354052e+38,1.0,1e-15,1.2,42.0,0.0,exhaustive_selection_config,"[[0, 0.1, 0.2, 0.3, 0.4, 0.5, 0.6, 0.7, 0.8, 0.9, 1]]","['nap', 'rtp']",252336560693540533935881068298825202077_eps1_s0,EnvPermit,WEIGHTED_PROBS_LEN
5.896497044712305,7.691387569904327,26.6,0.7439911825785088,0.10225397199392314,0.0,4.72522340901196,0.8784179086772029,0.2856010720133781,0.744135727841839,8545.0,0.9514831897604145,0.44142902369434955,0.00328685374563436,1.0,2122.7941942468287,7.842988180741668,0.7447264698726344,0.7699718516054567,0.747370979973328,0.7996619540067693,0.8231593631364544,21.0,5.0,0.8,5.0,12.0,1.0,,2.5233656069354052e+38,1.0,1e-15,1.2,42.0,0.1,exhaustive_selection_config,"[[0, 0.1, 0.2, 0.3, 0.4, 0.5, 0.6, 0.7, 0.8, 0.9, 1]]","['nap', 'rtp']",252336560693540533935881068298825202077_eps1_s1,EnvPermit,WEIGHTED_PROBS_LEN
5.896497044712305,6.4917585585266355,26.6,0.376877171465042,0.0998537570238113,0.0,3.58421693071723,0.7778233647858135,0.2856010720133781,0.3827938790538231,8545.0,0.8856617662805553,0.333175161221834,0.00328685374563436,1.0,2997.86346725747,6.937175187096,0.4107526671857353,0.5586999727444117,0.4611292687887304,0.3444023880115269,0.6873043492631824,21.0,5.0,0.8,5.0,12.0,1.0,,2.5233656069354052e+38,1.0,1e-15,1.2,42.0,1.0,exhaustive_selection_config,"[[0, 0.1, 0.2, 0.3, 0.4, 0.5, 0.6, 0.7, 0.8, 0.9, 1]]","['nap', 'rtp']",252336560693540533935881068298825202077_eps1_s10,EnvPermit,WEIGHTED_PROBS_LEN
5.896497044712305,7.584831831231713,26.6,0.7318725917813484,0.1101484008133411,0.0,4.945130149647594,0.8858479167596348,0.2856010720133781,0.7325481116957906,8545.0,0.9482604784428336,0.444617124193845,0.00328685374563436,1.0,2226.7232976250352,7.961774975061417,0.7362992550184047,0.7771118057357713,0.7441539226769937,0.7664665615656616,0.8388179478934464,21.0,5.0,0.8,5.0,12.0,1.0,,2.5233656069354052e+38,1.0,1e-15,1.2,42.0,0.2,exhaustive_selection_config,"[[0, 0.1, 0.2, 0.3, 0.4, 0.5, 0.6, 0.7, 0.8, 0.9, 1]]","['nap', 'rtp']",252336560693540533935881068298825202077_eps1_s2,EnvPermit,WEIGHTED_PROBS_LEN
5.896497044712305,7.653669046610593,26.6,0.7324207446864625,0.10470830984413619,0.0,4.854845460876822,0.9004728560402695,0.2856010720133781,0.7340590440405803,8545.0,0.9578223206137041,0.44988129033084173,0.00328685374563436,1.0,2333.0699265990406,8.256031150743365,0.7405473394399135,0.7846132400518181,0.7515570454257856,0.7750290254936851,0.852227302152085,21.0,5.0,0.8,5.0,12.0,1.0,,2.5233656069354052e+38,1.0,1e-15,1.2,42.0,0.3,exhaustive_selection_config,"[[0, 0.1, 0.2, 0.3, 0.4, 0.5, 0.6, 0.7, 0.8, 0.9, 1]]","['nap', 'rtp']",252336560693540533935881068298825202077_eps1_s3,EnvPermit,WEIGHTED_PROBS_LEN
5.896497044712305,7.94320859760046,26.6,0.5503997319007347,0.10569538772106168,0.0,4.821453028917313,0.8439022702227685,0.2856010720133781,0.5532213043157783,8545.0,0.9272864450436499,0.40051255402732344,0.00328685374563436,1.0,2439.6860504075885,7.9516200721263885,0.5656753103221617,0.6416489420503042,0.5846286449541311,0.5924124801974097,0.7656073935449437,21.0,5.0,0.8,5.0,12.0,1.0,,2.5233656069354052e+38,1.0,1e-15,1.2,42.0,0.4,exhaustive_selection_config,"[[0, 0.1, 0.2, 0.3, 0.4, 0.5, 0.6, 0.7, 0.8, 0.9, 1]]","['nap', 'rtp']",252336560693540533935881068298825202077_eps1_s4,EnvPermit,WEIGHTED_PROBS_LEN
5.896497044712305,7.074740341678262,26.6,0.5335160906308649,0.10268217250704761,0.0,3.9907106831669807,0.8334210263095295,0.2856010720133781,0.5363376630459087,8545.0,0.9215855855346687,0.3899777928135199,0.00328685374563436,1.0,2539.025761588663,7.5899474043399096,0.5487943923638388,0.6188481773759247,0.5676780321947489,0.5565128308852975,0.7500431317021767,21.0,5.0,0.8,5.0,12.0,1.0,,2.5233656069354052e+38,1.0,1e-15,1.2,42.0,0.5,exhaustive_selection_config,"[[0, 0.1, 0.2, 0.3, 0.4, 0.5, 0.6, 0.7, 0.8, 0.9, 1]]","['nap', 'rtp']",252336560693540533935881068298825202077_eps1_s5,EnvPermit,WEIGHTED_PROBS_LEN
5.896497044712305,6.534611888602376,26.6,0.48311810590101434,0.1224095348268747,0.0,3.8221523888409137,0.8041389581167548,0.2856010720133781,0.48636797342546584,8545.0,0.8849913536091021,0.37205626280338266,0.00328685374563436,1.0,2631.7072567015884,7.20294386819005,0.5039720242278476,0.6035662472902964,0.5336312257897587,0.469329011132874,0.7255680762519111,21.0,5.0,0.8,5.0,12.0,1.0,,2.5233656069354052e+38,1.0,1e-15,1.2,42.0,0.6,exhaustive_selection_config,"[[0, 0.1, 0.2, 0.3, 0.4, 0.5, 0.6, 0.7, 0.8, 0.9, 1]]","['nap', 'rtp']",252336560693540533935881068298825202077_eps1_s6,EnvPermit,WEIGHTED_PROBS_LEN
5.896497044712305,6.820127357169985,26.6,0.39194599823114645,0.10109808668494222,0.0,3.6998875167220833,0.7911876085211651,0.2856010720133781,0.39541612435177387,8545.0,0.880674004509682,0.3589914276270398,0.00328685374563436,1.0,2724.6508145228026,7.473476754128933,0.415053142892453,0.5539385561794022,0.4523497401487382,0.39100635526102046,0.6925665311614279,21.0,5.0,0.8,5.0,12.0,1.0,,2.5233656069354052e+38,1.0,1e-15,1.2,42.0,0.7,exhaustive_selection_config,"[[0, 0.1, 0.2, 0.3, 0.4, 0.5, 0.6, 0.7, 0.8, 0.9, 1]]","['nap', 'rtp']",252336560693540533935881068298825202077_eps1_s7,EnvPermit,WEIGHTED_PROBS_LEN
5.896497044712305,7.069069574028253,26.6,0.39462268357066566,0.10263620987534519,0.0,3.766911568120122,0.7810308995549035,0.2856010720133781,0.3980881684585817,8545.0,0.8735021231353487,0.34990545533354356,0.00328685374563436,1.0,2816.46827480793,7.333894431591034,0.41774866056378873,0.5534631105370191,0.45506817515322834,0.36297536595172214,0.6867896615868261,21.0,5.0,0.8,5.0,12.0,1.0,,2.5233656069354052e+38,1.0,1e-15,1.2,42.0,0.8,exhaustive_selection_config,"[[0, 0.1, 0.2, 0.3, 0.4, 0.5, 0.6, 0.7, 0.8, 0.9, 1]]","['nap', 'rtp']",252336560693540533935881068298825202077_eps1_s8,EnvPermit,WEIGHTED_PROBS_LEN
5.896497044712305,6.816664514690638,26.6,0.3949415569162452,0.10162767283618446,0.0,3.7290551025420426,0.7808714628821137,0.2856010720133781,0.39840704180416125,8545.0,0.873370476015571,0.34990545533354356,0.00328685374563436,1.0,2907.460369299725,7.398674384504557,0.41806753390936835,0.553157896463259,0.45538704849880796,0.36297536595172214,0.6865407331331499,21.0,5.0,0.8,5.0,12.0,1.0,,2.5233656069354052e+38,1.0,1e-15,1.2,42.0,0.9,exhaustive_selection_config,"[[0, 0.1, 0.2, 0.3, 0.4, 0.5, 0.6, 0.7, 0.8, 0.9, 1]]","['nap', 'rtp']",252336560693540533935881068298825202077_eps1_s9,EnvPermit,WEIGHTED_PROBS_LEN
5.896497044712305,6.924578844755888,26.6,0.3264085374145119,0.10189540572464462,0.0,3.6529898080974816,0.7645425876612861,0.2856010720133781,0.3294049858422775,8545.0,0.8852254978613209,0.3682736786230477,0.00328685374563436,1.0,3089.187953432277,7.521404455974698,0.3440261172675673,0.5249658070147011,0.39015090879925074,0.34372793948033886,0.6608945896097221,21.0,5.0,0.8,7.0,12.0,1.0,,2.5233656069354052e+38,1.0,1e-15,1.2,42.0,0.0,exhaustive_selection_config,"[[0, 0.1, 0.2, 0.3, 0.4, 0.5, 0.6, 0.7, 0.8, 0.9, 1]]","['nap', 'rtp']",252336560693540533935881068298825202077_eps2_s0,EnvPermit,WEIGHTED_PROBS_LEN
5.896497044712305,7.3772815395146605,26.6,0.7442653840626443,0.10293297395110126,0.0,3.619905200973153,0.8787802174099151,0.2856010720133781,0.7444099293259744,8545.0,0.9517074039941033,0.44328685850347754,0.00328685374563436,1.0,3182.229464333877,7.471599937230349,0.745057694118743,0.7703333301285079,0.7478497982237781,0.8008459607330073,0.8238066199417121,21.0,5.0,0.8,7.0,12.0,1.0,,2.5233656069354052e+38,1.0,1e-15,1.2,42.0,0.1,exhaustive_selection_config,"[[0, 0.1, 0.2, 0.3, 0.4, 0.5, 0.6, 0.7, 0.8, 0.9, 1]]","['nap', 'rtp']",252336560693540533935881068298825202077_eps2_s1,EnvPermit,WEIGHTED_PROBS_LEN
5.896497044712305,6.427914757281542,26.6,0.3895678612852123,0.10048411451280115,0.0,3.700912468880415,0.773951682665555,0.2856010720133781,0.3905753374624639,8545.0,0.9007399742541813,0.394698174656164,0.00328685374563436,1.0,4010.773437187448,7.028497491031885,0.3970860613169959,0.5294108935390645,0.42134125957757257,0.4643389303466573,0.6667408244005336,21.0,5.0,0.8,7.0,12.0,1.0,,2.5233656069354052e+38,1.0,1e-15,1.2,42.0,1.0,exhaustive_selection_config,"[[0, 0.1, 0.2, 0.3, 0.4, 0.5, 0.6, 0.7, 0.8, 0.9, 1]]","['nap', 'rtp']",252336560693540533935881068298825202077_eps2_s10,EnvPermit,WEIGHTED_PROBS_LEN
5.896497044712305,6.566160489618778,26.6,0.7448870633356451,0.10189976058900352,0.0,3.663443722203374,0.8909013117519488,0.2856010720133781,0.7453918053132711,8545.0,0.950717995168582,0.4522225129944647,0.00328685374563436,1.0,3273.6879163473845,7.073692124336958,0.7479406457868965,0.7785767597557121,0.7532857969910252,0.7888403960844841,0.8474694355426585,21.0,5.0,0.8,7.0,12.0,1.0,,2.5233656069354052e+38,1.0,1e-15,1.2,42.0,0.2,exhaustive_selection_config,"[[0, 0.1, 0.2, 0.3, 0.4, 0.5, 0.6, 0.7, 0.8, 0.9, 1]]","['nap', 'rtp']",252336560693540533935881068298825202077_eps2_s2,EnvPermit,WEIGHTED_PROBS_LEN
5.896497044712305,7.0197505164891485,26.6,0.7465030203783252,0.10195235833525654,0.0,3.6426601853221654,0.9028499405255358,0.2856010720133781,0.7469595986137914,8545.0,0.9575262676453715,0.4580495793781864,0.00328685374563436,1.0,3367.0521147634836,7.617503359541297,0.7499938022743733,0.7848210347818345,0.7560272914426618,0.796447662417159,0.8554117732626324,21.0,5.0,0.8,7.0,12.0,1.0,,2.5233656069354052e+38,1.0,1e-15,1.2,42.0,0.3,exhaustive_selection_config,"[[0, 0.1, 0.2, 0.3, 0.4, 0.5, 0.6, 0.7, 0.8, 0.9, 1]]","['nap', 'rtp']",252336560693540533935881068298825202077_eps2_s3,EnvPermit,WEIGHTED_PROBS_LEN
5.896497044712305,6.789675599336624,26.6,0.620543246766735,0.10154227130115026,0.0,3.601551704481244,0.8622634443233219,0.2856010720133781,0.6210250289526001,8545.0,0.9402281370044705,0.4265806672060754,0.00328685374563436,1.0,3457.5743911672384,7.3444505732506515,0.6241566696957935,0.6751740889699984,0.630573452153235,0.692634771047387,0.7947285227116414,21.0,5.0,0.8,7.0,12.0,1.0,,2.5233656069354052e+38,1.0,1e-15,1.2,42.0,0.4,exhaustive_selection_config,"[[0, 0.1, 0.2, 0.3, 0.4, 0.5, 0.6, 0.7, 0.8, 0.9, 1]]","['nap', 'rtp']",252336560693540533935881068298825202077_eps2_s4,EnvPermit,WEIGHTED_PROBS_LEN
5.896497044712305,6.92722970508039,26.6,0.6213433368852195,0.10360813513398166,0.0,3.5483977794647217,0.860474328553603,0.2856010720133781,0.6218251190710846,8545.0,0.9389822560110825,0.425072807299006,0.00328685374563436,1.0,3548.3691155172883,7.580459832772613,0.624956759814278,0.6748786380269359,0.6313779185435735,0.6883536798597116,0.7925365314772368,21.0,5.0,0.8,7.0,12.0,1.0,,2.5233656069354052e+38,1.0,1e-15,1.2,42.0,0.5,exhaustive_selection_config,"[[0, 0.1, 0.2, 0.3, 0.4, 0.5, 0.6, 0.7, 0.8, 0.9, 1]]","['nap', 'rtp']",252336560693540533935881068298825202077_eps2_s5,EnvPermit,WEIGHTED_PROBS_LEN
5.896497044712305,6.798202484846115,26.6,0.6153390651922068,0.10363417901098723,0.0,3.678627432137728,0.8559768047383569,0.2856010720133781,0.615825422571374,8545.0,0.9366184350935581,0.4294274360358383,0.00328685374563436,1.0,3640.8379002705215,7.4213167693465945,0.6195000884938034,0.6751317738393302,0.6277263495637683,0.6763850035676933,0.7886837153054824,21.0,5.0,0.8,7.0,12.0,1.0,,2.5233656069354052e+38,1.0,1e-15,1.2,42.0,0.6,exhaustive_selection_config,"[[0, 0.1, 0.2, 0.3, 0.4, 0.5, 0.6, 0.7, 0.8, 0.9, 1]]","['nap', 'rtp']",252336560693540533935881068298825202077_eps2_s6,EnvPermit,WEIGHTED_PROBS_LEN
5.896497044712305,7.0970059532672165,26.6,0.5507077819999091,0.10189952626824375,0.0,3.649957141652704,0.8192177391504145,0.2856010720133781,0.5511987806117876,8545.0,0.9375282107433245,0.43990324705312017,0.00328685374563436,1.0,3735.0855890773237,7.718911641836167,0.5549394796247048,0.6154603727636323,0.563964615524841,0.6662753569948343,0.732580034263796,21.0,5.0,0.8,7.0,12.0,1.0,,2.5233656069354052e+38,1.0,1e-15,1.2,42.0,0.7,exhaustive_selection_config,"[[0, 0.1, 0.2, 0.3, 0.4, 0.5, 0.6, 0.7, 0.8, 0.9, 1]]","['nap', 'rtp']",252336560693540533935881068298825202077_eps2_s7,EnvPermit,WEIGHTED_PROBS_LEN
5.896497044712305,6.962377123162151,26.6,0.5506785422338273,0.10202261470258234,0.0,3.561426670476794,0.8192372323278025,0.2856010720133781,0.5511695408457057,8545.0,0.9375379573320185,0.43990324705312017,0.00328685374563436,1.0,3827.953261025995,7.388159235194325,0.554910239858623,0.6154701193523263,0.5639353757587593,0.6662753569948343,0.732609274029878,21.0,5.0,0.8,7.0,12.0,1.0,,2.5233656069354052e+38,1.0,1e-15,1.2,42.0,0.8,exhaustive_selection_config,"[[0, 0.1, 0.2, 0.3, 0.4, 0.5, 0.6, 0.7, 0.8, 0.9, 1]]","['nap', 'rtp']",252336560693540533935881068298825202077_eps2_s8,EnvPermit,WEIGHTED_PROBS_LEN
5.896497044712305,6.790612886101007,26.6,0.5004632607591808,0.09960960187017913,0.0,3.586913140118122,0.7943979671781775,0.2856010720133781,0.5009630945309642,8545.0,0.9242726781316746,0.42299568132288723,0.00328685374563436,1.0,3922.240030584857,7.703222281858325,0.5046850251425806,0.5654992601666656,0.5137071774151367,0.5963022320403646,0.6956781350007958,21.0,5.0,0.8,7.0,12.0,1.0,,2.5233656069354052e+38,1.0,1e-15,1.2,42.0,0.9,exhaustive_selection_config,"[[0, 0.1, 0.2, 0.3, 0.4, 0.5, 0.6, 0.7, 0.8, 0.9, 1]]","['nap', 'rtp']",252336560693540533935881068298825202077_eps2_s9,EnvPermit,WEIGHTED_PROBS_LEN
5.896497044712305,6.524941008910536,26.6,0.3273439641952143,0.30103815011680124,0.0,3.74491935223341,0.7641781289292064,0.2856010720133781,0.33036711005079145,8545.0,0.8848781390117246,0.3682736786230477,0.00328685374563436,1.0,4101.166522271558,7.196936037391424,0.34494120698149616,0.5251809643914148,0.3910304970690325,0.34372793948033886,0.6606310336092964,21.0,5.0,0.8,9.0,12.0,1.0,,2.5233656069354052e+38,1.0,1e-15,1.2,42.0,0.0,exhaustive_selection_config,"[[0, 0.1, 0.2, 0.3, 0.4, 0.5, 0.6, 0.7, 0.8, 0.9, 1]]","['nap', 'rtp']",252336560693540533935881068298825202077_eps3_s0,EnvPermit,WEIGHTED_PROBS_LEN
5.896497044712305,6.630777522176504,26.6,0.7475702210835904,0.09967804513871664,0.0,3.602931139245629,0.8802116039129206,0.2856010720133781,0.7477147663469205,8545.0,0.9523767148939237,0.47180742272413656,0.00328685374563436,1.0,4189.940764449537,6.997841085121036,0.7483115077186053,0.7731794225439982,0.750885797536489,0.8039366206641005,0.8259850789364409,21.0,5.0,0.8,9.0,12.0,1.0,,2.5233656069354052e+38,1.0,1e-15,1.2,42.0,0.1,exhaustive_selection_config,"[[0, 0.1, 0.2, 0.3, 0.4, 0.5, 0.6, 0.7, 0.8, 0.9, 1]]","['nap', 'rtp']",252336560693540533935881068298825202077_eps3_s1,EnvPermit,WEIGHTED_PROBS_LEN
5.896497044712305,6.892894103005529,26.6,0.42329384356114497,0.10098914392292495,0.0,3.670737525820732,0.8058714007698476,0.2856010720133781,0.42519035089652457,8545.0,0.9123131359158465,0.4314791971907038,0.00328685374563436,1.0,4990.083823511377,7.539288749173283,0.43284064740366757,0.5653019533395008,0.45731690476042186,0.47956808840502185,0.6983250342798722,21.0,5.0,0.8,9.0,12.0,1.0,,2.5233656069354052e+38,1.0,1e-15,1.2,42.0,1.0,exhaustive_selection_config,"[[0, 0.1, 0.2, 0.3, 0.4, 0.5, 0.6, 0.7, 0.8, 0.9, 1]]","['nap', 'rtp']",252336560693540533935881068298825202077_eps3_s10,EnvPermit,WEIGHTED_PROBS_LEN
5.896497044712305,6.38253395371139,26.6,0.7802125955337287,0.09782236255705352,0.0,3.587031461670995,0.905786276716875,0.2856010720133781,0.7806099345116524,8545.0,0.9592835808729825,0.4965606132710384,0.00328685374563436,1.0,4277.523302148655,6.909793468564748,0.7820393597993426,0.8094495863773931,0.7857680432821756,0.8216692430310009,0.8691937562609844,21.0,5.0,0.8,9.0,12.0,1.0,,2.5233656069354052e+38,1.0,1e-15,1.2,42.0,0.2,exhaustive_selection_config,"[[0, 0.1, 0.2, 0.3, 0.4, 0.5, 0.6, 0.7, 0.8, 0.9, 1]]","['nap', 'rtp']",252336560693540533935881068298825202077_eps3_s2,EnvPermit,WEIGHTED_PROBS_LEN
5.896497044712305,6.494342504069209,26.6,0.7841411739363544,0.10186034999787803,0.0,3.712925885617733,0.9162869010818362,0.2856010720133781,0.7845476822457818,8545.0,0.9652843899110997,0.5005056959649957,0.00328685374563436,1.0,4365.418777292221,7.169322172924876,0.7859879970286409,0.8165900357813731,0.7897420302010625,0.8321659062997494,0.8773096702717297,21.0,5.0,0.8,9.0,12.0,1.0,,2.5233656069354052e+38,1.0,1e-15,1.2,42.0,0.3,exhaustive_selection_config,"[[0, 0.1, 0.2, 0.3, 0.4, 0.5, 0.6, 0.7, 0.8, 0.9, 1]]","['nap', 'rtp']",252336560693540533935881068298825202077_eps3_s3,EnvPermit,WEIGHTED_PROBS_LEN
5.896497044712305,6.537783025950193,26.6,0.7905402908328332,0.1034306719899177,0.0,3.533400598168373,0.9194803440758857,0.2856010720133781,0.7909755575001582,8545.0,0.9646616983752703,0.49859346249722425,0.00328685374563436,1.0,4454.6451387673615,7.14299303330481,0.7925042460666776,0.8229457296289399,0.796571063783563,0.8298383474849468,0.8844892214817094,21.0,5.0,0.8,9.0,12.0,1.0,,2.5233656069354052e+38,1.0,1e-15,1.2,42.0,0.4,exhaustive_selection_config,"[[0, 0.1, 0.2, 0.3, 0.4, 0.5, 0.6, 0.7, 0.8, 0.9, 1]]","['nap', 'rtp']",252336560693540533935881068298825202077_eps3_s4,EnvPermit,WEIGHTED_PROBS_LEN
5.896497044712305,6.51798190176487,26.6,0.7930641650727626,0.10275261253118513,0.0,3.6341685477644203,0.9169692399306694,0.2856010720133781,0.7934994317400876,8545.0,0.9628876004720863,0.49637221068902343,0.00328685374563436,1.0,4542.775111403316,7.069302786886692,0.795028120306607,0.8225128595206801,0.799066598473157,0.8232180750107216,0.8812898834139343,21.0,5.0,0.8,9.0,12.0,1.0,,2.5233656069354052e+38,1.0,1e-15,1.2,42.0,0.5,exhaustive_selection_config,"[[0, 0.1, 0.2, 0.3, 0.4, 0.5, 0.6, 0.7, 0.8, 0.9, 1]]","['nap', 'rtp']",252336560693540533935881068298825202077_eps3_s5,EnvPermit,WEIGHTED_PROBS_LEN
5.896497044712305,6.475054623186589,26.6,0.7998906548524415,0.10080579034984108,0.0,3.6046425238251687,0.91731369081722,0.2856010720133781,0.8003394481782242,8545.0,0.9631528828082091,0.4954236959713813,0.00328685374563436,1.0,4631.181650253386,7.091247193142772,0.8019019022064221,0.8261490006615807,0.8059653173976109,0.8229256974385379,0.8801248930439393,21.0,5.0,0.8,9.0,12.0,1.0,,2.5233656069354052e+38,1.0,1e-15,1.2,42.0,0.6,exhaustive_selection_config,"[[0, 0.1, 0.2, 0.3, 0.4, 0.5, 0.6, 0.7, 0.8, 0.9, 1]]","['nap', 'rtp']",252336560693540533935881068298825202077_eps3_s6,EnvPermit,WEIGHTED_PROBS_LEN
5.896497044712305,6.492708103358746,26.6,0.7859951559607207,0.32968866042792794,0.0,3.553801206126809,0.9193135740597596,0.2856010720133781,0.7864439492865035,8545.0,0.9641331104794624,0.500482584225978,0.00328685374563436,1.0,4719.571262370795,7.0619396980851885,0.7879940929924037,0.8128938565660047,0.7920501853235298,0.8219722932877648,0.8647331389249804,21.0,5.0,0.8,9.0,12.0,1.0,,2.5233656069354052e+38,1.0,1e-15,1.2,42.0,0.7,exhaustive_selection_config,"[[0, 0.1, 0.2, 0.3, 0.4, 0.5, 0.6, 0.7, 0.8, 0.9, 1]]","['nap', 'rtp']",252336560693540533935881068298825202077_eps3_s7,EnvPermit,WEIGHTED_PROBS_LEN
5.896497044712305,6.493107691407204,26.6,0.7859683528418122,0.10121510066092013,0.0,3.641537656262517,0.9193281939428004,0.2856010720133781,0.7864171461675952,8545.0,0.9641404204209829,0.500482584225978,0.00328685374563436,1.0,4808.734982607886,7.112569708377123,0.7879672898734953,0.8128914199188312,0.7920233822046214,0.8219722932877648,0.8647550687495418,21.0,5.0,0.8,9.0,12.0,1.0,,2.5233656069354052e+38,1.0,1e-15,1.2,42.0,0.8,exhaustive_selection_config,"[[0, 0.1, 0.2, 0.3, 0.4, 0.5, 0.6, 0.7, 0.8, 0.9, 1]]","['nap', 'rtp']",252336560693540533935881068298825202077_eps3_s8,EnvPermit,WEIGHTED_PROBS_LEN
5.896497044712305,6.422388391196728,26.6,0.6561557387789925,0.10216626785695546,0.0,3.6677833437919616,0.8703984715365118,0.2856010720133781,0.6566206496895894,8545.0,0.9431073052939816,0.45909181898069207,0.00328685374563436,1.0,4897.158021441474,7.093401317670941,0.658215522665387,0.6972551603221249,0.6634783897370905,0.6804704456765829,0.7925647359299409,21.0,5.0,0.8,9.0,12.0,1.0,,2.5233656069354052e+38,1.0,1e-15,1.2,42.0,0.9,exhaustive_selection_config,"[[0, 0.1, 0.2, 0.3, 0.4, 0.5, 0.6, 0.7, 0.8, 0.9, 1]]","['nap', 'rtp']",252336560693540533935881068298825202077_eps3_s9,EnvPermit,WEIGHTED_PROBS_LEN
5.896497044712305,6.996420482546091,26.6,0.32734148282133096,0.10078048370778556,0.0,3.640742503479123,0.7641813845943147,0.2856010720133781,0.33037825295449186,8545.0,0.8848797668442788,0.3682736786230477,0.00328685374563436,1.0,5081.078478208185,7.513442992419004,0.34495295129643117,0.5251897627934236,0.3910469529522838,0.34372793948033886,0.6606361368533716,21.0,5.0,0.8,11.0,12.0,1.0,,2.5233656069354052e+38,1.0,1e-15,1.2,42.0,0.0,exhaustive_selection_config,"[[0, 0.1, 0.2, 0.3, 0.4, 0.5, 0.6, 0.7, 0.8, 0.9, 1]]","['nap', 'rtp']",252336560693540533935881068298825202077_eps4_s0,EnvPermit,WEIGHTED_PROBS_LEN
5.896497044712305,6.749136313796043,26.6,0.7498596265224393,0.10216938517987721,0.0,3.5978423703461884,0.8809642040050368,0.2856010720133781,0.7500089648454191,8545.0,0.9527748630588022,0.5070342568383537,0.00328685374563436,1.0,5172.497273712977,7.15302254371345,0.7506451779858869,0.7749632608508081,0.7530577496348917,0.8065327830682139,0.8270829329161312,21.0,5.0,0.8,11.0,12.0,1.0,,2.5233656069354052e+38,1.0,1e-15,1.2,42.0,0.1,exhaustive_selection_config,"[[0, 0.1, 0.2, 0.3, 0.4, 0.5, 0.6, 0.7, 0.8, 0.9, 1]]","['nap', 'rtp']",252336560693540533935881068298825202077_eps4_s1,EnvPermit,WEIGHTED_PROBS_LEN
5.896497044712305,6.929032348468899,26.6,0.44071312430968435,0.10307894796133037,0.0,3.6094136547297238,0.8150265946846617,0.2856010720133781,0.4423902655206729,8545.0,0.9162317774537725,0.4802655644349372,0.00328685374563436,1.0,5991.884375261516,7.80136590898037,0.44619409461839143,0.573564001445231,0.46788195733702,0.5337749295502248,0.7128641216497618,21.0,5.0,0.8,11.0,12.0,1.0,,2.5233656069354052e+38,1.0,1e-15,1.2,42.0,1.0,exhaustive_selection_config,"[[0, 0.1, 0.2, 0.3, 0.4, 0.5, 0.6, 0.7, 0.8, 0.9, 1]]","['nap', 'rtp']",252336560693540533935881068298825202077_eps4_s10,EnvPermit,WEIGHTED_PROBS_LEN
5.896497044712305,6.835203301534056,26.6,0.79293333293741,0.10355457887053485,0.0,3.59248918145895,0.9083874810248425,0.2856010720133781,0.7933304729938856,8545.0,0.9607395276246491,0.5317583416868447,0.00328685374563436,1.0,5261.977501111105,7.495334772020579,0.7946785014850299,0.8215176399458191,0.7981158502020029,0.8305707754650253,0.8725941516300463,21.0,5.0,0.8,11.0,12.0,1.0,,2.5233656069354052e+38,1.0,1e-15,1.2,42.0,0.2,exhaustive_selection_config,"[[0, 0.1, 0.2, 0.3, 0.4, 0.5, 0.6, 0.7, 0.8, 0.9, 1]]","['nap', 'rtp']",252336560693540533935881068298825202077_eps4_s2,EnvPermit,WEIGHTED_PROBS_LEN
5.896497044712305,6.528536678850651,26.6,0.8079073891242894,0.10077951624989505,0.0,3.5976297095417977,0.9242589698857246,0.2856010720133781,0.808304529180765,8545.0,0.9694124358715157,0.5371120159763451,0.00328685374563436,1.0,5353.4793624799695,7.081837083771825,0.8096634471670784,0.8366230103685423,0.8131007958840515,0.8539712554069409,0.8882322928605196,21.0,5.0,0.8,11.0,12.0,1.0,,2.5233656069354052e+38,1.0,1e-15,1.2,42.0,0.3,exhaustive_selection_config,"[[0, 0.1, 0.2, 0.3, 0.4, 0.5, 0.6, 0.7, 0.8, 0.9, 1]]","['nap', 'rtp']",252336560693540533935881068298825202077_eps4_s3,EnvPermit,WEIGHTED_PROBS_LEN
5.896497044712305,6.881170029938221,26.6,0.8143606693349851,0.10176369026303286,0.0,3.5916558507829905,0.9283265015615374,0.2856010720133781,0.8147578093914607,8545.0,0.969323778838651,0.5358995355131453,0.00328685374563436,1.0,5444.731215506419,7.504210840165615,0.8161618723690754,0.843579349944983,0.8197753718059483,0.8537690783116592,0.8964807024992322,21.0,5.0,0.8,11.0,12.0,1.0,,2.5233656069354052e+38,1.0,1e-15,1.2,42.0,0.4,exhaustive_selection_config,"[[0, 0.1, 0.2, 0.3, 0.4, 0.5, 0.6, 0.7, 0.8, 0.9, 1]]","['nap', 'rtp']",252336560693540533935881068298825202077_eps4_s4,EnvPermit,WEIGHTED_PROBS_LEN
5.896497044712305,6.855372409522533,26.6,0.8146549537813161,0.09957382120192046,0.0,3.616239307448268,0.9277466509378269,0.2856010720133781,0.815052093837792,8545.0,0.9687996230074776,0.535186143612014,0.00328685374563436,1.0,5535.153919002041,7.370091817155481,0.8164561568154065,0.8434378697011633,0.8200458009652664,0.8514298970251094,0.8957535700908131,21.0,5.0,0.8,11.0,12.0,1.0,,2.5233656069354052e+38,1.0,1e-15,1.2,42.0,0.5,exhaustive_selection_config,"[[0, 0.1, 0.2, 0.3, 0.4, 0.5, 0.6, 0.7, 0.8, 0.9, 1]]","['nap', 'rtp']",252336560693540533935881068298825202077_eps4_s5,EnvPermit,WEIGHTED_PROBS_LEN
5.896497044712305,6.461589803174138,26.6,0.8217708834220632,0.0976819116622209,0.0,3.623536039888859,0.9292352800922032,0.2856010720133781,0.8221723997503929,8545.0,0.9691585083599403,0.5366035614280493,0.00328685374563436,1.0,5625.71417856589,7.092945963516831,0.8235873522231765,0.848716516587799,0.8271732179261472,0.8520051473382739,0.8969881566558227,21.0,5.0,0.8,11.0,12.0,1.0,,2.5233656069354052e+38,1.0,1e-15,1.2,42.0,0.6,exhaustive_selection_config,"[[0, 0.1, 0.2, 0.3, 0.4, 0.5, 0.6, 0.7, 0.8, 0.9, 1]]","['nap', 'rtp']",252336560693540533935881068298825202077_eps4_s6,EnvPermit,WEIGHTED_PROBS_LEN
5.896497044712305,6.530616526678204,26.6,0.8290986542610016,0.10007366687059398,0.0,3.625725681707263,0.9381181175827734,0.2856010720133781,0.8295001705893312,8545.0,0.9736049386171481,0.5462640506226475,0.00328685374563436,1.0,5713.91660023965,7.027866727858782,0.8309613616387661,0.8562366416559135,0.8346901270128229,0.865264941157044,0.9044206607325815,21.0,5.0,0.8,11.0,12.0,1.0,,2.5233656069354052e+38,1.0,1e-15,1.2,42.0,0.7,exhaustive_selection_config,"[[0, 0.1, 0.2, 0.3, 0.4, 0.5, 0.6, 0.7, 0.8, 0.9, 1]]","['nap', 'rtp']",252336560693540533935881068298825202077_eps4_s7,EnvPermit,WEIGHTED_PROBS_LEN
5.896497044712305,6.817503285780549,26.6,0.8290718511420933,0.10262529402971263,0.0,3.667635079845786,0.9381327374658145,0.2856010720133781,0.8294733674704229,8545.0,0.9736122485586686,0.5462640506226475,0.00328685374563436,1.0,5803.924503303691,7.44699221290648,0.8309345585198578,0.85623420500874,0.8346633238939145,0.865264941157044,0.9044425905571429,21.0,5.0,0.8,11.0,12.0,1.0,,2.5233656069354052e+38,1.0,1e-15,1.2,42.0,0.8,exhaustive_selection_config,"[[0, 0.1, 0.2, 0.3, 0.4, 0.5, 0.6, 0.7, 0.8, 0.9, 1]]","['nap', 'rtp']",252336560693540533935881068298825202077_eps4_s8,EnvPermit,WEIGHTED_PROBS_LEN
5.896497044712305,7.173489495739341,26.6,0.7220416629594678,0.10337855927646156,0.0,3.620610021427274,0.8917472275848037,0.2856010720133781,0.7224592968726115,8545.0,0.9539509525748912,0.5097281994923563,0.00328685374563436,1.0,5899.585806925223,7.780699085071683,0.7239589040606305,0.7509874975638856,0.7279279346508238,0.7403670002793955,0.8377354454147377,21.0,5.0,0.8,11.0,12.0,1.0,,2.5233656069354052e+38,1.0,1e-15,1.2,42.0,0.9,exhaustive_selection_config,"[[0, 0.1, 0.2, 0.3, 0.4, 0.5, 0.6, 0.7, 0.8, 0.9, 1]]","['nap', 'rtp']",252336560693540533935881068298825202077_eps4_s9,EnvPermit,WEIGHTED_PROBS_LEN
5.896497044712305,6.833099073171615,26.6,0.3271719097663478,0.1025343637913465,0.0,3.620864524319768,0.7636246913126483,0.2856010720133781,0.33010684665397877,8545.0,0.8844175704841127,0.3682736786230477,0.00328685374563436,1.0,6085.994061167538,7.391122640669346,0.3446554283824703,0.524873635464954,0.3909851190650157,0.34372793948033886,0.6599434760791606,21.0,5.0,0.8,13.0,12.0,1.0,,2.5233656069354052e+38,1.0,1e-15,1.2,42.0,0.0,exhaustive_selection_config,"[[0, 0.1, 0.2, 0.3, 0.4, 0.5, 0.6, 0.7, 0.8, 0.9, 1]]","['nap', 'rtp']",252336560693540533935881068298825202077_eps5_s0,EnvPermit,WEIGHTED_PROBS_LEN
5.896497044712305,7.290024277195334,26.6,0.7498336945322899,0.10061392411589618,0.0,3.5886770326644184,0.8809127889546984,0.2856010720133781,0.7499301026017251,8545.0,0.9527627357851388,0.5070342568383537,0.00328685374563436,1.0,6179.273814590275,7.72774342186749,0.7505391792858427,0.7748248954331192,0.7529472352065453,0.8065327830682139,0.8269889812262197,21.0,5.0,0.8,13.0,12.0,1.0,,2.5233656069354052e+38,1.0,1e-15,1.2,42.0,0.1,exhaustive_selection_config,"[[0, 0.1, 0.2, 0.3, 0.4, 0.5, 0.6, 0.7, 0.8, 0.9, 1]]","['nap', 'rtp']",252336560693540533935881068298825202077_eps5_s1,EnvPermit,WEIGHTED_PROBS_LEN
5.896497044712305,6.4852823335677385,26.6,0.46214324755268493,0.10271408483386035,0.0,3.7179757576435803,0.826450940222396,0.2856010720133781,0.4634046698495696,8545.0,0.9224022020867076,0.480538348684309,0.00328685374563436,1.0,6986.7607777636495,7.191725688427686,0.4668569089171486,0.5917302654294571,0.4859872578671155,0.573027739631413,0.7321283562637799,21.0,5.0,0.8,13.0,12.0,1.0,,2.5233656069354052e+38,1.0,1e-15,1.2,42.0,1.0,exhaustive_selection_config,"[[0, 0.1, 0.2, 0.3, 0.4, 0.5, 0.6, 0.7, 0.8, 0.9, 1]]","['nap', 'rtp']",252336560693540533935881068298825202077_eps5_s10,EnvPermit,WEIGHTED_PROBS_LEN
5.896497044712305,7.113530880585313,26.6,0.796385146506754,0.10156066827476021,0.0,3.5530284591019154,0.9079200985766054,0.2856010720133781,0.7967866628350837,8545.0,0.960485020645255,0.5313333956169026,0.00328685374563436,1.0,6275.600515638665,7.666950405389071,0.7981064217559827,0.8231319221569315,0.8015043955324688,0.8307680270146097,0.8720920233360507,21.0,5.0,0.8,13.0,12.0,1.0,,2.5233656069354052e+38,1.0,1e-15,1.2,42.0,0.2,exhaustive_selection_config,"[[0, 0.1, 0.2, 0.3, 0.4, 0.5, 0.6, 0.7, 0.8, 0.9, 1]]","['nap', 'rtp']",252336560693540533935881068298825202077_eps5_s2,EnvPermit,WEIGHTED_PROBS_LEN
5.896497044712305,6.5079777158796785,26.6,0.8114575257224812,0.10209537297487255,0.0,3.6468823973089455,0.9238132578984228,0.2856010720133781,0.8118590420508109,8545.0,0.9691682049322965,0.5366870699064031,0.00328685374563436,1.0,6364.746628415957,7.047778718173504,0.813189690466879,0.838291497770064,0.8165876642433648,0.8541685069565252,0.8877632294482192,21.0,5.0,0.8,13.0,12.0,1.0,,2.5233656069354052e+38,1.0,1e-15,1.2,42.0,0.3,exhaustive_selection_config,"[[0, 0.1, 0.2, 0.3, 0.4, 0.5, 0.6, 0.7, 0.8, 0.9, 1]]","['nap', 'rtp']",252336560693540533935881068298825202077_eps5_s3,EnvPermit,WEIGHTED_PROBS_LEN
5.896497044712305,6.480710685253143,26.6,0.8179960918054787,0.10142787471413608,0.0,3.620889883860946,0.9278231634787218,0.2856010720133781,0.8183976081338085,8545.0,0.9690356325101088,0.535407942313337,0.00328685374563436,1.0,6452.898045343905,7.039826479926705,0.819750662716325,0.8451845227143749,0.8232372055220548,0.8537641527659616,0.8959396979825931,21.0,5.0,0.8,13.0,12.0,1.0,,2.5233656069354052e+38,1.0,1e-15,1.2,42.0,0.4,exhaustive_selection_config,"[[0, 0.1, 0.2, 0.3, 0.4, 0.5, 0.6, 0.7, 0.8, 0.9, 1]]","['nap', 'rtp']",252336560693540533935881068298825202077_eps5_s4,EnvPermit,WEIGHTED_PROBS_LEN
5.896497044712305,6.608403670787811,26.6,0.8179960918054787,0.10498396232724186,0.0,3.7775355223566294,0.9278231634787218,0.2856010720133781,0.8183976081338085,8545.0,0.9690356325101088,0.535407942313337,0.00328685374563436,1.0,6542.04425187707,7.089147197827697,0.819750662716325,0.8451845227143749,0.8232372055220548,0.8537641527659616,0.8959396979825931,21.0,5.0,0.8,13.0,12.0,1.0,,2.5233656069354052e+38,1.0,1e-15,1.2,42.0,0.5,exhaustive_selection_config,"[[0, 0.1, 0.2, 0.3, 0.4, 0.5, 0.6, 0.7, 0.8, 0.9, 1]]","['nap', 'rtp']",252336560693540533935881068298825202077_eps5_s5,EnvPermit,WEIGHTED_PROBS_LEN
5.896497044712305,6.481697141379118,26.6,0.8240670016014547,0.10379780679941171,0.0,3.662675265595317,0.9303800520119461,0.2856010720133781,0.8244685179297845,8545.0,0.970261514127654,0.5379711173885109,0.00328685374563436,1.0,6631.348994717375,7.120758362859488,0.82583246200747,0.8506972502188083,0.8293353935267371,0.8575720708056999,0.8988934983016674,21.0,5.0,0.8,13.0,12.0,1.0,,2.5233656069354052e+38,1.0,1e-15,1.2,42.0,0.6,exhaustive_selection_config,"[[0, 0.1, 0.2, 0.3, 0.4, 0.5, 0.6, 0.7, 0.8, 0.9, 1]]","['nap', 'rtp']",252336560693540533935881068298825202077_eps5_s6,EnvPermit,WEIGHTED_PROBS_LEN
5.896497044712305,6.483913948386908,26.6,0.8318718150133402,0.10191890187561506,0.0,3.665335213765502,0.9396244741053561,0.2856010720133781,0.8322733313416698,8545.0,0.9748914706114405,0.5477480546454745,0.00328685374563436,1.0,6719.926321808249,7.155576310679317,0.8336719284626334,0.8587640561834853,0.8373089928035892,0.8712365746634012,0.9067133144632876,21.0,5.0,0.8,13.0,12.0,1.0,,2.5233656069354052e+38,1.0,1e-15,1.2,42.0,0.7,exhaustive_selection_config,"[[0, 0.1, 0.2, 0.3, 0.4, 0.5, 0.6, 0.7, 0.8, 0.9, 1]]","['nap', 'rtp']",252336560693540533935881068298825202077_eps5_s7,EnvPermit,WEIGHTED_PROBS_LEN
5.896497044712305,6.528689284995198,26.6,0.8318450118944316,0.10127766542136665,0.0,3.7508536402136086,0.939639093988397,0.2856010720133781,0.8322465282227614,8545.0,0.9748987805529609,0.5477480546454745,0.00328685374563436,1.0,6809.406858150661,7.1327174544334415,0.8336451253437248,0.8587616195363118,0.8372821896846808,0.8712365746634012,0.9067352442878491,21.0,5.0,0.8,13.0,12.0,1.0,,2.5233656069354052e+38,1.0,1e-15,1.2,42.0,0.8,exhaustive_selection_config,"[[0, 0.1, 0.2, 0.3, 0.4, 0.5, 0.6, 0.7, 0.8, 0.9, 1]]","['nap', 'rtp']",252336560693540533935881068298825202077_eps5_s8,EnvPermit,WEIGHTED_PROBS_LEN
5.896497044712305,6.514510085806251,26.6,0.7405254949496101,0.10327734239399429,0.0,3.6125513639301063,0.9068813778850575,0.2856010720133781,0.7409431288627539,8545.0,0.9626711211602986,0.5247277854489381,0.00328685374563436,1.0,6898.050699328631,7.07273553982377,0.7423801421223015,0.7764513378578823,0.7462428778567508,0.7962178370673536,0.8568365829461125,21.0,5.0,0.8,13.0,12.0,1.0,,2.5233656069354052e+38,1.0,1e-15,1.2,42.0,0.9,exhaustive_selection_config,"[[0, 0.1, 0.2, 0.3, 0.4, 0.5, 0.6, 0.7, 0.8, 0.9, 1]]","['nap', 'rtp']",252336560693540533935881068298825202077_eps5_s9,EnvPermit,WEIGHTED_PROBS_LEN
5.896497044712305,6.617088300362229,26.6,0.32716744187079716,0.10237148515880104,0.0,3.8155665151774882,0.7636274480091101,0.2856010720133781,0.33010563066505194,8545.0,0.8844187872114805,0.3682736786230477,0.00328685374563436,1.0,7077.0292062468825,7.143735968694091,0.3446737700715886,0.5248810801195885,0.39100187977375456,0.34372793948033886,0.6599475175538799,21.0,5.0,0.8,15.0,12.0,1.0,,2.5233656069354052e+38,1.0,1e-15,1.2,42.0,0.0,exhaustive_selection_config,"[[0, 0.1, 0.2, 0.3, 0.4, 0.5, 0.6, 0.7, 0.8, 0.9, 1]]","['nap', 'rtp']",252336560693540533935881068298825202077_eps6_s0,EnvPermit,WEIGHTED_PROBS_LEN
5.896497044712305,6.71306553222239,26.6,0.7499111193594441,0.25324869081377976,0.0,3.6284293446689846,0.8809244736886864,0.2856010720133781,0.7500075274288792,8545.0,0.9527690322945033,0.5070342568383537,0.00328685374563436,1.0,7167.345640461892,7.064411305263638,0.7506206379190313,0.7748568074748876,0.7530983657528659,0.8065327830682139,0.8270041808766905,21.0,5.0,0.8,15.0,12.0,1.0,,2.5233656069354052e+38,1.0,1e-15,1.2,42.0,0.1,exhaustive_selection_config,"[[0, 0.1, 0.2, 0.3, 0.4, 0.5, 0.6, 0.7, 0.8, 0.9, 1]]","['nap', 'rtp']",252336560693540533935881068298825202077_eps6_s1,EnvPermit,WEIGHTED_PROBS_LEN
5.896497044712305,6.879197357222438,26.6,0.47127819973036605,0.10104092918336385,0.0,3.756006674095988,0.8301536725960086,0.2856010720133781,0.47221170160061965,8545.0,0.9243560808621648,0.4600683570645372,0.00328685374563436,1.0,7983.802157519012,7.449200882390142,0.47593508223586173,0.5942576930334813,0.4921585961942533,0.5780771143590071,0.7350400863959924,21.0,5.0,0.8,15.0,12.0,1.0,,2.5233656069354052e+38,1.0,1e-15,1.2,42.0,1.0,exhaustive_selection_config,"[[0, 0.1, 0.2, 0.3, 0.4, 0.5, 0.6, 0.7, 0.8, 0.9, 1]]","['nap', 'rtp']",252336560693540533935881068298825202077_eps6_s10,EnvPermit,WEIGHTED_PROBS_LEN
5.896497044712305,6.476787795498967,26.6,0.7963679492283451,0.1026881735771894,0.0,3.7057074427604677,0.9079342081936363,0.2856010720133781,0.7967694655566748,8545.0,0.960499294459555,0.5313333956169026,0.00328685374563436,1.0,7256.352270947769,7.0924765471369025,0.7981097436116664,0.823131623388267,0.8015825089824704,0.8307680270146097,0.8720994998838986,21.0,5.0,0.8,15.0,12.0,1.0,,2.5233656069354052e+38,1.0,1e-15,1.2,42.0,0.2,exhaustive_selection_config,"[[0, 0.1, 0.2, 0.3, 0.4, 0.5, 0.6, 0.7, 0.8, 0.9, 1]]","['nap', 'rtp']",252336560693540533935881068298825202077_eps6_s2,EnvPermit,WEIGHTED_PROBS_LEN
5.896497044712305,6.546425947919488,26.6,0.8114031624738389,0.1034744709730148,0.0,3.7029088262468575,0.9238503951387103,0.2856010720133781,0.8118046788021687,8545.0,0.9691930938595406,0.5367128796883105,0.00328685374563436,1.0,7345.699345793948,7.160161697119475,0.8131558463523291,0.8383364154624738,0.816628611723133,0.8542659728434648,0.887806146129636,21.0,5.0,0.8,15.0,12.0,1.0,,2.5233656069354052e+38,1.0,1e-15,1.2,42.0,0.3,exhaustive_selection_config,"[[0, 0.1, 0.2, 0.3, 0.4, 0.5, 0.6, 0.7, 0.8, 0.9, 1]]","['nap', 'rtp']",252336560693540533935881068298825202077_eps6_s3,EnvPermit,WEIGHTED_PROBS_LEN
5.896497044712305,6.969399249181151,26.6,0.818082055147161,0.10351990014314646,0.0,3.6798028841614725,0.9279438619470964,0.2856010720133781,0.8184835714754906,8545.0,0.9691013890475165,0.5355003992251107,0.00328685374563436,1.0,7439.720629961788,7.644948472082615,0.8198467514819756,0.8453400602367843,0.8233941986948162,0.8540637957481831,0.8961027697357734,21.0,5.0,0.8,15.0,12.0,1.0,,2.5233656069354052e+38,1.0,1e-15,1.2,42.0,0.4,exhaustive_selection_config,"[[0, 0.1, 0.2, 0.3, 0.4, 0.5, 0.6, 0.7, 0.8, 0.9, 1]]","['nap', 'rtp']",252336560693540533935881068298825202077_eps6_s4,EnvPermit,WEIGHTED_PROBS_LEN
5.896497044712305,6.895955668017268,26.6,0.818082055147161,0.10188521593809119,0.0,3.592292733490467,0.9279438619470964,0.2856010720133781,0.8184835714754906,8545.0,0.9691013890475165,0.5355003992251107,0.00328685374563436,1.0,7530.796067467704,7.535525029152632,0.8198467514819756,0.8453400602367843,0.8233941986948162,0.8540637957481831,0.8961027697357734,21.0,5.0,0.8,15.0,12.0,1.0,,2.5233656069354052e+38,1.0,1e-15,1.2,42.0,0.5,exhaustive_selection_config,"[[0, 0.1, 0.2, 0.3, 0.4, 0.5, 0.6, 0.7, 0.8, 0.9, 1]]","['nap', 'rtp']",252336560693540533935881068298825202077_eps6_s5,EnvPermit,WEIGHTED_PROBS_LEN
5.896497044712305,6.898918493464589,26.6,0.8241847222121625,0.10208915211260314,0.0,3.717276530712842,0.9304958048819033,0.2856010720133781,0.8245862385404923,8545.0,0.9703247978658531,0.5380635743002847,0.00328685374563436,1.0,7622.498943695426,7.561578421667218,0.825960308042146,0.8508428965443825,0.829465211840317,0.8578717137879212,0.8990491516572217,21.0,5.0,0.8,15.0,12.0,1.0,,2.5233656069354052e+38,1.0,1e-15,1.2,42.0,0.6,exhaustive_selection_config,"[[0, 0.1, 0.2, 0.3, 0.4, 0.5, 0.6, 0.7, 0.8, 0.9, 1]]","['nap', 'rtp']",252336560693540533935881068298825202077_eps6_s6,EnvPermit,WEIGHTED_PROBS_LEN
5.896497044712305,6.445891619846225,26.6,0.8319934602547248,0.10378665328025816,0.0,3.63307834751904,0.939741834868433,0.2856010720133781,0.8323949765830545,8545.0,0.974955379130966,0.5478405115572482,0.00328685374563436,1.0,7714.325318524987,7.05869849100709,0.8338033407975196,0.8589157100638826,0.8374516679993892,0.8715362176456226,0.9068720422658627,21.0,5.0,0.8,15.0,12.0,1.0,,2.5233656069354052e+38,1.0,1e-15,1.2,42.0,0.7,exhaustive_selection_config,"[[0, 0.1, 0.2, 0.3, 0.4, 0.5, 0.6, 0.7, 0.8, 0.9, 1]]","['nap', 'rtp']",252336560693540533935881068298825202077_eps6_s7,EnvPermit,WEIGHTED_PROBS_LEN
5.896497044712305,6.831037954986096,26.6,0.8319666571358164,0.1007255762815475,0.0,3.640351239964366,0.9397564547514738,0.2856010720133781,0.8323681734641462,8545.0,0.9749626890724865,0.5478405115572482,0.00328685374563436,1.0,7805.019845334068,7.405999814718962,0.833776537678611,0.8589132734167091,0.8374248648804807,0.8715362176456226,0.9068939720904241,21.0,5.0,0.8,15.0,12.0,1.0,,2.5233656069354052e+38,1.0,1e-15,1.2,42.0,0.8,exhaustive_selection_config,"[[0, 0.1, 0.2, 0.3, 0.4, 0.5, 0.6, 0.7, 0.8, 0.9, 1]]","['nap', 'rtp']",252336560693540533935881068298825202077_eps6_s8,EnvPermit,WEIGHTED_PROBS_LEN
5.896497044712305,6.40864214412868,26.6,0.8319666571358164,0.10108699835836883,0.0,3.628112379834056,0.9397564547514738,0.2856010720133781,0.8323681734641462,8545.0,0.9749626890724865,0.5478405115572482,0.00328685374563436,1.0,7894.028377996758,7.0951266407966616,0.833776537678611,0.8589132734167091,0.8374248648804807,0.8715362176456226,0.9068939720904241,21.0,5.0,0.8,15.0,12.0,1.0,,2.5233656069354052e+38,1.0,1e-15,1.2,42.0,0.9,exhaustive_selection_config,"[[0, 0.1, 0.2, 0.3, 0.4, 0.5, 0.6, 0.7, 0.8, 0.9, 1]]","['nap', 'rtp']",252336560693540533935881068298825202077_eps6_s9,EnvPermit,WEIGHTED_PROBS_LEN
5.896497044712305,6.743419809266925,26.6,0.32713615909394494,0.1059024795889854,0.0,3.6051396172493697,0.7636088055399147,0.2856010720133781,0.3300549913011531,8545.0,0.8844348466875426,0.3682736786230477,0.00328685374563436,1.0,8076.117435004562,7.2549436710774895,0.34462353821478553,0.5248412012932993,0.39096973260411966,0.34372793948033886,0.6599032547261314,21.0,5.0,0.8,17.0,12.0,1.0,,2.5233656069354052e+38,1.0,1e-15,1.2,42.0,0.0,exhaustive_selection_config,"[[0, 0.1, 0.2, 0.3, 0.4, 0.5, 0.6, 0.7, 0.8, 0.9, 1]]","['nap', 'rtp']",252336560693540533935881068298825202077_eps7_s0,EnvPermit,WEIGHTED_PROBS_LEN
5.896497044712305,6.744647344201804,26.6,0.7499817609211019,0.10359897203743454,0.0,3.6673297353088854,0.880921247003878,0.2856010720133781,0.750078168990537,8545.0,0.9527699411010501,0.5070342568383537,0.00328685374563436,1.0,8167.388826198131,7.351017436757684,0.7506761751180933,0.774850229716422,0.7531685305197289,0.8065327830682139,0.8270062467732503,21.0,5.0,0.8,17.0,12.0,1.0,,2.5233656069354052e+38,1.0,1e-15,1.2,42.0,0.1,exhaustive_selection_config,"[[0, 0.1, 0.2, 0.3, 0.4, 0.5, 0.6, 0.7, 0.8, 0.9, 1]]","['nap', 'rtp']",252336560693540533935881068298825202077_eps7_s1,EnvPermit,WEIGHTED_PROBS_LEN
5.896497044712305,6.4864951021969315,26.6,0.47121211479104846,0.10435619316995134,0.0,3.6943297296762467,0.8301065138056011,0.2856010720133781,0.471942988673383,8545.0,0.9250163203567986,0.4920920348402308,0.00328685374563436,1.0,8996.901568710431,7.509435345232487,0.4748075238976221,0.5965617660621263,0.4904700955499983,0.5706378792740641,0.7356795291258871,21.0,5.0,0.8,17.0,12.0,1.0,,2.5233656069354052e+38,1.0,1e-15,1.2,42.0,1.0,exhaustive_selection_config,"[[0, 0.1, 0.2, 0.3, 0.4, 0.5, 0.6, 0.7, 0.8, 0.9, 1]]","['nap', 'rtp']",252336560693540533935881068298825202077_eps7_s10,EnvPermit,WEIGHTED_PROBS_LEN
5.896497044712305,7.177671065181494,26.6,0.7964290109868952,0.19278245232999322,0.0,3.628346458822489,0.9079283449062346,0.2856010720133781,0.7968305273152249,8545.0,0.9604999116834547,0.5313333956169026,0.00328685374563436,1.0,8261.606441139802,7.887959494814277,0.7981538291355748,0.8231131102326804,0.8016378480905615,0.8307680270146097,0.8720977291390124,21.0,5.0,0.8,17.0,12.0,1.0,,2.5233656069354052e+38,1.0,1e-15,1.2,42.0,0.2,exhaustive_selection_config,"[[0, 0.1, 0.2, 0.3, 0.4, 0.5, 0.6, 0.7, 0.8, 0.9, 1]]","['nap', 'rtp']",252336560693540533935881068298825202077_eps7_s2,EnvPermit,WEIGHTED_PROBS_LEN
5.896497044712305,6.903601007163525,26.6,0.8114371035032046,0.10431571863591671,0.0,3.7433706797659396,0.9238431338755774,0.2856010720133781,0.8118386198315346,8545.0,0.9691923131077091,0.5367128796883105,0.00328685374563436,1.0,8358.038342425227,7.637575668469071,0.8131728111470533,0.8383137083796939,0.8166568301020402,0.8542659728434648,0.8878029774090187,21.0,5.0,0.8,17.0,12.0,1.0,,2.5233656069354052e+38,1.0,1e-15,1.2,42.0,0.3,exhaustive_selection_config,"[[0, 0.1, 0.2, 0.3, 0.4, 0.5, 0.6, 0.7, 0.8, 0.9, 1]]","['nap', 'rtp']",252336560693540533935881068298825202077_eps7_s3,EnvPermit,WEIGHTED_PROBS_LEN
5.896497044712305,7.432486154139042,26.6,0.8180767500685748,0.10247639119625085,0.0,3.663400660082698,0.9278870396497011,0.2856010720133781,0.8184782663969046,8545.0,0.9690756486133207,0.5354677194865486,0.00328685374563436,1.0,8452.674897115678,8.113727277889847,0.8198241118382812,0.8452425697371421,0.8233555674644535,0.8539622729055434,0.8960287908485661,21.0,5.0,0.8,17.0,12.0,1.0,,2.5233656069354052e+38,1.0,1e-15,1.2,42.0,0.4,exhaustive_selection_config,"[[0, 0.1, 0.2, 0.3, 0.4, 0.5, 0.6, 0.7, 0.8, 0.9, 1]]","['nap', 'rtp']",252336560693540533935881068298825202077_eps7_s4,EnvPermit,WEIGHTED_PROBS_LEN
5.896497044712305,6.802377093955874,26.6,0.8180767500685748,0.1030228786170482,0.0,3.6292672071605923,0.9278870396497011,0.2856010720133781,0.8184782663969046,8545.0,0.9690756486133207,0.5354677194865486,0.00328685374563436,1.0,8546.226841176674,7.415446446835995,0.8198241118382812,0.8452425697371421,0.8233555674644535,0.8539622729055434,0.8960287908485661,21.0,5.0,0.8,17.0,12.0,1.0,,2.5233656069354052e+38,1.0,1e-15,1.2,42.0,0.5,exhaustive_selection_config,"[[0, 0.1, 0.2, 0.3, 0.4, 0.5, 0.6, 0.7, 0.8, 0.9, 1]]","['nap', 'rtp']",252336560693540533935881068298825202077_eps7_s5,EnvPermit,WEIGHTED_PROBS_LEN
5.896497044712305,6.92615163885057,26.6,0.8241662288711302,0.10311769582331176,0.0,3.65895701572299,0.930447225248537,0.2856010720133781,0.8245677451994599,8545.0,0.9703031787636716,0.5380308945617227,0.00328685374563436,1.0,8640.10728304498,7.431867964938283,0.8259244801360055,0.8507618913727985,0.829446943765055,0.8577701909452816,0.8989875367660579,21.0,5.0,0.8,17.0,12.0,1.0,,2.5233656069354052e+38,1.0,1e-15,1.2,42.0,0.6,exhaustive_selection_config,"[[0, 0.1, 0.2, 0.3, 0.4, 0.5, 0.6, 0.7, 0.8, 0.9, 1]]","['nap', 'rtp']",252336560693540533935881068298825202077_eps7_s6,EnvPermit,WEIGHTED_PROBS_LEN
5.896497044712305,6.494023513048887,26.6,0.831964996808083,0.10203022547066205,0.0,3.6395725551992655,0.9396951931968539,0.2856010720133781,0.8323665131364126,8545.0,0.9749347290096783,0.5478078318186861,0.00328685374563436,1.0,8729.5309218511,7.120770802721381,0.8337645515114257,0.8588408188323001,0.8374437551318609,0.871434694802983,0.9068137573292244,21.0,5.0,0.8,17.0,12.0,1.0,,2.5233656069354052e+38,1.0,1e-15,1.2,42.0,0.7,exhaustive_selection_config,"[[0, 0.1, 0.2, 0.3, 0.4, 0.5, 0.6, 0.7, 0.8, 0.9, 1]]","['nap', 'rtp']",252336560693540533935881068298825202077_eps7_s7,EnvPermit,WEIGHTED_PROBS_LEN
5.896497044712305,6.505872252956033,26.6,0.8319381936891747,0.10226714722812172,0.0,3.613280587270856,0.9397098130798949,0.2856010720133781,0.8323397100175043,8545.0,0.9749420389511988,0.5478078318186861,0.00328685374563436,1.0,8818.220070559904,7.135723463073373,0.8337377483925174,0.8588383821851264,0.8374169520129525,0.871434694802983,0.9068356871537857,21.0,5.0,0.8,17.0,12.0,1.0,,2.5233656069354052e+38,1.0,1e-15,1.2,42.0,0.8,exhaustive_selection_config,"[[0, 0.1, 0.2, 0.3, 0.4, 0.5, 0.6, 0.7, 0.8, 0.9, 1]]","['nap', 'rtp']",252336560693540533935881068298825202077_eps7_s8,EnvPermit,WEIGHTED_PROBS_LEN
5.896497044712305,6.5119298253208395,26.6,0.8319381936891747,0.10354257412254804,0.0,3.5549839686602356,0.9397098130798949,0.2856010720133781,0.8323397100175043,8545.0,0.9749420389511988,0.5478078318186861,0.00328685374563436,1.0,8906.764348406345,7.140091459825635,0.8337377483925174,0.8588383821851264,0.8374169520129525,0.871434694802983,0.9068356871537857,21.0,5.0,0.8,17.0,12.0,1.0,,2.5233656069354052e+38,1.0,1e-15,1.2,42.0,0.9,exhaustive_selection_config,"[[0, 0.1, 0.2, 0.3, 0.4, 0.5, 0.6, 0.7, 0.8, 0.9, 1]]","['nap', 'rtp']",252336560693540533935881068298825202077_eps7_s9,EnvPermit,WEIGHTED_PROBS_LEN
5.896497044712305,6.628931192681193,26.6,0.32713615909394494,0.10338385887444015,0.0,3.6414054982364177,0.7636088055399147,0.2856010720133781,0.3300549913011531,8545.0,0.8844348466875426,0.3682736786230477,0.00328685374563436,1.0,9087.204130834341,7.30147693194449,0.34462353821478553,0.5248412012932993,0.39096973260411966,0.34372793948033886,0.6599032547261314,21.0,5.0,0.8,19.0,12.0,1.0,,2.5233656069354052e+38,1.0,1e-15,1.2,42.0,0.0,exhaustive_selection_config,"[[0, 0.1, 0.2, 0.3, 0.4, 0.5, 0.6, 0.7, 0.8, 0.9, 1]]","['nap', 'rtp']",252336560693540533935881068298825202077_eps8_s0,EnvPermit,WEIGHTED_PROBS_LEN
5.896497044712305,6.786962621286511,26.6,0.7499779399518653,0.10214804038405412,0.0,3.5635864846408367,0.8809226573449729,0.2856010720133781,0.7500743480213006,8545.0,0.9527685577168773,0.5070342568383537,0.00328685374563436,1.0,9177.039839336649,7.120654666423798,0.7506669393773601,0.7748556894161224,0.7531386487172578,0.8065327830682139,0.8270061190224155,21.0,5.0,0.8,19.0,12.0,1.0,,2.5233656069354052e+38,1.0,1e-15,1.2,42.0,0.1,exhaustive_selection_config,"[[0, 0.1, 0.2, 0.3, 0.4, 0.5, 0.6, 0.7, 0.8, 0.9, 1]]","['nap', 'rtp']",252336560693540533935881068298825202077_eps8_s1,EnvPermit,WEIGHTED_PROBS_LEN
5.896497044712305,6.823362115770578,26.6,0.47127820680328425,0.102027653157711,0.0,3.5699059944599867,0.8319204174038333,0.2856010720133781,0.471789174287788,8545.0,0.926732605417038,0.494162748757601,0.00328685374563436,1.0,9989.968311581388,7.529296918585897,0.4742143819704637,0.6035852402433499,0.4903409513319114,0.5759518336284728,0.7399824474340628,21.0,5.0,0.8,19.0,12.0,1.0,,2.5233656069354052e+38,1.0,1e-15,1.2,42.0,1.0,exhaustive_selection_config,"[[0, 0.1, 0.2, 0.3, 0.4, 0.5, 0.6, 0.7, 0.8, 0.9, 1]]","['nap', 'rtp']",252336560693540533935881068298825202077_eps8_s10,EnvPermit,WEIGHTED_PROBS_LEN
5.896497044712305,6.529452301934361,26.6,0.7965279858918899,0.10243668369948859,0.0,3.577891160920262,0.9079228635109671,0.2856010720133781,0.7969295022202194,8545.0,0.9604978710753536,0.5313333956169026,0.00328685374563436,1.0,9266.11179482676,7.141213255375623,0.7981867891029744,0.8230887186033107,0.8016215288503222,0.8307680270146097,0.8720818826957135,21.0,5.0,0.8,19.0,12.0,1.0,,2.5233656069354052e+38,1.0,1e-15,1.2,42.0,0.2,exhaustive_selection_config,"[[0, 0.1, 0.2, 0.3, 0.4, 0.5, 0.6, 0.7, 0.8, 0.9, 1]]","['nap', 'rtp']",252336560693540533935881068298825202077_eps8_s2,EnvPermit,WEIGHTED_PROBS_LEN
5.896497044712305,6.686437725275755,26.6,0.8115293574667604,0.10133773833513256,0.0,3.600607779994607,0.9238211671522517,0.2856010720133781,0.8119308737950901,8545.0,0.969182029835579,0.5367128796883105,0.00328685374563436,1.0,9354.600591441616,7.025636623427272,0.8131990501730139,0.8382649691888844,0.8166103300304328,0.8542659728434648,0.8877624029736328,21.0,5.0,0.8,19.0,12.0,1.0,,2.5233656069354052e+38,1.0,1e-15,1.2,42.0,0.3,exhaustive_selection_config,"[[0, 0.1, 0.2, 0.3, 0.4, 0.5, 0.6, 0.7, 0.8, 0.9, 1]]","['nap', 'rtp']",252336560693540533935881068298825202077_eps8_s3,EnvPermit,WEIGHTED_PROBS_LEN
5.896497044712305,6.467857503518462,26.6,0.8181404285926396,0.10260977968573566,0.0,3.5360887099057434,0.9278770444703544,0.2856010720133781,0.8185419449209693,8545.0,0.9690720610631282,0.5354677194865486,0.00328685374563436,1.0,9443.139363811166,7.082802341505885,0.8198217754247509,0.8452230929709025,0.8232985692370345,0.8539622729055434,0.8960054637791994,21.0,5.0,0.8,19.0,12.0,1.0,,2.5233656069354052e+38,1.0,1e-15,1.2,42.0,0.4,exhaustive_selection_config,"[[0, 0.1, 0.2, 0.3, 0.4, 0.5, 0.6, 0.7, 0.8, 0.9, 1]]","['nap', 'rtp']",252336560693540533935881068298825202077_eps8_s4,EnvPermit,WEIGHTED_PROBS_LEN
5.896497044712305,6.463293204084039,26.6,0.8181404285926396,0.10183318965137,0.0,3.6559829749166965,0.9278770444703544,0.2856010720133781,0.8185419449209693,8545.0,0.9690720610631282,0.5354677194865486,0.00328685374563436,1.0,9531.701565103605,7.120437151566148,0.8198217754247509,0.8452230929709025,0.8232985692370345,0.8539622729055434,0.8960054637791994,21.0,5.0,0.8,19.0,12.0,1.0,,2.5233656069354052e+38,1.0,1e-15,1.2,42.0,0.5,exhaustive_selection_config,"[[0, 0.1, 0.2, 0.3, 0.4, 0.5, 0.6, 0.7, 0.8, 0.9, 1]]","['nap', 'rtp']",252336560693540533935881068298825202077_eps8_s5,EnvPermit,WEIGHTED_PROBS_LEN
5.896497044712305,6.895286131277681,26.6,0.824228258862389,0.10472977608442302,0.0,3.4954466365277765,0.9304339330035785,0.2856010720133781,0.8246297751907188,8545.0,0.9702979426806735,0.5380308945617227,0.00328685374563436,1.0,9623.720237418263,7.626266399025917,0.8259204951896691,0.8507358204753356,0.8293882970048303,0.8577701909452816,0.8989592640982741,21.0,5.0,0.8,19.0,12.0,1.0,,2.5233656069354052e+38,1.0,1e-15,1.2,42.0,0.6,exhaustive_selection_config,"[[0, 0.1, 0.2, 0.3, 0.4, 0.5, 0.6, 0.7, 0.8, 0.9, 1]]","['nap', 'rtp']",252336560693540533935881068298825202077_eps8_s6,EnvPermit,WEIGHTED_PROBS_LEN
5.896497044712305,6.917182809114456,26.6,0.8320416213911692,0.10356421917676921,0.0,3.5831817027181385,0.9396737533406563,0.2856010720133781,0.8324431377194988,8545.0,0.9749254191210607,0.5478078318186861,0.00328685374563436,1.0,9716.046620369703,7.864652780070901,0.8337744976089256,0.8587943789067394,0.8373843218919503,0.871434694802983,0.9067732632445817,21.0,5.0,0.8,19.0,12.0,1.0,,2.5233656069354052e+38,1.0,1e-15,1.2,42.0,0.7,exhaustive_selection_config,"[[0, 0.1, 0.2, 0.3, 0.4, 0.5, 0.6, 0.7, 0.8, 0.9, 1]]","['nap', 'rtp']",252336560693540533935881068298825202077_eps8_s7,EnvPermit,WEIGHTED_PROBS_LEN
5.896497044712305,6.517635982111097,26.6,0.8320148182722609,0.10114158391952513,0.0,3.6183894492685793,0.9396883732236972,0.2856010720133781,0.8324163346005905,8545.0,0.9749327290625811,0.5478078318186861,0.00328685374563436,1.0,9807.032355673984,7.0972155567258595,0.8337476944900173,0.8587919422595659,0.837357518773042,0.871434694802983,0.9067951930691432,21.0,5.0,0.8,19.0,12.0,1.0,,2.5233656069354052e+38,1.0,1e-15,1.2,42.0,0.8,exhaustive_selection_config,"[[0, 0.1, 0.2, 0.3, 0.4, 0.5, 0.6, 0.7, 0.8, 0.9, 1]]","['nap', 'rtp']",252336560693540533935881068298825202077_eps8_s8,EnvPermit,WEIGHTED_PROBS_LEN
5.896497044712305,6.904721047356725,26.6,0.8320148182722609,0.10327068679034704,0.0,3.59340328425169,0.9396883732236972,0.2856010720133781,0.8324163346005905,8545.0,0.9749327290625811,0.5478078318186861,0.00328685374563436,1.0,9899.414003812522,7.466439159587026,0.8337476944900173,0.8587919422595659,0.837357518773042,0.871434694802983,0.9067951930691432,21.0,5.0,0.8,19.0,12.0,1.0,,2.5233656069354052e+38,1.0,1e-15,1.2,42.0,0.9,exhaustive_selection_config,"[[0, 0.1, 0.2, 0.3, 0.4, 0.5, 0.6, 0.7, 0.8, 0.9, 1]]","['nap', 'rtp']",252336560693540533935881068298825202077_eps8_s9,EnvPermit,WEIGHTED_PROBS_LEN
5.896497044712305,6.903076573833824,26.6,0.32713615909394494,0.10067427456378934,0.0,3.6342792466282843,0.7636088055399147,0.2856010720133781,0.3300549913011531,8545.0,0.8844348466875426,0.3682736786230477,0.00328685374563436,1.0,10080.819073646144,7.433664436265826,0.34462353821478553,0.5248412012932993,0.39096973260411966,0.34372793948033886,0.6599032547261314,21.0,5.0,0.8,21.0,12.0,1.0,,2.5233656069354052e+38,1.0,1e-15,1.2,42.0,0.0,exhaustive_selection_config,"[[0, 0.1, 0.2, 0.3, 0.4, 0.5, 0.6, 0.7, 0.8, 0.9, 1]]","['nap', 'rtp']",252336560693540533935881068298825202077_eps9_s0,EnvPermit,WEIGHTED_PROBS_LEN
5.896497044712305,6.80280699916184,26.6,0.749981146473347,0.10191620700061317,0.0,3.549142546951771,0.8809173862307617,0.2856010720133781,0.7500775545427822,8545.0,0.952765317857137,0.5070342568383537,0.00328685374563436,1.0,10173.018538293987,7.152767158299684,0.7506701458988416,0.7748494331786221,0.7531665361865619,0.8065327830682139,0.8269988166537334,21.0,5.0,0.8,21.0,12.0,1.0,,2.5233656069354052e+38,1.0,1e-15,1.2,42.0,0.1,exhaustive_selection_config,"[[0, 0.1, 0.2, 0.3, 0.4, 0.5, 0.6, 0.7, 0.8, 0.9, 1]]","['nap', 'rtp']",252336560693540533935881068298825202077_eps9_s1,EnvPermit,WEIGHTED_PROBS_LEN
5.896497044712305,7.1534408304840325,26.6,0.4663630068088792,0.10427679494023319,0.0,3.6889082293957474,0.835051692361844,0.2856010720133781,0.4672980054857024,8545.0,0.9279708959852384,0.48500712511905497,0.00328685374563436,1.0,11012.87599026896,7.570783177763223,0.47093629905567785,0.6056829483903976,0.49019729609056073,0.5773069311431287,0.7424493637099565,21.0,5.0,0.8,21.0,12.0,1.0,,2.5233656069354052e+38,1.0,1e-15,1.2,42.0,1.0,exhaustive_selection_config,"[[0, 0.1, 0.2, 0.3, 0.4, 0.5, 0.6, 0.7, 0.8, 0.9, 1]]","['nap', 'rtp']",252336560693540533935881068298825202077_eps9_s10,EnvPermit,WEIGHTED_PROBS_LEN
5.896497044712305,6.909123385325074,26.6,0.7965360383406368,0.10414193607866759,0.0,3.5832923296839,0.9079106806723608,0.2856010720133781,0.7969375546689664,8545.0,0.9604911753534158,0.5313333956169026,0.00328685374563436,1.0,10264.976339907571,7.453534075990319,0.7981948415517213,0.8230628569563663,0.8016400440384318,0.8307680270146097,0.8720642127404389,21.0,5.0,0.8,21.0,12.0,1.0,,2.5233656069354052e+38,1.0,1e-15,1.2,42.0,0.2,exhaustive_selection_config,"[[0, 0.1, 0.2, 0.3, 0.4, 0.5, 0.6, 0.7, 0.8, 0.9, 1]]","['nap', 'rtp']",252336560693540533935881068298825202077_eps9_s2,EnvPermit,WEIGHTED_PROBS_LEN
5.896497044712305,6.906532848626375,26.6,0.8115441308569464,0.10230604708194728,0.0,3.6862979877740143,0.9238254696417035,0.2856010720133781,0.8119456471852761,8545.0,0.96918357677767,0.5367128796883105,0.00328685374563436,1.0,10355.999032209442,7.5017120342701675,0.8132138235631997,0.8382634551033797,0.8166590260499105,0.8542659728434648,0.8877694610104452,21.0,5.0,0.8,21.0,12.0,1.0,,2.5233656069354052e+38,1.0,1e-15,1.2,42.0,0.3,exhaustive_selection_config,"[[0, 0.1, 0.2, 0.3, 0.4, 0.5, 0.6, 0.7, 0.8, 0.9, 1]]","['nap', 'rtp']",252336560693540533935881068298825202077_eps9_s3,EnvPermit,WEIGHTED_PROBS_LEN
5.896497044712305,6.5397755790501835,26.6,0.8181466825834433,0.10613445639610289,0.0,3.623803410679102,0.927882766859703,0.2856010720133781,0.8185481989117729,8545.0,0.9690736080052194,0.5354677194865486,0.00328685374563436,1.0,10447.67953651622,7.205903949588537,0.8198280294155543,0.8452258385850888,0.8233543647559973,0.8539622729055434,0.8960153616158062,21.0,5.0,0.8,21.0,12.0,1.0,,2.5233656069354052e+38,1.0,1e-15,1.2,42.0,0.4,exhaustive_selection_config,"[[0, 0.1, 0.2, 0.3, 0.4, 0.5, 0.6, 0.7, 0.8, 0.9, 1]]","['nap', 'rtp']",252336560693540533935881068298825202077_eps9_s4,EnvPermit,WEIGHTED_PROBS_LEN
5.896497044712305,6.897353555634618,26.6,0.8181466825834433,0.10201629698276515,0.0,3.662051061540842,0.927882766859703,0.2856010720133781,0.8185481989117729,8545.0,0.9690736080052194,0.5354677194865486,0.00328685374563436,1.0,10540.673784431816,7.53561945669353,0.8198280294155543,0.8452258385850888,0.8233543647559973,0.8539622729055434,0.8960153616158062,21.0,5.0,0.8,21.0,12.0,1.0,,2.5233656069354052e+38,1.0,1e-15,1.2,42.0,0.5,exhaustive_selection_config,"[[0, 0.1, 0.2, 0.3, 0.4, 0.5, 0.6, 0.7, 0.8, 0.9, 1]]","['nap', 'rtp']",252336560693540533935881068298825202077_eps9_s5,EnvPermit,WEIGHTED_PROBS_LEN
5.896497044712305,7.229546213522553,26.6,0.8242361613859985,0.10182248912751672,0.0,3.707529666274786,0.9304429524585389,0.2856010720133781,0.8246376777143283,8545.0,0.9703011381555704,0.5380308945617227,0.00328685374563436,1.0,10635.125079489871,7.809808805212379,0.8259283977132785,0.8507451602207452,0.829445741056599,0.8577701909452816,0.898974107533298,21.0,5.0,0.8,21.0,12.0,1.0,,2.5233656069354052e+38,1.0,1e-15,1.2,42.0,0.6,exhaustive_selection_config,"[[0, 0.1, 0.2, 0.3, 0.4, 0.5, 0.6, 0.7, 0.8, 0.9, 1]]","['nap', 'rtp']",252336560693540533935881068298825202077_eps9_s6,EnvPermit,WEIGHTED_PROBS_LEN
5.896497044712305,7.100373260676861,26.6,0.8320497220109614,0.10249482579529282,0.0,3.6246910262852907,0.9396917939610379,0.2856010720133781,0.832451238339291,8545.0,0.974933125178668,0.5478078318186861,0.00328685374563436,1.0,10728.445935512707,7.8715027462691065,0.8337825982287178,0.8588262715657017,0.8374492158784287,0.871434694802983,0.9068016384277374,21.0,5.0,0.8,21.0,12.0,1.0,,2.5233656069354052e+38,1.0,1e-15,1.2,42.0,0.7,exhaustive_selection_config,"[[0, 0.1, 0.2, 0.3, 0.4, 0.5, 0.6, 0.7, 0.8, 0.9, 1]]","['nap', 'rtp']",252336560693540533935881068298825202077_eps9_s7,EnvPermit,WEIGHTED_PROBS_LEN
5.896497044712305,6.810271532461047,26.6,0.8320229188920528,0.10164962783455847,0.0,3.62870007827878,0.9397064138440788,0.2856010720133781,0.8324244352203826,8545.0,0.9749404351201886,0.5478078318186861,0.00328685374563436,1.0,10823.471235409006,7.391184806078672,0.8337557951098094,0.8588238349185282,0.8374224127595202,0.871434694802983,0.9068235682522989,21.0,5.0,0.8,21.0,12.0,1.0,,2.5233656069354052e+38,1.0,1e-15,1.2,42.0,0.8,exhaustive_selection_config,"[[0, 0.1, 0.2, 0.3, 0.4, 0.5, 0.6, 0.7, 0.8, 0.9, 1]]","['nap', 'rtp']",252336560693540533935881068298825202077_eps9_s8,EnvPermit,WEIGHTED_PROBS_LEN
5.896497044712305,7.116482575237751,26.6,0.8320229188920528,0.10336457453668113,0.0,3.7501083545386793,0.9397064138440788,0.2856010720133781,0.8324244352203826,8545.0,0.9749404351201886,0.5478078318186861,0.00328685374563436,1.0,10916.430059610308,7.704703464731574,0.8337557951098094,0.8588238349185282,0.8374224127595202,0.871434694802983,0.9068235682522989,21.0,5.0,0.8,21.0,12.0,1.0,,2.5233656069354052e+38,1.0,1e-15,1.2,42.0,0.9,exhaustive_selection_config,"[[0, 0.1, 0.2, 0.3, 0.4, 0.5, 0.6, 0.7, 0.8, 0.9, 1]]","['nap', 'rtp']",252336560693540533935881068298825202077_eps9_s9,EnvPermit,WEIGHTED_PROBS_LEN
20.128134170547128,13.60266054943204,17.8,0.4150303055358302,0.11644672751426695,0.0,5.73342725597322,0.7346551571915432,0.45398132503032673,0.41518903569456034,12817.0,0.8406326299482678,0.22126174506495025,0.0005393227749075399,1.0,125.9096969116479,15.616644696891308,0.422319039736425,0.5509322707867217,0.45541234528627894,0.18743562995772217,0.6554466808133071,21.0,5.0,0.8,3.0,12.0,1.0,,2.065035058059254e+38,1.0,1e-15,1.2,42.0,0.0,exhaustive_selection_config,"[[0, 0.1, 0.2, 0.3, 0.4, 0.5, 0.6, 0.7, 0.8, 0.9, 1]]","['nap', 'rtp']",206503505805925416411570256798916015644_eps0_s0,Helpdesk,WEIGHTED_PROBS_LEN
20.128134170547128,14.068030233308672,17.8,0.9109899995044486,0.10635885559022422,0.0,5.6774857372045515,0.9214432342602106,0.45398132503032673,0.9109899995044486,12817.0,0.9679910363857323,0.5026506409380903,0.0005393227749075399,1.0,304.1272000405937,15.403485462814569,0.9109876048684333,0.8972638124255148,0.9109641950626532,0.8585940951867747,0.8915982219089944,21.0,5.0,0.8,3.0,12.0,1.0,,2.065035058059254e+38,1.0,1e-15,1.2,42.0,0.1,exhaustive_selection_config,"[[0, 0.1, 0.2, 0.3, 0.4, 0.5, 0.6, 0.7, 0.8, 0.9, 1]]","['nap', 'rtp']",206503505805925416411570256798916015644_eps0_s1,Helpdesk,WEIGHTED_PROBS_LEN
20.128134170547128,13.811163826286792,17.8,0.9109899995044486,0.10409177653491494,0.0,5.508326368406415,0.9214432342602106,0.45398132503032673,0.9109899995044486,12817.0,0.9679910363857323,0.5026506409380903,0.0005393227749075399,1.0,1890.6814645037055,15.036010779067874,0.9109876048684333,0.8972638124255148,0.9109641950626532,0.8585940951867747,0.8915982219089944,21.0,5.0,0.8,3.0,12.0,1.0,,2.065035058059254e+38,1.0,1e-15,1.2,42.0,1.0,exhaustive_selection_config,"[[0, 0.1, 0.2, 0.3, 0.4, 0.5, 0.6, 0.7, 0.8, 0.9, 1]]","['nap', 'rtp']",206503505805925416411570256798916015644_eps0_s10,Helpdesk,WEIGHTED_PROBS_LEN
20.128134170547128,13.896903638169169,17.8,0.9109899995044486,0.11265623718500133,0.0,5.776979231461882,0.9214432342602106,0.45398132503032673,0.9109899995044486,12817.0,0.9679910363857323,0.5026506409380903,0.0005393227749075399,1.0,481.7010737221688,15.315495944768191,0.9109876048684333,0.8972638124255148,0.9109641950626532,0.8585940951867747,0.8915982219089944,21.0,5.0,0.8,3.0,12.0,1.0,,2.065035058059254e+38,1.0,1e-15,1.2,42.0,0.2,exhaustive_selection_config,"[[0, 0.1, 0.2, 0.3, 0.4, 0.5, 0.6, 0.7, 0.8, 0.9, 1]]","['nap', 'rtp']",206503505805925416411570256798916015644_eps0_s2,Helpdesk,WEIGHTED_PROBS_LEN
20.128134170547128,14.123690336197615,17.8,0.9109899995044486,0.1114820651710033,0.0,5.834226432070136,0.9214432342602106,0.45398132503032673,0.9109899995044486,12817.0,0.9679910363857323,0.5026506409380903,0.0005393227749075399,1.0,659.6735187016427,15.479338707402349,0.9109876048684333,0.8972638124255148,0.9109641950626532,0.8585940951867747,0.8915982219089944,21.0,5.0,0.8,3.0,12.0,1.0,,2.065035058059254e+38,1.0,1e-15,1.2,42.0,0.3,exhaustive_selection_config,"[[0, 0.1, 0.2, 0.3, 0.4, 0.5, 0.6, 0.7, 0.8, 0.9, 1]]","['nap', 'rtp']",206503505805925416411570256798916015644_eps0_s3,Helpdesk,WEIGHTED_PROBS_LEN
20.128134170547128,14.171609247475862,17.8,0.9109899995044486,0.10804290100932117,0.0,5.730308762937784,0.9214432342602106,0.45398132503032673,0.9109899995044486,12817.0,0.9679910363857323,0.5026506409380903,0.0005393227749075399,1.0,839.1655764102936,15.61410493440926,0.9109876048684333,0.8972638124255148,0.9109641950626532,0.8585940951867747,0.8915982219089944,21.0,5.0,0.8,3.0,12.0,1.0,,2.065035058059254e+38,1.0,1e-15,1.2,42.0,0.4,exhaustive_selection_config,"[[0, 0.1, 0.2, 0.3, 0.4, 0.5, 0.6, 0.7, 0.8, 0.9, 1]]","['nap', 'rtp']",206503505805925416411570256798916015644_eps0_s4,Helpdesk,WEIGHTED_PROBS_LEN
20.128134170547128,14.082038494572043,17.8,0.9109899995044486,0.11807550527155394,0.0,5.763454140350222,0.9214432342602106,0.45398132503032673,0.9109899995044486,12817.0,0.9679910363857323,0.5026506409380903,0.0005393227749075399,1.0,1019.0505140334368,15.520098240673542,0.9109876048684333,0.8972638124255148,0.9109641950626532,0.8585940951867747,0.8915982219089944,21.0,5.0,0.8,3.0,12.0,1.0,,2.065035058059254e+38,1.0,1e-15,1.2,42.0,0.5,exhaustive_selection_config,"[[0, 0.1, 0.2, 0.3, 0.4, 0.5, 0.6, 0.7, 0.8, 0.9, 1]]","['nap', 'rtp']",206503505805925416411570256798916015644_eps0_s5,Helpdesk,WEIGHTED_PROBS_LEN
20.128134170547128,14.042949862405658,17.8,0.9109899995044486,0.1058795545250177,0.0,5.602537712082267,0.9214432342602106,0.45398132503032673,0.9109899995044486,12817.0,0.9679910363857323,0.5026506409380903,0.0005393227749075399,1.0,1198.3882133927195,15.474613316729664,0.9109876048684333,0.8972638124255148,0.9109641950626532,0.8585940951867747,0.8915982219089944,21.0,5.0,0.8,3.0,12.0,1.0,,2.065035058059254e+38,1.0,1e-15,1.2,42.0,0.6,exhaustive_selection_config,"[[0, 0.1, 0.2, 0.3, 0.4, 0.5, 0.6, 0.7, 0.8, 0.9, 1]]","['nap', 'rtp']",206503505805925416411570256798916015644_eps0_s6,Helpdesk,WEIGHTED_PROBS_LEN
20.128134170547128,13.692767240479588,17.8,0.9109899995044486,0.10366283357143398,0.0,5.377715540677309,0.9214432342602106,0.45398132503032673,0.9109899995044486,12817.0,0.9679910363857323,0.5026506409380903,0.0005393227749075399,1.0,1372.3621172655373,15.075944740697741,0.9109876048684333,0.8972638124255148,0.9109641950626532,0.8585940951867747,0.8915982219089944,21.0,5.0,0.8,3.0,12.0,1.0,,2.065035058059254e+38,1.0,1e-15,1.2,42.0,0.7,exhaustive_selection_config,"[[0, 0.1, 0.2, 0.3, 0.4, 0.5, 0.6, 0.7, 0.8, 0.9, 1]]","['nap', 'rtp']",206503505805925416411570256798916015644_eps0_s7,Helpdesk,WEIGHTED_PROBS_LEN
20.128134170547128,13.679788944125175,17.8,0.9109899995044486,0.10057920254766936,0.0,5.413244609907269,0.9214432342602106,0.45398132503032673,0.9109899995044486,12817.0,0.9679910363857323,0.5026506409380903,0.0005393227749075399,1.0,1544.9118563774973,14.98274807818234,0.9109876048684333,0.8972638124255148,0.9109641950626532,0.8585940951867747,0.8915982219089944,21.0,5.0,0.8,3.0,12.0,1.0,,2.065035058059254e+38,1.0,1e-15,1.2,42.0,0.8,exhaustive_selection_config,"[[0, 0.1, 0.2, 0.3, 0.4, 0.5, 0.6, 0.7, 0.8, 0.9, 1]]","['nap', 'rtp']",206503505805925416411570256798916015644_eps0_s8,Helpdesk,WEIGHTED_PROBS_LEN
20.128134170547128,13.719947938621043,17.8,0.9109899995044486,0.10291711017489431,0.0,5.486696496978402,0.9214432342602106,0.45398132503032673,0.9109899995044486,12817.0,0.9679910363857323,0.5026506409380903,0.0005393227749075399,1.0,1717.4615240305661,14.877707692980767,0.9109876048684333,0.8972638124255148,0.9109641950626532,0.8585940951867747,0.8915982219089944,21.0,5.0,0.8,3.0,12.0,1.0,,2.065035058059254e+38,1.0,1e-15,1.2,42.0,0.9,exhaustive_selection_config,"[[0, 0.1, 0.2, 0.3, 0.4, 0.5, 0.6, 0.7, 0.8, 0.9, 1]]","['nap', 'rtp']",206503505805925416411570256798916015644_eps0_s9,Helpdesk,WEIGHTED_PROBS_LEN
20.128134170547128,13.115498751401901,17.8,0.41499422642049744,0.10306821130216118,0.0,5.497116327658295,0.7346479696173205,0.45398132503032673,0.4151529565792276,12817.0,0.8406172511189144,0.22126174506495025,0.0005393227749075399,1.0,2062.324434556067,14.999950041994452,0.4223482678566728,0.5509967894146832,0.4554785944422327,0.18743562995772217,0.6554551650548344,21.0,5.0,0.8,5.0,12.0,1.0,,2.065035058059254e+38,1.0,1e-15,1.2,42.0,0.0,exhaustive_selection_config,"[[0, 0.1, 0.2, 0.3, 0.4, 0.5, 0.6, 0.7, 0.8, 0.9, 1]]","['nap', 'rtp']",206503505805925416411570256798916015644_eps1_s0,Helpdesk,WEIGHTED_PROBS_LEN
20.128134170547128,13.594733079522848,17.8,0.907567412707583,0.10169917456805704,0.0,5.418411336839199,0.918304174630098,0.45398132503032673,0.907567412707583,12817.0,0.965994044123137,0.4876372782987314,0.0005393227749075399,1.0,2232.9820497006176,14.78187770396471,0.9075650180715676,0.893895997879266,0.9075416082657876,0.8487068325535692,0.8880258395733349,21.0,5.0,0.8,5.0,12.0,1.0,,2.065035058059254e+38,1.0,1e-15,1.2,42.0,0.1,exhaustive_selection_config,"[[0, 0.1, 0.2, 0.3, 0.4, 0.5, 0.6, 0.7, 0.8, 0.9, 1]]","['nap', 'rtp']",206503505805925416411570256798916015644_eps1_s1,Helpdesk,WEIGHTED_PROBS_LEN
20.128134170547128,14.910298845544457,17.8,0.619006651069925,0.09955400675535198,0.0,5.652824029326439,0.7168278173049758,0.45398132503032673,0.619006651069925,12817.0,0.8358803408804629,0.20415788674427943,0.0005393227749075399,1.0,3894.4936146151276,16.61650355383754,0.6254254855865844,0.6529208440708092,0.6444746684303511,0.21209760109971976,0.6267709150263423,21.0,5.0,0.8,5.0,12.0,1.0,,2.065035058059254e+38,1.0,1e-15,1.2,42.0,1.0,exhaustive_selection_config,"[[0, 0.1, 0.2, 0.3, 0.4, 0.5, 0.6, 0.7, 0.8, 0.9, 1]]","['nap', 'rtp']",206503505805925416411570256798916015644_eps1_s10,Helpdesk,WEIGHTED_PROBS_LEN
20.128134170547128,14.256811363622546,17.8,0.8807484089500607,0.10060782283544537,0.0,5.514759853109718,0.893123632933948,0.45398132503032673,0.8807484089500607,12817.0,0.9525999561445666,0.46644443712090045,0.0005393227749075399,1.0,2405.900458934531,15.788913365453482,0.8807460143140453,0.8667571973594586,0.8807226045082654,0.78511047861376,0.8536999225464925,21.0,5.0,0.8,5.0,12.0,1.0,,2.065035058059254e+38,1.0,1e-15,1.2,42.0,0.2,exhaustive_selection_config,"[[0, 0.1, 0.2, 0.3, 0.4, 0.5, 0.6, 0.7, 0.8, 0.9, 1]]","['nap', 'rtp']",206503505805925416411570256798916015644_eps1_s2,Helpdesk,WEIGHTED_PROBS_LEN
20.128134170547128,14.939992529898882,17.8,0.8698525204299854,0.10259180702269073,0.0,5.549328978359699,0.8844738612290002,0.45398132503032673,0.8698525204299854,12817.0,0.9483434338571268,0.4574997863082576,0.0005393227749075399,1.0,2590.385764606297,16.336852375045417,0.86985012579397,0.8553094033001537,0.8698267159881901,0.7661923843957689,0.8398658477548275,21.0,5.0,0.8,5.0,12.0,1.0,,2.065035058059254e+38,1.0,1e-15,1.2,42.0,0.3,exhaustive_selection_config,"[[0, 0.1, 0.2, 0.3, 0.4, 0.5, 0.6, 0.7, 0.8, 0.9, 1]]","['nap', 'rtp']",206503505805925416411570256798916015644_eps1_s3,Helpdesk,WEIGHTED_PROBS_LEN
20.128134170547128,14.962929086387158,17.8,0.7335682599405694,0.10286325179040427,0.0,5.503040826693177,0.7939136627562025,0.45398132503032673,0.7335682599405694,12817.0,0.9033638368850211,0.3659053473267703,0.0005393227749075399,1.0,2779.271042110026,16.36450543962419,0.7363830766003864,0.7401204408806414,0.7458098758914788,0.5533276561381835,0.711869781017102,21.0,5.0,0.8,5.0,12.0,1.0,,2.065035058059254e+38,1.0,1e-15,1.2,42.0,0.4,exhaustive_selection_config,"[[0, 0.1, 0.2, 0.3, 0.4, 0.5, 0.6, 0.7, 0.8, 0.9, 1]]","['nap', 'rtp']",206503505805925416411570256798916015644_eps1_s4,Helpdesk,WEIGHTED_PROBS_LEN
20.128134170547128,14.891241233050824,17.8,0.7283023114360555,0.10269431695342057,0.0,5.5919796146452425,0.7953048964800861,0.45398132503032673,0.7283023114360555,12817.0,0.9041829633638379,0.3655007676461411,0.0005393227749075399,1.0,2968.2623733650894,16.356733735278247,0.7311171280958725,0.7327074512929167,0.7405407327029192,0.5524399941230698,0.7107753278957484,21.0,5.0,0.8,5.0,12.0,1.0,,2.065035058059254e+38,1.0,1e-15,1.2,42.0,0.5,exhaustive_selection_config,"[[0, 0.1, 0.2, 0.3, 0.4, 0.5, 0.6, 0.7, 0.8, 0.9, 1]]","['nap', 'rtp']",206503505805925416411570256798916015644_eps1_s5,Helpdesk,WEIGHTED_PROBS_LEN
20.128134170547128,15.45006465278566,17.8,0.699296308985736,0.1002347387373447,0.0,5.532712709903717,0.7783614817740293,0.45398132503032673,0.699296308985736,12817.0,0.8926752696587373,0.33712808739316813,0.0005393227749075399,1.0,3154.8165358778087,16.831782418116926,0.702111125645553,0.7009779845855558,0.7115205906572999,0.4927824971349869,0.6944915162653104,21.0,5.0,0.8,5.0,12.0,1.0,,2.065035058059254e+38,1.0,1e-15,1.2,42.0,0.6,exhaustive_selection_config,"[[0, 0.1, 0.2, 0.3, 0.4, 0.5, 0.6, 0.7, 0.8, 0.9, 1]]","['nap', 'rtp']",206503505805925416411570256798916015644_eps1_s6,Helpdesk,WEIGHTED_PROBS_LEN
20.128134170547128,14.258266776800156,17.8,0.6805712172893237,0.10348838381469247,0.0,5.566314745694399,0.7652636812007331,0.45398132503032673,0.6805712172893237,12817.0,0.8810205709021549,0.3142703833865639,0.0005393227749075399,1.0,3341.1188894338907,15.856312393397094,0.6833044095989484,0.6809352264307627,0.6923145743744394,0.4337855348562078,0.6878445167665475,21.0,5.0,0.8,5.0,12.0,1.0,,2.065035058059254e+38,1.0,1e-15,1.2,42.0,0.7,exhaustive_selection_config,"[[0, 0.1, 0.2, 0.3, 0.4, 0.5, 0.6, 0.7, 0.8, 0.9, 1]]","['nap', 'rtp']",206503505805925416411570256798916015644_eps1_s7,Helpdesk,WEIGHTED_PROBS_LEN
20.128134170547128,14.915411049127579,17.8,0.667347045530419,0.10406496189534661,0.0,5.5092995800077915,0.7331611167176877,0.45398132503032673,0.667347045530419,12817.0,0.8496510110814117,0.2285764210054146,0.0005393227749075399,1.0,3525.116133728996,16.837320655584335,0.6701005012932763,0.6766009626123919,0.6790444600164534,0.26388701429055805,0.6446670527296462,21.0,5.0,0.8,5.0,12.0,1.0,,2.065035058059254e+38,1.0,1e-15,1.2,42.0,0.8,exhaustive_selection_config,"[[0, 0.1, 0.2, 0.3, 0.4, 0.5, 0.6, 0.7, 0.8, 0.9, 1]]","['nap', 'rtp']",206503505805925416411570256798916015644_eps1_s8,Helpdesk,WEIGHTED_PROBS_LEN
20.128134170547128,14.197806692123413,17.8,0.6665516181544435,0.101169391721487,0.0,5.522970508411527,0.7332742591421376,0.45398132503032673,0.6665516181544435,12817.0,0.849707438613672,0.2284222836733814,0.0005393227749075399,1.0,3709.1547037202863,16.14991451203823,0.669305073917301,0.6759388197577483,0.6782490326404779,0.2632697581514354,0.6447190889492663,21.0,5.0,0.8,5.0,12.0,1.0,,2.065035058059254e+38,1.0,1e-15,1.2,42.0,0.9,exhaustive_selection_config,"[[0, 0.1, 0.2, 0.3, 0.4, 0.5, 0.6, 0.7, 0.8, 0.9, 1]]","['nap', 'rtp']",206503505805925416411570256798916015644_eps1_s9,Helpdesk,WEIGHTED_PROBS_LEN
20.128134170547128,15.215967661142349,17.8,0.41424489641580975,0.10330650024116035,0.0,5.65243100002408,0.7324997637254376,0.45398132503032673,0.4143780837903764,12817.0,0.8390604625167997,0.22126174506495025,0.0005393227749075399,1.0,4081.5297303527595,16.871975191682576,0.4208751527788217,0.5479963647106236,0.45342874504448866,0.18743562995772217,0.6526546298743792,21.0,5.0,0.8,7.0,12.0,1.0,,2.065035058059254e+38,1.0,1e-15,1.2,42.0,0.0,exhaustive_selection_config,"[[0, 0.1, 0.2, 0.3, 0.4, 0.5, 0.6, 0.7, 0.8, 0.9, 1]]","['nap', 'rtp']",206503505805925416411570256798916015644_eps2_s0,Helpdesk,WEIGHTED_PROBS_LEN
20.128134170547128,14.835000712051988,17.8,0.9064032209577,0.10356578677892683,0.0,5.430261370167136,0.9189207206480882,0.45398132503032673,0.9064032209577,12817.0,0.9667970808894657,0.5014023903531012,0.0005393227749075399,1.0,4272.200305312499,15.854269224032759,0.9064008263216847,0.8926858018161757,0.9063774165159048,0.8522238036518732,0.887407136985583,21.0,5.0,0.8,7.0,12.0,1.0,,2.065035058059254e+38,1.0,1e-15,1.2,42.0,0.1,exhaustive_selection_config,"[[0, 0.1, 0.2, 0.3, 0.4, 0.5, 0.6, 0.7, 0.8, 0.9, 1]]","['nap', 'rtp']",206503505805925416411570256798916015644_eps2_s1,Helpdesk,WEIGHTED_PROBS_LEN
20.128134170547128,14.54038708806038,17.8,0.5306845420797153,0.09956900663673873,0.0,5.495721254125238,0.6846603831358332,0.45398132503032673,0.5306845420797153,12817.0,0.829729558276334,0.23597601024067788,0.0005393227749075399,1.0,5917.842842217162,16.428821209445594,0.5308643086152726,0.5233214307508491,0.5320040464051929,0.18237230848830538,0.5701710556980192,21.0,5.0,0.8,7.0,12.0,1.0,,2.065035058059254e+38,1.0,1e-15,1.2,42.0,1.0,exhaustive_selection_config,"[[0, 0.1, 0.2, 0.3, 0.4, 0.5, 0.6, 0.7, 0.8, 0.9, 1]]","['nap', 'rtp']",206503505805925416411570256798916015644_eps2_s10,Helpdesk,WEIGHTED_PROBS_LEN
20.128134170547128,14.601411534845829,17.8,0.8846109379813603,0.10104484036564823,0.0,5.406504958495498,0.8994209697589856,0.45398132503032673,0.8846109379813603,12817.0,0.956971341293543,0.4852687579731172,0.0005393227749075399,1.0,4453.8007200166585,15.766188522055746,0.8846109634808726,0.8713780331112975,0.8846239196884789,0.8061103217368327,0.8635428373305768,21.0,5.0,0.8,7.0,12.0,1.0,,2.065035058059254e+38,1.0,1e-15,1.2,42.0,0.2,exhaustive_selection_config,"[[0, 0.1, 0.2, 0.3, 0.4, 0.5, 0.6, 0.7, 0.8, 0.9, 1]]","['nap', 'rtp']",206503505805925416411570256798916015644_eps2_s2,Helpdesk,WEIGHTED_PROBS_LEN
20.128134170547128,14.45728246048093,17.8,0.866992755021759,0.10109078884124749,0.0,5.448475836217403,0.8831541308961048,0.45398132503032673,0.866992755021759,12817.0,0.9499011232313661,0.4677015811449885,0.0005393227749075399,1.0,4632.433683234453,15.828822907060385,0.8669927805212712,0.8537943169212354,0.8670193545792033,0.776196654419308,0.837565476814504,21.0,5.0,0.8,7.0,12.0,1.0,,2.065035058059254e+38,1.0,1e-15,1.2,42.0,0.3,exhaustive_selection_config,"[[0, 0.1, 0.2, 0.3, 0.4, 0.5, 0.6, 0.7, 0.8, 0.9, 1]]","['nap', 'rtp']",206503505805925416411570256798916015644_eps2_s3,Helpdesk,WEIGHTED_PROBS_LEN
20.128134170547128,14.804980370774866,17.8,0.8497492178872686,0.10357181318104262,0.0,5.437530529871583,0.874362613366346,0.45398132503032673,0.8497492178872686,12817.0,0.9477097323002175,0.4679830151974526,0.0005393227749075399,1.0,4815.08553379178,16.535552337020636,0.8497363601197938,0.8386093003156446,0.849908846983553,0.7630608324567345,0.8245318043983343,21.0,5.0,0.8,7.0,12.0,1.0,,2.065035058059254e+38,1.0,1e-15,1.2,42.0,0.4,exhaustive_selection_config,"[[0, 0.1, 0.2, 0.3, 0.4, 0.5, 0.6, 0.7, 0.8, 0.9, 1]]","['nap', 'rtp']",206503505805925416411570256798916015644_eps2_s4,Helpdesk,WEIGHTED_PROBS_LEN
20.128134170547128,14.248748239874839,17.8,0.798264281709394,0.1005800478160381,0.0,5.467032432183624,0.8340861964253241,0.45398132503032673,0.798264281709394,12817.0,0.9156021416077553,0.4181054671093524,0.0005393227749075399,1.0,4998.5313965465875,15.81934880502522,0.7982490279288847,0.7858779392598546,0.7984479331701262,0.6731453166267194,0.7740389919844894,21.0,5.0,0.8,7.0,12.0,1.0,,2.065035058059254e+38,1.0,1e-15,1.2,42.0,0.5,exhaustive_selection_config,"[[0, 0.1, 0.2, 0.3, 0.4, 0.5, 0.6, 0.7, 0.8, 0.9, 1]]","['nap', 'rtp']",206503505805925416411570256798916015644_eps2_s5,Helpdesk,WEIGHTED_PROBS_LEN
20.128134170547128,14.75008132867515,17.8,0.7385328686369583,0.09957101531326769,0.0,5.473057663440704,0.7763827893797551,0.45398132503032673,0.7385328686369583,12817.0,0.8859243856065095,0.3597156970625222,0.0005393227749075399,1.0,5181.498431346193,16.31781091429293,0.7385176148564491,0.7270829943152874,0.7387197129457108,0.5432779082530538,0.7099095010666965,21.0,5.0,0.8,7.0,12.0,1.0,,2.065035058059254e+38,1.0,1e-15,1.2,42.0,0.6,exhaustive_selection_config,"[[0, 0.1, 0.2, 0.3, 0.4, 0.5, 0.6, 0.7, 0.8, 0.9, 1]]","['nap', 'rtp']",206503505805925416411570256798916015644_eps2_s6,Helpdesk,WEIGHTED_PROBS_LEN
20.128134170547128,14.244142610952258,17.8,0.7384637734116618,0.09964691810309882,0.0,5.456762054562569,0.776303504702837,0.45398132503032673,0.7384637734116618,12817.0,0.885880927976625,0.3596538269896752,0.0005393227749075399,1.0,5362.7125189285725,15.66515634804964,0.7384485196311525,0.7270138990899908,0.7386506177204143,0.5431617276177858,0.709840325723319,21.0,5.0,0.8,7.0,12.0,1.0,,2.065035058059254e+38,1.0,1e-15,1.2,42.0,0.7,exhaustive_selection_config,"[[0, 0.1, 0.2, 0.3, 0.4, 0.5, 0.6, 0.7, 0.8, 0.9, 1]]","['nap', 'rtp']",206503505805925416411570256798916015644_eps2_s7,Helpdesk,WEIGHTED_PROBS_LEN
20.128134170547128,14.4725534401834,17.8,0.6678071670057419,0.10136070773005482,0.0,5.404952447488904,0.7494827881082424,0.45398132503032673,0.6678071670057419,12817.0,0.861619905384291,0.3677341625013715,0.0005393227749075399,1.0,5545.036192072928,16.57621207050979,0.667794307861248,0.6672481691801245,0.6680666141321762,0.4114064160901728,0.674442241668142,21.0,5.0,0.8,7.0,12.0,1.0,,2.065035058059254e+38,1.0,1e-15,1.2,42.0,0.8,exhaustive_selection_config,"[[0, 0.1, 0.2, 0.3, 0.4, 0.5, 0.6, 0.7, 0.8, 0.9, 1]]","['nap', 'rtp']",206503505805925416411570256798916015644_eps2_s8,Helpdesk,WEIGHTED_PROBS_LEN
20.128134170547128,15.107289408892393,17.8,0.6677974864636316,0.10314548052847383,0.0,5.444710126519203,0.7494892418029826,0.45398132503032673,0.6677974864636316,12817.0,0.8616231322316612,0.3677341625013715,0.0005393227749075399,1.0,5733.846663916111,16.987967352196574,0.6677846273191377,0.6672320349432739,0.6680569335900659,0.4114064160901728,0.674442241668142,21.0,5.0,0.8,7.0,12.0,1.0,,2.065035058059254e+38,1.0,1e-15,1.2,42.0,0.9,exhaustive_selection_config,"[[0, 0.1, 0.2, 0.3, 0.4, 0.5, 0.6, 0.7, 0.8, 0.9, 1]]","['nap', 'rtp']",206503505805925416411570256798916015644_eps2_s9,Helpdesk,WEIGHTED_PROBS_LEN
20.128134170547128,14.382107524946331,17.8,0.41425843237557813,0.09989297464489932,0.0,5.987807391583919,0.7325012579165636,0.45398132503032673,0.4143916197501448,12817.0,0.8390612096123627,0.22126174506495025,0.0005393227749075399,1.0,6105.351335540041,15.433963285014034,0.42088868873859003,0.548000100188439,0.4534388926023333,0.18743562995772217,0.6526568711610683,21.0,5.0,0.8,9.0,12.0,1.0,,2.065035058059254e+38,1.0,1e-15,1.2,42.0,0.0,exhaustive_selection_config,"[[0, 0.1, 0.2, 0.3, 0.4, 0.5, 0.6, 0.7, 0.8, 0.9, 1]]","['nap', 'rtp']",206503505805925416411570256798916015644_eps3_s0,Helpdesk,WEIGHTED_PROBS_LEN
20.128134170547128,13.721792328730226,17.8,0.9077107069730392,0.10571641735732551,0.0,5.334494674578309,0.9199548734794059,0.45398132503032673,0.9077107069730392,12817.0,0.9672497605376984,0.49633346937057665,0.0005393227749075399,1.0,6277.493171728403,15.012403108552098,0.9077083123370239,0.8938542178718546,0.9076709056744985,0.8543974298174056,0.8889490682334067,21.0,5.0,0.8,9.0,12.0,1.0,,2.065035058059254e+38,1.0,1e-15,1.2,42.0,0.1,exhaustive_selection_config,"[[0, 0.1, 0.2, 0.3, 0.4, 0.5, 0.6, 0.7, 0.8, 0.9, 1]]","['nap', 'rtp']",206503505805925416411570256798916015644_eps3_s1,Helpdesk,WEIGHTED_PROBS_LEN
20.128134170547128,14.405422972887754,17.8,0.5637926380593636,0.10411853715777393,0.0,5.418368567153811,0.7074368686731656,0.45398132503032673,0.5637926380593636,12817.0,0.849833606519209,0.28251801229489487,0.0005393227749075399,1.0,7801.721316616982,16.685607904940845,0.563785722061122,0.5554366264300972,0.5638416267170563,0.30300494552592855,0.5991755293635006,21.0,5.0,0.8,9.0,12.0,1.0,,2.065035058059254e+38,1.0,1e-15,1.2,42.0,1.0,exhaustive_selection_config,"[[0, 0.1, 0.2, 0.3, 0.4, 0.5, 0.6, 0.7, 0.8, 0.9, 1]]","['nap', 'rtp']",206503505805925416411570256798916015644_eps3_s10,Helpdesk,WEIGHTED_PROBS_LEN
20.128134170547128,13.521092821657657,17.8,0.8964793277393357,0.10255946144461629,0.0,5.275961884856224,0.9102417228547501,0.45398132503032673,0.8964793277393357,12817.0,0.9632890620276087,0.4933650847819722,0.0005393227749075399,1.0,6448.837166859955,14.87830578573048,0.8964793532388479,0.8821140007182062,0.8964674899741946,0.8363809703720417,0.8767903999141595,21.0,5.0,0.8,9.0,12.0,1.0,,2.065035058059254e+38,1.0,1e-15,1.2,42.0,0.2,exhaustive_selection_config,"[[0, 0.1, 0.2, 0.3, 0.4, 0.5, 0.6, 0.7, 0.8, 0.9, 1]]","['nap', 'rtp']",206503505805925416411570256798916015644_eps3_s2,Helpdesk,WEIGHTED_PROBS_LEN
20.128134170547128,13.009447848424315,17.8,0.8883734187467457,0.1029797069728374,0.0,5.393768365681171,0.8947221915711298,0.45398132503032673,0.8883734187467457,12817.0,0.9555282669639317,0.48075981030297055,0.0005393227749075399,1.0,6617.9031153485175,14.846954928338528,0.8883734442462579,0.8740182388598617,0.8883615809816048,0.81266241348618,0.8682556769752091,21.0,5.0,0.8,9.0,12.0,1.0,,2.065035058059254e+38,1.0,1e-15,1.2,42.0,0.3,exhaustive_selection_config,"[[0, 0.1, 0.2, 0.3, 0.4, 0.5, 0.6, 0.7, 0.8, 0.9, 1]]","['nap', 'rtp']",206503505805925416411570256798916015644_eps3_s3,Helpdesk,WEIGHTED_PROBS_LEN
20.128134170547128,12.95605558976531,17.8,0.8717588227939117,0.10081310980021947,0.0,5.333447005599737,0.8798920490536407,0.45398132503032673,0.8717588227939117,12817.0,0.9491652668402539,0.4686032580241415,0.0005393227749075399,1.0,6785.706255795807,14.728391576558352,0.871758848293424,0.8579657376828621,0.8717923174810466,0.7848437068338461,0.8501380688094577,21.0,5.0,0.8,9.0,12.0,1.0,,2.065035058059254e+38,1.0,1e-15,1.2,42.0,0.4,exhaustive_selection_config,"[[0, 0.1, 0.2, 0.3, 0.4, 0.5, 0.6, 0.7, 0.8, 0.9, 1]]","['nap', 'rtp']",206503505805925416411570256798916015644_eps3_s4,Helpdesk,WEIGHTED_PROBS_LEN
20.128134170547128,13.213035525009037,17.8,0.8717529005440616,0.10073768310248847,0.0,5.3879748523235325,0.8798590686219467,0.45398132503032673,0.8717529005440616,12817.0,0.9491306558645192,0.46854785885838035,0.0005393227749075399,1.0,6954.200691799075,14.935481131449341,0.8717529260435739,0.8579549975490265,0.8717863952311964,0.7847281232195404,0.8501118230721767,21.0,5.0,0.8,9.0,12.0,1.0,,2.065035058059254e+38,1.0,1e-15,1.2,42.0,0.5,exhaustive_selection_config,"[[0, 0.1, 0.2, 0.3, 0.4, 0.5, 0.6, 0.7, 0.8, 0.9, 1]]","['nap', 'rtp']",206503505805925416411570256798916015644_eps3_s5,Helpdesk,WEIGHTED_PROBS_LEN
20.128134170547128,12.93514896966517,17.8,0.8717400528534339,0.10138353295624251,0.0,5.379199777916074,0.8798333732406916,0.45398132503032673,0.8717400528534339,12817.0,0.9491178081738918,0.46853233090806984,0.0005393227749075399,1.0,7122.7771802067755,14.79427741020918,0.8717400783529463,0.8579421498583988,0.8717735475405688,0.7846895801476577,0.8500989753815491,21.0,5.0,0.8,9.0,12.0,1.0,,2.065035058059254e+38,1.0,1e-15,1.2,42.0,0.6,exhaustive_selection_config,"[[0, 0.1, 0.2, 0.3, 0.4, 0.5, 0.6, 0.7, 0.8, 0.9, 1]]","['nap', 'rtp']",206503505805925416411570256798916015644_eps3_s6,Helpdesk,WEIGHTED_PROBS_LEN
20.128134170547128,13.089394426718354,17.8,0.8716998721376429,0.10138624161481853,0.0,5.421625636518002,0.8797934769075149,0.45398132503032673,0.8716998721376429,12817.0,0.9490972501359076,0.46849041892323795,0.0005393227749075399,1.0,7291.099690982699,14.86087140776217,0.871699897637155,0.8578954802710225,0.8717333668247775,0.784612332741901,0.8500652835373433,21.0,5.0,0.8,9.0,12.0,1.0,,2.065035058059254e+38,1.0,1e-15,1.2,42.0,0.7,exhaustive_selection_config,"[[0, 0.1, 0.2, 0.3, 0.4, 0.5, 0.6, 0.7, 0.8, 0.9, 1]]","['nap', 'rtp']",206503505805925416411570256798916015644_eps3_s7,Helpdesk,WEIGHTED_PROBS_LEN
20.128134170547128,12.69975842870772,17.8,0.8423203178387894,0.10286955535411832,0.0,5.361093216389418,0.831346179208899,0.45398132503032673,0.8423203178387894,12817.0,0.924715415960413,0.4090545318151335,0.0005393227749075399,1.0,7459.038578291982,14.844126768037677,0.8423203433383015,0.8287967296650722,0.8423538125259242,0.6514491682864673,0.7975364608267885,21.0,5.0,0.8,9.0,12.0,1.0,,2.065035058059254e+38,1.0,1e-15,1.2,42.0,0.8,exhaustive_selection_config,"[[0, 0.1, 0.2, 0.3, 0.4, 0.5, 0.6, 0.7, 0.8, 0.9, 1]]","['nap', 'rtp']",206503505805925416411570256798916015644_eps3_s8,Helpdesk,WEIGHTED_PROBS_LEN
20.128134170547128,12.690952924266458,17.8,0.8423078714275046,0.09803710654377931,0.0,5.381820147484541,0.8313544768164223,0.45398132503032673,0.8423078714275046,12817.0,0.9247195647641746,0.4090545318151335,0.0005393227749075399,1.0,7624.532046682015,14.586065270751714,0.8423078969270168,0.8287842832537873,0.8423413661146395,0.6514491682864673,0.7975392266959628,21.0,5.0,0.8,9.0,12.0,1.0,,2.065035058059254e+38,1.0,1e-15,1.2,42.0,0.9,exhaustive_selection_config,"[[0, 0.1, 0.2, 0.3, 0.4, 0.5, 0.6, 0.7, 0.8, 0.9, 1]]","['nap', 'rtp']",206503505805925416411570256798916015644_eps3_s9,Helpdesk,WEIGHTED_PROBS_LEN
20.128134170547128,14.846604907140136,17.8,0.41425843237557813,0.10220605470240111,0.0,5.418001635372638,0.7325012579165636,0.45398132503032673,0.4143916197501448,12817.0,0.8390612096123627,0.22126174506495025,0.0005393227749075399,1.0,7988.41540395692,16.527807003632187,0.42088868873859003,0.548000100188439,0.4534388926023333,0.18743562995772217,0.6526568711610683,21.0,5.0,0.8,11.0,12.0,1.0,,2.065035058059254e+38,1.0,1e-15,1.2,42.0,0.0,exhaustive_selection_config,"[[0, 0.1, 0.2, 0.3, 0.4, 0.5, 0.6, 0.7, 0.8, 0.9, 1]]","['nap', 'rtp']",206503505805925416411570256798916015644_eps4_s0,Helpdesk,WEIGHTED_PROBS_LEN
20.128134170547128,14.440588422864675,17.8,0.9101198526206625,0.10060520507395262,0.0,5.302425226941705,0.9212273121014644,0.45398132503032673,0.9101198526206625,12817.0,0.9679728671070128,0.4980028012334811,0.0005393227749075399,1.0,8172.068367240578,15.705477467551827,0.9101174579846472,0.8960531652105018,0.9100940481788671,0.8582070564640114,0.8908227211405377,21.0,5.0,0.8,11.0,12.0,1.0,,2.065035058059254e+38,1.0,1e-15,1.2,42.0,0.1,exhaustive_selection_config,"[[0, 0.1, 0.2, 0.3, 0.4, 0.5, 0.6, 0.7, 0.8, 0.9, 1]]","['nap', 'rtp']",206503505805925416411570256798916015644_eps4_s1,Helpdesk,WEIGHTED_PROBS_LEN
20.128134170547128,14.503649704158306,17.8,0.5983817194007599,0.10190918147563928,0.0,5.400256304815412,0.7454056279794214,0.45398132503032673,0.5983817194007599,12817.0,0.8651130267667442,0.3378207187774468,0.0005393227749075399,1.0,9815.947396560014,16.57062681503594,0.5984334799719285,0.5878256426879956,0.5990291519832038,0.40439089750792834,0.6539228171350352,21.0,5.0,0.8,11.0,12.0,1.0,,2.065035058059254e+38,1.0,1e-15,1.2,42.0,1.0,exhaustive_selection_config,"[[0, 0.1, 0.2, 0.3, 0.4, 0.5, 0.6, 0.7, 0.8, 0.9, 1]]","['nap', 'rtp']",206503505805925416411570256798916015644_eps4_s10,Helpdesk,WEIGHTED_PROBS_LEN
20.128134170547128,13.542202661931515,17.8,0.9068128807871083,0.0986898504197597,0.0,5.313597225025296,0.9178261081644781,0.45398132503032673,0.9068128807871083,12817.0,0.966455696392903,0.5018111298328976,0.0005393227749075399,1.0,8343.906196393818,15.086714904010297,0.906810486151093,0.8921353969714649,0.9067905965424441,0.8513086376304726,0.8870246312124103,21.0,5.0,0.8,11.0,12.0,1.0,,2.065035058059254e+38,1.0,1e-15,1.2,42.0,0.2,exhaustive_selection_config,"[[0, 0.1, 0.2, 0.3, 0.4, 0.5, 0.6, 0.7, 0.8, 0.9, 1]]","['nap', 'rtp']",206503505805925416411570256798916015644_eps4_s2,Helpdesk,WEIGHTED_PROBS_LEN
20.128134170547128,13.896945188194513,17.8,0.905791705615076,0.10278727784752842,0.0,5.334019937366247,0.9165541517182623,0.45398132503032673,0.905791705615076,12817.0,0.9658146339897655,0.5007395732720159,0.0005393227749075399,1.0,8520.297498856113,15.754686825722455,0.9057893109790607,0.8911142217994324,0.9057694213704119,0.8490689060358658,0.8858003024809301,21.0,5.0,0.8,11.0,12.0,1.0,,2.065035058059254e+38,1.0,1e-15,1.2,42.0,0.3,exhaustive_selection_config,"[[0, 0.1, 0.2, 0.3, 0.4, 0.5, 0.6, 0.7, 0.8, 0.9, 1]]","['nap', 'rtp']",206503505805925416411570256798916015644_eps4_s3,Helpdesk,WEIGHTED_PROBS_LEN
20.128134170547128,14.663722734898329,17.8,0.8968608611155247,0.1014656819403171,0.0,5.3050587978214025,0.9086385577564722,0.45398132503032673,0.8968608611155247,12817.0,0.9622781313908731,0.4920483142242624,0.0005393227749075399,1.0,8703.412730948627,16.505733868852257,0.8968584664795094,0.881909622966462,0.8968315527581036,0.8341044483226897,0.8754525849494467,21.0,5.0,0.8,11.0,12.0,1.0,,2.065035058059254e+38,1.0,1e-15,1.2,42.0,0.4,exhaustive_selection_config,"[[0, 0.1, 0.2, 0.3, 0.4, 0.5, 0.6, 0.7, 0.8, 0.9, 1]]","['nap', 'rtp']",206503505805925416411570256798916015644_eps4_s4,Helpdesk,WEIGHTED_PROBS_LEN
20.128134170547128,14.651860800385474,17.8,0.8968549388656746,0.10226991102099417,0.0,5.46432861238718,0.9086055773247782,0.45398132503032673,0.8968549388656746,12817.0,0.9622435204151385,0.4919929150585013,0.0005393227749075399,1.0,8888.552176342904,16.602517339214682,0.8968525442296592,0.8818988828326265,0.8968256305082536,0.8339888647083843,0.8754263392121657,21.0,5.0,0.8,11.0,12.0,1.0,,2.065035058059254e+38,1.0,1e-15,1.2,42.0,0.5,exhaustive_selection_config,"[[0, 0.1, 0.2, 0.3, 0.4, 0.5, 0.6, 0.7, 0.8, 0.9, 1]]","['nap', 'rtp']",206503505805925416411570256798916015644_eps4_s5,Helpdesk,WEIGHTED_PROBS_LEN
20.128134170547128,14.675884296000003,17.8,0.8968549388656746,0.09948824308812612,0.0,5.409030834212899,0.9086055773247782,0.45398132503032673,0.8968549388656746,12817.0,0.9622435204151385,0.4919929150585013,0.0005393227749075399,1.0,9071.328797176107,16.190511467680334,0.8968525442296592,0.8818988828326265,0.8968256305082536,0.8339888647083843,0.8754263392121657,21.0,5.0,0.8,11.0,12.0,1.0,,2.065035058059254e+38,1.0,1e-15,1.2,42.0,0.6,exhaustive_selection_config,"[[0, 0.1, 0.2, 0.3, 0.4, 0.5, 0.6, 0.7, 0.8, 0.9, 1]]","['nap', 'rtp']",206503505805925416411570256798916015644_eps4_s6,Helpdesk,WEIGHTED_PROBS_LEN
20.128134170547128,15.220221075415612,17.8,0.8968147581498835,0.10237749405205246,0.0,5.227810319885611,0.9085656809916017,0.45398132503032673,0.8968147581498835,12817.0,0.9622229623771545,0.4919510030736694,0.0005393227749075399,1.0,9257.22157930173,17.12313971333206,0.8968123635138682,0.8818522132452502,0.8967854497924623,0.8339116173026276,0.8753926473679599,21.0,5.0,0.8,11.0,12.0,1.0,,2.065035058059254e+38,1.0,1e-15,1.2,42.0,0.7,exhaustive_selection_config,"[[0, 0.1, 0.2, 0.3, 0.4, 0.5, 0.6, 0.7, 0.8, 0.9, 1]]","['nap', 'rtp']",206503505805925416411570256798916015644_eps4_s7,Helpdesk,WEIGHTED_PROBS_LEN
20.128134170547128,14.378808014839887,17.8,0.8968012053909289,0.10342696867883201,0.0,5.331141233444214,0.9085618087747575,0.45398132503032673,0.8968012053909289,12817.0,0.9622210262687323,0.4919510030736694,0.0005393227749075399,1.0,9442.707299047708,16.39782789759338,0.8967988107549136,0.8818386604862957,0.8967718970335078,0.8339116173026276,0.8753868390426935,21.0,5.0,0.8,11.0,12.0,1.0,,2.065035058059254e+38,1.0,1e-15,1.2,42.0,0.8,exhaustive_selection_config,"[[0, 0.1, 0.2, 0.3, 0.4, 0.5, 0.6, 0.7, 0.8, 0.9, 1]]","['nap', 'rtp']",206503505805925416411570256798916015644_eps4_s8,Helpdesk,WEIGHTED_PROBS_LEN
20.128134170547128,15.115786368772387,17.8,0.8967887589796442,0.10075155384838577,0.0,5.33537289313972,0.9085701063822806,0.45398132503032673,0.8967887589796442,12817.0,0.962225175072494,0.4919510030736694,0.0005393227749075399,1.0,9629.612761871143,17.03660319559276,0.8967863643436289,0.8818262140750109,0.8967594506222231,0.8339116173026276,0.875389604911868,21.0,5.0,0.8,11.0,12.0,1.0,,2.065035058059254e+38,1.0,1e-15,1.2,42.0,0.9,exhaustive_selection_config,"[[0, 0.1, 0.2, 0.3, 0.4, 0.5, 0.6, 0.7, 0.8, 0.9, 1]]","['nap', 'rtp']",206503505805925416411570256798916015644_eps4_s9,Helpdesk,WEIGHTED_PROBS_LEN
20.128134170547128,15.69559685252607,17.8,0.41425843237557813,0.10140606053173536,0.0,5.452318781986833,0.7325012579165636,0.45398132503032673,0.4143916197501448,12817.0,0.8390612096123627,0.22126174506495025,0.0005393227749075399,1.0,10006.146567400172,17.24378086179495,0.42088868873859003,0.548000100188439,0.4534388926023333,0.18743562995772217,0.6526568711610683,21.0,5.0,0.8,13.0,12.0,1.0,,2.065035058059254e+38,1.0,1e-15,1.2,42.0,0.0,exhaustive_selection_config,"[[0, 0.1, 0.2, 0.3, 0.4, 0.5, 0.6, 0.7, 0.8, 0.9, 1]]","['nap', 'rtp']",206503505805925416411570256798916015644_eps5_s0,Helpdesk,WEIGHTED_PROBS_LEN
20.128134170547128,13.751966018602252,17.8,0.9108624471813277,0.10161819569766517,0.0,5.302368332073092,0.9217559830707245,0.45398132503032673,0.9108624471813277,12817.0,0.9681258387376204,0.4983578741256328,0.0005393227749075399,1.0,10187.440131823718,15.072209163382649,0.9108600525453123,0.8970523060168596,0.9108366427395322,0.8590166210946173,0.8917607352576191,21.0,5.0,0.8,13.0,12.0,1.0,,2.065035058059254e+38,1.0,1e-15,1.2,42.0,0.1,exhaustive_selection_config,"[[0, 0.1, 0.2, 0.3, 0.4, 0.5, 0.6, 0.7, 0.8, 0.9, 1]]","['nap', 'rtp']",206503505805925416411570256798916015644_eps5_s1,Helpdesk,WEIGHTED_PROBS_LEN
20.128134170547128,14.453482642397285,17.8,0.6063045373619307,0.10302553325891492,0.0,5.402708145603538,0.7625102930202916,0.45398132503032673,0.6063433504580547,12817.0,0.8751997445642308,0.35513055172577135,0.0005393227749075399,1.0,11827.661258872226,16.31293035298586,0.6065761172152282,0.5895069769867007,0.6075572747288358,0.4453940644425325,0.6700476751354829,21.0,5.0,0.8,13.0,12.0,1.0,,2.065035058059254e+38,1.0,1e-15,1.2,42.0,1.0,exhaustive_selection_config,"[[0, 0.1, 0.2, 0.3, 0.4, 0.5, 0.6, 0.7, 0.8, 0.9, 1]]","['nap', 'rtp']",206503505805925416411570256798916015644_eps5_s10,Helpdesk,WEIGHTED_PROBS_LEN
20.128134170547128,14.235474998131394,17.8,0.9093987343987463,0.09980698898434634,0.0,5.343844872713089,0.9205243711055248,0.45398132503032673,0.9093987343987463,12817.0,0.9675053679604506,0.5026002609539398,0.0005393227749075399,1.0,10361.307501325384,15.861057243868709,0.9093963397627309,0.89534286142759,0.909376450154082,0.8558923884132416,0.8903699030054224,21.0,5.0,0.8,13.0,12.0,1.0,,2.065035058059254e+38,1.0,1e-15,1.2,42.0,0.2,exhaustive_selection_config,"[[0, 0.1, 0.2, 0.3, 0.4, 0.5, 0.6, 0.7, 0.8, 0.9, 1]]","['nap', 'rtp']",206503505805925416411570256798916015644_eps5_s2,Helpdesk,WEIGHTED_PROBS_LEN
20.128134170547128,14.522472853958607,17.8,0.9086913730366037,0.10806775614619253,0.0,5.378136748075486,0.919571289513924,0.45398132503032673,0.9086913730366037,12817.0,0.9670198496616693,0.5018280135111806,0.0005393227749075399,1.0,10544.951989018917,16.05582349076867,0.9086889784005884,0.8946355000654475,0.9086690887919394,0.8542697721913349,0.8896020844975606,21.0,5.0,0.8,13.0,12.0,1.0,,2.065035058059254e+38,1.0,1e-15,1.2,42.0,0.3,exhaustive_selection_config,"[[0, 0.1, 0.2, 0.3, 0.4, 0.5, 0.6, 0.7, 0.8, 0.9, 1]]","['nap', 'rtp']",206503505805925416411570256798916015644_eps5_s3,Helpdesk,WEIGHTED_PROBS_LEN
20.128134170547128,15.205286491662264,17.8,0.9055626139353455,0.10140649750828738,0.0,5.340563189983368,0.9171221069729171,0.45398132503032673,0.9055626139353455,12817.0,0.9661600753469642,0.5011453279980121,0.0005393227749075399,1.0,10731.656003820524,16.939041993021966,0.9055602192993302,0.8913894629028759,0.9055403296906812,0.8503379327424472,0.8863068610437178,21.0,5.0,0.8,13.0,12.0,1.0,,2.065035058059254e+38,1.0,1e-15,1.2,42.0,0.4,exhaustive_selection_config,"[[0, 0.1, 0.2, 0.3, 0.4, 0.5, 0.6, 0.7, 0.8, 0.9, 1]]","['nap', 'rtp']",206503505805925416411570256798916015644_eps5_s4,Helpdesk,WEIGHTED_PROBS_LEN
20.128134170547128,14.493569245189429,17.8,0.9055566916854956,0.10263371840119358,0.0,5.274193939194083,0.9170891265412233,0.45398132503032673,0.9055566916854956,12817.0,0.9661254643712294,0.501089928832251,0.0005393227749075399,1.0,10913.543154653162,16.13601889796555,0.9055542970494802,0.8913787227690404,0.9055344074408312,0.8502223491281417,0.8862806153064368,21.0,5.0,0.8,13.0,12.0,1.0,,2.065035058059254e+38,1.0,1e-15,1.2,42.0,0.5,exhaustive_selection_config,"[[0, 0.1, 0.2, 0.3, 0.4, 0.5, 0.6, 0.7, 0.8, 0.9, 1]]","['nap', 'rtp']",206503505805925416411570256798916015644_eps5_s5,Helpdesk,WEIGHTED_PROBS_LEN
20.128134170547128,13.874370154365897,17.8,0.9055566916854956,0.10032474547624584,0.0,5.347135973721743,0.9170891265412233,0.45398132503032673,0.9055566916854956,12817.0,0.9661254643712294,0.501089928832251,0.0005393227749075399,1.0,11092.597342979536,15.290776118636131,0.9055542970494802,0.8913787227690404,0.9055344074408312,0.8502223491281417,0.8862806153064368,21.0,5.0,0.8,13.0,12.0,1.0,,2.065035058059254e+38,1.0,1e-15,1.2,42.0,0.6,exhaustive_selection_config,"[[0, 0.1, 0.2, 0.3, 0.4, 0.5, 0.6, 0.7, 0.8, 0.9, 1]]","['nap', 'rtp']",206503505805925416411570256798916015644_eps5_s6,Helpdesk,WEIGHTED_PROBS_LEN
20.128134170547128,14.77240775860846,17.8,0.9055165109697043,0.09777530767023558,0.0,5.372384418174624,0.9170492302080466,0.45398132503032673,0.9055165109697043,12817.0,0.9661049063332454,0.5010480168474192,0.0005393227749075399,1.0,11275.438327357173,16.660935432836414,0.9055141163336892,0.8913320531816641,0.90549422672504,0.850145101722385,0.886246923462231,21.0,5.0,0.8,13.0,12.0,1.0,,2.065035058059254e+38,1.0,1e-15,1.2,42.0,0.7,exhaustive_selection_config,"[[0, 0.1, 0.2, 0.3, 0.4, 0.5, 0.6, 0.7, 0.8, 0.9, 1]]","['nap', 'rtp']",206503505805925416411570256798916015644_eps5_s7,Helpdesk,WEIGHTED_PROBS_LEN
20.128134170547128,14.25562916919589,17.8,0.9055029582107499,0.10233940780162806,0.0,5.305220244824886,0.9170453579912026,0.45398132503032673,0.9055029582107499,12817.0,0.9661029702248234,0.5010480168474192,0.0005393227749075399,1.0,11458.223736292124,16.084403262287378,0.9055005635747346,0.8913185004227095,0.9054806739660854,0.850145101722385,0.8862411151369647,21.0,5.0,0.8,13.0,12.0,1.0,,2.065035058059254e+38,1.0,1e-15,1.2,42.0,0.8,exhaustive_selection_config,"[[0, 0.1, 0.2, 0.3, 0.4, 0.5, 0.6, 0.7, 0.8, 0.9, 1]]","['nap', 'rtp']",206503505805925416411570256798916015644_eps5_s8,Helpdesk,WEIGHTED_PROBS_LEN
20.128134170547128,14.863387579470873,17.8,0.9054905117994652,0.10467494055628772,0.0,5.37324962131679,0.9170536555987256,0.45398132503032673,0.9054905117994652,12817.0,0.9661071190285849,0.5010480168474192,0.0005393227749075399,1.0,11642.875202415138,16.87148724645376,0.9054881171634499,0.8913060540114248,0.9054682275548007,0.850145101722385,0.8862438810061392,21.0,5.0,0.8,13.0,12.0,1.0,,2.065035058059254e+38,1.0,1e-15,1.2,42.0,0.9,exhaustive_selection_config,"[[0, 0.1, 0.2, 0.3, 0.4, 0.5, 0.6, 0.7, 0.8, 0.9, 1]]","['nap', 'rtp']",206503505805925416411570256798916015644_eps5_s9,Helpdesk,WEIGHTED_PROBS_LEN
20.128134170547128,15.408650815859437,17.8,0.41425843237557813,0.09966604411602017,0.0,5.532657208293676,0.7325012579165636,0.45398132503032673,0.4143916197501448,12817.0,0.8390612096123627,0.22126174506495025,0.0005393227749075399,1.0,12015.204407729208,16.829572275280952,0.42088868873859003,0.548000100188439,0.4534388926023333,0.18743562995772217,0.6526568711610683,21.0,5.0,0.8,15.0,12.0,1.0,,2.065035058059254e+38,1.0,1e-15,1.2,42.0,0.0,exhaustive_selection_config,"[[0, 0.1, 0.2, 0.3, 0.4, 0.5, 0.6, 0.7, 0.8, 0.9, 1]]","['nap', 'rtp']",206503505805925416411570256798916015644_eps6_s0,Helpdesk,WEIGHTED_PROBS_LEN
20.128134170547128,13.849615773931145,17.8,0.9108862176801823,0.10479273460805413,0.0,5.346863584965467,0.921741296772345,0.45398132503032673,0.9108862176801823,12817.0,0.9681161064796765,0.49833800992991567,0.0005393227749075399,1.0,12194.844571562111,14.676914940029382,0.9108838230441669,0.8970760765157143,0.9108604132383868,0.858977692062842,0.8917604112288847,21.0,5.0,0.8,15.0,12.0,1.0,,2.065035058059254e+38,1.0,1e-15,1.2,42.0,0.1,exhaustive_selection_config,"[[0, 0.1, 0.2, 0.3, 0.4, 0.5, 0.6, 0.7, 0.8, 0.9, 1]]","['nap', 'rtp']",206503505805925416411570256798916015644_eps6_s1,Helpdesk,WEIGHTED_PROBS_LEN
20.128134170547128,13.213736779242755,17.8,0.610190020859893,0.10280626602470869,0.0,5.417165472358465,0.7684367337659812,0.45398132503032673,0.610190020859893,12817.0,0.8797636603409222,0.3604843958078147,0.0005393227749075399,1.0,13726.033473970369,15.391775114834308,0.610340264387087,0.595529093887434,0.6117170428952596,0.45376881158709637,0.6767420095930149,21.0,5.0,0.8,15.0,12.0,1.0,,2.065035058059254e+38,1.0,1e-15,1.2,42.0,1.0,exhaustive_selection_config,"[[0, 0.1, 0.2, 0.3, 0.4, 0.5, 0.6, 0.7, 0.8, 0.9, 1]]","['nap', 'rtp']",206503505805925416411570256798916015644_eps6_s10,Helpdesk,WEIGHTED_PROBS_LEN
20.128134170547128,14.2104498103261,17.8,0.9099664710241699,0.10239983014762397,0.0,5.264937548711896,0.921098357123922,0.45398132503032673,0.9099664710241699,12817.0,0.9678007054814515,0.504535619374914,0.0005393227749075399,1.0,12374.122364004701,16.203285912424327,0.9099640763881546,0.8960212736242763,0.9099406665823745,0.8573569999641407,0.8909929616320893,21.0,5.0,0.8,15.0,12.0,1.0,,2.065035058059254e+38,1.0,1e-15,1.2,42.0,0.2,exhaustive_selection_config,"[[0, 0.1, 0.2, 0.3, 0.4, 0.5, 0.6, 0.7, 0.8, 0.9, 1]]","['nap', 'rtp']",206503505805925416411570256798916015644_eps6_s2,Helpdesk,WEIGHTED_PROBS_LEN
20.128134170547128,13.155183560028672,17.8,0.9095746910131443,0.10226062946021552,0.0,5.258384673297405,0.9207570771503345,0.45398132503032673,0.9095746910131443,12817.0,0.967621087991677,0.504216502250585,0.0005393227749075399,1.0,12544.791217064485,14.876648209244014,0.9095722963771291,0.8956294936132506,0.909548886571349,0.8566617667113643,0.8905504050174547,21.0,5.0,0.8,15.0,12.0,1.0,,2.065035058059254e+38,1.0,1e-15,1.2,42.0,0.3,exhaustive_selection_config,"[[0, 0.1, 0.2, 0.3, 0.4, 0.5, 0.6, 0.7, 0.8, 0.9, 1]]","['nap', 'rtp']",206503505805925416411570256798916015644_eps6_s3,Helpdesk,WEIGHTED_PROBS_LEN
20.128134170547128,13.105851982161402,17.8,0.9077488588769652,0.09927108548581595,0.0,5.362078933790326,0.9193989330968899,0.45398132503032673,0.9077488588769652,12817.0,0.9671623417856363,0.5019695030138953,0.0005393227749075399,1.0,12714.059987358749,14.88240951001644,0.9077464642409498,0.8937029956383983,0.9077265746323008,0.8545036748982098,0.8887527084283562,21.0,5.0,0.8,15.0,12.0,1.0,,2.065035058059254e+38,1.0,1e-15,1.2,42.0,0.4,exhaustive_selection_config,"[[0, 0.1, 0.2, 0.3, 0.4, 0.5, 0.6, 0.7, 0.8, 0.9, 1]]","['nap', 'rtp']",206503505805925416411570256798916015644_eps6_s4,Helpdesk,WEIGHTED_PROBS_LEN
20.128134170547128,13.154246071353555,17.8,0.907742936627115,0.10503579601645463,0.0,5.289804466068745,0.9193659526651962,0.45398132503032673,0.907742936627115,12817.0,0.9671277308099018,0.5019141038481342,0.0005393227749075399,1.0,12882.864471798763,14.872409743443132,0.9077405419910998,0.8936922555045628,0.9077206523824508,0.8543880912839041,0.8887264626910751,21.0,5.0,0.8,15.0,12.0,1.0,,2.065035058059254e+38,1.0,1e-15,1.2,42.0,0.5,exhaustive_selection_config,"[[0, 0.1, 0.2, 0.3, 0.4, 0.5, 0.6, 0.7, 0.8, 0.9, 1]]","['nap', 'rtp']",206503505805925416411570256798916015644_eps6_s5,Helpdesk,WEIGHTED_PROBS_LEN
20.128134170547128,13.250516730546952,17.8,0.907742936627115,0.10328337438404558,0.0,5.318696426972747,0.9193659526651962,0.45398132503032673,0.907742936627115,12817.0,0.9671277308099018,0.5019141038481342,0.0005393227749075399,1.0,13052.191606379673,15.123239143565296,0.9077405419910998,0.8936922555045628,0.9077206523824508,0.8543880912839041,0.8887264626910751,21.0,5.0,0.8,15.0,12.0,1.0,,2.065035058059254e+38,1.0,1e-15,1.2,42.0,0.6,exhaustive_selection_config,"[[0, 0.1, 0.2, 0.3, 0.4, 0.5, 0.6, 0.7, 0.8, 0.9, 1]]","['nap', 'rtp']",206503505805925416411570256798916015644_eps6_s6,Helpdesk,WEIGHTED_PROBS_LEN
20.128134170547128,12.868874518200755,17.8,0.907702755911324,0.1048694502562284,0.0,5.286605058610439,0.9193260563320195,0.45398132503032673,0.907702755911324,12817.0,0.9671071727719177,0.5018721918633023,0.0005393227749075399,1.0,13221.393836309016,14.886773140355945,0.9077003612753085,0.8936455859171863,0.9076804716666598,0.8543108438781475,0.8886927708468694,21.0,5.0,0.8,15.0,12.0,1.0,,2.065035058059254e+38,1.0,1e-15,1.2,42.0,0.7,exhaustive_selection_config,"[[0, 0.1, 0.2, 0.3, 0.4, 0.5, 0.6, 0.7, 0.8, 0.9, 1]]","['nap', 'rtp']",206503505805925416411570256798916015644_eps6_s7,Helpdesk,WEIGHTED_PROBS_LEN
20.128134170547128,12.741079611331225,17.8,0.9076892031523695,0.10004435628652568,0.0,5.286797388643026,0.9193221841151754,0.45398132503032673,0.9076892031523695,12817.0,0.9671052366634957,0.5018721918633023,0.0005393227749075399,1.0,13388.296731379256,14.934734534099698,0.907686808516354,0.8936320331582319,0.9076669189077051,0.8543108438781475,0.8886869625216031,21.0,5.0,0.8,15.0,12.0,1.0,,2.065035058059254e+38,1.0,1e-15,1.2,42.0,0.8,exhaustive_selection_config,"[[0, 0.1, 0.2, 0.3, 0.4, 0.5, 0.6, 0.7, 0.8, 0.9, 1]]","['nap', 'rtp']",206503505805925416411570256798916015644_eps6_s8,Helpdesk,WEIGHTED_PROBS_LEN
20.128134170547128,12.934878658875823,17.8,0.9076767567410847,0.10116474330425258,0.0,5.2500558465719225,0.9193304817226986,0.45398132503032673,0.9076767567410847,12817.0,0.9671093854672572,0.5018721918633023,0.0005393227749075399,1.0,13555.249827202782,14.944871669262648,0.9076743621050692,0.893619586746947,0.9076544724964204,0.8543108438781475,0.8886897283907775,21.0,5.0,0.8,15.0,12.0,1.0,,2.065035058059254e+38,1.0,1e-15,1.2,42.0,0.9,exhaustive_selection_config,"[[0, 0.1, 0.2, 0.3, 0.4, 0.5, 0.6, 0.7, 0.8, 0.9, 1]]","['nap', 'rtp']",206503505805925416411570256798916015644_eps6_s9,Helpdesk,WEIGHTED_PROBS_LEN
20.128134170547128,13.481256545335054,17.8,0.41425843237557813,0.10286002419888969,0.0,5.574256827682257,0.7325012579165636,0.45398132503032673,0.4143916197501448,12817.0,0.8390612096123627,0.22126174506495025,0.0005393227749075399,1.0,13898.76426389143,15.09209446683526,0.42088868873859003,0.548000100188439,0.4534388926023333,0.18743562995772217,0.6526568711610683,21.0,5.0,0.8,17.0,12.0,1.0,,2.065035058059254e+38,1.0,1e-15,1.2,42.0,0.0,exhaustive_selection_config,"[[0, 0.1, 0.2, 0.3, 0.4, 0.5, 0.6, 0.7, 0.8, 0.9, 1]]","['nap', 'rtp']",206503505805925416411570256798916015644_eps7_s0,Helpdesk,WEIGHTED_PROBS_LEN
20.128134170547128,13.861071291565896,17.8,0.9108814284081517,0.10013305284082885,0.0,5.452381759136915,0.9217460860443755,0.45398132503032673,0.9108814284081517,12817.0,0.9681161064796765,0.49833800992991567,0.0005393227749075399,1.0,14072.456075534225,15.12917558811605,0.9108790337721364,0.8970760765157143,0.9108556239663562,0.858977692062842,0.8917652005009155,21.0,5.0,0.8,17.0,12.0,1.0,,2.065035058059254e+38,1.0,1e-15,1.2,42.0,0.1,exhaustive_selection_config,"[[0, 0.1, 0.2, 0.3, 0.4, 0.5, 0.6, 0.7, 0.8, 0.9, 1]]","['nap', 'rtp']",206503505805925416411570256798916015644_eps7_s1,Helpdesk,WEIGHTED_PROBS_LEN
20.128134170547128,14.9925522711128,17.8,0.6085567840777835,0.10205025188624857,0.0,5.434184106439352,0.7748093181162636,0.45398132503032673,0.6085567840777835,12817.0,0.8828962631724959,0.3625303293106855,0.0005393227749075399,1.0,15722.2565738488,17.167163904756308,0.6085616541050571,0.5981181023928965,0.6092294677571359,0.46613116577215125,0.6844916902158403,21.0,5.0,0.8,17.0,12.0,1.0,,2.065035058059254e+38,1.0,1e-15,1.2,42.0,1.0,exhaustive_selection_config,"[[0, 0.1, 0.2, 0.3, 0.4, 0.5, 0.6, 0.7, 0.8, 0.9, 1]]","['nap', 'rtp']",206503505805925416411570256798916015644_eps7_s10,Helpdesk,WEIGHTED_PROBS_LEN
20.128134170547128,13.727333220094442,17.8,0.9099616817521392,0.10229398310184475,0.0,5.323951932415366,0.9211031463959527,0.45398132503032673,0.9099616817521392,12817.0,0.9678007054814515,0.504535619374914,0.0005393227749075399,1.0,14245.522575460747,15.025498662516474,0.9099592871161238,0.8960212736242763,0.9099358773103438,0.8573569999641407,0.89099775090412,21.0,5.0,0.8,17.0,12.0,1.0,,2.065035058059254e+38,1.0,1e-15,1.2,42.0,0.2,exhaustive_selection_config,"[[0, 0.1, 0.2, 0.3, 0.4, 0.5, 0.6, 0.7, 0.8, 0.9, 1]]","['nap', 'rtp']",206503505805925416411570256798916015644_eps7_s2,Helpdesk,WEIGHTED_PROBS_LEN
20.128134170547128,13.198577006533743,17.8,0.9095699017411137,0.10270797312259672,0.0,5.385719690844416,0.9207618664223652,0.45398132503032673,0.9095699017411137,12817.0,0.967621087991677,0.504216502250585,0.0005393227749075399,1.0,14416.953388508782,15.037464708834886,0.9095675071050984,0.8956294936132506,0.9095440972993183,0.8566617667113643,0.8905551942894855,21.0,5.0,0.8,17.0,12.0,1.0,,2.065035058059254e+38,1.0,1e-15,1.2,42.0,0.3,exhaustive_selection_config,"[[0, 0.1, 0.2, 0.3, 0.4, 0.5, 0.6, 0.7, 0.8, 0.9, 1]]","['nap', 'rtp']",206503505805925416411570256798916015644_eps7_s3,Helpdesk,WEIGHTED_PROBS_LEN
20.128134170547128,14.06870017759502,17.8,0.9083226970129805,0.10296043828129764,0.0,5.357705062255263,0.9198666978848322,0.45398132503032673,0.9083226970129805,12817.0,0.9672972538754692,0.5022701246979212,0.0005393227749075399,1.0,14594.78059022911,16.2725797239691,0.9083203023769653,0.8943394489925114,0.9083004127683161,0.8551589751496754,0.8893553853061313,21.0,5.0,0.8,17.0,12.0,1.0,,2.065035058059254e+38,1.0,1e-15,1.2,42.0,0.4,exhaustive_selection_config,"[[0, 0.1, 0.2, 0.3, 0.4, 0.5, 0.6, 0.7, 0.8, 0.9, 1]]","['nap', 'rtp']",206503505805925416411570256798916015644_eps7_s4,Helpdesk,WEIGHTED_PROBS_LEN
20.128134170547128,14.893124550580978,17.8,0.9083167747631304,0.10457126647233961,0.0,5.425291917473078,0.9198337174531381,0.45398132503032673,0.9083167747631304,12817.0,0.9672626428997347,0.5022147255321601,0.0005393227749075399,1.0,14775.100792664289,16.689657912030817,0.9083143801271151,0.8943287088586759,0.9082944905184661,0.8550433915353699,0.8893291395688502,21.0,5.0,0.8,17.0,12.0,1.0,,2.065035058059254e+38,1.0,1e-15,1.2,42.0,0.5,exhaustive_selection_config,"[[0, 0.1, 0.2, 0.3, 0.4, 0.5, 0.6, 0.7, 0.8, 0.9, 1]]","['nap', 'rtp']",206503505805925416411570256798916015644_eps7_s5,Helpdesk,WEIGHTED_PROBS_LEN
20.128134170547128,14.921006027981639,17.8,0.9083167747631304,0.09998620934784408,0.0,5.498729635030031,0.9198337174531381,0.45398132503032673,0.9083167747631304,12817.0,0.9672626428997347,0.5022147255321601,0.0005393227749075399,1.0,14965.220518855005,16.69152127765119,0.9083143801271151,0.8943287088586759,0.9082944905184661,0.8550433915353699,0.8893291395688502,21.0,5.0,0.8,17.0,12.0,1.0,,2.065035058059254e+38,1.0,1e-15,1.2,42.0,0.6,exhaustive_selection_config,"[[0, 0.1, 0.2, 0.3, 0.4, 0.5, 0.6, 0.7, 0.8, 0.9, 1]]","['nap', 'rtp']",206503505805925416411570256798916015644_eps7_s6,Helpdesk,WEIGHTED_PROBS_LEN
20.128134170547128,15.39398496374488,17.8,0.9082765940473392,0.10404777415096755,0.0,5.4534489247947935,0.9197938211199617,0.45398132503032673,0.9082765940473392,12817.0,0.9672420848617506,0.5021728135473282,0.0005393227749075399,1.0,15156.294755041972,17.340795283019542,0.9082741994113238,0.8942820392712993,0.9082543098026751,0.8549661441296132,0.8892954477246443,21.0,5.0,0.8,17.0,12.0,1.0,,2.065035058059254e+38,1.0,1e-15,1.2,42.0,0.7,exhaustive_selection_config,"[[0, 0.1, 0.2, 0.3, 0.4, 0.5, 0.6, 0.7, 0.8, 0.9, 1]]","['nap', 'rtp']",206503505805925416411570256798916015644_eps7_s7,Helpdesk,WEIGHTED_PROBS_LEN
20.128134170547128,14.552045584842563,17.8,0.9082630412883846,0.09963216148316856,0.0,5.435774179920554,0.9197899489031174,0.45398132503032673,0.9082630412883846,12817.0,0.9672401487533285,0.5021728135473282,0.0005393227749075399,1.0,15344.86990909502,16.690921254456043,0.9082606466523693,0.894268486512345,0.9082407570437205,0.8549661441296132,0.889289639399378,21.0,5.0,0.8,17.0,12.0,1.0,,2.065035058059254e+38,1.0,1e-15,1.2,42.0,0.8,exhaustive_selection_config,"[[0, 0.1, 0.2, 0.3, 0.4, 0.5, 0.6, 0.7, 0.8, 0.9, 1]]","['nap', 'rtp']",206503505805925416411570256798916015644_eps7_s8,Helpdesk,WEIGHTED_PROBS_LEN
20.128134170547128,15.344190638884902,17.8,0.9082505948770999,0.1022592712193727,0.0,5.354883418604731,0.9197982465106407,0.45398132503032673,0.9082505948770999,12817.0,0.9672442975570901,0.5021728135473282,0.0005393227749075399,1.0,15534.572428247706,17.309561317786574,0.9082482002410845,0.8942560401010601,0.9082283106324358,0.8549661441296132,0.8892924052685525,21.0,5.0,0.8,17.0,12.0,1.0,,2.065035058059254e+38,1.0,1e-15,1.2,42.0,0.9,exhaustive_selection_config,"[[0, 0.1, 0.2, 0.3, 0.4, 0.5, 0.6, 0.7, 0.8, 0.9, 1]]","['nap', 'rtp']",206503505805925416411570256798916015644_eps7_s9,Helpdesk,WEIGHTED_PROBS_LEN
20.128134170547128,13.509307757392525,17.8,0.41425843237557813,0.10249115116894245,0.0,5.438670594990254,0.7325012579165636,0.45398132503032673,0.4143916197501448,12817.0,0.8390612096123627,0.22126174506495025,0.0005393227749075399,1.0,15905.793562552706,15.483544336259365,0.42088868873859003,0.548000100188439,0.4534388926023333,0.18743562995772217,0.6526568711610683,21.0,5.0,0.8,19.0,12.0,1.0,,2.065035058059254e+38,1.0,1e-15,1.2,42.0,0.0,exhaustive_selection_config,"[[0, 0.1, 0.2, 0.3, 0.4, 0.5, 0.6, 0.7, 0.8, 0.9, 1]]","['nap', 'rtp']",206503505805925416411570256798916015644_eps8_s0,Helpdesk,WEIGHTED_PROBS_LEN
20.128134170547128,14.044407942146062,17.8,0.9108814284081517,0.10373429358005518,0.0,5.4252854131162165,0.9217460860443755,0.45398132503032673,0.9108814284081517,12817.0,0.9681161064796765,0.49833800992991567,0.0005393227749075399,1.0,16081.777884588018,15.443143990263343,0.9108790337721364,0.8970760765157143,0.9108556239663562,0.858977692062842,0.8917652005009155,21.0,5.0,0.8,19.0,12.0,1.0,,2.065035058059254e+38,1.0,1e-15,1.2,42.0,0.1,exhaustive_selection_config,"[[0, 0.1, 0.2, 0.3, 0.4, 0.5, 0.6, 0.7, 0.8, 0.9, 1]]","['nap', 'rtp']",206503505805925416411570256798916015644_eps8_s1,Helpdesk,WEIGHTED_PROBS_LEN
20.128134170547128,14.33766164816916,17.8,0.6098902092707664,0.10186697877943511,0.0,5.380022866278887,0.7765908862833153,0.45398132503032673,0.6098902092707664,12817.0,0.8840798812100564,0.35869947398399404,0.0005393227749075399,1.0,17749.93284681551,16.25739761851728,0.6098134506741089,0.6002016166284534,0.609954125718311,0.46922916589125085,0.6874551808965792,21.0,5.0,0.8,19.0,12.0,1.0,,2.065035058059254e+38,1.0,1e-15,1.2,42.0,1.0,exhaustive_selection_config,"[[0, 0.1, 0.2, 0.3, 0.4, 0.5, 0.6, 0.7, 0.8, 0.9, 1]]","['nap', 'rtp']",206503505805925416411570256798916015644_eps8_s10,Helpdesk,WEIGHTED_PROBS_LEN
20.128134170547128,13.839150885492563,17.8,0.9099616817521392,0.10126820616424079,0.0,5.461582123115659,0.9211031463959527,0.45398132503032673,0.9099616817521392,12817.0,0.9678007054814515,0.504535619374914,0.0005393227749075399,1.0,16257.950262621045,15.437328281998635,0.9099592871161238,0.8960212736242763,0.9099358773103438,0.8573569999641407,0.89099775090412,21.0,5.0,0.8,19.0,12.0,1.0,,2.065035058059254e+38,1.0,1e-15,1.2,42.0,0.2,exhaustive_selection_config,"[[0, 0.1, 0.2, 0.3, 0.4, 0.5, 0.6, 0.7, 0.8, 0.9, 1]]","['nap', 'rtp']",206503505805925416411570256798916015644_eps8_s2,Helpdesk,WEIGHTED_PROBS_LEN
20.128134170547128,15.065310164541007,17.8,0.9095699017411137,0.10161778293550013,0.0,5.292809056863189,0.9207618664223652,0.45398132503032673,0.9095699017411137,12817.0,0.967621087991677,0.504216502250585,0.0005393227749075399,1.0,16441.62739148699,16.92960556074977,0.9095675071050984,0.8956294936132506,0.9095440972993183,0.8566617667113643,0.8905551942894855,21.0,5.0,0.8,19.0,12.0,1.0,,2.065035058059254e+38,1.0,1e-15,1.2,42.0,0.3,exhaustive_selection_config,"[[0, 0.1, 0.2, 0.3, 0.4, 0.5, 0.6, 0.7, 0.8, 0.9, 1]]","['nap', 'rtp']",206503505805925416411570256798916015644_eps8_s3,Helpdesk,WEIGHTED_PROBS_LEN
20.128134170547128,14.193378059193492,17.8,0.9083350177029391,0.10405052900314327,0.0,5.346710333228112,0.9198666978848322,0.45398132503032673,0.9083350177029391,12817.0,0.9672972538754692,0.5022701246979212,0.0005393227749075399,1.0,16624.824441865832,16.125467164441943,0.9083326230669237,0.8943354887707388,0.9083092132611437,0.8551589751496754,0.8893540652322072,21.0,5.0,0.8,19.0,12.0,1.0,,2.065035058059254e+38,1.0,1e-15,1.2,42.0,0.4,exhaustive_selection_config,"[[0, 0.1, 0.2, 0.3, 0.4, 0.5, 0.6, 0.7, 0.8, 0.9, 1]]","['nap', 'rtp']",206503505805925416411570256798916015644_eps8_s4,Helpdesk,WEIGHTED_PROBS_LEN
20.128134170547128,15.756897212937474,17.8,0.9083290954530889,0.10377243645489209,0.0,5.3884614881128075,0.9198337174531381,0.45398132503032673,0.9083290954530889,12817.0,0.9672626428997347,0.5022147255321601,0.0005393227749075399,1.0,16815.8300815247,17.365019661188125,0.9083267008170737,0.8943247486369034,0.9083032910112936,0.8550433915353699,0.8893278194949261,21.0,5.0,0.8,19.0,12.0,1.0,,2.065035058059254e+38,1.0,1e-15,1.2,42.0,0.5,exhaustive_selection_config,"[[0, 0.1, 0.2, 0.3, 0.4, 0.5, 0.6, 0.7, 0.8, 0.9, 1]]","['nap', 'rtp']",206503505805925416411570256798916015644_eps8_s5,Helpdesk,WEIGHTED_PROBS_LEN
20.128134170547128,14.785942264646291,17.8,0.9083290954530889,0.10045614615082739,0.0,5.345520154014229,0.9198337174531381,0.45398132503032673,0.9083290954530889,12817.0,0.9672626428997347,0.5022147255321601,0.0005393227749075399,1.0,17002.362849549205,16.239441472291947,0.9083267008170737,0.8943247486369034,0.9083032910112936,0.8550433915353699,0.8893278194949261,21.0,5.0,0.8,19.0,12.0,1.0,,2.065035058059254e+38,1.0,1e-15,1.2,42.0,0.6,exhaustive_selection_config,"[[0, 0.1, 0.2, 0.3, 0.4, 0.5, 0.6, 0.7, 0.8, 0.9, 1]]","['nap', 'rtp']",206503505805925416411570256798916015644_eps8_s6,Helpdesk,WEIGHTED_PROBS_LEN
20.128134170547128,15.155235435068608,17.8,0.9082889147372978,0.1037574011832475,0.0,5.429086421430111,0.9197938211199617,0.45398132503032673,0.9082889147372978,12817.0,0.9672420848617506,0.5021728135473282,0.0005393227749075399,1.0,17190.60706254281,17.130340292677282,0.9082865201012826,0.894278079049527,0.9082631102955026,0.8549661441296132,0.8892941276507201,21.0,5.0,0.8,19.0,12.0,1.0,,2.065035058059254e+38,1.0,1e-15,1.2,42.0,0.7,exhaustive_selection_config,"[[0, 0.1, 0.2, 0.3, 0.4, 0.5, 0.6, 0.7, 0.8, 0.9, 1]]","['nap', 'rtp']",206503505805925416411570256798916015644_eps8_s7,Helpdesk,WEIGHTED_PROBS_LEN
20.128134170547128,14.51014396212995,17.8,0.9082753619783432,0.10208163633942599,0.0,5.359561640769243,0.9197899489031174,0.45398132503032673,0.9082753619783432,12817.0,0.9672401487533285,0.5021728135473282,0.0005393227749075399,1.0,17377.14674202576,16.433661085739732,0.908272967342328,0.8942645262905724,0.9082495575365481,0.8549661441296132,0.8892883193254539,21.0,5.0,0.8,19.0,12.0,1.0,,2.065035058059254e+38,1.0,1e-15,1.2,42.0,0.8,exhaustive_selection_config,"[[0, 0.1, 0.2, 0.3, 0.4, 0.5, 0.6, 0.7, 0.8, 0.9, 1]]","['nap', 'rtp']",206503505805925416411570256798916015644_eps8_s8,Helpdesk,WEIGHTED_PROBS_LEN
20.128134170547128,15.171933391317726,17.8,0.9082629155670586,0.10225515812635418,0.0,5.352357821911573,0.9197982465106407,0.45398132503032673,0.9082629155670586,12817.0,0.9672442975570901,0.5021728135473282,0.0005393227749075399,1.0,17564.76119386628,17.133971196040513,0.9082605209310433,0.8942520798792877,0.9082371111252632,0.8549661441296132,0.8892910851946283,21.0,5.0,0.8,19.0,12.0,1.0,,2.065035058059254e+38,1.0,1e-15,1.2,42.0,0.9,exhaustive_selection_config,"[[0, 0.1, 0.2, 0.3, 0.4, 0.5, 0.6, 0.7, 0.8, 0.9, 1]]","['nap', 'rtp']",206503505805925416411570256798916015644_eps8_s9,Helpdesk,WEIGHTED_PROBS_LEN
20.128134170547128,14.89813472367823,17.8,0.41425843237557813,0.1027086533606052,0.0,5.509857296198606,0.7325012579165636,0.45398132503032673,0.4143916197501448,12817.0,0.8390612096123627,0.22126174506495025,0.0005393227749075399,1.0,17936.438532468677,16.612228409573436,0.42088868873859003,0.548000100188439,0.4534388926023333,0.18743562995772217,0.6526568711610683,21.0,5.0,0.8,21.0,12.0,1.0,,2.065035058059254e+38,1.0,1e-15,1.2,42.0,0.0,exhaustive_selection_config,"[[0, 0.1, 0.2, 0.3, 0.4, 0.5, 0.6, 0.7, 0.8, 0.9, 1]]","['nap', 'rtp']",206503505805925416411570256798916015644_eps9_s0,Helpdesk,WEIGHTED_PROBS_LEN
20.128134170547128,14.226922461763024,17.8,0.9108814284081517,0.10292366929352278,0.0,5.4054329883307215,0.9217460860443755,0.45398132503032673,0.9108814284081517,12817.0,0.9681161064796765,0.49833800992991567,0.0005393227749075399,1.0,18115.3663284678,15.062638089060783,0.9108790337721364,0.8970760765157143,0.9108556239663562,0.858977692062842,0.8917652005009155,21.0,5.0,0.8,21.0,12.0,1.0,,2.065035058059254e+38,1.0,1e-15,1.2,42.0,0.1,exhaustive_selection_config,"[[0, 0.1, 0.2, 0.3, 0.4, 0.5, 0.6, 0.7, 0.8, 0.9, 1]]","['nap', 'rtp']",206503505805925416411570256798916015644_eps9_s1,Helpdesk,WEIGHTED_PROBS_LEN
20.128134170547128,13.78721975237131,17.8,0.609605176603851,0.10291096828877924,0.0,5.551972883567214,0.7772867303137558,0.45398132503032673,0.609605176603851,12817.0,0.884542625594011,0.36234499314793256,0.0005393227749075399,1.0,19718.37693949975,16.185873691365124,0.6095324287033892,0.6020534708448294,0.6092411104874053,0.47141725365441917,0.6885575528571005,21.0,5.0,0.8,21.0,12.0,1.0,,2.065035058059254e+38,1.0,1e-15,1.2,42.0,1.0,exhaustive_selection_config,"[[0, 0.1, 0.2, 0.3, 0.4, 0.5, 0.6, 0.7, 0.8, 0.9, 1]]","['nap', 'rtp']",206503505805925416411570256798916015644_eps9_s10,Helpdesk,WEIGHTED_PROBS_LEN
20.128134170547128,13.995914078131317,17.8,0.9099616817521392,0.1007372986525297,0.0,5.394525408372283,0.9211031463959527,0.45398132503032673,0.9099616817521392,12817.0,0.9678007054814515,0.504535619374914,0.0005393227749075399,1.0,18290.021989151464,14.99490153156221,0.9099592871161238,0.8960212736242763,0.9099358773103438,0.8573569999641407,0.89099775090412,21.0,5.0,0.8,21.0,12.0,1.0,,2.065035058059254e+38,1.0,1e-15,1.2,42.0,0.2,exhaustive_selection_config,"[[0, 0.1, 0.2, 0.3, 0.4, 0.5, 0.6, 0.7, 0.8, 0.9, 1]]","['nap', 'rtp']",206503505805925416411570256798916015644_eps9_s2,Helpdesk,WEIGHTED_PROBS_LEN
20.128134170547128,14.816772870346904,17.8,0.9095699017411137,0.10160096250474446,0.0,5.351455816626549,0.9207618664223652,0.45398132503032673,0.9095699017411137,12817.0,0.967621087991677,0.504216502250585,0.0005393227749075399,1.0,18471.182950351016,16.559470281004906,0.9095675071050984,0.8956294936132506,0.9095440972993183,0.8566617667113643,0.8905551942894855,21.0,5.0,0.8,21.0,12.0,1.0,,2.065035058059254e+38,1.0,1e-15,1.2,42.0,0.3,exhaustive_selection_config,"[[0, 0.1, 0.2, 0.3, 0.4, 0.5, 0.6, 0.7, 0.8, 0.9, 1]]","['nap', 'rtp']",206503505805925416411570256798916015644_eps9_s3,Helpdesk,WEIGHTED_PROBS_LEN
20.128134170547128,15.66630423143506,17.8,0.9083350177029391,0.10329976901412008,0.0,5.426569537073374,0.9198666978848322,0.45398132503032673,0.9083350177029391,12817.0,0.9672972538754692,0.5022701246979212,0.0005393227749075399,1.0,18659.680758897215,16.498046826571226,0.9083326230669237,0.8943354887707388,0.9083092132611437,0.8551589751496754,0.8893540652322072,21.0,5.0,0.8,21.0,12.0,1.0,,2.065035058059254e+38,1.0,1e-15,1.2,42.0,0.4,exhaustive_selection_config,"[[0, 0.1, 0.2, 0.3, 0.4, 0.5, 0.6, 0.7, 0.8, 0.9, 1]]","['nap', 'rtp']",206503505805925416411570256798916015644_eps9_s4,Helpdesk,WEIGHTED_PROBS_LEN
20.128134170547128,14.69661321491003,17.8,0.9083290954530889,0.10344647429883473,0.0,5.3626225426793095,0.9198337174531381,0.45398132503032673,0.9083290954530889,12817.0,0.9672626428997347,0.5022147255321601,0.0005393227749075399,1.0,18846.24005896822,15.840751956775785,0.9083267008170737,0.8943247486369034,0.9083032910112936,0.8550433915353699,0.8893278194949261,21.0,5.0,0.8,21.0,12.0,1.0,,2.065035058059254e+38,1.0,1e-15,1.2,42.0,0.5,exhaustive_selection_config,"[[0, 0.1, 0.2, 0.3, 0.4, 0.5, 0.6, 0.7, 0.8, 0.9, 1]]","['nap', 'rtp']",206503505805925416411570256798916015644_eps9_s5,Helpdesk,WEIGHTED_PROBS_LEN
20.128134170547128,13.511466102674603,17.8,0.9083290954530889,0.1018395289778709,0.0,5.557853046432138,0.9198337174531381,0.45398132503032673,0.9083290954530889,12817.0,0.9672626428997347,0.5022147255321601,0.0005393227749075399,1.0,19021.89636499584,15.433365672454238,0.9083267008170737,0.8943247486369034,0.9083032910112936,0.8550433915353699,0.8893278194949261,21.0,5.0,0.8,21.0,12.0,1.0,,2.065035058059254e+38,1.0,1e-15,1.2,42.0,0.6,exhaustive_selection_config,"[[0, 0.1, 0.2, 0.3, 0.4, 0.5, 0.6, 0.7, 0.8, 0.9, 1]]","['nap', 'rtp']",206503505805925416411570256798916015644_eps9_s6,Helpdesk,WEIGHTED_PROBS_LEN
20.128134170547128,13.428790563717484,17.8,0.9082889147372978,0.10453013740479944,0.0,5.698062273487449,0.9197938211199617,0.45398132503032673,0.9082889147372978,12817.0,0.9672420848617506,0.5021728135473282,0.0005393227749075399,1.0,19197.2812256217,15.477031309902667,0.9082865201012826,0.894278079049527,0.9082631102955026,0.8549661441296132,0.8892941276507201,21.0,5.0,0.8,21.0,12.0,1.0,,2.065035058059254e+38,1.0,1e-15,1.2,42.0,0.7,exhaustive_selection_config,"[[0, 0.1, 0.2, 0.3, 0.4, 0.5, 0.6, 0.7, 0.8, 0.9, 1]]","['nap', 'rtp']",206503505805925416411570256798916015644_eps9_s7,Helpdesk,WEIGHTED_PROBS_LEN
20.128134170547128,13.16236276179552,17.8,0.9082753619783432,0.10684914253652092,0.0,5.561188307031989,0.9197899489031174,0.45398132503032673,0.9082753619783432,12817.0,0.9672401487533285,0.5021728135473282,0.0005393227749075399,1.0,19371.065202913807,15.349458771571516,0.908272967342328,0.8942645262905724,0.9082495575365481,0.8549661441296132,0.8892883193254539,21.0,5.0,0.8,21.0,12.0,1.0,,2.065035058059254e+38,1.0,1e-15,1.2,42.0,0.8,exhaustive_selection_config,"[[0, 0.1, 0.2, 0.3, 0.4, 0.5, 0.6, 0.7, 0.8, 0.9, 1]]","['nap', 'rtp']",206503505805925416411570256798916015644_eps9_s8,Helpdesk,WEIGHTED_PROBS_LEN
20.128134170547128,13.086648518592119,17.8,0.9082629155670586,0.1036759719252586,0.0,5.490406603738665,0.9197982465106407,0.45398132503032673,0.9082629155670586,12817.0,0.9672442975570901,0.5021728135473282,0.0005393227749075399,1.0,19542.543029180542,15.141652182489633,0.9082605209310433,0.8942520798792877,0.9082371111252632,0.8549661441296132,0.8892910851946283,21.0,5.0,0.8,21.0,12.0,1.0,,2.065035058059254e+38,1.0,1e-15,1.2,42.0,0.9,exhaustive_selection_config,"[[0, 0.1, 0.2, 0.3, 0.4, 0.5, 0.6, 0.7, 0.8, 0.9, 1]]","['nap', 'rtp']",206503505805925416411570256798916015644_eps9_s9,Helpdesk,WEIGHTED_PROBS_LEN
241.3157489150762,57.642518882453444,52.6,0.3133238787087574,0.13931498788297172,0.0,17.46375440582633,0.9569554875374766,4.01700722053647,0.47406427080672026,122210.2,0.9818842338851519,0.7267929901979567,0.00023675338665765086,1.0,617.5390925277025,49.76424175649881,0.5668628438750766,0.860517357680927,0.6957936357006375,0.7837052026804839,0.9278284409400006,21.0,5.0,0.8,3.0,12.0,1.0,,2.5233656069354052e+38,1.0,1e-15,1.2,42.0,0.0,exhaustive_selection_config,"[[0, 0.1, 0.2, 0.3, 0.4, 0.5, 0.6, 0.7, 0.8, 0.9, 1]]","['nap', 'rtp']",252336560693540533935881068298825202077_eps0_s0,Nasa,WEIGHTED_PROBS_LEN
241.3157489150762,64.98123303167522,52.6,0.47378166594079063,0.13681875281035896,0.0,16.837272761017083,0.9646215817664334,4.01700722053647,0.5290622285781446,122210.2,0.9861043137558545,0.7770968378519691,0.00023675338665765086,1.0,1266.3412146199494,50.238083901256324,0.5967402775915894,0.8715802119907632,0.7104802518516118,0.8689723056461187,0.9376925041372182,21.0,5.0,0.8,3.0,12.0,1.0,,2.5233656069354052e+38,1.0,1e-15,1.2,42.0,0.1,exhaustive_selection_config,"[[0, 0.1, 0.2, 0.3, 0.4, 0.5, 0.6, 0.7, 0.8, 0.9, 1]]","['nap', 'rtp']",252336560693540533935881068298825202077_eps0_s1,Nasa,WEIGHTED_PROBS_LEN
241.3157489150762,67.86603902541101,52.6,0.47378166594079063,0.14634577520191666,0.0,16.19509077630937,0.9646215817664334,4.01700722053647,0.5290622285781446,122210.2,0.9861043137558545,0.7770968378519691,0.00023675338665765086,1.0,7309.99713063389,53.251323483139274,0.5967402775915894,0.8715802119907632,0.7104802518516118,0.8689723056461187,0.9376925041372182,21.0,5.0,0.8,3.0,12.0,1.0,,2.5233656069354052e+38,1.0,1e-15,1.2,42.0,1.0,exhaustive_selection_config,"[[0, 0.1, 0.2, 0.3, 0.4, 0.5, 0.6, 0.7, 0.8, 0.9, 1]]","['nap', 'rtp']",252336560693540533935881068298825202077_eps0_s10,Nasa,WEIGHTED_PROBS_LEN
241.3157489150762,64.50161811299623,52.6,0.47378166594079063,0.13614889010787007,0.0,16.863732697442174,0.9646215817664334,4.01700722053647,0.5290622285781446,122210.2,0.9861043137558545,0.7770968378519691,0.00023675338665765086,1.0,1929.1016886148602,50.19350534416735,0.5967402775915894,0.8715802119907632,0.7104802518516118,0.8689723056461187,0.9376925041372182,21.0,5.0,0.8,3.0,12.0,1.0,,2.5233656069354052e+38,1.0,1e-15,1.2,42.0,0.2,exhaustive_selection_config,"[[0, 0.1, 0.2, 0.3, 0.4, 0.5, 0.6, 0.7, 0.8, 0.9, 1]]","['nap', 'rtp']",252336560693540533935881068298825202077_eps0_s2,Nasa,WEIGHTED_PROBS_LEN
241.3157489150762,64.60452530309558,52.6,0.47378166594079063,0.1386512283235788,0.0,16.881866565719246,0.9646215817664334,4.01700722053647,0.5290622285781446,122210.2,0.9861043137558545,0.7770968378519691,0.00023675338665765086,1.0,2588.657723558694,50.089587818458675,0.5967402775915894,0.8715802119907632,0.7104802518516118,0.8689723056461187,0.9376925041372182,21.0,5.0,0.8,3.0,12.0,1.0,,2.5233656069354052e+38,1.0,1e-15,1.2,42.0,0.3,exhaustive_selection_config,"[[0, 0.1, 0.2, 0.3, 0.4, 0.5, 0.6, 0.7, 0.8, 0.9, 1]]","['nap', 'rtp']",252336560693540533935881068298825202077_eps0_s3,Nasa,WEIGHTED_PROBS_LEN
241.3157489150762,64.26515818051993,52.6,0.47378166594079063,0.1365943487733602,0.0,16.823408111184836,0.9646215817664334,4.01700722053647,0.5290622285781446,122210.2,0.9861043137558545,0.7770968378519691,0.00023675338665765086,1.0,3248.7915751274677,50.318460231274365,0.5967402775915894,0.8715802119907632,0.7104802518516118,0.8689723056461187,0.9376925041372182,21.0,5.0,0.8,3.0,12.0,1.0,,2.5233656069354052e+38,1.0,1e-15,1.2,42.0,0.4,exhaustive_selection_config,"[[0, 0.1, 0.2, 0.3, 0.4, 0.5, 0.6, 0.7, 0.8, 0.9, 1]]","['nap', 'rtp']",252336560693540533935881068298825202077_eps0_s4,Nasa,WEIGHTED_PROBS_LEN
241.3157489150762,64.2109154343605,52.6,0.47378166594079063,0.13737948611378664,0.0,16.7800603069365,0.9646215817664334,4.01700722053647,0.5290622285781446,122210.2,0.9861043137558545,0.7770968378519691,0.00023675338665765086,1.0,3908.8434386193753,50.25463774651289,0.5967402775915894,0.8715802119907632,0.7104802518516118,0.8689723056461187,0.9376925041372182,21.0,5.0,0.8,3.0,12.0,1.0,,2.5233656069354052e+38,1.0,1e-15,1.2,42.0,0.5,exhaustive_selection_config,"[[0, 0.1, 0.2, 0.3, 0.4, 0.5, 0.6, 0.7, 0.8, 0.9, 1]]","['nap', 'rtp']",252336560693540533935881068298825202077_eps0_s5,Nasa,WEIGHTED_PROBS_LEN
241.3157489150762,64.79483186416329,52.6,0.47378166594079063,0.14058798886835572,0.0,16.855134556815027,0.9646215817664334,4.01700722053647,0.5290622285781446,122210.2,0.9861043137558545,0.7770968378519691,0.00023675338665765086,1.0,4567.956604845077,49.98242520391941,0.5967402775915894,0.8715802119907632,0.7104802518516118,0.8689723056461187,0.9376925041372182,21.0,5.0,0.8,3.0,12.0,1.0,,2.5233656069354052e+38,1.0,1e-15,1.2,42.0,0.6,exhaustive_selection_config,"[[0, 0.1, 0.2, 0.3, 0.4, 0.5, 0.6, 0.7, 0.8, 0.9, 1]]","['nap', 'rtp']",252336560693540533935881068298825202077_eps0_s6,Nasa,WEIGHTED_PROBS_LEN
241.3157489150762,64.85702742934227,52.6,0.47378166594079063,0.13695953264832492,0.0,16.532764834165572,0.9646215817664334,4.01700722053647,0.5290622285781446,122210.2,0.9861043137558545,0.7770968378519691,0.00023675338665765086,1.0,5229.82321950756,50.388727175444366,0.5967402775915894,0.8715802119907632,0.7104802518516118,0.8689723056461187,0.9376925041372182,21.0,5.0,0.8,3.0,12.0,1.0,,2.5233656069354052e+38,1.0,1e-15,1.2,42.0,0.7,exhaustive_selection_config,"[[0, 0.1, 0.2, 0.3, 0.4, 0.5, 0.6, 0.7, 0.8, 0.9, 1]]","['nap', 'rtp']",252336560693540533935881068298825202077_eps0_s7,Nasa,WEIGHTED_PROBS_LEN
241.3157489150762,70.15567000843585,52.6,0.47378166594079063,0.1384902376681566,0.0,16.22041686475277,0.9646215817664334,4.01700722053647,0.5290622285781446,122210.2,0.9861043137558545,0.7770968378519691,0.00023675338665765086,1.0,5900.882425766811,50.07543614283204,0.5967402775915894,0.8715802119907632,0.7104802518516118,0.8689723056461187,0.9376925041372182,21.0,5.0,0.8,3.0,12.0,1.0,,2.5233656069354052e+38,1.0,1e-15,1.2,42.0,0.8,exhaustive_selection_config,"[[0, 0.1, 0.2, 0.3, 0.4, 0.5, 0.6, 0.7, 0.8, 0.9, 1]]","['nap', 'rtp']",252336560693540533935881068298825202077_eps0_s8,Nasa,WEIGHTED_PROBS_LEN
241.3157489150762,72.00183111205698,52.6,0.47378166594079063,0.13742399923503396,0.0,16.167979489266873,0.9646215817664334,4.01700722053647,0.5290622285781446,122210.2,0.9861043137558545,0.7770968378519691,0.00023675338665765086,1.0,6599.848874376342,52.787309198454025,0.5967402775915894,0.8715802119907632,0.7104802518516118,0.8689723056461187,0.9376925041372182,21.0,5.0,0.8,3.0,12.0,1.0,,2.5233656069354052e+38,1.0,1e-15,1.2,42.0,0.9,exhaustive_selection_config,"[[0, 0.1, 0.2, 0.3, 0.4, 0.5, 0.6, 0.7, 0.8, 0.9, 1]]","['nap', 'rtp']",252336560693540533935881068298825202077_eps0_s9,Nasa,WEIGHTED_PROBS_LEN
241.3157489150762,57.44738173820078,52.6,0.3133238787087574,0.1405804645270109,0.0,17.15805013552308,0.9569554875374766,4.01700722053647,0.47406427080672026,122210.2,0.9818842338851519,0.7267929901979567,0.00023675338665765086,1.0,7952.09460102059,49.94592998959124,0.5668628438750766,0.860517357680927,0.6957936357006375,0.7837052026804839,0.9278284409400006,21.0,5.0,0.8,5.0,12.0,1.0,,2.5233656069354052e+38,1.0,1e-15,1.2,42.0,0.0,exhaustive_selection_config,"[[0, 0.1, 0.2, 0.3, 0.4, 0.5, 0.6, 0.7, 0.8, 0.9, 1]]","['nap', 'rtp']",252336560693540533935881068298825202077_eps1_s0,Nasa,WEIGHTED_PROBS_LEN
241.3157489150762,57.815740428492425,52.6,0.48423724878008095,0.1397200714796781,0.0,16.164133541658522,0.9714570806590258,4.01700722053647,0.5357166869116422,122210.2,0.9900304107604676,0.7935683869240737,0.00023675338665765086,1.0,8574.302907902374,49.54840378575027,0.6053294321636157,0.8817934070579602,0.720872958481394,0.8821415698612076,0.9461236423470725,21.0,5.0,0.8,5.0,12.0,1.0,,2.5233656069354052e+38,1.0,1e-15,1.2,42.0,0.1,exhaustive_selection_config,"[[0, 0.1, 0.2, 0.3, 0.4, 0.5, 0.6, 0.7, 0.8, 0.9, 1]]","['nap', 'rtp']",252336560693540533935881068298825202077_eps1_s1,Nasa,WEIGHTED_PROBS_LEN
241.3157489150762,63.514687173441054,52.6,0.40236047976077816,0.1371824726462364,0.0,16.5605252686888,0.968702563197415,4.01700722053647,0.4925772405189317,122210.2,0.9883906516865076,0.767447409059411,0.00023675338665765086,1.0,24379.991475741193,54.42162693031132,0.5755266046343126,0.8741836347556978,0.7027885361385859,0.834543880661192,0.9415177667911404,21.0,5.0,0.8,5.0,12.0,1.0,,2.5233656069354052e+38,1.0,1e-15,1.2,42.0,1.0,exhaustive_selection_config,"[[0, 0.1, 0.2, 0.3, 0.4, 0.5, 0.6, 0.7, 0.8, 0.9, 1]]","['nap', 'rtp']",252336560693540533935881068298825202077_eps1_s10,Nasa,WEIGHTED_PROBS_LEN
241.3157489150762,56.76881007738412,52.6,0.48488833980787016,0.13664103932678698,0.0,16.174202773347496,0.9713229834681725,4.01700722053647,0.5354724099817745,122210.2,0.9899061120867374,0.7927760174209952,0.00023675338665765086,1.0,9191.120680777356,49.71427369564772,0.6048827278062986,0.8813756104543782,0.7203047056065283,0.8817579714301914,0.9458916562386701,21.0,5.0,0.8,5.0,12.0,1.0,,2.5233656069354052e+38,1.0,1e-15,1.2,42.0,0.2,exhaustive_selection_config,"[[0, 0.1, 0.2, 0.3, 0.4, 0.5, 0.6, 0.7, 0.8, 0.9, 1]]","['nap', 'rtp']",252336560693540533935881068298825202077_eps1_s2,Nasa,WEIGHTED_PROBS_LEN
241.3157489150762,59.190610172599555,52.6,0.4849089537333967,79.6451071858406,0.0,199.50378264933823,0.9713419325464067,4.01700722053647,0.535493023907301,122210.2,0.9898972685383216,0.7926599365021643,0.00023675338665765086,1.0,10788.831426635383,52.66251857317984,0.6049033417318251,0.8813744926137229,0.7203344994251426,0.881652437749608,0.9459051870236757,21.0,5.0,0.8,5.0,12.0,1.0,,2.5233656069354052e+38,1.0,1e-15,1.2,42.0,0.3,exhaustive_selection_config,"[[0, 0.1, 0.2, 0.3, 0.4, 0.5, 0.6, 0.7, 0.8, 0.9, 1]]","['nap', 'rtp']",252336560693540533935881068298825202077_eps1_s3,Nasa,WEIGHTED_PROBS_LEN
241.3157489150762,60.99532428532839,52.6,0.4848832791663714,137.63498131930828,0.0,258.77613900862633,0.9713536330011987,4.01700722053647,0.5354673493402757,122210.2,0.9898996070367584,0.7926885406211575,0.00023675338665765086,1.0,15035.680539780855,54.44030140601099,0.6048801479798304,0.881371490375896,0.7203131446398408,0.8816656687631035,0.9459099116732294,21.0,5.0,0.8,5.0,12.0,1.0,,2.5233656069354052e+38,1.0,1e-15,1.2,42.0,0.4,exhaustive_selection_config,"[[0, 0.1, 0.2, 0.3, 0.4, 0.5, 0.6, 0.7, 0.8, 0.9, 1]]","['nap', 'rtp']",252336560693540533935881068298825202077_eps1_s4,Nasa,WEIGHTED_PROBS_LEN
241.3157489150762,60.90107473023236,52.6,0.4848585659661648,137.30281745642424,0.0,213.44439020194113,0.9713522580088082,4.01700722053647,0.535442636140069,122210.2,0.989891030197945,0.7926682236768259,0.00023675338665765086,1.0,19466.85989500992,54.69756160080433,0.604865793749541,0.8813442236993343,0.7203374345606441,0.8816392521734853,0.9458967592600924,21.0,5.0,0.8,5.0,12.0,1.0,,2.5233656069354052e+38,1.0,1e-15,1.2,42.0,0.5,exhaustive_selection_config,"[[0, 0.1, 0.2, 0.3, 0.4, 0.5, 0.6, 0.7, 0.8, 0.9, 1]]","['nap', 'rtp']",252336560693540533935881068298825202077_eps1_s5,Nasa,WEIGHTED_PROBS_LEN
241.3157489150762,57.616432913020255,52.6,0.4848526855157223,0.14679628610610956,0.0,67.17298671007157,0.971349317783587,4.01700722053647,0.5354367556896266,122210.2,0.9898895600853344,0.792659012180879,0.00023675338665765086,1.0,21657.629055017234,51.219679614529014,0.6048599132990985,0.8813412834741131,0.7203315541102018,0.8816260211599897,0.9458938190348712,21.0,5.0,0.8,5.0,12.0,1.0,,2.5233656069354052e+38,1.0,1e-15,1.2,42.0,0.6,exhaustive_selection_config,"[[0, 0.1, 0.2, 0.3, 0.4, 0.5, 0.6, 0.7, 0.8, 0.9, 1]]","['nap', 'rtp']",252336560693540533935881068298825202077_eps1_s6,Nasa,WEIGHTED_PROBS_LEN
241.3157489150762,57.11464548148215,52.6,0.484845766885108,0.1400354597717523,0.0,16.173495461791752,0.9713543495149428,4.01700722053647,0.5354298370590123,122210.2,0.9898920759510123,0.7926711569464849,0.00023675338665765086,1.0,22455.71991712004,49.473281069472435,0.6048529946684842,0.8813406545076937,0.7203246354795874,0.8816392294547988,0.9458969638669685,21.0,5.0,0.8,5.0,12.0,1.0,,2.5233656069354052e+38,1.0,1e-15,1.2,42.0,0.7,exhaustive_selection_config,"[[0, 0.1, 0.2, 0.3, 0.4, 0.5, 0.6, 0.7, 0.8, 0.9, 1]]","['nap', 'rtp']",252336560693540533935881068298825202077_eps1_s7,Nasa,WEIGHTED_PROBS_LEN
241.3157489150762,57.77324718236923,52.6,0.4848516762744711,0.1430249199271202,0.0,16.234658297896384,0.9713559910119882,4.01700722053647,0.5354357464483754,122210.2,0.9898920759510123,0.7926711569464849,0.00023675338665765086,1.0,23076.95954669304,50.306693724915384,0.6048589040578473,0.881348205394102,0.7203305448689505,0.8816392294547988,0.9459002468610592,21.0,5.0,0.8,5.0,12.0,1.0,,2.5233656069354052e+38,1.0,1e-15,1.2,42.0,0.8,exhaustive_selection_config,"[[0, 0.1, 0.2, 0.3, 0.4, 0.5, 0.6, 0.7, 0.8, 0.9, 1]]","['nap', 'rtp']",252336560693540533935881068298825202077_eps1_s8,Nasa,WEIGHTED_PROBS_LEN
241.3157489150762,63.29886982999742,52.6,0.4848399153735861,0.1374244015663862,0.0,16.230969918891788,0.9713530507867668,4.01700722053647,0.5354239855474904,122210.2,0.9898906058384018,0.7926652277077145,0.00023675338665765086,1.0,23713.126214439053,50.0421873960644,0.6048471431569623,0.881340854831049,0.7203187839680655,0.8816259984413032,0.9458958365232272,21.0,5.0,0.8,5.0,12.0,1.0,,2.5233656069354052e+38,1.0,1e-15,1.2,42.0,0.9,exhaustive_selection_config,"[[0, 0.1, 0.2, 0.3, 0.4, 0.5, 0.6, 0.7, 0.8, 0.9, 1]]","['nap', 'rtp']",252336560693540533935881068298825202077_eps1_s9,Nasa,WEIGHTED_PROBS_LEN
241.3157489150762,63.54238802418113,52.6,0.3133238787087574,0.14982744529843325,0.0,17.18827409595251,0.9569554875374766,4.01700722053647,0.47406427080672026,122210.2,0.9818842338851519,0.7267929901979567,0.00023675338665765086,1.0,25052.864299623296,49.68986703790724,0.5668628438750766,0.860517357680927,0.6957936357006375,0.7837052026804839,0.9278284409400006,21.0,5.0,0.8,7.0,12.0,1.0,,2.5233656069354052e+38,1.0,1e-15,1.2,42.0,0.0,exhaustive_selection_config,"[[0, 0.1, 0.2, 0.3, 0.4, 0.5, 0.6, 0.7, 0.8, 0.9, 1]]","['nap', 'rtp']",252336560693540533935881068298825202077_eps2_s0,Nasa,WEIGHTED_PROBS_LEN
241.3157489150762,53.64407372623682,52.6,0.4949275120763389,0.14055570140480994,0.0,16.329405210539697,0.969992500703893,4.01700722053647,0.5444944287100535,122210.2,0.9890240359094247,0.7831727936828852,0.00023675338665765086,1.0,25670.137854329125,50.20103204883635,0.6120618833651565,0.8838371297991019,0.7250630337037401,0.870775272844396,0.9455205740329479,21.0,5.0,0.8,7.0,12.0,1.0,,2.5233656069354052e+38,1.0,1e-15,1.2,42.0,0.1,exhaustive_selection_config,"[[0, 0.1, 0.2, 0.3, 0.4, 0.5, 0.6, 0.7, 0.8, 0.9, 1]]","['nap', 'rtp']",252336560693540533935881068298825202077_eps2_s1,Nasa,WEIGHTED_PROBS_LEN
241.3157489150762,53.465325778722764,52.6,0.36470619435359913,0.1354746256023645,0.0,17.129045291617512,0.9706567886961812,4.01700722053647,0.5240483441035689,122210.2,0.9893412977482539,0.7619378581129592,0.00023675338665765086,1.0,31073.094312506542,50.200552210584284,0.615420442469395,0.8893615369372586,0.7400314677583993,0.8201396581908444,0.9473096929203985,21.0,5.0,0.8,7.0,12.0,1.0,,2.5233656069354052e+38,1.0,1e-15,1.2,42.0,1.0,exhaustive_selection_config,"[[0, 0.1, 0.2, 0.3, 0.4, 0.5, 0.6, 0.7, 0.8, 0.9, 1]]","['nap', 'rtp']",252336560693540533935881068298825202077_eps2_s10,Nasa,WEIGHTED_PROBS_LEN
241.3157489150762,53.17938958331943,52.6,0.49513153501991625,0.13863581642508502,0.0,16.313142658770083,0.9701368325229567,4.01700722053647,0.54465256626145,122210.2,0.989027492233326,0.7836471728039769,0.00023675338665765086,1.0,26273.550040204824,50.10222605913877,0.6121803498090681,0.8839312962979277,0.7250757710828306,0.8709069365366343,0.9456433845315256,21.0,5.0,0.8,7.0,12.0,1.0,,2.5233656069354052e+38,1.0,1e-15,1.2,42.0,0.2,exhaustive_selection_config,"[[0, 0.1, 0.2, 0.3, 0.4, 0.5, 0.6, 0.7, 0.8, 0.9, 1]]","['nap', 'rtp']",252336560693540533935881068298825202077_eps2_s2,Nasa,WEIGHTED_PROBS_LEN
241.3157489150762,53.118695228546855,52.6,0.4953341222226003,0.14040600992739197,0.0,16.366023902967573,0.9701871900850287,4.01700722053647,0.5448569309779282,122210.2,0.9890289598216382,0.7836471728039769,0.00023675338665765086,1.0,26871.075161724166,49.422703167796136,0.6123833630937859,0.8840225862785711,0.7251970472552177,0.8709069365366343,0.9457122430808752,21.0,5.0,0.8,7.0,12.0,1.0,,2.5233656069354052e+38,1.0,1e-15,1.2,42.0,0.3,exhaustive_selection_config,"[[0, 0.1, 0.2, 0.3, 0.4, 0.5, 0.6, 0.7, 0.8, 0.9, 1]]","['nap', 'rtp']",252336560693540533935881068298825202077_eps2_s3,Nasa,WEIGHTED_PROBS_LEN
241.3157489150762,53.33541193343699,52.6,0.49535004060193266,0.14247249625623223,0.0,16.339030606299637,0.970287939455738,4.01700722053647,0.5449638499765949,122210.2,0.9890992930023463,0.7870455390802797,0.00023675338665765086,1.0,27470.20492219478,50.043532617762686,0.6126194309895447,0.8842316964513426,0.7254707134449992,0.8716814971097788,0.9458515931902829,21.0,5.0,0.8,7.0,12.0,1.0,,2.5233656069354052e+38,1.0,1e-15,1.2,42.0,0.4,exhaustive_selection_config,"[[0, 0.1, 0.2, 0.3, 0.4, 0.5, 0.6, 0.7, 0.8, 0.9, 1]]","['nap', 'rtp']",252336560693540533935881068298825202077_eps2_s4,Nasa,WEIGHTED_PROBS_LEN
241.3157489150762,53.17265663482249,52.6,0.495562280870644,0.14087627641856665,0.0,16.377138685435057,0.970287939455738,4.01700722053647,0.5451754601970445,122210.2,0.9890992930023463,0.7870455390802797,0.00023675338665765086,1.0,28072.762350355835,49.95562703758478,0.6127844923196009,0.8842781157823196,0.7255588385709715,0.8716814971097788,0.9458670663006087,21.0,5.0,0.8,7.0,12.0,1.0,,2.5233656069354052e+38,1.0,1e-15,1.2,42.0,0.5,exhaustive_selection_config,"[[0, 0.1, 0.2, 0.3, 0.4, 0.5, 0.6, 0.7, 0.8, 0.9, 1]]","['nap', 'rtp']",252336560693540533935881068298825202077_eps2_s5,Nasa,WEIGHTED_PROBS_LEN
241.3157489150762,53.24474577382207,52.6,0.495562280870644,0.13836934752762317,0.0,16.397654017433524,0.970287939455738,4.01700722053647,0.5451754601970445,122210.2,0.9890992930023463,0.7870455390802797,0.00023675338665765086,1.0,28670.305654171483,49.53890338353813,0.6127844923196009,0.8842781157823196,0.7255588385709715,0.8716814971097788,0.9458670663006087,21.0,5.0,0.8,7.0,12.0,1.0,,2.5233656069354052e+38,1.0,1e-15,1.2,42.0,0.6,exhaustive_selection_config,"[[0, 0.1, 0.2, 0.3, 0.4, 0.5, 0.6, 0.7, 0.8, 0.9, 1]]","['nap', 'rtp']",252336560693540533935881068298825202077_eps2_s6,Nasa,WEIGHTED_PROBS_LEN
241.3157489150762,53.00744970738888,52.6,0.495587783238828,0.1386559478938579,0.0,16.23391965068877,0.9702937734490359,4.01700722053647,0.5452088288728939,122210.2,0.9891016461764076,0.7870455390802797,0.00023675338665765086,1.0,29270.27346280329,50.11062474437058,0.6128242820920079,0.8843214173014345,0.725613679254548,0.8716814971097788,0.9458834556771499,21.0,5.0,0.8,7.0,12.0,1.0,,2.5233656069354052e+38,1.0,1e-15,1.2,42.0,0.7,exhaustive_selection_config,"[[0, 0.1, 0.2, 0.3, 0.4, 0.5, 0.6, 0.7, 0.8, 0.9, 1]]","['nap', 'rtp']",252336560693540533935881068298825202077_eps2_s7,Nasa,WEIGHTED_PROBS_LEN
241.3157489150762,53.323443892225626,52.6,0.495587783238828,0.13861185498535628,0.0,16.32650182545185,0.9702937734490359,4.01700722053647,0.5452088288728939,122210.2,0.9891016461764076,0.7870455390802797,0.00023675338665765086,1.0,29870.963287635892,50.09572085030377,0.6128242820920079,0.8843214173014345,0.725613679254548,0.8716814971097788,0.9458834556771499,21.0,5.0,0.8,7.0,12.0,1.0,,2.5233656069354052e+38,1.0,1e-15,1.2,42.0,0.8,exhaustive_selection_config,"[[0, 0.1, 0.2, 0.3, 0.4, 0.5, 0.6, 0.7, 0.8, 0.9, 1]]","['nap', 'rtp']",252336560693540533935881068298825202077_eps2_s8,Nasa,WEIGHTED_PROBS_LEN
241.3157489150762,53.49556639716029,52.6,0.495587783238828,0.15943236127495758,0.0,16.359251115471125,0.9702937734490359,4.01700722053647,0.5452088288728939,122210.2,0.9891016461764076,0.7870455390802797,0.00023675338665765086,1.0,30470.55239381455,49.227535927668214,0.6128242820920079,0.8843214173014345,0.725613679254548,0.8716814971097788,0.9458834556771499,21.0,5.0,0.8,7.0,12.0,1.0,,2.5233656069354052e+38,1.0,1e-15,1.2,42.0,0.9,exhaustive_selection_config,"[[0, 0.1, 0.2, 0.3, 0.4, 0.5, 0.6, 0.7, 0.8, 0.9, 1]]","['nap', 'rtp']",252336560693540533935881068298825202077_eps2_s9,Nasa,WEIGHTED_PROBS_LEN
241.3157489150762,64.57209631539881,52.6,0.3133238787087574,0.13761549703776832,0.0,17.19002344943583,0.9569554875374766,4.01700722053647,0.47406427080672026,122210.2,0.9818842338851519,0.7267929901979567,0.00023675338665765086,1.0,31709.15399039462,50.25584174022079,0.5668628438750766,0.860517357680927,0.6957936357006375,0.7837052026804839,0.9278284409400006,21.0,5.0,0.8,9.0,12.0,1.0,,2.5233656069354052e+38,1.0,1e-15,1.2,42.0,0.0,exhaustive_selection_config,"[[0, 0.1, 0.2, 0.3, 0.4, 0.5, 0.6, 0.7, 0.8, 0.9, 1]]","['nap', 'rtp']",252336560693540533935881068298825202077_eps3_s0,Nasa,WEIGHTED_PROBS_LEN
241.3157489150762,61.30961372330785,52.6,0.4927801755919054,0.13410657644271845,0.0,16.289543917402625,0.9722132675836054,4.01700722053647,0.5431354602747561,122210.2,0.9904013430434778,0.804258873166819,0.00023675338665765086,1.0,32372.286082986742,54.2197650142014,0.6113789949017162,0.8851574886462451,0.7256772534524538,0.8849585508390876,0.9475854105890015,21.0,5.0,0.8,9.0,12.0,1.0,,2.5233656069354052e+38,1.0,1e-15,1.2,42.0,0.1,exhaustive_selection_config,"[[0, 0.1, 0.2, 0.3, 0.4, 0.5, 0.6, 0.7, 0.8, 0.9, 1]]","['nap', 'rtp']",252336560693540533935881068298825202077_eps3_s1,Nasa,WEIGHTED_PROBS_LEN
241.3157489150762,49.60659863948822,52.6,0.3933154298513692,0.13800205215811726,0.0,16.827007408067583,0.9690200320244369,4.01700722053647,0.48176431167938966,122210.2,0.9895452526252828,0.7796076953332293,0.00023675338665765086,1.0,37780.382450254634,49.4504797834903,0.5677239222908935,0.8735094072012959,0.6999940707704573,0.8333702005844537,0.9414727103286433,21.0,5.0,0.8,9.0,12.0,1.0,,2.5233656069354052e+38,1.0,1e-15,1.2,42.0,1.0,exhaustive_selection_config,"[[0, 0.1, 0.2, 0.3, 0.4, 0.5, 0.6, 0.7, 0.8, 0.9, 1]]","['nap', 'rtp']",252336560693540533935881068298825202077_eps3_s10,Nasa,WEIGHTED_PROBS_LEN
241.3157489150762,55.86358746364713,52.6,0.4928179724993426,0.13420462645590303,0.0,16.314634412899615,0.9722305137180621,4.01700722053647,0.5431732571821934,122210.2,0.9904138017938632,0.8045756033777393,0.00023675338665765086,1.0,33027.71277354397,52.982784158736465,0.6114138907273681,0.8851859546318763,0.7257039396317545,0.885011384018324,0.947602905486503,21.0,5.0,0.8,9.0,12.0,1.0,,2.5233656069354052e+38,1.0,1e-15,1.2,42.0,0.2,exhaustive_selection_config,"[[0, 0.1, 0.2, 0.3, 0.4, 0.5, 0.6, 0.7, 0.8, 0.9, 1]]","['nap', 'rtp']",252336560693540533935881068298825202077_eps3_s2,Nasa,WEIGHTED_PROBS_LEN
241.3157489150762,52.08360410742462,52.6,0.49271800191531856,0.13750638887286185,0.0,16.503509728983044,0.9722261266776607,4.01700722053647,0.5430758128239127,122210.2,0.9904142762817344,0.8045077064301337,0.00023675338665765086,1.0,33627.66692120805,49.91309729926288,0.6113018037733218,0.8851358432200529,0.7255899114988568,0.8849590498048532,0.9475923874949238,21.0,5.0,0.8,9.0,12.0,1.0,,2.5233656069354052e+38,1.0,1e-15,1.2,42.0,0.3,exhaustive_selection_config,"[[0, 0.1, 0.2, 0.3, 0.4, 0.5, 0.6, 0.7, 0.8, 0.9, 1]]","['nap', 'rtp']",252336560693540533935881068298825202077_eps3_s3,Nasa,WEIGHTED_PROBS_LEN
241.3157489150762,52.19172261655331,52.6,0.49277087593047,0.13521142825484272,0.0,16.323118528351188,0.9722460660864588,4.01700722053647,0.5431265021927586,122210.2,0.9904172532597709,0.8046088186647141,0.00023675338665765086,1.0,34220.516062493625,49.62961486577988,0.6113418794021988,0.8851862070674045,0.7256374409328673,0.8849855118318445,0.9476292893344833,21.0,5.0,0.8,9.0,12.0,1.0,,2.5233656069354052e+38,1.0,1e-15,1.2,42.0,0.4,exhaustive_selection_config,"[[0, 0.1, 0.2, 0.3, 0.4, 0.5, 0.6, 0.7, 0.8, 0.9, 1]]","['nap', 'rtp']",252336560693540533935881068298825202077_eps3_s4,Nasa,WEIGHTED_PROBS_LEN
241.3157489150762,52.75433222576976,52.6,0.492619728642777,0.13552813008427617,0.0,16.313106276467444,0.9722458982814877,4.01700722053647,0.542974338882388,122210.2,0.9904157556703002,0.804590884689544,0.00023675338665765086,1.0,34816.18211680315,49.946761407703164,0.6111878998566183,0.8851079304591947,0.7254620966992885,0.884958977868694,0.9476034341431736,21.0,5.0,0.8,9.0,12.0,1.0,,2.5233656069354052e+38,1.0,1e-15,1.2,42.0,0.5,exhaustive_selection_config,"[[0, 0.1, 0.2, 0.3, 0.4, 0.5, 0.6, 0.7, 0.8, 0.9, 1]]","['nap', 'rtp']",252336560693540533935881068298825202077_eps3_s5,Nasa,WEIGHTED_PROBS_LEN
241.3157489150762,52.2773113951087,52.6,0.492619728642777,0.13731013759970662,0.0,16.25836454257369,0.9722458982814877,4.01700722053647,0.542974338882388,122210.2,0.9904157556703002,0.804590884689544,0.00023675338665765086,1.0,35413.05060750954,49.619146927818655,0.6111878998566183,0.8851079304591947,0.7254620966992885,0.884958977868694,0.9476034341431736,21.0,5.0,0.8,9.0,12.0,1.0,,2.5233656069354052e+38,1.0,1e-15,1.2,42.0,0.6,exhaustive_selection_config,"[[0, 0.1, 0.2, 0.3, 0.4, 0.5, 0.6, 0.7, 0.8, 0.9, 1]]","['nap', 'rtp']",252336560693540533935881068298825202077_eps3_s6,Nasa,WEIGHTED_PROBS_LEN
241.3157489150762,52.133454739674924,52.6,0.492619728642777,0.13583014123141762,0.0,16.222186413407325,0.9722458982814877,4.01700722053647,0.542974338882388,122210.2,0.9904157556703002,0.804590884689544,0.00023675338665765086,1.0,36005.04133743756,49.53147371821105,0.6111878998566183,0.8851079304591947,0.7254620966992885,0.884958977868694,0.9476034341431736,21.0,5.0,0.8,9.0,12.0,1.0,,2.5233656069354052e+38,1.0,1e-15,1.2,42.0,0.7,exhaustive_selection_config,"[[0, 0.1, 0.2, 0.3, 0.4, 0.5, 0.6, 0.7, 0.8, 0.9, 1]]","['nap', 'rtp']",252336560693540533935881068298825202077_eps3_s7,Nasa,WEIGHTED_PROBS_LEN
241.3157489150762,52.41877333521843,52.6,0.492619728642777,0.13457347713410853,0.0,16.169134740531444,0.9722458982814877,4.01700722053647,0.542974338882388,122210.2,0.9904157556703002,0.804590884689544,0.00023675338665765086,1.0,36598.24824446477,49.9583036005497,0.6111878998566183,0.8851079304591947,0.7254620966992885,0.884958977868694,0.9476034341431736,21.0,5.0,0.8,9.0,12.0,1.0,,2.5233656069354052e+38,1.0,1e-15,1.2,42.0,0.8,exhaustive_selection_config,"[[0, 0.1, 0.2, 0.3, 0.4, 0.5, 0.6, 0.7, 0.8, 0.9, 1]]","['nap', 'rtp']",252336560693540533935881068298825202077_eps3_s8,Nasa,WEIGHTED_PROBS_LEN
241.3157489150762,52.541432018205526,52.6,0.492619728642777,0.13548937737941738,0.0,16.18073377944529,0.9722458982814877,4.01700722053647,0.542974338882388,122210.2,0.9904157556703002,0.804590884689544,0.00023675338665765086,1.0,37194.85818850361,49.71398020647466,0.6111878998566183,0.8851079304591947,0.7254620966992885,0.884958977868694,0.9476034341431736,21.0,5.0,0.8,9.0,12.0,1.0,,2.5233656069354052e+38,1.0,1e-15,1.2,42.0,0.9,exhaustive_selection_config,"[[0, 0.1, 0.2, 0.3, 0.4, 0.5, 0.6, 0.7, 0.8, 0.9, 1]]","['nap', 'rtp']",252336560693540533935881068298825202077_eps3_s9,Nasa,WEIGHTED_PROBS_LEN
241.3157489150762,59.23606127426028,52.6,0.3133238787087574,0.13599054962396614,0.0,17.216838411614297,0.9569554875374766,4.01700722053647,0.47406427080672026,122210.2,0.9818842338851519,0.725829000197372,0.00023675338665765086,1.0,38394.20183691234,50.03322475329041,0.5668628438750766,0.860517357680927,0.6957936357006375,0.7829563916158103,0.9278284409400006,21.0,5.0,0.8,11.0,12.0,1.0,,2.5233656069354052e+38,1.0,1e-15,1.2,42.0,0.0,exhaustive_selection_config,"[[0, 0.1, 0.2, 0.3, 0.4, 0.5, 0.6, 0.7, 0.8, 0.9, 1]]","['nap', 'rtp']",252336560693540533935881068298825202077_eps4_s0,Nasa,WEIGHTED_PROBS_LEN
241.3157489150762,52.88393202312291,52.6,0.49374791350494956,0.13679483793675895,0.0,16.368741024658085,0.9726749590964966,4.01700722053647,0.5443661407687673,122210.2,0.9905484545235852,0.8055438639833543,0.00023675338665765086,1.0,39010.90488220342,50.36915052160621,0.6134664248738833,0.8860303836186951,0.7272959697560228,0.886337976846376,0.9482511297523656,21.0,5.0,0.8,11.0,12.0,1.0,,2.5233656069354052e+38,1.0,1e-15,1.2,42.0,0.1,exhaustive_selection_config,"[[0, 0.1, 0.2, 0.3, 0.4, 0.5, 0.6, 0.7, 0.8, 0.9, 1]]","['nap', 'rtp']",252336560693540533935881068298825202077_eps4_s1,Nasa,WEIGHTED_PROBS_LEN
241.3157489150762,46.77709512412548,52.6,0.4071738332240744,0.13743223212659356,0.0,16.624951687455177,0.9659643379925837,4.01700722053647,0.47030412313472764,122210.2,0.9882782480444037,0.7789866508494148,0.00023675338665765086,1.0,44363.31671361737,50.163775369152425,0.5504510277224852,0.8632924093547153,0.6803999772295477,0.8262722021367409,0.9365251576769016,21.0,5.0,0.8,11.0,12.0,1.0,,2.5233656069354052e+38,1.0,1e-15,1.2,42.0,1.0,exhaustive_selection_config,"[[0, 0.1, 0.2, 0.3, 0.4, 0.5, 0.6, 0.7, 0.8, 0.9, 1]]","['nap', 'rtp']",252336560693540533935881068298825202077_eps4_s10,Nasa,WEIGHTED_PROBS_LEN
241.3157489150762,53.27441317215562,52.6,0.49376411349755533,0.1465213365852832,0.0,16.233537312969567,0.9726749590964966,4.01700722053647,0.5443823407613732,122210.2,0.9905484545235852,0.8055438639833543,0.00023675338665765086,1.0,39608.82985560447,49.60554514825344,0.6134826248664892,0.8860342823721024,0.7273031622838603,0.886337976846376,0.9482530119091829,21.0,5.0,0.8,11.0,12.0,1.0,,2.5233656069354052e+38,1.0,1e-15,1.2,42.0,0.2,exhaustive_selection_config,"[[0, 0.1, 0.2, 0.3, 0.4, 0.5, 0.6, 0.7, 0.8, 0.9, 1]]","['nap', 'rtp']",252336560693540533935881068298825202077_eps4_s2,Nasa,WEIGHTED_PROBS_LEN
241.3157489150762,52.879255729168655,52.6,0.49376411349755533,0.13497072048485276,0.0,16.286379428952934,0.9726749590964966,4.01700722053647,0.5443823407613732,122210.2,0.9905484545235852,0.8055438639833543,0.00023675338665765086,1.0,40209.496768479046,50.31620804071427,0.6134826248664892,0.8860342823721024,0.7273031622838603,0.886337976846376,0.9482530119091829,21.0,5.0,0.8,11.0,12.0,1.0,,2.5233656069354052e+38,1.0,1e-15,1.2,42.0,0.3,exhaustive_selection_config,"[[0, 0.1, 0.2, 0.3, 0.4, 0.5, 0.6, 0.7, 0.8, 0.9, 1]]","['nap', 'rtp']",252336560693540533935881068298825202077_eps4_s3,Nasa,WEIGHTED_PROBS_LEN
241.3157489150762,52.390761407092214,52.6,0.4937479034475415,0.14230500198900697,0.0,16.346722131595016,0.9726798595952495,4.01700722053647,0.5443661307113594,122210.2,0.9905559792703539,0.8057954852177801,0.00023675338665765086,1.0,40808.04852254316,50.126201782748105,0.6134664148164753,0.8860327171242754,0.7272897662287813,0.8864034474184969,0.9482552881599201,21.0,5.0,0.8,11.0,12.0,1.0,,2.5233656069354052e+38,1.0,1e-15,1.2,42.0,0.4,exhaustive_selection_config,"[[0, 0.1, 0.2, 0.3, 0.4, 0.5, 0.6, 0.7, 0.8, 0.9, 1]]","['nap', 'rtp']",252336560693540533935881068298825202077_eps4_s4,Nasa,WEIGHTED_PROBS_LEN
241.3157489150762,52.17023652903735,52.6,0.4937479034475415,0.13598678484559054,0.0,16.347025340050457,0.9726798595952495,4.01700722053647,0.5443661307113594,122210.2,0.9905559792703539,0.8057954852177801,0.00023675338665765086,1.0,41402.429741379994,49.684431520476934,0.6134664148164753,0.8860327171242754,0.7272897662287813,0.8864034474184969,0.9482552881599201,21.0,5.0,0.8,11.0,12.0,1.0,,2.5233656069354052e+38,1.0,1e-15,1.2,42.0,0.5,exhaustive_selection_config,"[[0, 0.1, 0.2, 0.3, 0.4, 0.5, 0.6, 0.7, 0.8, 0.9, 1]]","['nap', 'rtp']",252336560693540533935881068298825202077_eps4_s5,Nasa,WEIGHTED_PROBS_LEN
241.3157489150762,52.717707350850105,52.6,0.4937479034475415,0.13847161754965778,0.0,16.176279423758388,0.9726798595952495,4.01700722053647,0.5443661307113594,122210.2,0.9905559792703539,0.8057954852177801,0.00023675338665765086,1.0,41997.93079631329,50.099779507517816,0.6134664148164753,0.8860327171242754,0.7272897662287813,0.8864034474184969,0.9482552881599201,21.0,5.0,0.8,11.0,12.0,1.0,,2.5233656069354052e+38,1.0,1e-15,1.2,42.0,0.6,exhaustive_selection_config,"[[0, 0.1, 0.2, 0.3, 0.4, 0.5, 0.6, 0.7, 0.8, 0.9, 1]]","['nap', 'rtp']",252336560693540533935881068298825202077_eps4_s6,Nasa,WEIGHTED_PROBS_LEN
241.3157489150762,52.36580288559198,52.6,0.4937479034475415,0.13591213300824162,0.0,16.23109512552619,0.9726798595952495,4.01700722053647,0.5443661307113594,122210.2,0.9905559792703539,0.8057954852177801,0.00023675338665765086,1.0,42595.33334979341,49.74700554087758,0.6134664148164753,0.8860327171242754,0.7272897662287813,0.8864034474184969,0.9482552881599201,21.0,5.0,0.8,11.0,12.0,1.0,,2.5233656069354052e+38,1.0,1e-15,1.2,42.0,0.7,exhaustive_selection_config,"[[0, 0.1, 0.2, 0.3, 0.4, 0.5, 0.6, 0.7, 0.8, 0.9, 1]]","['nap', 'rtp']",252336560693540533935881068298825202077_eps4_s7,Nasa,WEIGHTED_PROBS_LEN
241.3157489150762,52.208065475896,52.6,0.4937479034475415,0.13838257044553753,0.0,16.22213663160801,0.9726798595952495,4.01700722053647,0.5443661307113594,122210.2,0.9905559792703539,0.8057954852177801,0.00023675338665765086,1.0,43188.30108502135,49.59316054955125,0.6134664148164753,0.8860327171242754,0.7272897662287813,0.8864034474184969,0.9482552881599201,21.0,5.0,0.8,11.0,12.0,1.0,,2.5233656069354052e+38,1.0,1e-15,1.2,42.0,0.8,exhaustive_selection_config,"[[0, 0.1, 0.2, 0.3, 0.4, 0.5, 0.6, 0.7, 0.8, 0.9, 1]]","['nap', 'rtp']",252336560693540533935881068298825202077_eps4_s8,Nasa,WEIGHTED_PROBS_LEN
241.3157489150762,52.19610950537026,52.6,0.4937479034475415,0.13953398689627644,0.0,16.183236929774285,0.9726798595952495,4.01700722053647,0.5443661307113594,122210.2,0.9905559792703539,0.8057954852177801,0.00023675338665765086,1.0,43782.064933522044,50.213263942673805,0.6134664148164753,0.8860327171242754,0.7272897662287813,0.8864034474184969,0.9482552881599201,21.0,5.0,0.8,11.0,12.0,1.0,,2.5233656069354052e+38,1.0,1e-15,1.2,42.0,0.9,exhaustive_selection_config,"[[0, 0.1, 0.2, 0.3, 0.4, 0.5, 0.6, 0.7, 0.8, 0.9, 1]]","['nap', 'rtp']",252336560693540533935881068298825202077_eps4_s9,Nasa,WEIGHTED_PROBS_LEN
241.3157489150762,58.96002767793834,52.6,0.3133238787087574,0.1378289870917797,0.0,17.16726517267525,0.9569554875374766,4.01700722053647,0.47406427080672026,122210.2,0.9818842338851519,0.725829000197372,0.00023675338665765086,1.0,44970.28579072282,49.85040355026722,0.5668628438750766,0.860517357680927,0.6957936357006375,0.7829563916158103,0.9278284409400006,21.0,5.0,0.8,13.0,12.0,1.0,,2.5233656069354052e+38,1.0,1e-15,1.2,42.0,0.0,exhaustive_selection_config,"[[0, 0.1, 0.2, 0.3, 0.4, 0.5, 0.6, 0.7, 0.8, 0.9, 1]]","['nap', 'rtp']",252336560693540533935881068298825202077_eps5_s0,Nasa,WEIGHTED_PROBS_LEN
241.3157489150762,53.34292595461011,52.6,0.49426307523762725,0.1359901905059814,0.0,16.092638186737894,0.9727806837365355,4.01700722053647,0.5448309862152487,122210.2,0.990591626316667,0.8059907743850342,0.00023675338665765086,1.0,45583.15970840491,50.0452154815197,0.6140476297627251,0.8863083538556736,0.7278275340469087,0.8866401111935888,0.9484347606477901,21.0,5.0,0.8,13.0,12.0,1.0,,2.5233656069354052e+38,1.0,1e-15,1.2,42.0,0.1,exhaustive_selection_config,"[[0, 0.1, 0.2, 0.3, 0.4, 0.5, 0.6, 0.7, 0.8, 0.9, 1]]","['nap', 'rtp']",252336560693540533935881068298825202077_eps5_s1,Nasa,WEIGHTED_PROBS_LEN
241.3157489150762,48.50537538714707,52.6,0.4191450922920478,0.13924175724387164,0.0,16.559972574934363,0.9683090640926727,4.01700722053647,0.4761095847460835,122210.2,0.9896308984819363,0.7939534756445275,0.00023675338665765086,1.0,51093.00789092854,50.099253033474085,0.5531480987649963,0.8657600319095998,0.681573125493062,0.8550983470067287,0.9393678087742732,21.0,5.0,0.8,13.0,12.0,1.0,,2.5233656069354052e+38,1.0,1e-15,1.2,42.0,1.0,exhaustive_selection_config,"[[0, 0.1, 0.2, 0.3, 0.4, 0.5, 0.6, 0.7, 0.8, 0.9, 1]]","['nap', 'rtp']",252336560693540533935881068298825202077_eps5_s10,Nasa,WEIGHTED_PROBS_LEN
241.3157489150762,59.29480695202947,52.6,0.49426307523762725,0.13860932327806946,0.0,16.18169296383858,0.9727806837365355,4.01700722053647,0.5448309862152487,122210.2,0.990591626316667,0.8059907743850342,0.00023675338665765086,1.0,46197.62740432434,50.04792204387486,0.6140476297627251,0.8863083538556736,0.7278275340469087,0.8866401111935888,0.9484347606477901,21.0,5.0,0.8,13.0,12.0,1.0,,2.5233656069354052e+38,1.0,1e-15,1.2,42.0,0.2,exhaustive_selection_config,"[[0, 0.1, 0.2, 0.3, 0.4, 0.5, 0.6, 0.7, 0.8, 0.9, 1]]","['nap', 'rtp']",252336560693540533935881068298825202077_eps5_s2,Nasa,WEIGHTED_PROBS_LEN
241.3157489150762,62.28964136727154,52.6,0.49426307523762725,0.13632003143429755,0.0,16.15274030417204,0.9727806837365355,4.01700722053647,0.5448309862152487,122210.2,0.990591626316667,0.8059907743850342,0.00023675338665765086,1.0,46851.437201533096,54.5232874866575,0.6140476297627251,0.8863083538556736,0.7278275340469087,0.8866401111935888,0.9484347606477901,21.0,5.0,0.8,13.0,12.0,1.0,,2.5233656069354052e+38,1.0,1e-15,1.2,42.0,0.3,exhaustive_selection_config,"[[0, 0.1, 0.2, 0.3, 0.4, 0.5, 0.6, 0.7, 0.8, 0.9, 1]]","['nap', 'rtp']",252336560693540533935881068298825202077_eps5_s3,Nasa,WEIGHTED_PROBS_LEN
241.3157489150762,56.5855414967984,52.6,0.49426307523762725,0.1394825894385576,0.0,16.247636837884784,0.9727806837365355,4.01700722053647,0.5448309862152487,122210.2,0.990591626316667,0.8059907743850342,0.00023675338665765086,1.0,47510.690975629164,53.12292548045516,0.6140476297627251,0.8863083538556736,0.7278275340469087,0.8866401111935888,0.9484347606477901,21.0,5.0,0.8,13.0,12.0,1.0,,2.5233656069354052e+38,1.0,1e-15,1.2,42.0,0.4,exhaustive_selection_config,"[[0, 0.1, 0.2, 0.3, 0.4, 0.5, 0.6, 0.7, 0.8, 0.9, 1]]","['nap', 'rtp']",252336560693540533935881068298825202077_eps5_s4,Nasa,WEIGHTED_PROBS_LEN
241.3157489150762,52.871471451967956,52.6,0.49426307523762725,0.13538646586239336,0.0,16.154186987504364,0.9727806837365355,4.01700722053647,0.5448309862152487,122210.2,0.990591626316667,0.8059907743850342,0.00023675338665765086,1.0,48114.98316154815,50.323499416932464,0.6140476297627251,0.8863083538556736,0.7278275340469087,0.8866401111935888,0.9484347606477901,21.0,5.0,0.8,13.0,12.0,1.0,,2.5233656069354052e+38,1.0,1e-15,1.2,42.0,0.5,exhaustive_selection_config,"[[0, 0.1, 0.2, 0.3, 0.4, 0.5, 0.6, 0.7, 0.8, 0.9, 1]]","['nap', 'rtp']",252336560693540533935881068298825202077_eps5_s5,Nasa,WEIGHTED_PROBS_LEN
241.3157489150762,52.90585279949009,52.6,0.49426307523762725,0.13921421654522415,0.0,16.248616045713426,0.9727806837365355,4.01700722053647,0.5448309862152487,122210.2,0.990591626316667,0.8059907743850342,0.00023675338665765086,1.0,48712.002964745836,49.49910146258772,0.6140476297627251,0.8863083538556736,0.7278275340469087,0.8866401111935888,0.9484347606477901,21.0,5.0,0.8,13.0,12.0,1.0,,2.5233656069354052e+38,1.0,1e-15,1.2,42.0,0.6,exhaustive_selection_config,"[[0, 0.1, 0.2, 0.3, 0.4, 0.5, 0.6, 0.7, 0.8, 0.9, 1]]","['nap', 'rtp']",252336560693540533935881068298825202077_eps5_s6,Nasa,WEIGHTED_PROBS_LEN
241.3157489150762,53.039032259956,52.6,0.49426307523762725,0.14296562559902665,0.0,16.14161878786981,0.9727806837365355,4.01700722053647,0.5448309862152487,122210.2,0.990591626316667,0.8059907743850342,0.00023675338665765086,1.0,49309.72437863946,50.20206222347915,0.6140476297627251,0.8863083538556736,0.7278275340469087,0.8866401111935888,0.9484347606477901,21.0,5.0,0.8,13.0,12.0,1.0,,2.5233656069354052e+38,1.0,1e-15,1.2,42.0,0.7,exhaustive_selection_config,"[[0, 0.1, 0.2, 0.3, 0.4, 0.5, 0.6, 0.7, 0.8, 0.9, 1]]","['nap', 'rtp']",252336560693540533935881068298825202077_eps5_s7,Nasa,WEIGHTED_PROBS_LEN
241.3157489150762,52.91051443815231,52.6,0.49426307523762725,0.140735375136137,0.0,16.18787448182702,0.9727806837365355,4.01700722053647,0.5448309862152487,122210.2,0.990591626316667,0.8059907743850342,0.00023675338665765086,1.0,49909.91544041857,50.114664094522595,0.6140476297627251,0.8863083538556736,0.7278275340469087,0.8866401111935888,0.9484347606477901,21.0,5.0,0.8,13.0,12.0,1.0,,2.5233656069354052e+38,1.0,1e-15,1.2,42.0,0.8,exhaustive_selection_config,"[[0, 0.1, 0.2, 0.3, 0.4, 0.5, 0.6, 0.7, 0.8, 0.9, 1]]","['nap', 'rtp']",252336560693540533935881068298825202077_eps5_s8,Nasa,WEIGHTED_PROBS_LEN
241.3157489150762,52.88965514041483,52.6,0.49426307523762725,0.14025116860866543,0.0,16.13017601184547,0.9727806837365355,4.01700722053647,0.5448309862152487,122210.2,0.990591626316667,0.8059907743850342,0.00023675338665765086,1.0,50505.86215160713,49.47675703540445,0.6140476297627251,0.8863083538556736,0.7278275340469087,0.8866401111935888,0.9484347606477901,21.0,5.0,0.8,13.0,12.0,1.0,,2.5233656069354052e+38,1.0,1e-15,1.2,42.0,0.9,exhaustive_selection_config,"[[0, 0.1, 0.2, 0.3, 0.4, 0.5, 0.6, 0.7, 0.8, 0.9, 1]]","['nap', 'rtp']",252336560693540533935881068298825202077_eps5_s9,Nasa,WEIGHTED_PROBS_LEN
241.3157489150762,59.413159595057365,52.6,0.3133238787087574,0.14058354906737805,0.0,17.122952967509626,0.9569554875374766,4.01700722053647,0.47406427080672026,122210.2,0.9818842338851519,0.725829000197372,0.00023675338665765086,1.0,51705.50193913504,50.25252396352589,0.5668628438750766,0.860517357680927,0.6957936357006375,0.7829563916158103,0.9278284409400006,21.0,5.0,0.8,15.0,12.0,1.0,,2.5233656069354052e+38,1.0,1e-15,1.2,42.0,0.0,exhaustive_selection_config,"[[0, 0.1, 0.2, 0.3, 0.4, 0.5, 0.6, 0.7, 0.8, 0.9, 1]]","['nap', 'rtp']",252336560693540533935881068298825202077_eps6_s0,Nasa,WEIGHTED_PROBS_LEN
241.3157489150762,52.03390561453998,52.6,0.49391551292350755,0.14063870944082732,0.0,16.15128513239324,0.9727757412884767,4.01700722053647,0.5444812674755763,122210.2,0.9905923259853472,0.8060104380154144,0.00023675338665765086,1.0,52314.49894547798,49.57813718356192,0.6137268030663778,0.8862711633576132,0.7276268600992435,0.886653196352737,0.9484232706130943,21.0,5.0,0.8,15.0,12.0,1.0,,2.5233656069354052e+38,1.0,1e-15,1.2,42.0,0.1,exhaustive_selection_config,"[[0, 0.1, 0.2, 0.3, 0.4, 0.5, 0.6, 0.7, 0.8, 0.9, 1]]","['nap', 'rtp']",252336560693540533935881068298825202077_eps6_s1,Nasa,WEIGHTED_PROBS_LEN
241.3157489150762,46.98186840340495,52.6,0.4271376677554555,0.13808013610541817,0.0,16.539393747225404,0.9693246582805776,4.01700722053647,0.4798641548749993,122210.2,0.9894329407921495,0.793880705027492,0.00023675338665765086,1.0,57682.36881900094,50.04657908119261,0.5543175956125859,0.8669358115788068,0.6810533428610965,0.8559245974408238,0.9407065664693229,21.0,5.0,0.8,15.0,12.0,1.0,,2.5233656069354052e+38,1.0,1e-15,1.2,42.0,1.0,exhaustive_selection_config,"[[0, 0.1, 0.2, 0.3, 0.4, 0.5, 0.6, 0.7, 0.8, 0.9, 1]]","['nap', 'rtp']",252336560693540533935881068298825202077_eps6_s10,Nasa,WEIGHTED_PROBS_LEN
241.3157489150762,52.68120180144906,52.6,0.49391551292350755,0.14389918111264702,0.0,16.362088703736664,0.9727757412884767,4.01700722053647,0.5444812674755763,122210.2,0.9905923259853472,0.8060104380154144,0.00023675338665765086,1.0,52909.70661759041,50.70781081989408,0.6137268030663778,0.8862711633576132,0.7276268600992435,0.886653196352737,0.9484232706130943,21.0,5.0,0.8,15.0,12.0,1.0,,2.5233656069354052e+38,1.0,1e-15,1.2,42.0,0.2,exhaustive_selection_config,"[[0, 0.1, 0.2, 0.3, 0.4, 0.5, 0.6, 0.7, 0.8, 0.9, 1]]","['nap', 'rtp']",252336560693540533935881068298825202077_eps6_s2,Nasa,WEIGHTED_PROBS_LEN
241.3157489150762,52.5721177559346,52.6,0.49391551292350755,0.14572129547595972,0.0,16.211800288036464,0.9727757412884767,4.01700722053647,0.5444812674755763,122210.2,0.9905923259853472,0.8060104380154144,0.00023675338665765086,1.0,53515.59269687794,51.154091123864056,0.6137268030663778,0.8862711633576132,0.7276268600992435,0.886653196352737,0.9484232706130943,21.0,5.0,0.8,15.0,12.0,1.0,,2.5233656069354052e+38,1.0,1e-15,1.2,42.0,0.3,exhaustive_selection_config,"[[0, 0.1, 0.2, 0.3, 0.4, 0.5, 0.6, 0.7, 0.8, 0.9, 1]]","['nap', 'rtp']",252336560693540533935881068298825202077_eps6_s3,Nasa,WEIGHTED_PROBS_LEN
241.3157489150762,56.51004075519741,52.6,0.49391551292350755,0.1439784940332174,0.0,16.303962637856603,0.9727757412884767,4.01700722053647,0.5444812674755763,122210.2,0.9905923259853472,0.8060104380154144,0.00023675338665765086,1.0,54131.267533243445,49.85547701492906,0.6137268030663778,0.8862711633576132,0.7276268600992435,0.886653196352737,0.9484232706130943,21.0,5.0,0.8,15.0,12.0,1.0,,2.5233656069354052e+38,1.0,1e-15,1.2,42.0,0.4,exhaustive_selection_config,"[[0, 0.1, 0.2, 0.3, 0.4, 0.5, 0.6, 0.7, 0.8, 0.9, 1]]","['nap', 'rtp']",252336560693540533935881068298825202077_eps6_s4,Nasa,WEIGHTED_PROBS_LEN
241.3157489150762,52.25978241637349,52.6,0.49391551292350755,0.1400690924376249,0.0,16.443977070227266,0.9727757412884767,4.01700722053647,0.5444812674755763,122210.2,0.9905923259853472,0.8060104380154144,0.00023675338665765086,1.0,54731.041990072656,50.34005824662745,0.6137268030663778,0.8862711633576132,0.7276268600992435,0.886653196352737,0.9484232706130943,21.0,5.0,0.8,15.0,12.0,1.0,,2.5233656069354052e+38,1.0,1e-15,1.2,42.0,0.5,exhaustive_selection_config,"[[0, 0.1, 0.2, 0.3, 0.4, 0.5, 0.6, 0.7, 0.8, 0.9, 1]]","['nap', 'rtp']",252336560693540533935881068298825202077_eps6_s5,Nasa,WEIGHTED_PROBS_LEN
241.3157489150762,51.44555138908326,52.6,0.49391551292350755,0.14502234682440754,0.0,16.342510586231946,0.9727757412884767,4.01700722053647,0.5444812674755763,122210.2,0.9905923259853472,0.8060104380154144,0.00023675338665765086,1.0,55326.68062111549,50.315176759287716,0.6137268030663778,0.8862711633576132,0.7276268600992435,0.886653196352737,0.9484232706130943,21.0,5.0,0.8,15.0,12.0,1.0,,2.5233656069354052e+38,1.0,1e-15,1.2,42.0,0.6,exhaustive_selection_config,"[[0, 0.1, 0.2, 0.3, 0.4, 0.5, 0.6, 0.7, 0.8, 0.9, 1]]","['nap', 'rtp']",252336560693540533935881068298825202077_eps6_s6,Nasa,WEIGHTED_PROBS_LEN
241.3157489150762,51.71238530166447,52.6,0.49391551292350755,0.14078933261334892,0.0,16.21109849512577,0.9727757412884767,4.01700722053647,0.5444812674755763,122210.2,0.9905923259853472,0.8060104380154144,0.00023675338665765086,1.0,55917.75457119383,49.7701933901757,0.6137268030663778,0.8862711633576132,0.7276268600992435,0.886653196352737,0.9484232706130943,21.0,5.0,0.8,15.0,12.0,1.0,,2.5233656069354052e+38,1.0,1e-15,1.2,42.0,0.7,exhaustive_selection_config,"[[0, 0.1, 0.2, 0.3, 0.4, 0.5, 0.6, 0.7, 0.8, 0.9, 1]]","['nap', 'rtp']",252336560693540533935881068298825202077_eps6_s7,Nasa,WEIGHTED_PROBS_LEN
241.3157489150762,51.902382258325815,52.6,0.49391551292350755,0.13994428031146522,0.0,16.17729520201683,0.9727757412884767,4.01700722053647,0.5444812674755763,122210.2,0.9905923259853472,0.8060104380154144,0.00023675338665765086,1.0,56510.19283335879,50.1388892095536,0.6137268030663778,0.8862711633576132,0.7276268600992435,0.886653196352737,0.9484232706130943,21.0,5.0,0.8,15.0,12.0,1.0,,2.5233656069354052e+38,1.0,1e-15,1.2,42.0,0.8,exhaustive_selection_config,"[[0, 0.1, 0.2, 0.3, 0.4, 0.5, 0.6, 0.7, 0.8, 0.9, 1]]","['nap', 'rtp']",252336560693540533935881068298825202077_eps6_s8,Nasa,WEIGHTED_PROBS_LEN
241.3157489150762,51.69067813232541,52.6,0.49391551292350755,0.1390133991837501,0.0,16.181766463443637,0.9727757412884767,4.01700722053647,0.5444812674755763,122210.2,0.9905923259853472,0.8060104380154144,0.00023675338665765086,1.0,57104.61626501046,49.99360004514456,0.6137268030663778,0.8862711633576132,0.7276268600992435,0.886653196352737,0.9484232706130943,21.0,5.0,0.8,15.0,12.0,1.0,,2.5233656069354052e+38,1.0,1e-15,1.2,42.0,0.9,exhaustive_selection_config,"[[0, 0.1, 0.2, 0.3, 0.4, 0.5, 0.6, 0.7, 0.8, 0.9, 1]]","['nap', 'rtp']",252336560693540533935881068298825202077_eps6_s9,Nasa,WEIGHTED_PROBS_LEN
241.3157489150762,60.13234613351524,52.6,0.3133238787087574,0.14439774416387077,0.0,17.180871845036744,0.9569554875374766,4.01700722053647,0.47406427080672026,122210.2,0.9818842338851519,0.725829000197372,0.00023675338665765086,1.0,58296.68473418094,50.76700217165053,0.5668628438750766,0.860517357680927,0.6957936357006375,0.7829563916158103,0.9278284409400006,21.0,5.0,0.8,17.0,12.0,1.0,,2.5233656069354052e+38,1.0,1e-15,1.2,42.0,0.0,exhaustive_selection_config,"[[0, 0.1, 0.2, 0.3, 0.4, 0.5, 0.6, 0.7, 0.8, 0.9, 1]]","['nap', 'rtp']",252336560693540533935881068298825202077_eps7_s0,Nasa,WEIGHTED_PROBS_LEN
241.3157489150762,52.79072532318533,52.6,0.49401677697345675,0.13741055801510807,0.0,16.232344305887818,0.9727682296153619,4.01700722053647,0.544580739209074,122210.2,0.9905913125971779,0.805997768572485,0.00023675338665765086,1.0,58912.42060346715,50.02903294786811,0.6138249881733282,0.8862743515215055,0.7276685870152423,0.8866404276618045,0.9484196423767692,21.0,5.0,0.8,17.0,12.0,1.0,,2.5233656069354052e+38,1.0,1e-15,1.2,42.0,0.1,exhaustive_selection_config,"[[0, 0.1, 0.2, 0.3, 0.4, 0.5, 0.6, 0.7, 0.8, 0.9, 1]]","['nap', 'rtp']",252336560693540533935881068298825202077_eps7_s1,Nasa,WEIGHTED_PROBS_LEN
241.3157489150762,46.916265179216865,52.6,0.43277888579568424,0.14299045652151104,0.0,16.135150270536542,0.969240855028505,4.01700722053647,0.48222978218849655,122210.2,0.9895604146408689,0.7990837430127057,0.00023675338665765086,1.0,64543.224633348735,50.47064881883561,0.555067124617986,0.8677215053111945,0.681260497510644,0.8619357531235673,0.9413573472804357,21.0,5.0,0.8,17.0,12.0,1.0,,2.5233656069354052e+38,1.0,1e-15,1.2,42.0,1.0,exhaustive_selection_config,"[[0, 0.1, 0.2, 0.3, 0.4, 0.5, 0.6, 0.7, 0.8, 0.9, 1]]","['nap', 'rtp']",252336560693540533935881068298825202077_eps7_s10,Nasa,WEIGHTED_PROBS_LEN
241.3157489150762,53.348919017612936,52.6,0.49401677697345675,0.1415083602070808,0.0,16.455306097492574,0.9727682296153619,4.01700722053647,0.544580739209074,122210.2,0.9905913125971779,0.805997768572485,0.00023675338665765086,1.0,59514.322745220365,50.09285654425621,0.6138249881733282,0.8862743515215055,0.7276685870152423,0.8866404276618045,0.9484196423767692,21.0,5.0,0.8,17.0,12.0,1.0,,2.5233656069354052e+38,1.0,1e-15,1.2,42.0,0.2,exhaustive_selection_config,"[[0, 0.1, 0.2, 0.3, 0.4, 0.5, 0.6, 0.7, 0.8, 0.9, 1]]","['nap', 'rtp']",252336560693540533935881068298825202077_eps7_s2,Nasa,WEIGHTED_PROBS_LEN
241.3157489150762,53.6222611553967,52.6,0.49401677697345675,0.14329798333346838,0.0,16.747082795202733,0.9727682296153619,4.01700722053647,0.544580739209074,122210.2,0.9905913125971779,0.805997768572485,0.00023675338665765086,1.0,60118.8814756725,51.02050221599639,0.6138249881733282,0.8862743515215055,0.7276685870152423,0.8866404276618045,0.9484196423767692,21.0,5.0,0.8,17.0,12.0,1.0,,2.5233656069354052e+38,1.0,1e-15,1.2,42.0,0.3,exhaustive_selection_config,"[[0, 0.1, 0.2, 0.3, 0.4, 0.5, 0.6, 0.7, 0.8, 0.9, 1]]","['nap', 'rtp']",252336560693540533935881068298825202077_eps7_s3,Nasa,WEIGHTED_PROBS_LEN
241.3157489150762,59.127571957930925,52.6,0.49401677697345675,0.14396401941776274,0.0,16.633672377094626,0.9727682296153619,4.01700722053647,0.544580739209074,122210.2,0.9905913125971779,0.805997768572485,0.00023675338665765086,1.0,60741.28725672253,51.06600069440901,0.6138249881733282,0.8862743515215055,0.7276685870152423,0.8866404276618045,0.9484196423767692,21.0,5.0,0.8,17.0,12.0,1.0,,2.5233656069354052e+38,1.0,1e-15,1.2,42.0,0.4,exhaustive_selection_config,"[[0, 0.1, 0.2, 0.3, 0.4, 0.5, 0.6, 0.7, 0.8, 0.9, 1]]","['nap', 'rtp']",252336560693540533935881068298825202077_eps7_s4,Nasa,WEIGHTED_PROBS_LEN
241.3157489150762,62.04623236134648,52.6,0.49401677697345675,0.14305109009146685,0.0,16.213175877928734,0.9727682296153619,4.01700722053647,0.544580739209074,122210.2,0.9905913125971779,0.805997768572485,0.00023675338665765086,1.0,61398.65748019032,55.05281257070601,0.6138249881733282,0.8862743515215055,0.7276685870152423,0.8866404276618045,0.9484196423767692,21.0,5.0,0.8,17.0,12.0,1.0,,2.5233656069354052e+38,1.0,1e-15,1.2,42.0,0.5,exhaustive_selection_config,"[[0, 0.1, 0.2, 0.3, 0.4, 0.5, 0.6, 0.7, 0.8, 0.9, 1]]","['nap', 'rtp']",252336560693540533935881068298825202077_eps7_s5,Nasa,WEIGHTED_PROBS_LEN
241.3157489150762,56.57569074854255,52.6,0.49401677697345675,0.13909320980310438,0.0,16.476983908936383,0.9727682296153619,4.01700722053647,0.544580739209074,122210.2,0.9905913125971779,0.805997768572485,0.00023675338665765086,1.0,62063.95342313424,53.71447188742459,0.6138249881733282,0.8862743515215055,0.7276685870152423,0.8866404276618045,0.9484196423767692,21.0,5.0,0.8,17.0,12.0,1.0,,2.5233656069354052e+38,1.0,1e-15,1.2,42.0,0.6,exhaustive_selection_config,"[[0, 0.1, 0.2, 0.3, 0.4, 0.5, 0.6, 0.7, 0.8, 0.9, 1]]","['nap', 'rtp']",252336560693540533935881068298825202077_eps7_s6,Nasa,WEIGHTED_PROBS_LEN
241.3157489150762,59.833184360712764,52.6,0.49401677697345675,0.1379476428031921,0.0,16.029946687817574,0.9727682296153619,4.01700722053647,0.544580739209074,122210.2,0.9905913125971779,0.805997768572485,0.00023675338665765086,1.0,62711.24722895063,57.59709915332496,0.6138249881733282,0.8862743515215055,0.7276685870152423,0.8866404276618045,0.9484196423767692,21.0,5.0,0.8,17.0,12.0,1.0,,2.5233656069354052e+38,1.0,1e-15,1.2,42.0,0.7,exhaustive_selection_config,"[[0, 0.1, 0.2, 0.3, 0.4, 0.5, 0.6, 0.7, 0.8, 0.9, 1]]","['nap', 'rtp']",252336560693540533935881068298825202077_eps7_s7,Nasa,WEIGHTED_PROBS_LEN
241.3157489150762,55.419116439297795,52.6,0.49401677697345675,0.14092438556253908,0.0,16.12993325032294,0.9727682296153619,4.01700722053647,0.544580739209074,122210.2,0.9905913125971779,0.805997768572485,0.00023675338665765086,1.0,63359.75197940953,52.361541672423485,0.6138249881733282,0.8862743515215055,0.7276685870152423,0.8866404276618045,0.9484196423767692,21.0,5.0,0.8,17.0,12.0,1.0,,2.5233656069354052e+38,1.0,1e-15,1.2,42.0,0.8,exhaustive_selection_config,"[[0, 0.1, 0.2, 0.3, 0.4, 0.5, 0.6, 0.7, 0.8, 0.9, 1]]","['nap', 'rtp']",252336560693540533935881068298825202077_eps7_s8,Nasa,WEIGHTED_PROBS_LEN
241.3157489150762,53.803480074554685,52.6,0.49401677697345675,0.13857022747397418,0.0,15.965787393599749,0.9727682296153619,4.01700722053647,0.544580739209074,122210.2,0.9905913125971779,0.805997768572485,0.00023675338665765086,1.0,63958.755845675616,50.04574421532452,0.6138249881733282,0.8862743515215055,0.7276685870152423,0.8866404276618045,0.9484196423767692,21.0,5.0,0.8,17.0,12.0,1.0,,2.5233656069354052e+38,1.0,1e-15,1.2,42.0,0.9,exhaustive_selection_config,"[[0, 0.1, 0.2, 0.3, 0.4, 0.5, 0.6, 0.7, 0.8, 0.9, 1]]","['nap', 'rtp']",252336560693540533935881068298825202077_eps7_s9,Nasa,WEIGHTED_PROBS_LEN
241.3157489150762,60.76499087847769,52.6,0.3133238787087574,0.14130927734076976,0.0,17.21438769213855,0.9569554875374766,4.01700722053647,0.47406427080672026,122210.2,0.9818842338851519,0.7265227855034566,0.00023675338665765086,1.0,65158.59117604792,50.446158190071586,0.5668628438750766,0.860517357680927,0.6957936357006375,0.7833766148594086,0.9278284409400006,21.0,5.0,0.8,19.0,12.0,1.0,,2.5233656069354052e+38,1.0,1e-15,1.2,42.0,0.0,exhaustive_selection_config,"[[0, 0.1, 0.2, 0.3, 0.4, 0.5, 0.6, 0.7, 0.8, 0.9, 1]]","['nap', 'rtp']",252336560693540533935881068298825202077_eps8_s0,Nasa,WEIGHTED_PROBS_LEN
241.3157489150762,53.192662910744545,52.6,0.4941156979432936,0.17726780325174327,0.0,16.185101088508965,0.9727805493682016,4.01700722053647,0.544679660178911,122210.2,0.9905974979126155,0.8060467464727502,0.00023675338665765086,1.0,65779.13683752119,50.30645576901734,0.613911975650099,0.886282419476872,0.7276681505893177,0.8866923503927897,0.948428919616331,21.0,5.0,0.8,19.0,12.0,1.0,,2.5233656069354052e+38,1.0,1e-15,1.2,42.0,0.1,exhaustive_selection_config,"[[0, 0.1, 0.2, 0.3, 0.4, 0.5, 0.6, 0.7, 0.8, 0.9, 1]]","['nap', 'rtp']",252336560693540533935881068298825202077_eps8_s1,Nasa,WEIGHTED_PROBS_LEN
241.3157489150762,45.97099006287753,52.6,0.4382987830629143,0.14182414971292018,0.0,16.425503358617426,0.9687627574383224,4.01700722053647,0.4861287244200141,122210.2,0.9892230757392293,0.8006187336624713,0.00023675338665765086,1.0,71240.60495867208,51.74966602660716,0.556620139283057,0.8685188437457297,0.6818729923124468,0.8636575076512578,0.940787237419595,21.0,5.0,0.8,19.0,12.0,1.0,,2.5233656069354052e+38,1.0,1e-15,1.2,42.0,1.0,exhaustive_selection_config,"[[0, 0.1, 0.2, 0.3, 0.4, 0.5, 0.6, 0.7, 0.8, 0.9, 1]]","['nap', 'rtp']",252336560693540533935881068298825202077_eps8_s10,Nasa,WEIGHTED_PROBS_LEN
241.3157489150762,53.736779717355965,52.6,0.4941156979432936,0.14406019188463687,0.0,16.190854497998952,0.9727805493682016,4.01700722053647,0.544679660178911,122210.2,0.9905974979126155,0.8060467464727502,0.00023675338665765086,1.0,66380.30215538591,49.88920597434044,0.613911975650099,0.886282419476872,0.7276681505893177,0.8866923503927897,0.948428919616331,21.0,5.0,0.8,19.0,12.0,1.0,,2.5233656069354052e+38,1.0,1e-15,1.2,42.0,0.2,exhaustive_selection_config,"[[0, 0.1, 0.2, 0.3, 0.4, 0.5, 0.6, 0.7, 0.8, 0.9, 1]]","['nap', 'rtp']",252336560693540533935881068298825202077_eps8_s2,Nasa,WEIGHTED_PROBS_LEN
241.3157489150762,53.860636008530854,52.6,0.4941156979432936,0.14244793839752667,0.0,16.475822056084873,0.9727805493682016,4.01700722053647,0.544679660178911,122210.2,0.9905974979126155,0.8060467464727502,0.00023675338665765086,1.0,66984.35993012265,50.278484078869226,0.613911975650099,0.886282419476872,0.7276681505893177,0.8866923503927897,0.948428919616331,21.0,5.0,0.8,19.0,12.0,1.0,,2.5233656069354052e+38,1.0,1e-15,1.2,42.0,0.3,exhaustive_selection_config,"[[0, 0.1, 0.2, 0.3, 0.4, 0.5, 0.6, 0.7, 0.8, 0.9, 1]]","['nap', 'rtp']",252336560693540533935881068298825202077_eps8_s3,Nasa,WEIGHTED_PROBS_LEN
241.3157489150762,59.220060866326094,52.6,0.4941156979432936,0.13803309202194208,0.0,16.441774794831872,0.9727805493682016,4.01700722053647,0.544679660178911,122210.2,0.9905974979126155,0.8060467464727502,0.00023675338665765086,1.0,67602.35852273107,50.468788927420974,0.613911975650099,0.886282419476872,0.7276681505893177,0.8866923503927897,0.948428919616331,21.0,5.0,0.8,19.0,12.0,1.0,,2.5233656069354052e+38,1.0,1e-15,1.2,42.0,0.4,exhaustive_selection_config,"[[0, 0.1, 0.2, 0.3, 0.4, 0.5, 0.6, 0.7, 0.8, 0.9, 1]]","['nap', 'rtp']",252336560693540533935881068298825202077_eps8_s4,Nasa,WEIGHTED_PROBS_LEN
241.3157489150762,57.91708329245448,52.6,0.4941156979432936,0.14109372161328787,0.0,16.168873883783817,0.9727805493682016,4.01700722053647,0.544679660178911,122210.2,0.9905974979126155,0.8060467464727502,0.00023675338665765086,1.0,68240.37802329063,50.133196814730766,0.613911975650099,0.886282419476872,0.7276681505893177,0.8866923503927897,0.948428919616331,21.0,5.0,0.8,19.0,12.0,1.0,,2.5233656069354052e+38,1.0,1e-15,1.2,42.0,0.5,exhaustive_selection_config,"[[0, 0.1, 0.2, 0.3, 0.4, 0.5, 0.6, 0.7, 0.8, 0.9, 1]]","['nap', 'rtp']",252336560693540533935881068298825202077_eps8_s5,Nasa,WEIGHTED_PROBS_LEN
241.3157489150762,53.87844928726554,52.6,0.4941156979432936,0.1426416903734207,0.0,16.185358913615346,0.9727805493682016,4.01700722053647,0.544679660178911,122210.2,0.9905974979126155,0.8060467464727502,0.00023675338665765086,1.0,68847.7412419416,50.524630858376625,0.613911975650099,0.886282419476872,0.7276681505893177,0.8866923503927897,0.948428919616331,21.0,5.0,0.8,19.0,12.0,1.0,,2.5233656069354052e+38,1.0,1e-15,1.2,42.0,0.6,exhaustive_selection_config,"[[0, 0.1, 0.2, 0.3, 0.4, 0.5, 0.6, 0.7, 0.8, 0.9, 1]]","['nap', 'rtp']",252336560693540533935881068298825202077_eps8_s6,Nasa,WEIGHTED_PROBS_LEN
241.3157489150762,53.15954556874931,52.6,0.4941156979432936,0.14818054996430868,0.0,16.435914177820088,0.9727805493682016,4.01700722053647,0.544679660178911,122210.2,0.9905974979126155,0.8060467464727502,0.00023675338665765086,1.0,69452.98360917605,50.40100392065942,0.613911975650099,0.886282419476872,0.7276681505893177,0.8866923503927897,0.948428919616331,21.0,5.0,0.8,19.0,12.0,1.0,,2.5233656069354052e+38,1.0,1e-15,1.2,42.0,0.7,exhaustive_selection_config,"[[0, 0.1, 0.2, 0.3, 0.4, 0.5, 0.6, 0.7, 0.8, 0.9, 1]]","['nap', 'rtp']",252336560693540533935881068298825202077_eps8_s7,Nasa,WEIGHTED_PROBS_LEN
241.3157489150762,53.109913340210916,52.6,0.4941156979432936,0.14285403229296206,0.0,16.574171981960536,0.9727805493682016,4.01700722053647,0.544679660178911,122210.2,0.9905974979126155,0.8060467464727502,0.00023675338665765086,1.0,70054.05491511486,49.961639527231455,0.613911975650099,0.886282419476872,0.7276681505893177,0.8866923503927897,0.948428919616331,21.0,5.0,0.8,19.0,12.0,1.0,,2.5233656069354052e+38,1.0,1e-15,1.2,42.0,0.8,exhaustive_selection_config,"[[0, 0.1, 0.2, 0.3, 0.4, 0.5, 0.6, 0.7, 0.8, 0.9, 1]]","['nap', 'rtp']",252336560693540533935881068298825202077_eps8_s8,Nasa,WEIGHTED_PROBS_LEN
241.3157489150762,53.22529427446425,52.6,0.4941156979432936,0.13896336555480954,0.0,16.492509716376663,0.9727805493682016,4.01700722053647,0.544679660178911,122210.2,0.9905974979126155,0.8060467464727502,0.00023675338665765086,1.0,70654.46536780261,50.06817801706493,0.613911975650099,0.886282419476872,0.7276681505893177,0.8866923503927897,0.948428919616331,21.0,5.0,0.8,19.0,12.0,1.0,,2.5233656069354052e+38,1.0,1e-15,1.2,42.0,0.9,exhaustive_selection_config,"[[0, 0.1, 0.2, 0.3, 0.4, 0.5, 0.6, 0.7, 0.8, 0.9, 1]]","['nap', 'rtp']",252336560693540533935881068298825202077_eps8_s9,Nasa,WEIGHTED_PROBS_LEN
241.3157489150762,62.11598921976984,52.6,0.3133238787087574,0.14177718162536618,0.0,17.105516439676286,0.9569554875374766,4.01700722053647,0.47406427080672026,122210.2,0.9818842338851519,0.7265227855034566,0.00023675338665765086,1.0,71858.60905445255,50.157675329968335,0.5668628438750766,0.860517357680927,0.6957936357006375,0.7833766148594086,0.9278284409400006,21.0,5.0,0.8,21.0,12.0,1.0,,2.5233656069354052e+38,1.0,1e-15,1.2,42.0,0.0,exhaustive_selection_config,"[[0, 0.1, 0.2, 0.3, 0.4, 0.5, 0.6, 0.7, 0.8, 0.9, 1]]","['nap', 'rtp']",252336560693540533935881068298825202077_eps9_s0,Nasa,WEIGHTED_PROBS_LEN
241.3157489150762,54.06331174634397,52.6,0.4941156979432936,0.14523665904998775,0.0,16.376719819381833,0.9727805493682016,4.01700722053647,0.544679660178911,122210.2,0.9905974979126155,0.8060467464727502,0.00023675338665765086,1.0,72484.11662666089,50.721049153059724,0.613911975650099,0.886282419476872,0.7276681505893177,0.8866923503927897,0.948428919616331,21.0,5.0,0.8,21.0,12.0,1.0,,2.5233656069354052e+38,1.0,1e-15,1.2,42.0,0.1,exhaustive_selection_config,"[[0, 0.1, 0.2, 0.3, 0.4, 0.5, 0.6, 0.7, 0.8, 0.9, 1]]","['nap', 'rtp']",252336560693540533935881068298825202077_eps9_s1,Nasa,WEIGHTED_PROBS_LEN
241.3157489150762,47.29822735674679,52.6,0.44399568984713794,0.1423136536031961,0.0,16.452454276382923,0.9693395440668905,4.01700722053647,0.4907357760139138,122210.2,0.989520426080549,0.8013729463833176,0.00023675338665765086,1.0,78213.92585080714,53.164561088755725,0.5610635490657973,0.8701583925938838,0.6854015244355314,0.866770566592983,0.9416687027867022,21.0,5.0,0.8,21.0,12.0,1.0,,2.5233656069354052e+38,1.0,1e-15,1.2,42.0,1.0,exhaustive_selection_config,"[[0, 0.1, 0.2, 0.3, 0.4, 0.5, 0.6, 0.7, 0.8, 0.9, 1]]","['nap', 'rtp']",252336560693540533935881068298825202077_eps9_s10,Nasa,WEIGHTED_PROBS_LEN
241.3157489150762,54.057889581471684,52.6,0.4941156979432936,0.13851636685430999,0.0,16.18491008467972,0.9727805493682016,4.01700722053647,0.544679660178911,122210.2,0.9905974979126155,0.8060467464727502,0.00023675338665765086,1.0,73092.08165494651,50.496993425861,0.613911975650099,0.886282419476872,0.7276681505893177,0.8866923503927897,0.948428919616331,21.0,5.0,0.8,21.0,12.0,1.0,,2.5233656069354052e+38,1.0,1e-15,1.2,42.0,0.2,exhaustive_selection_config,"[[0, 0.1, 0.2, 0.3, 0.4, 0.5, 0.6, 0.7, 0.8, 0.9, 1]]","['nap', 'rtp']",252336560693540533935881068298825202077_eps9_s2,Nasa,WEIGHTED_PROBS_LEN
241.3157489150762,54.49598943591118,52.6,0.4941156979432936,0.14067254401743406,0.0,16.14024631790817,0.9727805493682016,4.01700722053647,0.544679660178911,122210.2,0.9905974979126155,0.8060467464727502,0.00023675338665765086,1.0,73696.98877729475,49.89540339075029,0.613911975650099,0.886282419476872,0.7276681505893177,0.8866923503927897,0.948428919616331,21.0,5.0,0.8,21.0,12.0,1.0,,2.5233656069354052e+38,1.0,1e-15,1.2,42.0,0.3,exhaustive_selection_config,"[[0, 0.1, 0.2, 0.3, 0.4, 0.5, 0.6, 0.7, 0.8, 0.9, 1]]","['nap', 'rtp']",252336560693540533935881068298825202077_eps9_s3,Nasa,WEIGHTED_PROBS_LEN
241.3157489150762,54.90304607860744,52.6,0.4941156979432936,0.14348858259618277,0.0,16.21762522980571,0.9727805493682016,4.01700722053647,0.544679660178911,122210.2,0.9905974979126155,0.8060467464727502,0.00023675338665765086,1.0,74306.95644562766,50.70063492693007,0.613911975650099,0.886282419476872,0.7276681505893177,0.8866923503927897,0.948428919616331,21.0,5.0,0.8,21.0,12.0,1.0,,2.5233656069354052e+38,1.0,1e-15,1.2,42.0,0.4,exhaustive_selection_config,"[[0, 0.1, 0.2, 0.3, 0.4, 0.5, 0.6, 0.7, 0.8, 0.9, 1]]","['nap', 'rtp']",252336560693540533935881068298825202077_eps9_s4,Nasa,WEIGHTED_PROBS_LEN
241.3157489150762,60.43515472114086,52.6,0.4941156979432936,0.14150348156690593,0.0,16.17635323628783,0.9727805493682016,4.01700722053647,0.544679660178911,122210.2,0.9905974979126155,0.8060467464727502,0.00023675338665765086,1.0,74930.98353405521,50.69731032401323,0.613911975650099,0.886282419476872,0.7276681505893177,0.8866923503927897,0.948428919616331,21.0,5.0,0.8,21.0,12.0,1.0,,2.5233656069354052e+38,1.0,1e-15,1.2,42.0,0.5,exhaustive_selection_config,"[[0, 0.1, 0.2, 0.3, 0.4, 0.5, 0.6, 0.7, 0.8, 0.9, 1]]","['nap', 'rtp']",252336560693540533935881068298825202077_eps9_s5,Nasa,WEIGHTED_PROBS_LEN
241.3157489150762,63.088776191323994,52.6,0.4941156979432936,0.14131954237818714,0.0,16.135896825417877,0.9727805493682016,4.01700722053647,0.544679660178911,122210.2,0.9905974979126155,0.8060467464727502,0.00023675338665765086,1.0,75591.99171499163,55.34788704961538,0.613911975650099,0.886282419476872,0.7276681505893177,0.8866923503927897,0.948428919616331,21.0,5.0,0.8,21.0,12.0,1.0,,2.5233656069354052e+38,1.0,1e-15,1.2,42.0,0.6,exhaustive_selection_config,"[[0, 0.1, 0.2, 0.3, 0.4, 0.5, 0.6, 0.7, 0.8, 0.9, 1]]","['nap', 'rtp']",252336560693540533935881068298825202077_eps9_s6,Nasa,WEIGHTED_PROBS_LEN
241.3157489150762,62.36020541824401,52.6,0.4941156979432936,0.1385436117649078,0.0,16.167087339237334,0.9727805493682016,4.01700722053647,0.544679660178911,122210.2,0.9905974979126155,0.8060467464727502,0.00023675338665765086,1.0,76279.44397663213,58.26862637475133,0.613911975650099,0.886282419476872,0.7276681505893177,0.8866923503927897,0.948428919616331,21.0,5.0,0.8,21.0,12.0,1.0,,2.5233656069354052e+38,1.0,1e-15,1.2,42.0,0.7,exhaustive_selection_config,"[[0, 0.1, 0.2, 0.3, 0.4, 0.5, 0.6, 0.7, 0.8, 0.9, 1]]","['nap', 'rtp']",252336560693540533935881068298825202077_eps9_s7,Nasa,WEIGHTED_PROBS_LEN
241.3157489150762,61.914747818559405,52.6,0.4941156979432936,0.14493819586932655,0.0,16.159047263488173,0.9727805493682016,4.01700722053647,0.544679660178911,122210.2,0.9905974979126155,0.8060467464727502,0.00023675338665765086,1.0,76964.69548354633,57.89475665576756,0.613911975650099,0.886282419476872,0.7276681505893177,0.8866923503927897,0.948428919616331,21.0,5.0,0.8,21.0,12.0,1.0,,2.5233656069354052e+38,1.0,1e-15,1.2,42.0,0.8,exhaustive_selection_config,"[[0, 0.1, 0.2, 0.3, 0.4, 0.5, 0.6, 0.7, 0.8, 0.9, 1]]","['nap', 'rtp']",252336560693540533935881068298825202077_eps9_s8,Nasa,WEIGHTED_PROBS_LEN
241.3157489150762,56.794083626568316,52.6,0.4941156979432936,0.1413567923009395,0.0,16.246144242584705,0.9727805493682016,4.01700722053647,0.544679660178911,122210.2,0.9905974979126155,0.8060467464727502,0.00023675338665765086,1.0,77619.99451825916,51.34864189550281,0.613911975650099,0.886282419476872,0.7276681505893177,0.8866923503927897,0.948428919616331,21.0,5.0,0.8,21.0,12.0,1.0,,2.5233656069354052e+38,1.0,1e-15,1.2,42.0,0.9,exhaustive_selection_config,"[[0, 0.1, 0.2, 0.3, 0.4, 0.5, 0.6, 0.7, 0.8, 0.9, 1]]","['nap', 'rtp']",252336560693540533935881068298825202077_eps9_s9,Nasa,WEIGHTED_PROBS_LEN
77.74036697670817,21.700524450838564,174.6,0.28648266501567504,0.5244057349860668,0.0,7.16681867800653,0.7987539714929455,0.2916445285081863,0.3292395782829903,75758.6,0.8942531959678149,0.17422918361131198,0.0012356166480656,1.0,233.59704960770904,22.598672555014492,0.35783876288017546,0.597877230321952,0.42691646848538245,0.1752566850802481,0.7210232138702377,21.0,5.0,0.8,3.0,12.0,1.0,,2.5233656069354052e+38,1.0,1e-15,1.2,42.0,0.0,exhaustive_selection_config,"[[0, 0.1, 0.2, 0.3, 0.4, 0.5, 0.6, 0.7, 0.8, 0.9, 1]]","['nap', 'rtp']",252336560693540533935881068298825202077_eps0_s0,Sepsis,WEIGHTED_PROBS_LEN
77.74036697670817,45.16109624505043,174.6,0.1315929977429982,0.10468089580535885,0.0,9.609591555967928,0.9792716054341473,0.2916445285081863,0.8337368428751655,75758.6,0.9856242628206651,0.3614209848401441,0.0012356166480656,1.0,558.0508575867862,22.644326151534916,0.8794925858912339,0.9583069633321246,0.9210475781882748,0.5788581570878393,0.9724561610904245,21.0,5.0,0.8,3.0,12.0,1.0,,2.5233656069354052e+38,1.0,1e-15,1.2,42.0,0.1,exhaustive_selection_config,"[[0, 0.1, 0.2, 0.3, 0.4, 0.5, 0.6, 0.7, 0.8, 0.9, 1]]","['nap', 'rtp']",252336560693540533935881068298825202077_eps0_s1,Sepsis,WEIGHTED_PROBS_LEN
77.74036697670817,44.066501500084996,174.6,0.1315929977429982,0.10516156740486618,0.0,9.111657810583711,0.9792716054341473,0.2916445285081863,0.8337368428751655,75758.6,0.9856242628206651,0.3614209848401441,0.0012356166480656,1.0,3992.7166475158183,21.43546062335372,0.8794925858912339,0.9583069633321246,0.9210475781882748,0.5788581570878393,0.9724561610904245,21.0,5.0,0.8,3.0,12.0,1.0,,2.5233656069354052e+38,1.0,1e-15,1.2,42.0,1.0,exhaustive_selection_config,"[[0, 0.1, 0.2, 0.3, 0.4, 0.5, 0.6, 0.7, 0.8, 0.9, 1]]","['nap', 'rtp']",252336560693540533935881068298825202077_eps0_s10,Sepsis,WEIGHTED_PROBS_LEN
77.74036697670817,45.003847726806995,174.6,0.1315929977429982,0.10747360289096827,0.0,9.348443520441652,0.9792716054341473,0.2916445285081863,0.8337368428751655,75758.6,0.9856242628206651,0.3614209848401441,0.0012356166480656,1.0,951.6724625252187,22.20523858442903,0.8794925858912339,0.9583069633321246,0.9210475781882748,0.5788581570878393,0.9724561610904245,21.0,5.0,0.8,3.0,12.0,1.0,,2.5233656069354052e+38,1.0,1e-15,1.2,42.0,0.2,exhaustive_selection_config,"[[0, 0.1, 0.2, 0.3, 0.4, 0.5, 0.6, 0.7, 0.8, 0.9, 1]]","['nap', 'rtp']",252336560693540533935881068298825202077_eps0_s2,Sepsis,WEIGHTED_PROBS_LEN
77.74036697670817,44.320946250110865,174.6,0.1315929977429982,0.1062634281814098,0.0,9.265188740193844,0.9792716054341473,0.2916445285081863,0.8337368428751655,75758.6,0.9856242628206651,0.3614209848401441,0.0012356166480656,1.0,1330.0021109092982,21.810813147947194,0.8794925858912339,0.9583069633321246,0.9210475781882748,0.5788581570878393,0.9724561610904245,21.0,5.0,0.8,3.0,12.0,1.0,,2.5233656069354052e+38,1.0,1e-15,1.2,42.0,0.3,exhaustive_selection_config,"[[0, 0.1, 0.2, 0.3, 0.4, 0.5, 0.6, 0.7, 0.8, 0.9, 1]]","['nap', 'rtp']",252336560693540533935881068298825202077_eps0_s3,Sepsis,WEIGHTED_PROBS_LEN
77.74036697670817,44.04836095795035,174.6,0.1315929977429982,0.10563895143568511,0.0,9.226854265853763,0.9792716054341473,0.2916445285081863,0.8337368428751655,75758.6,0.9856242628206651,0.3614209848401441,0.0012356166480656,1.0,1709.150224004686,21.6711838696152,0.8794925858912339,0.9583069633321246,0.9210475781882748,0.5788581570878393,0.9724561610904245,21.0,5.0,0.8,3.0,12.0,1.0,,2.5233656069354052e+38,1.0,1e-15,1.2,42.0,0.4,exhaustive_selection_config,"[[0, 0.1, 0.2, 0.3, 0.4, 0.5, 0.6, 0.7, 0.8, 0.9, 1]]","['nap', 'rtp']",252336560693540533935881068298825202077_eps0_s4,Sepsis,WEIGHTED_PROBS_LEN
77.74036697670817,44.14617109932006,174.6,0.1315929977429982,0.10732948482036583,0.0,9.249959572404624,0.9792716054341473,0.2916445285081863,0.8337368428751655,75758.6,0.9856242628206651,0.3614209848401441,0.0012356166480656,1.0,2085.3789270114153,21.53845197632909,0.8794925858912339,0.9583069633321246,0.9210475781882748,0.5788581570878393,0.9724561610904245,21.0,5.0,0.8,3.0,12.0,1.0,,2.5233656069354052e+38,1.0,1e-15,1.2,42.0,0.5,exhaustive_selection_config,"[[0, 0.1, 0.2, 0.3, 0.4, 0.5, 0.6, 0.7, 0.8, 0.9, 1]]","['nap', 'rtp']",252336560693540533935881068298825202077_eps0_s5,Sepsis,WEIGHTED_PROBS_LEN
77.74036697670817,45.263608548790216,174.6,0.1315929977429982,0.10534270517528052,0.0,9.279489027708768,0.9792716054341473,0.2916445285081863,0.8337368428751655,75758.6,0.9856242628206651,0.3614209848401441,0.0012356166480656,1.0,2469.0902128264306,22.473196429386736,0.8794925858912339,0.9583069633321246,0.9210475781882748,0.5788581570878393,0.9724561610904245,21.0,5.0,0.8,3.0,12.0,1.0,,2.5233656069354052e+38,1.0,1e-15,1.2,42.0,0.6,exhaustive_selection_config,"[[0, 0.1, 0.2, 0.3, 0.4, 0.5, 0.6, 0.7, 0.8, 0.9, 1]]","['nap', 'rtp']",252336560693540533935881068298825202077_eps0_s6,Sepsis,WEIGHTED_PROBS_LEN
77.74036697670817,44.079353258013725,174.6,0.1315929977429982,0.10424489676952357,0.0,9.140424927696586,0.9792716054341473,0.2916445285081863,0.8337368428751655,75758.6,0.9856242628206651,0.3614209848401441,0.0012356166480656,1.0,2849.4896608103068,21.385123551636934,0.8794925858912339,0.9583069633321246,0.9210475781882748,0.5788581570878393,0.9724561610904245,21.0,5.0,0.8,3.0,12.0,1.0,,2.5233656069354052e+38,1.0,1e-15,1.2,42.0,0.7,exhaustive_selection_config,"[[0, 0.1, 0.2, 0.3, 0.4, 0.5, 0.6, 0.7, 0.8, 0.9, 1]]","['nap', 'rtp']",252336560693540533935881068298825202077_eps0_s7,Sepsis,WEIGHTED_PROBS_LEN
77.74036697670817,44.818504040688275,174.6,0.1315929977429982,0.10952732376754278,0.0,9.188155176118016,0.9792716054341473,0.2916445285081863,0.8337368428751655,75758.6,0.9856242628206651,0.3614209848401441,0.0012356166480656,1.0,3226.476012989506,22.398158487677573,0.8794925858912339,0.9583069633321246,0.9210475781882748,0.5788581570878393,0.9724561610904245,21.0,5.0,0.8,3.0,12.0,1.0,,2.5233656069354052e+38,1.0,1e-15,1.2,42.0,0.8,exhaustive_selection_config,"[[0, 0.1, 0.2, 0.3, 0.4, 0.5, 0.6, 0.7, 0.8, 0.9, 1]]","['nap', 'rtp']",252336560693540533935881068298825202077_eps0_s8,Sepsis,WEIGHTED_PROBS_LEN
77.74036697670817,44.81328907236457,174.6,0.1315929977429982,0.10493879467248912,0.0,9.106497997045517,0.9792716054341473,0.2916445285081863,0.8337368428751655,75758.6,0.9856242628206651,0.3614209848401441,0.0012356166480656,1.0,3617.254064380005,22.267853137478234,0.8794925858912339,0.9583069633321246,0.9210475781882748,0.5788581570878393,0.9724561610904245,21.0,5.0,0.8,3.0,12.0,1.0,,2.5233656069354052e+38,1.0,1e-15,1.2,42.0,0.9,exhaustive_selection_config,"[[0, 0.1, 0.2, 0.3, 0.4, 0.5, 0.6, 0.7, 0.8, 0.9, 1]]","['nap', 'rtp']",252336560693540533935881068298825202077_eps0_s9,Sepsis,WEIGHTED_PROBS_LEN
77.74036697670817,20.695623748376967,174.6,0.28648266501567504,0.10786066390573974,0.0,6.798145874217153,0.7987539714929455,0.2916445285081863,0.3292395782829903,75758.6,0.8942531959678149,0.17422918361131198,0.0012356166480656,1.0,4303.7741053655745,21.464439239725472,0.35783876288017546,0.597877230321952,0.42691646848538245,0.1752566850802481,0.7210232138702377,21.0,5.0,0.8,5.0,12.0,1.0,,2.5233656069354052e+38,1.0,1e-15,1.2,42.0,0.0,exhaustive_selection_config,"[[0, 0.1, 0.2, 0.3, 0.4, 0.5, 0.6, 0.7, 0.8, 0.9, 1]]","['nap', 'rtp']",252336560693540533935881068298825202077_eps1_s0,Sepsis,WEIGHTED_PROBS_LEN
77.74036697670817,37.26818415038288,174.6,0.18197817379819786,0.10774759575724598,0.0,8.454875394701958,0.9251012667494853,0.2916445285081863,0.6149565899351287,75758.6,0.9637860710580727,0.3064864805713382,0.0012356166480656,1.0,4603.21107981205,23.077120856195688,0.6557191928504194,0.8266098446099364,0.7186456033273656,0.4912820323062398,0.8915075276288527,21.0,5.0,0.8,5.0,12.0,1.0,,2.5233656069354052e+38,1.0,1e-15,1.2,42.0,0.1,exhaustive_selection_config,"[[0, 0.1, 0.2, 0.3, 0.4, 0.5, 0.6, 0.7, 0.8, 0.9, 1]]","['nap', 'rtp']",252336560693540533935881068298825202077_eps1_s1,Sepsis,WEIGHTED_PROBS_LEN
77.74036697670817,20.751608593761922,174.6,0.2848516377035961,0.10638736039400096,0.0,6.69497530348599,0.786055682034059,0.2916445285081863,0.3253890361399206,75758.6,0.8871452879075404,0.21554974727576348,0.0012356166480656,1.0,6986.224656186253,21.530279605463146,0.35007919160623374,0.5846488992377393,0.4150303642261405,0.22103299210596045,0.709044673718258,21.0,5.0,0.8,5.0,12.0,1.0,,2.5233656069354052e+38,1.0,1e-15,1.2,42.0,1.0,exhaustive_selection_config,"[[0, 0.1, 0.2, 0.3, 0.4, 0.5, 0.6, 0.7, 0.8, 0.9, 1]]","['nap', 'rtp']",252336560693540533935881068298825202077_eps1_s10,Sepsis,WEIGHTED_PROBS_LEN
77.74036697670817,32.03578343391418,174.6,0.2023350106617121,0.10582180544733996,0.0,7.830754448845982,0.8949574599021766,0.2916445285081863,0.5369355552475341,75758.6,0.9474570954914092,0.29296429422089,0.0012356166480656,1.0,4928.875932275504,21.837199267745017,0.5752203716748007,0.7680361619325521,0.6410342064153904,0.43223113379167816,0.8499118818157632,21.0,5.0,0.8,5.0,12.0,1.0,,2.5233656069354052e+38,1.0,1e-15,1.2,42.0,0.2,exhaustive_selection_config,"[[0, 0.1, 0.2, 0.3, 0.4, 0.5, 0.6, 0.7, 0.8, 0.9, 1]]","['nap', 'rtp']",252336560693540533935881068298825202077_eps1_s2,Sepsis,WEIGHTED_PROBS_LEN
77.74036697670817,26.59716478586197,174.6,0.2651485306437579,0.1064856812357902,0.0,7.193041556328535,0.8410024440407671,0.2916445285081863,0.41161791459179187,75758.6,0.9222254301495735,0.30596647924701637,0.0012356166480656,1.0,5225.119249797985,22.033353479206564,0.4385738254624075,0.6578581753565468,0.5023213115682712,0.41752793891714945,0.7716963907749596,21.0,5.0,0.8,5.0,12.0,1.0,,2.5233656069354052e+38,1.0,1e-15,1.2,42.0,0.3,exhaustive_selection_config,"[[0, 0.1, 0.2, 0.3, 0.4, 0.5, 0.6, 0.7, 0.8, 0.9, 1]]","['nap', 'rtp']",252336560693540533935881068298825202077_eps1_s3,Sepsis,WEIGHTED_PROBS_LEN
77.74036697670817,22.444008324667813,174.6,0.2878739414967172,0.10771514512598512,0.0,6.737145483866334,0.807896047241053,0.2916445285081863,0.35098480254168535,75758.6,0.9044987716178566,0.2958251254911065,0.0012356166480656,1.0,5499.368019808084,22.164385199919344,0.37718619305978074,0.6052817990633846,0.4421534515166403,0.3668788921128687,0.7298626925743009,21.0,5.0,0.8,5.0,12.0,1.0,,2.5233656069354052e+38,1.0,1e-15,1.2,42.0,0.4,exhaustive_selection_config,"[[0, 0.1, 0.2, 0.3, 0.4, 0.5, 0.6, 0.7, 0.8, 0.9, 1]]","['nap', 'rtp']",252336560693540533935881068298825202077_eps1_s4,Sepsis,WEIGHTED_PROBS_LEN
77.74036697670817,20.95098917260766,174.6,0.28811301329324956,0.10723611265420907,0.0,6.747314945980906,0.8015963839421266,0.2916445285081863,0.34356501814952606,75758.6,0.9001402936986519,0.2928880390155002,0.0012356166480656,1.0,5749.435425107926,21.34273523464799,0.3694483455804448,0.599519795420824,0.43355314115471105,0.337806761807436,0.723086940842367,21.0,5.0,0.8,5.0,12.0,1.0,,2.5233656069354052e+38,1.0,1e-15,1.2,42.0,0.5,exhaustive_selection_config,"[[0, 0.1, 0.2, 0.3, 0.4, 0.5, 0.6, 0.7, 0.8, 0.9, 1]]","['nap', 'rtp']",252336560693540533935881068298825202077_eps1_s5,Sepsis,WEIGHTED_PROBS_LEN
77.74036697670817,20.709559778869153,174.6,0.2798180269117332,0.10891670957207675,0.0,6.8015425443649296,0.7922367877980331,0.2916445285081863,0.3360989975944283,75758.6,0.8925717928467869,0.2354787000353377,0.0012356166480656,1.0,5996.444919060543,21.389187540113927,0.36218406679039694,0.5946562839649999,0.42760795639047383,0.26366303175165157,0.7166269156139704,21.0,5.0,0.8,5.0,12.0,1.0,,2.5233656069354052e+38,1.0,1e-15,1.2,42.0,0.6,exhaustive_selection_config,"[[0, 0.1, 0.2, 0.3, 0.4, 0.5, 0.6, 0.7, 0.8, 0.9, 1]]","['nap', 'rtp']",252336560693540533935881068298825202077_eps1_s6,Sepsis,WEIGHTED_PROBS_LEN
77.74036697670817,20.697981538623573,174.6,0.2768560574597466,0.10632693320512769,0.0,6.792402293160558,0.7939154500615375,0.2916445285081863,0.33749344419561345,75758.6,0.8926090216030369,0.23483076827326554,0.0012356166480656,1.0,6243.5896122992035,21.453093045204877,0.3640825435747565,0.5973511416684147,0.4302130497046104,0.25788353817099774,0.7191066239119923,21.0,5.0,0.8,5.0,12.0,1.0,,2.5233656069354052e+38,1.0,1e-15,1.2,42.0,0.7,exhaustive_selection_config,"[[0, 0.1, 0.2, 0.3, 0.4, 0.5, 0.6, 0.7, 0.8, 0.9, 1]]","['nap', 'rtp']",252336560693540533935881068298825202077_eps1_s7,Sepsis,WEIGHTED_PROBS_LEN
77.74036697670817,20.818766678497198,174.6,0.27713342673808083,0.10568197965621944,0.0,6.7792848337441685,0.7944122808316123,0.2916445285081863,0.33791925240574533,75758.6,0.8923000377996864,0.2341505540049753,0.0012356166480656,1.0,6490.7142417915165,21.32174189351499,0.3644543550510003,0.5974808850731487,0.4305133495405785,0.2543522192687685,0.7192125867787582,21.0,5.0,0.8,5.0,12.0,1.0,,2.5233656069354052e+38,1.0,1e-15,1.2,42.0,0.8,exhaustive_selection_config,"[[0, 0.1, 0.2, 0.3, 0.4, 0.5, 0.6, 0.7, 0.8, 0.9, 1]]","['nap', 'rtp']",252336560693540533935881068298825202077_eps1_s8,Sepsis,WEIGHTED_PROBS_LEN
77.74036697670817,20.81570679433644,174.6,0.27776604554414874,0.1071992557495832,0.0,6.825250391289591,0.7908998746973783,0.2916445285081863,0.33878572825111286,75758.6,0.890254295438942,0.21425781499865676,0.0012356166480656,1.0,6738.662318475172,21.45245257206261,0.3652948800694439,0.596807405280252,0.4306439366063666,0.23110564727084829,0.7166929199242097,21.0,5.0,0.8,5.0,12.0,1.0,,2.5233656069354052e+38,1.0,1e-15,1.2,42.0,0.9,exhaustive_selection_config,"[[0, 0.1, 0.2, 0.3, 0.4, 0.5, 0.6, 0.7, 0.8, 0.9, 1]]","['nap', 'rtp']",252336560693540533935881068298825202077_eps1_s9,Sepsis,WEIGHTED_PROBS_LEN
77.74036697670817,20.777338353917003,174.6,0.28648266501567504,0.10520967766642567,0.0,6.797971074655652,0.7987539714929455,0.2916445285081863,0.3292395782829903,75758.6,0.8942531959678149,0.17422918361131198,0.0012356166480656,1.0,7233.212859734148,21.382899099215866,0.35783876288017546,0.597877230321952,0.42691646848538245,0.1752566850802481,0.7210232138702377,21.0,5.0,0.8,7.0,12.0,1.0,,2.5233656069354052e+38,1.0,1e-15,1.2,42.0,0.0,exhaustive_selection_config,"[[0, 0.1, 0.2, 0.3, 0.4, 0.5, 0.6, 0.7, 0.8, 0.9, 1]]","['nap', 'rtp']",252336560693540533935881068298825202077_eps2_s0,Sepsis,WEIGHTED_PROBS_LEN
77.74036697670817,41.70377850197256,174.6,0.1569461860850269,0.10573053769767282,0.0,8.857816418260336,0.9400274160233428,0.2916445285081863,0.7260756593047669,75758.6,0.9697429369611539,0.3293282384488678,0.0012356166480656,1.0,7537.030524590984,21.43296302333474,0.7667613979279901,0.8800542807165156,0.8131648655584259,0.5144496262586008,0.9195753784757812,21.0,5.0,0.8,7.0,12.0,1.0,,2.5233656069354052e+38,1.0,1e-15,1.2,42.0,0.1,exhaustive_selection_config,"[[0, 0.1, 0.2, 0.3, 0.4, 0.5, 0.6, 0.7, 0.8, 0.9, 1]]","['nap', 'rtp']",252336560693540533935881068298825202077_eps2_s1,Sepsis,WEIGHTED_PROBS_LEN
77.74036697670817,20.542662792280318,174.6,0.33116795995464016,0.1061344694346189,0.0,6.806826842576266,0.8131548509286837,0.2916445285081863,0.3755678353918837,75758.6,0.9075582659372838,0.18690276777263043,0.0012356166480656,1.0,9821.916660270095,21.35141186900437,0.40561521530319106,0.640598521104274,0.47737874826455584,0.2593291003010666,0.7498591576256518,21.0,5.0,0.8,7.0,12.0,1.0,,2.5233656069354052e+38,1.0,1e-15,1.2,42.0,1.0,exhaustive_selection_config,"[[0, 0.1, 0.2, 0.3, 0.4, 0.5, 0.6, 0.7, 0.8, 0.9, 1]]","['nap', 'rtp']",252336560693540533935881068298825202077_eps2_s10,Sepsis,WEIGHTED_PROBS_LEN
77.74036697670817,21.230626290291546,174.6,0.33750546257974523,0.10632088556885715,0.0,6.868975546211004,0.8226754377729761,0.2916445285081863,0.37726632430829476,75758.6,0.9127569856214409,0.3622795527338703,0.0012356166480656,1.0,7845.052701159567,21.52440361045301,0.4005425010078871,0.6317976047259712,0.4625051742350913,0.421546723170525,0.7541326337470904,21.0,5.0,0.8,7.0,12.0,1.0,,2.5233656069354052e+38,1.0,1e-15,1.2,42.0,0.2,exhaustive_selection_config,"[[0, 0.1, 0.2, 0.3, 0.4, 0.5, 0.6, 0.7, 0.8, 0.9, 1]]","['nap', 'rtp']",252336560693540533935881068298825202077_eps2_s2,Sepsis,WEIGHTED_PROBS_LEN
77.74036697670817,20.88527754843235,174.6,0.31953725083402007,0.1058087728917598,0.0,6.785334992408752,0.8205880238221935,0.2916445285081863,0.35986396304271434,75758.6,0.9123033947098838,0.36164840377528645,0.0012356166480656,1.0,8094.202728476002,21.472423783689738,0.38499759593248184,0.6260128312678778,0.4518406954793786,0.4186190819408154,0.7502889750157166,21.0,5.0,0.8,7.0,12.0,1.0,,2.5233656069354052e+38,1.0,1e-15,1.2,42.0,0.3,exhaustive_selection_config,"[[0, 0.1, 0.2, 0.3, 0.4, 0.5, 0.6, 0.7, 0.8, 0.9, 1]]","['nap', 'rtp']",252336560693540533935881068298825202077_eps2_s3,Sepsis,WEIGHTED_PROBS_LEN
77.74036697670817,20.539403877407313,174.6,0.3216837283827293,0.10515190847218034,0.0,6.82931133210659,0.810238250261464,0.2916445285081863,0.3630342574962404,75758.6,0.9083063871993968,0.30883948847851583,0.0012356166480656,1.0,8341.862960194052,21.505274521932005,0.38978092785946683,0.621262642399047,0.4544142579977426,0.3591024445082134,0.7397259062603598,21.0,5.0,0.8,7.0,12.0,1.0,,2.5233656069354052e+38,1.0,1e-15,1.2,42.0,0.4,exhaustive_selection_config,"[[0, 0.1, 0.2, 0.3, 0.4, 0.5, 0.6, 0.7, 0.8, 0.9, 1]]","['nap', 'rtp']",252336560693540533935881068298825202077_eps2_s4,Sepsis,WEIGHTED_PROBS_LEN
77.74036697670817,20.750683976709844,174.6,0.3223434319484667,0.11142903119325634,0.0,6.890781667083502,0.8099169551526023,0.2916445285081863,0.3629375780402366,75758.6,0.9079355032287613,0.3125613682048024,0.0012356166480656,1.0,8589.544413737207,21.476908121258017,0.38964336850079123,0.6211232523505898,0.4543506084906032,0.3575124924841657,0.739673877467381,21.0,5.0,0.8,7.0,12.0,1.0,,2.5233656069354052e+38,1.0,1e-15,1.2,42.0,0.5,exhaustive_selection_config,"[[0, 0.1, 0.2, 0.3, 0.4, 0.5, 0.6, 0.7, 0.8, 0.9, 1]]","['nap', 'rtp']",252336560693540533935881068298825202077_eps2_s5,Sepsis,WEIGHTED_PROBS_LEN
77.74036697670817,20.44497001506388,174.6,0.3237477982104202,0.10679172761738294,0.0,6.7999748166650535,0.8052314068289217,0.2916445285081863,0.36423904591114126,75758.6,0.903222687495532,0.25533775964723554,0.0012356166480656,1.0,8836.170321619138,21.484256052598358,0.3910675826630435,0.6225170455808244,0.457034042934656,0.29467805927998897,0.7377893093328568,21.0,5.0,0.8,7.0,12.0,1.0,,2.5233656069354052e+38,1.0,1e-15,1.2,42.0,0.6,exhaustive_selection_config,"[[0, 0.1, 0.2, 0.3, 0.4, 0.5, 0.6, 0.7, 0.8, 0.9, 1]]","['nap', 'rtp']",252336560693540533935881068298825202077_eps2_s6,Sepsis,WEIGHTED_PROBS_LEN
77.74036697670817,20.53740793131292,174.6,0.32347222438257334,0.10857560858130448,0.0,6.774625863879919,0.8049101862868134,0.2916445285081863,0.3639605472857209,75758.6,0.903057884729861,0.2551457075133716,0.0012356166480656,1.0,9082.805156848579,21.53307330608368,0.3907154867800634,0.6222596424050627,0.45671271682056325,0.29368873890008707,0.737480746322838,21.0,5.0,0.8,7.0,12.0,1.0,,2.5233656069354052e+38,1.0,1e-15,1.2,42.0,0.7,exhaustive_selection_config,"[[0, 0.1, 0.2, 0.3, 0.4, 0.5, 0.6, 0.7, 0.8, 0.9, 1]]","['nap', 'rtp']",252336560693540533935881068298825202077_eps2_s7,Sepsis,WEIGHTED_PROBS_LEN
77.74036697670817,20.49087430126965,174.6,0.3233578821366257,0.10658744126558299,0.0,6.783426500111818,0.8052044826928,0.2916445285081863,0.36381516127382174,75758.6,0.9031573172542032,0.25519838671811623,0.0012356166480656,1.0,9329.007307328284,21.49739163555205,0.3906762050806631,0.6224865024418375,0.45682212520074045,0.2936924902612004,0.7377919271638157,21.0,5.0,0.8,7.0,12.0,1.0,,2.5233656069354052e+38,1.0,1e-15,1.2,42.0,0.8,exhaustive_selection_config,"[[0, 0.1, 0.2, 0.3, 0.4, 0.5, 0.6, 0.7, 0.8, 0.9, 1]]","['nap', 'rtp']",252336560693540533935881068298825202077_eps2_s8,Sepsis,WEIGHTED_PROBS_LEN
77.74036697670817,20.539993695542215,174.6,0.3236428812067851,0.10813957899808875,0.0,6.841530140116811,0.8053220618447675,0.2916445285081863,0.3641231936899111,75758.6,0.9032770621475773,0.2552687666555776,0.0012356166480656,1.0,9575.462812175601,21.44133972041309,0.3911008596812868,0.6230503363979144,0.4575277254986581,0.29369034604647215,0.7380267624234502,21.0,5.0,0.8,7.0,12.0,1.0,,2.5233656069354052e+38,1.0,1e-15,1.2,42.0,0.9,exhaustive_selection_config,"[[0, 0.1, 0.2, 0.3, 0.4, 0.5, 0.6, 0.7, 0.8, 0.9, 1]]","['nap', 'rtp']",252336560693540533935881068298825202077_eps2_s9,Sepsis,WEIGHTED_PROBS_LEN
77.74036697670817,20.859069326519965,174.6,0.28648266501567504,0.10716088861227031,0.0,6.856395263597369,0.7987539714929455,0.2916445285081863,0.3292395782829903,75758.6,0.8942531959678149,0.17422918361131198,0.0012356166480656,1.0,10068.781682787463,21.38424055799842,0.35783876288017546,0.597877230321952,0.42691646848538245,0.1752566850802481,0.7210232138702377,21.0,5.0,0.8,9.0,12.0,1.0,,2.5233656069354052e+38,1.0,1e-15,1.2,42.0,0.0,exhaustive_selection_config,"[[0, 0.1, 0.2, 0.3, 0.4, 0.5, 0.6, 0.7, 0.8, 0.9, 1]]","['nap', 'rtp']",252336560693540533935881068298825202077_eps3_s0,Sepsis,WEIGHTED_PROBS_LEN
77.74036697670817,40.41503328531981,174.6,0.1739743084282161,0.10751340538263317,0.0,8.672652945294976,0.936375548063884,0.2916445285081863,0.6907461078316183,75758.6,0.9681851021155552,0.34199331013450757,0.0012356166480656,1.0,10367.3429869771,21.677686972916128,0.7313749761801439,0.8634411686979833,0.7826676977896115,0.5279136902888675,0.9109378949508148,21.0,5.0,0.8,9.0,12.0,1.0,,2.5233656069354052e+38,1.0,1e-15,1.2,42.0,0.1,exhaustive_selection_config,"[[0, 0.1, 0.2, 0.3, 0.4, 0.5, 0.6, 0.7, 0.8, 0.9, 1]]","['nap', 'rtp']",252336560693540533935881068298825202077_eps3_s1,Sepsis,WEIGHTED_PROBS_LEN
77.74036697670817,20.687255785986782,174.6,0.3706850822494019,0.10696629248559472,0.0,6.944946958124637,0.8471264162592341,0.2916445285081863,0.4212218199521695,75758.6,0.9274519502810366,0.3005204650123426,0.0012356166480656,1.0,12685.599706877769,21.67981584854424,0.45367564011929495,0.6819051308508433,0.5265613257908426,0.42454304331775583,0.7805391004330315,21.0,5.0,0.8,9.0,12.0,1.0,,2.5233656069354052e+38,1.0,1e-15,1.2,42.0,1.0,exhaustive_selection_config,"[[0, 0.1, 0.2, 0.3, 0.4, 0.5, 0.6, 0.7, 0.8, 0.9, 1]]","['nap', 'rtp']",252336560693540533935881068298825202077_eps3_s10,Sepsis,WEIGHTED_PROBS_LEN
77.74036697670817,21.109262358024715,174.6,0.34748701511529456,0.10621615760028358,0.0,6.848527060821652,0.8370286521927699,0.2916445285081863,0.3880601375531195,75758.6,0.9205927771480752,0.39665127855908383,0.0012356166480656,1.0,10674.710652469843,21.66034074090421,0.4131671869309724,0.6511190005761022,0.48109114643346923,0.4778204852642177,0.7678292363297965,21.0,5.0,0.8,9.0,12.0,1.0,,2.5233656069354052e+38,1.0,1e-15,1.2,42.0,0.2,exhaustive_selection_config,"[[0, 0.1, 0.2, 0.3, 0.4, 0.5, 0.6, 0.7, 0.8, 0.9, 1]]","['nap', 'rtp']",252336560693540533935881068298825202077_eps3_s2,Sepsis,WEIGHTED_PROBS_LEN
77.74036697670817,21.648055947199463,174.6,0.36786032512964617,0.10609683282673357,0.0,6.871166481822729,0.8375763882061349,0.2916445285081863,0.40926379747485103,75758.6,0.9198594701027278,0.394775817798643,0.0012356166480656,1.0,10932.279608635605,22.328446309268475,0.4360224247494518,0.6616697447626583,0.502580428061418,0.4748375948953815,0.7709118814647271,21.0,5.0,0.8,9.0,12.0,1.0,,2.5233656069354052e+38,1.0,1e-15,1.2,42.0,0.3,exhaustive_selection_config,"[[0, 0.1, 0.2, 0.3, 0.4, 0.5, 0.6, 0.7, 0.8, 0.9, 1]]","['nap', 'rtp']",252336560693540533935881068298825202077_eps3_s3,Sepsis,WEIGHTED_PROBS_LEN
77.74036697670817,21.302049235999583,174.6,0.34955229024114776,0.10656982325017447,0.0,6.82566589191556,0.8374446192124887,0.2916445285081863,0.390375377343522,75758.6,0.9199636326304066,0.3949797417358912,0.0012356166480656,1.0,11182.386563518643,22.10713634714484,0.41616539466087615,0.6535817334102785,0.4842836149529555,0.47391905646698795,0.7690728603045358,21.0,5.0,0.8,9.0,12.0,1.0,,2.5233656069354052e+38,1.0,1e-15,1.2,42.0,0.4,exhaustive_selection_config,"[[0, 0.1, 0.2, 0.3, 0.4, 0.5, 0.6, 0.7, 0.8, 0.9, 1]]","['nap', 'rtp']",252336560693540533935881068298825202077_eps3_s4,Sepsis,WEIGHTED_PROBS_LEN
77.74036697670817,21.433525658398867,174.6,0.34969017058039154,0.10662655681371684,0.0,6.8579673957079645,0.8372213616166542,0.2916445285081863,0.3905038876159864,75758.6,0.9197830647520696,0.39822667426382735,0.0012356166480656,1.0,11439.419996337965,22.182747361436487,0.4162796952606797,0.6535423110244363,0.4842153101728221,0.47384250692168256,0.7690357327683137,21.0,5.0,0.8,9.0,12.0,1.0,,2.5233656069354052e+38,1.0,1e-15,1.2,42.0,0.5,exhaustive_selection_config,"[[0, 0.1, 0.2, 0.3, 0.4, 0.5, 0.6, 0.7, 0.8, 0.9, 1]]","['nap', 'rtp']",252336560693540533935881068298825202077_eps3_s5,Sepsis,WEIGHTED_PROBS_LEN
77.74036697670817,21.315964546427132,174.6,0.35442800103673966,0.10677464753389354,0.0,6.92178521938622,0.8293965107205474,0.2916445285081863,0.3956179616657721,75758.6,0.9156163794214294,0.3421630204795194,0.0012356166480656,1.0,11690.16500095427,22.271489861607552,0.42158439174241763,0.6507230425409228,0.48782532580983745,0.4128796151907993,0.7605687502664422,21.0,5.0,0.8,9.0,12.0,1.0,,2.5233656069354052e+38,1.0,1e-15,1.2,42.0,0.6,exhaustive_selection_config,"[[0, 0.1, 0.2, 0.3, 0.4, 0.5, 0.6, 0.7, 0.8, 0.9, 1]]","['nap', 'rtp']",252336560693540533935881068298825202077_eps3_s6,Sepsis,WEIGHTED_PROBS_LEN
77.74036697670817,20.607777492702006,174.6,0.3544895043871032,0.10831313170492644,0.0,6.784132224693894,0.8290732117495981,0.2916445285081863,0.39568177074881,75758.6,0.915374805485957,0.3421643664182058,0.0012356166480656,1.0,11943.519808731227,21.558766603097318,0.42159385286786205,0.6504445499389744,0.48769055773269,0.41255890953341395,0.760324802773822,21.0,5.0,0.8,9.0,12.0,1.0,,2.5233656069354052e+38,1.0,1e-15,1.2,42.0,0.7,exhaustive_selection_config,"[[0, 0.1, 0.2, 0.3, 0.4, 0.5, 0.6, 0.7, 0.8, 0.9, 1]]","['nap', 'rtp']",252336560693540533935881068298825202077_eps3_s7,Sepsis,WEIGHTED_PROBS_LEN
77.74036697670817,20.70972745679319,174.6,0.3546354530972688,0.10519951730966563,0.0,6.799852529913187,0.8290774689006367,0.2916445285081863,0.3957496084781377,75758.6,0.9153998561116603,0.3422691018436689,0.0012356166480656,1.0,12190.573374288902,21.403942791000013,0.421623159979716,0.6505955542399379,0.4877635515804273,0.4126258121417644,0.7603569034714968,21.0,5.0,0.8,9.0,12.0,1.0,,2.5233656069354052e+38,1.0,1e-15,1.2,42.0,0.8,exhaustive_selection_config,"[[0, 0.1, 0.2, 0.3, 0.4, 0.5, 0.6, 0.7, 0.8, 0.9, 1]]","['nap', 'rtp']",252336560693540533935881068298825202077_eps3_s8,Sepsis,WEIGHTED_PROBS_LEN
77.74036697670817,20.59571752175689,174.6,0.35477248885996526,0.10627625323832031,0.0,6.833854809030891,0.8290783361923266,0.2916445285081863,0.39590678606056506,75758.6,0.9154040036962844,0.34232894007502723,0.0012356166480656,1.0,12437.193775328622,21.327688502520324,0.4217850692164151,0.6507527250746239,0.4880061038834091,0.4123732071528159,0.7604367415229476,21.0,5.0,0.8,9.0,12.0,1.0,,2.5233656069354052e+38,1.0,1e-15,1.2,42.0,0.9,exhaustive_selection_config,"[[0, 0.1, 0.2, 0.3, 0.4, 0.5, 0.6, 0.7, 0.8, 0.9, 1]]","['nap', 'rtp']",252336560693540533935881068298825202077_eps3_s9,Sepsis,WEIGHTED_PROBS_LEN
77.74036697670817,20.75858373083174,174.6,0.28648266501567504,0.10899432152509685,0.0,6.8811390023678545,0.7987539714929455,0.2916445285081863,0.3292395782829903,75758.6,0.8942531959678149,0.17422918361131198,0.0012356166480656,1.0,12934.12934649028,21.615170656889678,0.35783876288017546,0.597877230321952,0.42691646848538245,0.1752566850802481,0.7210232138702377,21.0,5.0,0.8,11.0,12.0,1.0,,2.5233656069354052e+38,1.0,1e-15,1.2,42.0,0.0,exhaustive_selection_config,"[[0, 0.1, 0.2, 0.3, 0.4, 0.5, 0.6, 0.7, 0.8, 0.9, 1]]","['nap', 'rtp']",252336560693540533935881068298825202077_eps4_s0,Sepsis,WEIGHTED_PROBS_LEN
77.74036697670817,40.42280362136662,174.6,0.2101055508808832,0.10690034888684745,0.0,8.674131133034825,0.9374556823942923,0.2916445285081863,0.6901465382837525,75758.6,0.9682047318230126,0.34855643965088257,0.0012356166480656,1.0,13240.913290297613,22.680022275820374,0.7310413730847996,0.8665262399294337,0.7850895301596008,0.5382591635471352,0.9129469245472317,21.0,5.0,0.8,11.0,12.0,1.0,,2.5233656069354052e+38,1.0,1e-15,1.2,42.0,0.1,exhaustive_selection_config,"[[0, 0.1, 0.2, 0.3, 0.4, 0.5, 0.6, 0.7, 0.8, 0.9, 1]]","['nap', 'rtp']",252336560693540533935881068298825202077_eps4_s1,Sepsis,WEIGHTED_PROBS_LEN
77.74036697670817,20.57874903716147,174.6,0.3886648690387016,0.10649974495172498,0.0,7.04828671887517,0.8636926708964248,0.2916445285081863,0.44785747369217876,75758.6,0.9340186070163131,0.3147213968301551,0.0012356166480656,1.0,15570.709002749622,21.457999277859926,0.4830726775958065,0.706989742784849,0.5563190351924715,0.4520922239880466,0.8038223164418034,21.0,5.0,0.8,11.0,12.0,1.0,,2.5233656069354052e+38,1.0,1e-15,1.2,42.0,1.0,exhaustive_selection_config,"[[0, 0.1, 0.2, 0.3, 0.4, 0.5, 0.6, 0.7, 0.8, 0.9, 1]]","['nap', 'rtp']",252336560693540533935881068298825202077_eps4_s10,Sepsis,WEIGHTED_PROBS_LEN
77.74036697670817,22.71236357316375,174.6,0.39584696898880545,0.10445086769759648,0.0,6.889790104702115,0.8497713326045166,0.2916445285081863,0.4375858435945791,75758.6,0.926174238401224,0.39808626927166085,0.0012356166480656,1.0,13553.384213214367,23.03005221784115,0.4618904158649073,0.6846366802498186,0.5289706379064884,0.5034391911597883,0.7880232703980533,21.0,5.0,0.8,11.0,12.0,1.0,,2.5233656069354052e+38,1.0,1e-15,1.2,42.0,0.2,exhaustive_selection_config,"[[0, 0.1, 0.2, 0.3, 0.4, 0.5, 0.6, 0.7, 0.8, 0.9, 1]]","['nap', 'rtp']",252336560693540533935881068298825202077_eps4_s2,Sepsis,WEIGHTED_PROBS_LEN
77.74036697670817,21.702200945466757,174.6,0.3933162569787675,0.10703103542327877,0.0,6.983033301308751,0.8493223598363049,0.2916445285081863,0.4366320571224958,75758.6,0.9256607436290393,0.39618387618514994,0.0012356166480656,1.0,13814.739540177956,22.150609718263148,0.462396016069489,0.684942840713869,0.5300682202777961,0.5003439273295553,0.7874799078378991,21.0,5.0,0.8,11.0,12.0,1.0,,2.5233656069354052e+38,1.0,1e-15,1.2,42.0,0.3,exhaustive_selection_config,"[[0, 0.1, 0.2, 0.3, 0.4, 0.5, 0.6, 0.7, 0.8, 0.9, 1]]","['nap', 'rtp']",252336560693540533935881068298825202077_eps4_s3,Sepsis,WEIGHTED_PROBS_LEN
77.74036697670817,21.560901759564878,174.6,0.3930569449051081,0.10648462846875188,0.0,6.953419840335846,0.849083880061604,0.2916445285081863,0.43637373107839517,75758.6,0.9254509879966385,0.39632016843206685,0.0012356166480656,1.0,14074.579883110151,22.391544573009014,0.4621664911140463,0.6846056031617276,0.5295714040596227,0.4997587079414722,0.7871296210541734,21.0,5.0,0.8,11.0,12.0,1.0,,2.5233656069354052e+38,1.0,1e-15,1.2,42.0,0.4,exhaustive_selection_config,"[[0, 0.1, 0.2, 0.3, 0.4, 0.5, 0.6, 0.7, 0.8, 0.9, 1]]","['nap', 'rtp']",252336560693540533935881068298825202077_eps4_s4,Sepsis,WEIGHTED_PROBS_LEN
77.74036697670817,22.085738322511315,174.6,0.3931036264602733,0.10697453431785102,0.0,6.817858605831861,0.8488899184797738,0.2916445285081863,0.436373171237092,75758.6,0.9254392454300596,0.398601525729737,0.0012356166480656,1.0,14328.0124081254,22.424007612466813,0.4621779806620706,0.6846143226638081,0.5294816386023267,0.4996396603224246,0.787090269584198,21.0,5.0,0.8,11.0,12.0,1.0,,2.5233656069354052e+38,1.0,1e-15,1.2,42.0,0.5,exhaustive_selection_config,"[[0, 0.1, 0.2, 0.3, 0.4, 0.5, 0.6, 0.7, 0.8, 0.9, 1]]","['nap', 'rtp']",252336560693540533935881068298825202077_eps4_s5,Sepsis,WEIGHTED_PROBS_LEN
77.74036697670817,20.54619748555124,174.6,0.3837208420490711,0.10627793967723842,0.0,6.872456951066852,0.8490144015440098,0.2916445285081863,0.4265272765145377,75758.6,0.9256014913539745,0.39866631529671226,0.0012356166480656,1.0,14581.338590664789,21.437873833626508,0.4519417268693089,0.6813062502393455,0.5197336806880939,0.499593410887569,0.7871766099910757,21.0,5.0,0.8,11.0,12.0,1.0,,2.5233656069354052e+38,1.0,1e-15,1.2,42.0,0.6,exhaustive_selection_config,"[[0, 0.1, 0.2, 0.3, 0.4, 0.5, 0.6, 0.7, 0.8, 0.9, 1]]","['nap', 'rtp']",252336560693540533935881068298825202077_eps4_s6,Sepsis,WEIGHTED_PROBS_LEN
77.74036697670817,20.563561475649475,174.6,0.38380447686261693,0.10648216605186459,0.0,6.897291860729456,0.8489415561052132,0.2916445285081863,0.4266165839670708,75758.6,0.9255351642886339,0.3986676612353987,0.0012356166480656,1.0,14828.447437356412,21.48215992115438,0.4520578280492165,0.681289874871333,0.5198120910380114,0.49927270523018363,0.7871229674250549,21.0,5.0,0.8,11.0,12.0,1.0,,2.5233656069354052e+38,1.0,1e-15,1.2,42.0,0.7,exhaustive_selection_config,"[[0, 0.1, 0.2, 0.3, 0.4, 0.5, 0.6, 0.7, 0.8, 0.9, 1]]","['nap', 'rtp']",252336560693540533935881068298825202077_eps4_s7,Sepsis,WEIGHTED_PROBS_LEN
77.74036697670817,20.69629674255848,174.6,0.3840109959737498,0.10693009458482258,0.0,6.919483706355095,0.8490493264330568,0.2916445285081863,0.4268407459645118,75758.6,0.9255743683206814,0.3988390918343364,0.0012356166480656,1.0,15075.853241601959,21.38648988008499,0.4522863143723731,0.6814651445183745,0.5199659060810353,0.49933960783853404,0.7872820552163416,21.0,5.0,0.8,11.0,12.0,1.0,,2.5233656069354052e+38,1.0,1e-15,1.2,42.0,0.8,exhaustive_selection_config,"[[0, 0.1, 0.2, 0.3, 0.4, 0.5, 0.6, 0.7, 0.8, 0.9, 1]]","['nap', 'rtp']",252336560693540533935881068298825202077_eps4_s8,Sepsis,WEIGHTED_PROBS_LEN
77.74036697670817,20.62511764988303,174.6,0.38421783351106165,0.10818336457014081,0.0,6.857779877260327,0.8491140500156634,0.2916445285081863,0.4270475527424388,75758.6,0.9255715870746739,0.399020385665719,0.0012356166480656,1.0,15323.27584001124,21.393626544997097,0.4524703053642993,0.6815866614979983,0.5201038443995342,0.499533350009702,0.7874114328400622,21.0,5.0,0.8,11.0,12.0,1.0,,2.5233656069354052e+38,1.0,1e-15,1.2,42.0,0.9,exhaustive_selection_config,"[[0, 0.1, 0.2, 0.3, 0.4, 0.5, 0.6, 0.7, 0.8, 0.9, 1]]","['nap', 'rtp']",252336560693540533935881068298825202077_eps4_s9,Sepsis,WEIGHTED_PROBS_LEN
77.74036697670817,20.722949220985175,174.6,0.28648266501567504,0.1057659592479467,0.0,6.8459636937826875,0.7987539714929455,0.2916445285081863,0.3292395782829903,75758.6,0.8942531959678149,0.17422918361131198,0.0012356166480656,1.0,15819.19284407273,21.755694846063854,0.35783876288017546,0.597877230321952,0.42691646848538245,0.1752566850802481,0.7210232138702377,21.0,5.0,0.8,13.0,12.0,1.0,,2.5233656069354052e+38,1.0,1e-15,1.2,42.0,0.0,exhaustive_selection_config,"[[0, 0.1, 0.2, 0.3, 0.4, 0.5, 0.6, 0.7, 0.8, 0.9, 1]]","['nap', 'rtp']",252336560693540533935881068298825202077_eps5_s0,Sepsis,WEIGHTED_PROBS_LEN
77.74036697670817,40.07014059945941,174.6,0.2140250998144349,0.10462088659405702,0.0,8.66286851502955,0.9385604119995505,0.2916445285081863,0.691229104579602,75758.6,0.9678918451507492,0.34930676422320245,0.0012356166480656,1.0,16117.77450397499,21.452448435127735,0.7319448400868324,0.8669691033614327,0.7857400265037766,0.5386980120436695,0.9138201237213159,21.0,5.0,0.8,13.0,12.0,1.0,,2.5233656069354052e+38,1.0,1e-15,1.2,42.0,0.1,exhaustive_selection_config,"[[0, 0.1, 0.2, 0.3, 0.4, 0.5, 0.6, 0.7, 0.8, 0.9, 1]]","['nap', 'rtp']",252336560693540533935881068298825202077_eps5_s1,Sepsis,WEIGHTED_PROBS_LEN
77.74036697670817,20.72786168307066,174.6,0.40045573279243385,0.10893398411571975,0.0,7.083739850670099,0.8720250452823812,0.2916445285081863,0.461547501108449,75758.6,0.9378118297991698,0.3450189188763778,0.0012356166480656,1.0,18407.64979743883,21.45271671451628,0.4956614821476128,0.716313481273404,0.5676934729918639,0.49390067026600687,0.8142818709937687,21.0,5.0,0.8,13.0,12.0,1.0,,2.5233656069354052e+38,1.0,1e-15,1.2,42.0,1.0,exhaustive_selection_config,"[[0, 0.1, 0.2, 0.3, 0.4, 0.5, 0.6, 0.7, 0.8, 0.9, 1]]","['nap', 'rtp']",252336560693540533935881068298825202077_eps5_s10,Sepsis,WEIGHTED_PROBS_LEN
77.74036697670817,21.140909865498543,174.6,0.4036571914247961,0.10601656585931774,0.0,6.962547025457025,0.8528381288130928,0.2916445285081863,0.4449738868545312,75758.6,0.9267716703372052,0.3989552262738048,0.0012356166480656,1.0,16422.370149316637,21.45595788396895,0.46869395327879426,0.6882816172111139,0.5339400649989946,0.5067303596920143,0.7913288121638246,21.0,5.0,0.8,13.0,12.0,1.0,,2.5233656069354052e+38,1.0,1e-15,1.2,42.0,0.2,exhaustive_selection_config,"[[0, 0.1, 0.2, 0.3, 0.4, 0.5, 0.6, 0.7, 0.8, 0.9, 1]]","['nap', 'rtp']",252336560693540533935881068298825202077_eps5_s2,Sepsis,WEIGHTED_PROBS_LEN
77.74036697670817,20.89378984756768,174.6,0.4001044672771159,0.10739253871142859,0.0,6.925443996489048,0.851627886645483,0.2916445285081863,0.4416025592540492,75758.6,0.9262414313003932,0.3973837651381076,0.0012356166480656,1.0,16672.447492870317,21.57544676735997,0.4663087242885456,0.6860494074816345,0.5303841589041819,0.5045919782498391,0.7896685912009449,21.0,5.0,0.8,13.0,12.0,1.0,,2.5233656069354052e+38,1.0,1e-15,1.2,42.0,0.3,exhaustive_selection_config,"[[0, 0.1, 0.2, 0.3, 0.4, 0.5, 0.6, 0.7, 0.8, 0.9, 1]]","['nap', 'rtp']",252336560693540533935881068298825202077_eps5_s3,Sepsis,WEIGHTED_PROBS_LEN
77.74036697670817,20.771118220314385,174.6,0.4015332956588111,0.10729782991111272,0.0,6.939270637184381,0.8514201845754208,0.2916445285081863,0.4428249280982313,75758.6,0.9260590467085456,0.39717145242634777,0.0012356166480656,1.0,16920.65390599482,21.349629992246626,0.4670118041052763,0.6870141483999636,0.5330225533457085,0.5035415332473623,0.7899178407096789,21.0,5.0,0.8,13.0,12.0,1.0,,2.5233656069354052e+38,1.0,1e-15,1.2,42.0,0.4,exhaustive_selection_config,"[[0, 0.1, 0.2, 0.3, 0.4, 0.5, 0.6, 0.7, 0.8, 0.9, 1]]","['nap', 'rtp']",252336560693540533935881068298825202077_eps5_s4,Sepsis,WEIGHTED_PROBS_LEN
77.74036697670817,20.7457530092448,174.6,0.4014725794938296,0.1067528292536735,0.0,6.903731863200664,0.8515959413849263,0.2916445285081863,0.4427235101408775,75758.6,0.9261798453376417,0.39876843932240075,0.0012356166480656,1.0,17169.026028309763,21.4996165830642,0.4668743964893669,0.6872098898002441,0.5329656922733765,0.5034820094378385,0.7900230706419874,21.0,5.0,0.8,13.0,12.0,1.0,,2.5233656069354052e+38,1.0,1e-15,1.2,42.0,0.5,exhaustive_selection_config,"[[0, 0.1, 0.2, 0.3, 0.4, 0.5, 0.6, 0.7, 0.8, 0.9, 1]]","['nap', 'rtp']",252336560693540533935881068298825202077_eps5_s5,Sepsis,WEIGHTED_PROBS_LEN
77.74036697670817,20.658105000481008,174.6,0.40127463507420363,0.10553105100989335,0.0,6.839535334706307,0.8515879706323929,0.2916445285081863,0.44250488394663734,75758.6,0.926132431027955,0.39883456275625606,0.0012356166480656,1.0,17415.96290250756,21.302140859887004,0.46664265015256207,0.6870493441728689,0.532655154970407,0.5034357600029828,0.7900039109794788,21.0,5.0,0.8,13.0,12.0,1.0,,2.5233656069354052e+38,1.0,1e-15,1.2,42.0,0.6,exhaustive_selection_config,"[[0, 0.1, 0.2, 0.3, 0.4, 0.5, 0.6, 0.7, 0.8, 0.9, 1]]","['nap', 'rtp']",252336560693540533935881068298825202077_eps5_s6,Sepsis,WEIGHTED_PROBS_LEN
77.74036697670817,20.794347236678004,174.6,0.4012233297059744,0.11066938079893587,0.0,6.832729877531529,0.8514551110141252,0.2916445285081863,0.44244304374788185,75758.6,0.9260547466449628,0.3988359086949425,0.0012356166480656,1.0,17663.921061434223,21.52493519596755,0.4666038671939363,0.6869200301866234,0.53263363638255,0.5031150543455976,0.7899210283361249,21.0,5.0,0.8,13.0,12.0,1.0,,2.5233656069354052e+38,1.0,1e-15,1.2,42.0,0.7,exhaustive_selection_config,"[[0, 0.1, 0.2, 0.3, 0.4, 0.5, 0.6, 0.7, 0.8, 0.9, 1]]","['nap', 'rtp']",252336560693540533935881068298825202077_eps5_s7,Sepsis,WEIGHTED_PROBS_LEN
77.74036697670817,20.695151406526566,174.6,0.4013898198484792,0.10684792585670944,0.0,6.8637788068503145,0.8514400217440861,0.2916445285081863,0.4425997235489346,75758.6,0.9260379602452726,0.3989406441204055,0.0012356166480656,1.0,17911.64797854014,21.51020073182881,0.46672258185992277,0.6869777971240263,0.5327123518069643,0.503181956953948,0.789964532821792,21.0,5.0,0.8,13.0,12.0,1.0,,2.5233656069354052e+38,1.0,1e-15,1.2,42.0,0.8,exhaustive_selection_config,"[[0, 0.1, 0.2, 0.3, 0.4, 0.5, 0.6, 0.7, 0.8, 0.9, 1]]","['nap', 'rtp']",252336560693540533935881068298825202077_eps5_s8,Sepsis,WEIGHTED_PROBS_LEN
77.74036697670817,20.724930296465754,174.6,0.40161898002992824,0.10683491788804526,0.0,6.846648071706295,0.8514097774859131,0.2916445285081863,0.44281450661527,75758.6,0.9260244430589839,0.3993089189106931,0.0012356166480656,1.0,18159.225083548205,21.436385529488327,0.46693127207517177,0.6870901138463152,0.5328205929780635,0.5034431388018096,0.789999317941046,21.0,5.0,0.8,13.0,12.0,1.0,,2.5233656069354052e+38,1.0,1e-15,1.2,42.0,0.9,exhaustive_selection_config,"[[0, 0.1, 0.2, 0.3, 0.4, 0.5, 0.6, 0.7, 0.8, 0.9, 1]]","['nap', 'rtp']",252336560693540533935881068298825202077_eps5_s9,Sepsis,WEIGHTED_PROBS_LEN
77.74036697670817,20.72728210426867,174.6,0.28648266501567504,0.10704337358474728,0.0,6.91301025711,0.7987539714929455,0.2916445285081863,0.3292395782829903,75758.6,0.8942531959678149,0.17422918361131198,0.0012356166480656,1.0,18656.478258357198,21.533542132377626,0.35783876288017546,0.597877230321952,0.42691646848538245,0.1752566850802481,0.7210232138702377,21.0,5.0,0.8,15.0,12.0,1.0,,2.5233656069354052e+38,1.0,1e-15,1.2,42.0,0.0,exhaustive_selection_config,"[[0, 0.1, 0.2, 0.3, 0.4, 0.5, 0.6, 0.7, 0.8, 0.9, 1]]","['nap', 'rtp']",252336560693540533935881068298825202077_eps6_s0,Sepsis,WEIGHTED_PROBS_LEN
77.74036697670817,40.53921935595572,174.6,0.216991012510679,0.10706323981285093,0.0,8.728107853978873,0.9390546279311531,0.2916445285081863,0.6912427486097539,75758.6,0.9677392881631445,0.35292125575217337,0.0012356166480656,1.0,18956.206531004605,21.498849162831903,0.7317599580849474,0.8668635749268745,0.785430984418765,0.5407226543915289,0.9138850923498877,21.0,5.0,0.8,15.0,12.0,1.0,,2.5233656069354052e+38,1.0,1e-15,1.2,42.0,0.1,exhaustive_selection_config,"[[0, 0.1, 0.2, 0.3, 0.4, 0.5, 0.6, 0.7, 0.8, 0.9, 1]]","['nap', 'rtp']",252336560693540533935881068298825202077_eps6_s1,Sepsis,WEIGHTED_PROBS_LEN
77.74036697670817,20.719449530169367,174.6,0.4114185871048791,0.10623093172907824,0.0,7.182052750885487,0.8779625496097623,0.2916445285081863,0.4724822195647581,75758.6,0.9402440920062572,0.36700473142956846,0.0012356166480656,1.0,21257.985579935834,21.456596813723444,0.5062970760058354,0.7258109137402694,0.5767879336021682,0.5168362437032232,0.8219080446891214,21.0,5.0,0.8,15.0,12.0,1.0,,2.5233656069354052e+38,1.0,1e-15,1.2,42.0,1.0,exhaustive_selection_config,"[[0, 0.1, 0.2, 0.3, 0.4, 0.5, 0.6, 0.7, 0.8, 0.9, 1]]","['nap', 'rtp']",252336560693540533935881068298825202077_eps6_s10,Sepsis,WEIGHTED_PROBS_LEN
77.74036697670817,21.20502290353179,174.6,0.4089605689376419,0.10676159337162967,0.0,6.864439066872,0.8553841002094258,0.2916445285081863,0.4498064899326576,75758.6,0.9276972490796261,0.40406138191097246,0.0012356166480656,1.0,19262.755128345638,21.63127343542874,0.47317011546423426,0.6917331908607298,0.5382975238940213,0.5118854882844652,0.7941440224293077,21.0,5.0,0.8,15.0,12.0,1.0,,2.5233656069354052e+38,1.0,1e-15,1.2,42.0,0.2,exhaustive_selection_config,"[[0, 0.1, 0.2, 0.3, 0.4, 0.5, 0.6, 0.7, 0.8, 0.9, 1]]","['nap', 'rtp']",252336560693540533935881068298825202077_eps6_s2,Sepsis,WEIGHTED_PROBS_LEN
77.74036697670817,20.927652641013264,174.6,0.4050708511021348,0.1071846671402454,0.0,6.889217101410031,0.8542525440463399,0.2916445285081863,0.446004261639706,75758.6,0.9271129040360121,0.4021774867462823,0.0012356166480656,1.0,19512.207561941446,21.417258233204485,0.46979440259815697,0.6893760189647328,0.5358309660849099,0.5084654782141904,0.7926440427737205,21.0,5.0,0.8,15.0,12.0,1.0,,2.5233656069354052e+38,1.0,1e-15,1.2,42.0,0.3,exhaustive_selection_config,"[[0, 0.1, 0.2, 0.3, 0.4, 0.5, 0.6, 0.7, 0.8, 0.9, 1]]","['nap', 'rtp']",252336560693540533935881068298825202077_eps6_s3,Sepsis,WEIGHTED_PROBS_LEN
77.74036697670817,20.631492246314885,174.6,0.4051139675285901,0.10600058697164054,0.0,6.879827569052577,0.8538854201071846,0.2916445285081863,0.4458782690777384,75758.6,0.926925173458154,0.40246722855239464,0.0012356166480656,1.0,19760.081223208457,21.45022993348539,0.46961079201032907,0.6890542952912212,0.5352919137084382,0.5080666221984486,0.7922664026792118,21.0,5.0,0.8,15.0,12.0,1.0,,2.5233656069354052e+38,1.0,1e-15,1.2,42.0,0.4,exhaustive_selection_config,"[[0, 0.1, 0.2, 0.3, 0.4, 0.5, 0.6, 0.7, 0.8, 0.9, 1]]","['nap', 'rtp']",252336560693540533935881068298825202077_eps6_s4,Sepsis,WEIGHTED_PROBS_LEN
77.74036697670817,20.73156138546765,174.6,0.40530907500726093,0.10681519471108909,0.0,6.970725301280618,0.8539739261071857,0.2916445285081863,0.4459391593594388,75758.6,0.9269111301561382,0.403523104023438,0.0012356166480656,1.0,20007.91834847592,21.546708589047196,0.469731619231535,0.689530049351865,0.5362250984595278,0.5079438232182876,0.7924976196902476,21.0,5.0,0.8,15.0,12.0,1.0,,2.5233656069354052e+38,1.0,1e-15,1.2,42.0,0.5,exhaustive_selection_config,"[[0, 0.1, 0.2, 0.3, 0.4, 0.5, 0.6, 0.7, 0.8, 0.9, 1]]","['nap', 'rtp']",252336560693540533935881068298825202077_eps6_s5,Sepsis,WEIGHTED_PROBS_LEN
77.74036697670817,20.711052613332868,174.6,0.4053572822144901,0.10985032804310316,0.0,6.907293253019452,0.8539496486196363,0.2916445285081863,0.44592503791340343,75758.6,0.9268489321369465,0.4035482167027089,0.0012356166480656,1.0,20256.699941885472,21.506205174326897,0.46972560350425974,0.6894853021805109,0.536185574177068,0.5080281647073628,0.7925021497740785,21.0,5.0,0.8,15.0,12.0,1.0,,2.5233656069354052e+38,1.0,1e-15,1.2,42.0,0.6,exhaustive_selection_config,"[[0, 0.1, 0.2, 0.3, 0.4, 0.5, 0.6, 0.7, 0.8, 0.9, 1]]","['nap', 'rtp']",252336560693540533935881068298825202077_eps6_s6,Sepsis,WEIGHTED_PROBS_LEN
77.74036697670817,21.287450015917422,174.6,0.405336070531494,0.10761910527944563,0.0,6.938152942806482,0.8538712568432143,0.2916445285081863,0.44586429523972404,75758.6,0.926772041578911,0.40354956264139535,0.0012356166480656,1.0,20506.746699534728,22.6561621889472,0.4696424192880445,0.6894241529993936,0.5361168025637295,0.5077074590499775,0.7924307768379937,21.0,5.0,0.8,15.0,12.0,1.0,,2.5233656069354052e+38,1.0,1e-15,1.2,42.0,0.7,exhaustive_selection_config,"[[0, 0.1, 0.2, 0.3, 0.4, 0.5, 0.6, 0.7, 0.8, 0.9, 1]]","['nap', 'rtp']",252336560693540533935881068298825202077_eps6_s7,Sepsis,WEIGHTED_PROBS_LEN
77.74036697670817,20.625003357976674,174.6,0.40548663031346166,0.1060431484133005,0.0,6.914713617786765,0.8538828965295133,0.2916445285081863,0.44602614070792923,75758.6,0.9267666812187821,0.4036542980668584,0.0012356166480656,1.0,20761.655903256313,21.505418371036647,0.4698091685825835,0.6895263860755078,0.536277145144304,0.5077743616583279,0.7924530566128146,21.0,5.0,0.8,15.0,12.0,1.0,,2.5233656069354052e+38,1.0,1e-15,1.2,42.0,0.8,exhaustive_selection_config,"[[0, 0.1, 0.2, 0.3, 0.4, 0.5, 0.6, 0.7, 0.8, 0.9, 1]]","['nap', 'rtp']",252336560693540533935881068298825202077_eps6_s8,Sepsis,WEIGHTED_PROBS_LEN
77.74036697670817,20.68572414405644,174.6,0.4055582377327158,0.10744998194277282,0.0,6.928369924426079,0.8538720540779792,0.2916445285081863,0.4460832196028296,75758.6,0.9267613448135006,0.4040687089586454,0.0012356166480656,1.0,21009.355980331078,21.458325834944844,0.4698613854815087,0.6894827922508735,0.536312474977231,0.5081008389681549,0.7924428252027749,21.0,5.0,0.8,15.0,12.0,1.0,,2.5233656069354052e+38,1.0,1e-15,1.2,42.0,0.9,exhaustive_selection_config,"[[0, 0.1, 0.2, 0.3, 0.4, 0.5, 0.6, 0.7, 0.8, 0.9, 1]]","['nap', 'rtp']",252336560693540533935881068298825202077_eps6_s9,Sepsis,WEIGHTED_PROBS_LEN
77.74036697670817,21.578017312288285,174.6,0.28648266501567504,0.10784017816185949,0.0,6.8074563454836605,0.7987539714929455,0.2916445285081863,0.3292395782829903,75758.6,0.8942531959678149,0.17422918361131198,0.0012356166480656,1.0,21510.515946907177,22.49722037166357,0.35783876288017546,0.597877230321952,0.42691646848538245,0.1752566850802481,0.7210232138702377,21.0,5.0,0.8,17.0,12.0,1.0,,2.5233656069354052e+38,1.0,1e-15,1.2,42.0,0.0,exhaustive_selection_config,"[[0, 0.1, 0.2, 0.3, 0.4, 0.5, 0.6, 0.7, 0.8, 0.9, 1]]","['nap', 'rtp']",252336560693540533935881068298825202077_eps7_s0,Sepsis,WEIGHTED_PROBS_LEN
77.74036697670817,41.24201826751232,174.6,0.2194999606913679,0.10835017971694465,0.0,8.63592781983316,0.939311850829068,0.2916445285081863,0.6906870698609267,75758.6,0.9677035132537878,0.3543301457114163,0.0012356166480656,1.0,21816.801236339285,22.301346883177757,0.7309902478358425,0.8666693995354502,0.7846873672895212,0.5414312534775488,0.9139846102750045,21.0,5.0,0.8,17.0,12.0,1.0,,2.5233656069354052e+38,1.0,1e-15,1.2,42.0,0.1,exhaustive_selection_config,"[[0, 0.1, 0.2, 0.3, 0.4, 0.5, 0.6, 0.7, 0.8, 0.9, 1]]","['nap', 'rtp']",252336560693540533935881068298825202077_eps7_s1,Sepsis,WEIGHTED_PROBS_LEN
77.74036697670817,20.848552523553373,174.6,0.41626180233418986,0.10887867473065849,0.0,7.080699684470892,0.8807744187568842,0.2916445285081863,0.4806183423544351,75758.6,0.9417991812347406,0.3779277941919951,0.0012356166480656,1.0,24153.718592936173,21.677943278849124,0.5143835289841502,0.7319702125642128,0.5841069882219257,0.5287150924143262,0.8262980853564033,21.0,5.0,0.8,17.0,12.0,1.0,,2.5233656069354052e+38,1.0,1e-15,1.2,42.0,1.0,exhaustive_selection_config,"[[0, 0.1, 0.2, 0.3, 0.4, 0.5, 0.6, 0.7, 0.8, 0.9, 1]]","['nap', 'rtp']",252336560693540533935881068298825202077_eps7_s10,Sepsis,WEIGHTED_PROBS_LEN
77.74036697670817,21.209195582941174,174.6,0.40935381899305234,0.10861758664250368,0.0,6.84683990702033,0.856401563668118,0.2916445285081863,0.4499969241618006,75758.6,0.927893323545675,0.4071835811821396,0.0012356166480656,1.0,22128.875911541654,21.660312275215983,0.4735530880814648,0.6926080348897663,0.5390399061200019,0.5144067700846426,0.7952252794256162,21.0,5.0,0.8,17.0,12.0,1.0,,2.5233656069354052e+38,1.0,1e-15,1.2,42.0,0.2,exhaustive_selection_config,"[[0, 0.1, 0.2, 0.3, 0.4, 0.5, 0.6, 0.7, 0.8, 0.9, 1]]","['nap', 'rtp']",252336560693540533935881068298825202077_eps7_s2,Sepsis,WEIGHTED_PROBS_LEN
77.74036697670817,21.62644039206207,174.6,0.4065024842747869,0.10671426393091676,0.0,6.880378540232778,0.8557429009544825,0.2916445285081863,0.4474085213865807,75758.6,0.9277398047262251,0.4053216305257018,0.0012356166480656,1.0,22381.724568217993,22.33891345076263,0.4712177122684256,0.6909022937454814,0.537328628959783,0.5117613196127409,0.7940646909367901,21.0,5.0,0.8,17.0,12.0,1.0,,2.5233656069354052e+38,1.0,1e-15,1.2,42.0,0.3,exhaustive_selection_config,"[[0, 0.1, 0.2, 0.3, 0.4, 0.5, 0.6, 0.7, 0.8, 0.9, 1]]","['nap', 'rtp']",252336560693540533935881068298825202077_eps7_s3,Sepsis,WEIGHTED_PROBS_LEN
77.74036697670817,21.5218035787344,174.6,0.4067795174346894,0.1073591589927673,0.0,6.941225606948137,0.8552825213918499,0.2916445285081863,0.44761021019311426,75758.6,0.9274823715553197,0.40553387637580657,0.0012356166480656,1.0,22640.467130412533,22.147178164869548,0.47130503150494885,0.6906929670747758,0.5371731903837911,0.5111012817491373,0.7936906909158717,21.0,5.0,0.8,17.0,12.0,1.0,,2.5233656069354052e+38,1.0,1e-15,1.2,42.0,0.4,exhaustive_selection_config,"[[0, 0.1, 0.2, 0.3, 0.4, 0.5, 0.6, 0.7, 0.8, 0.9, 1]]","['nap', 'rtp']",252336560693540533935881068298825202077_eps7_s4,Sepsis,WEIGHTED_PROBS_LEN
77.74036697670817,21.46127086505294,174.6,0.40658483398843953,0.10686670914292332,0.0,6.871347026899457,0.8552079709372041,0.2916445285081863,0.44742859828469134,75758.6,0.9273937349139795,0.40636177176592864,0.0012356166480656,1.0,22896.43626540266,22.295998198539017,0.47121947560800315,0.6904824228277636,0.5369540407096993,0.5109227103205659,0.7935417142599682,21.0,5.0,0.8,17.0,12.0,1.0,,2.5233656069354052e+38,1.0,1e-15,1.2,42.0,0.5,exhaustive_selection_config,"[[0, 0.1, 0.2, 0.3, 0.4, 0.5, 0.6, 0.7, 0.8, 0.9, 1]]","['nap', 'rtp']",252336560693540533935881068298825202077_eps7_s5,Sepsis,WEIGHTED_PROBS_LEN
77.74036697670817,21.229605846107006,174.6,0.4063418025943766,0.10918715894222256,0.0,8.805589167773723,0.8551799082893838,0.2916445285081863,0.447186228021066,75758.6,0.927327973435443,0.40634820230567714,0.0012356166480656,1.0,23157.89401584454,22.20631509721279,0.4709759687602477,0.6904224199691795,0.5366676510792665,0.5108764608857104,0.7935612655737739,21.0,5.0,0.8,17.0,12.0,1.0,,2.5233656069354052e+38,1.0,1e-15,1.2,42.0,0.6,exhaustive_selection_config,"[[0, 0.1, 0.2, 0.3, 0.4, 0.5, 0.6, 0.7, 0.8, 0.9, 1]]","['nap', 'rtp']",252336560693540533935881068298825202077_eps7_s6,Sepsis,WEIGHTED_PROBS_LEN
77.74036697670817,20.575407098606227,174.6,0.4062339731819982,0.109601229801774,0.0,6.774899904802441,0.8549614128182812,0.2916445285081863,0.44706903565034983,75758.6,0.9271884010485103,0.4063495482443636,0.0012356166480656,1.0,23411.834603333475,21.561808707937598,0.47083281042714586,0.6901251658126214,0.5364177092559091,0.510555755228325,0.793308792324108,21.0,5.0,0.8,17.0,12.0,1.0,,2.5233656069354052e+38,1.0,1e-15,1.2,42.0,0.7,exhaustive_selection_config,"[[0, 0.1, 0.2, 0.3, 0.4, 0.5, 0.6, 0.7, 0.8, 0.9, 1]]","['nap', 'rtp']",252336560693540533935881068298825202077_eps7_s7,Sepsis,WEIGHTED_PROBS_LEN
77.74036697670817,20.642994019016623,174.6,0.40617333228329927,0.10760406181216235,0.0,6.776949243620038,0.8547978840894664,0.2916445285081863,0.44704776701799087,75758.6,0.9270661517668248,0.40645428366982667,0.0012356166480656,1.0,23658.68144941069,21.35476012155414,0.4708168699588976,0.6900989868589491,0.5364118484462381,0.5106226578366754,0.7931529265508275,21.0,5.0,0.8,17.0,12.0,1.0,,2.5233656069354052e+38,1.0,1e-15,1.2,42.0,0.8,exhaustive_selection_config,"[[0, 0.1, 0.2, 0.3, 0.4, 0.5, 0.6, 0.7, 0.8, 0.9, 1]]","['nap', 'rtp']",252336560693540533935881068298825202077_eps7_s8,Sepsis,WEIGHTED_PROBS_LEN
77.74036697670817,20.64770949818194,174.6,0.4063125690027425,0.1080369938164949,0.0,6.904415483027696,0.8547809530791101,0.2916445285081863,0.44719206857365057,75758.6,0.9270050328180247,0.40666551437587445,0.0012356166480656,1.0,23905.223788737134,21.32684861496091,0.4709698937205931,0.6901830529654605,0.5365257969759576,0.5108185442225717,0.7932071175234636,21.0,5.0,0.8,17.0,12.0,1.0,,2.5233656069354052e+38,1.0,1e-15,1.2,42.0,0.9,exhaustive_selection_config,"[[0, 0.1, 0.2, 0.3, 0.4, 0.5, 0.6, 0.7, 0.8, 0.9, 1]]","['nap', 'rtp']",252336560693540533935881068298825202077_eps7_s9,Sepsis,WEIGHTED_PROBS_LEN
77.74036697670817,20.884676745533945,174.6,0.28648266501567504,0.10723858289420603,0.0,6.764917627722025,0.7987539714929455,0.2916445285081863,0.3292395782829903,75758.6,0.8942531959678149,0.17422918361131198,0.0012356166480656,1.0,24403.810561237486,21.603554651141167,0.35783876288017546,0.597877230321952,0.42691646848538245,0.1752566850802481,0.7210232138702377,21.0,5.0,0.8,19.0,12.0,1.0,,2.5233656069354052e+38,1.0,1e-15,1.2,42.0,0.0,exhaustive_selection_config,"[[0, 0.1, 0.2, 0.3, 0.4, 0.5, 0.6, 0.7, 0.8, 0.9, 1]]","['nap', 'rtp']",252336560693540533935881068298825202077_eps8_s0,Sepsis,WEIGHTED_PROBS_LEN
77.74036697670817,40.53274826854467,174.6,0.2198635064580389,0.10598312877118583,0.0,8.619446824118494,0.9390062883553899,0.2916445285081863,0.6900812261571191,75758.6,0.9675304894469969,0.3535745053734272,0.0012356166480656,1.0,24702.9671512261,21.640974243730305,0.7303616158937938,0.8660611341395967,0.7839383586578977,0.5413341746821486,0.9135813033906816,21.0,5.0,0.8,19.0,12.0,1.0,,2.5233656069354052e+38,1.0,1e-15,1.2,42.0,0.1,exhaustive_selection_config,"[[0, 0.1, 0.2, 0.3, 0.4, 0.5, 0.6, 0.7, 0.8, 0.9, 1]]","['nap', 'rtp']",252336560693540533935881068298825202077_eps8_s1,Sepsis,WEIGHTED_PROBS_LEN
77.74036697670817,21.054076644405722,174.6,0.4193804588035907,0.1061059821397066,0.0,7.124847443401814,0.883048407015081,0.2916445285081863,0.48498355434354,75758.6,0.9427486536973394,0.39104328968759317,0.0012356166480656,1.0,27001.97382624559,21.885651119425894,0.5179111695671337,0.7361806107882563,0.5870383252417446,0.5404024363104545,0.8292056937201497,21.0,5.0,0.8,19.0,12.0,1.0,,2.5233656069354052e+38,1.0,1e-15,1.2,42.0,1.0,exhaustive_selection_config,"[[0, 0.1, 0.2, 0.3, 0.4, 0.5, 0.6, 0.7, 0.8, 0.9, 1]]","['nap', 'rtp']",252336560693540533935881068298825202077_eps8_s10,Sepsis,WEIGHTED_PROBS_LEN
77.74036697670817,21.424781304970384,174.6,0.40916722562124674,0.1086706198751926,0.0,7.01755497418344,0.856634570879667,0.2916445285081863,0.4507845665313587,75758.6,0.9279700017389665,0.40699340486315394,0.0012356166480656,1.0,25011.39952596128,21.595018568262457,0.47462904576361026,0.6930098132954768,0.540110837274373,0.514976087856397,0.7955677881931227,21.0,5.0,0.8,19.0,12.0,1.0,,2.5233656069354052e+38,1.0,1e-15,1.2,42.0,0.2,exhaustive_selection_config,"[[0, 0.1, 0.2, 0.3, 0.4, 0.5, 0.6, 0.7, 0.8, 0.9, 1]]","['nap', 'rtp']",252336560693540533935881068298825202077_eps8_s2,Sepsis,WEIGHTED_PROBS_LEN
77.74036697670817,21.161618068441747,174.6,0.4061082935479246,0.11023782230913637,0.0,6.814653591811657,0.8557604766184539,0.2916445285081863,0.4477324650943685,75758.6,0.9276677156247815,0.40497142141204057,0.0012356166480656,1.0,25262.36782749109,21.496172216534614,0.4718008063075273,0.6909527858907016,0.537765436238171,0.5121654642539921,0.7941121018653013,21.0,5.0,0.8,19.0,12.0,1.0,,2.5233656069354052e+38,1.0,1e-15,1.2,42.0,0.3,exhaustive_selection_config,"[[0, 0.1, 0.2, 0.3, 0.4, 0.5, 0.6, 0.7, 0.8, 0.9, 1]]","['nap', 'rtp']",252336560693540533935881068298825202077_eps8_s3,Sepsis,WEIGHTED_PROBS_LEN
77.74036697670817,20.82289561517537,174.6,0.4063057435163964,0.10977198779582972,0.0,6.898312163725495,0.8553347763862998,0.2916445285081863,0.44790721184411275,75758.6,0.9274819439385326,0.4052533004982367,0.0012356166480656,1.0,25511.723818977924,21.519799546152353,0.47196654400782256,0.6908752983336982,0.5377427034775553,0.51169178976273,0.7938353805312242,21.0,5.0,0.8,19.0,12.0,1.0,,2.5233656069354052e+38,1.0,1e-15,1.2,42.0,0.4,exhaustive_selection_config,"[[0, 0.1, 0.2, 0.3, 0.4, 0.5, 0.6, 0.7, 0.8, 0.9, 1]]","['nap', 'rtp']",252336560693540533935881068298825202077_eps8_s4,Sepsis,WEIGHTED_PROBS_LEN
77.74036697670817,20.76063991524279,174.6,0.4060416270997106,0.1076913326978683,0.0,6.850819781422615,0.8553103534131681,0.2916445285081863,0.4476424640237546,75758.6,0.9274336093291519,0.4060500723278235,0.0012356166480656,1.0,25760.490991832317,21.62279878035188,0.4717341708350741,0.6908090498318634,0.5374400608433256,0.5114574458857479,0.793756947494186,21.0,5.0,0.8,19.0,12.0,1.0,,2.5233656069354052e+38,1.0,1e-15,1.2,42.0,0.5,exhaustive_selection_config,"[[0, 0.1, 0.2, 0.3, 0.4, 0.5, 0.6, 0.7, 0.8, 0.9, 1]]","['nap', 'rtp']",252336560693540533935881068298825202077_eps8_s5,Sepsis,WEIGHTED_PROBS_LEN
77.74036697670817,20.756507573276757,174.6,0.40602213268328285,0.11064191907644268,0.0,6.827144836634398,0.8552747273776105,0.2916445285081863,0.4475532536884169,75758.6,0.9273602974326531,0.4062359046621881,0.0012356166480656,1.0,26008.851119051502,21.518024373799562,0.47164370368909186,0.6907840767034343,0.5372897816676913,0.5115417873748231,0.793737245205244,21.0,5.0,0.8,19.0,12.0,1.0,,2.5233656069354052e+38,1.0,1e-15,1.2,42.0,0.6,exhaustive_selection_config,"[[0, 0.1, 0.2, 0.3, 0.4, 0.5, 0.6, 0.7, 0.8, 0.9, 1]]","['nap', 'rtp']",252336560693540533935881068298825202077_eps8_s6,Sepsis,WEIGHTED_PROBS_LEN
77.74036697670817,20.53891689926386,174.6,0.4058968625959313,0.10646632388234134,0.0,6.88472741432488,0.8551161266371887,0.2916445285081863,0.44743757153371283,75758.6,0.9272701509508259,0.40623725060087457,0.0012356166480656,1.0,26256.382358989864,21.452432859688997,0.471534089328458,0.6906278665606098,0.5372058370983183,0.5112210817174379,0.7935953894928062,21.0,5.0,0.8,19.0,12.0,1.0,,2.5233656069354052e+38,1.0,1e-15,1.2,42.0,0.7,exhaustive_selection_config,"[[0, 0.1, 0.2, 0.3, 0.4, 0.5, 0.6, 0.7, 0.8, 0.9, 1]]","['nap', 'rtp']",252336560693540533935881068298825202077_eps8_s7,Sepsis,WEIGHTED_PROBS_LEN
77.74036697670817,20.810337914153934,174.6,0.40600110016399454,0.10912548638880248,0.0,6.797820458188653,0.8550427002365872,0.2916445285081863,0.44751802745204855,75758.6,0.9272106223769111,0.4063419860263376,0.0012356166480656,1.0,26503.770623730124,21.532403208315372,0.4715625720472894,0.6906547037798543,0.5372529121119581,0.5112879843257883,0.7935349940388129,21.0,5.0,0.8,19.0,12.0,1.0,,2.5233656069354052e+38,1.0,1e-15,1.2,42.0,0.8,exhaustive_selection_config,"[[0, 0.1, 0.2, 0.3, 0.4, 0.5, 0.6, 0.7, 0.8, 0.9, 1]]","['nap', 'rtp']",252336560693540533935881068298825202077_eps8_s8,Sepsis,WEIGHTED_PROBS_LEN
77.74036697670817,20.64176320694387,174.6,0.40621739583519834,0.10618353784084315,0.0,6.809229838848114,0.8550953057836164,0.2916445285081863,0.44773301593922615,75758.6,0.9272266808477194,0.40655321673238537,0.0012356166480656,1.0,26751.343335168807,21.513780819624664,0.47178259604741646,0.6907530123254458,0.5374529702533853,0.5114838707116844,0.7936291553040314,21.0,5.0,0.8,19.0,12.0,1.0,,2.5233656069354052e+38,1.0,1e-15,1.2,42.0,0.9,exhaustive_selection_config,"[[0, 0.1, 0.2, 0.3, 0.4, 0.5, 0.6, 0.7, 0.8, 0.9, 1]]","['nap', 'rtp']",252336560693540533935881068298825202077_eps8_s9,Sepsis,WEIGHTED_PROBS_LEN
77.74036697670817,20.874554590508342,174.6,0.28648266501567504,0.10755192004144187,0.0,6.8164672907441854,0.7987539714929455,0.2916445285081863,0.3292395782829903,75758.6,0.8942531959678149,0.17422918361131198,0.0012356166480656,1.0,27252.624904914945,21.583173251897097,0.35783876288017546,0.597877230321952,0.42691646848538245,0.1752566850802481,0.7210232138702377,21.0,5.0,0.8,21.0,12.0,1.0,,2.5233656069354052e+38,1.0,1e-15,1.2,42.0,0.0,exhaustive_selection_config,"[[0, 0.1, 0.2, 0.3, 0.4, 0.5, 0.6, 0.7, 0.8, 0.9, 1]]","['nap', 'rtp']",252336560693540533935881068298825202077_eps9_s0,Sepsis,WEIGHTED_PROBS_LEN
77.74036697670817,40.895581451803444,174.6,0.2204906674374219,0.10906085036694999,0.0,8.543301196396351,0.9389709243217352,0.2916445285081863,0.6898736931327847,75758.6,0.9674944003461581,0.3538980381803424,0.0012356166480656,1.0,27552.84135516137,21.670657458528876,0.7300707113495879,0.865875303654249,0.7834581020258641,0.5414457195789696,0.9134850076187512,21.0,5.0,0.8,21.0,12.0,1.0,,2.5233656069354052e+38,1.0,1e-15,1.2,42.0,0.1,exhaustive_selection_config,"[[0, 0.1, 0.2, 0.3, 0.4, 0.5, 0.6, 0.7, 0.8, 0.9, 1]]","['nap', 'rtp']",252336560693540533935881068298825202077_eps9_s1,Sepsis,WEIGHTED_PROBS_LEN
77.74036697670817,21.282774905115367,174.6,0.4220940024707479,0.10598790794610972,0.0,7.31487508378923,0.8852168411195527,0.2916445285081863,0.4860361150179958,75758.6,0.9434963257077765,0.3971131202076571,0.0012356166480656,1.0,29884.86285801716,22.428374886885287,0.5192909929344663,0.7396800966476745,0.5895528471744926,0.5482044359483581,0.8322480469655542,21.0,5.0,0.8,21.0,12.0,1.0,,2.5233656069354052e+38,1.0,1e-15,1.2,42.0,1.0,exhaustive_selection_config,"[[0, 0.1, 0.2, 0.3, 0.4, 0.5, 0.6, 0.7, 0.8, 0.9, 1]]","['nap', 'rtp']",252336560693540533935881068298825202077_eps9_s10,Sepsis,WEIGHTED_PROBS_LEN
77.74036697670817,21.52056543342769,174.6,0.40926897035884685,0.10917926207184787,0.0,6.776377709209919,0.8566177990162605,0.2916445285081863,0.45069581707679307,75758.6,0.9280845076899421,0.40697106001921524,0.0012356166480656,1.0,27862.024497196824,21.606887574121355,0.4747055033074864,0.6929220821253029,0.5403709219695032,0.5149165640468732,0.7954615057158879,21.0,5.0,0.8,21.0,12.0,1.0,,2.5233656069354052e+38,1.0,1e-15,1.2,42.0,0.2,exhaustive_selection_config,"[[0, 0.1, 0.2, 0.3, 0.4, 0.5, 0.6, 0.7, 0.8, 0.9, 1]]","['nap', 'rtp']",252336560693540533935881068298825202077_eps9_s2,Sepsis,WEIGHTED_PROBS_LEN
77.74036697670817,20.998583461344243,174.6,0.40573103179044223,0.10772843398153775,0.0,6.820985101535916,0.8558952178092862,0.2916445285081863,0.44723605866220134,75758.6,0.9277170184428115,0.40482748851224953,0.0012356166480656,1.0,28112.046601676568,21.57584460414946,0.47140367086263407,0.6908546874862058,0.5375672939026391,0.5119943955476474,0.7941897060015052,21.0,5.0,0.8,21.0,12.0,1.0,,2.5233656069354052e+38,1.0,1e-15,1.2,42.0,0.3,exhaustive_selection_config,"[[0, 0.1, 0.2, 0.3, 0.4, 0.5, 0.6, 0.7, 0.8, 0.9, 1]]","['nap', 'rtp']",252336560693540533935881068298825202077_eps9_s3,Sepsis,WEIGHTED_PROBS_LEN
77.74036697670817,21.65063166506588,174.6,0.4063584647234014,0.10919813066720958,0.0,6.8196236826479435,0.8553211304744854,0.2916445285081863,0.44768943997821486,75758.6,0.9273696954180549,0.4051977019530312,0.0012356166480656,1.0,28363.065955494716,22.52594485729933,0.47178823317062435,0.6905760751170542,0.5376269464760053,0.511743810850027,0.7937510230519995,21.0,5.0,0.8,21.0,12.0,1.0,,2.5233656069354052e+38,1.0,1e-15,1.2,42.0,0.4,exhaustive_selection_config,"[[0, 0.1, 0.2, 0.3, 0.4, 0.5, 0.6, 0.7, 0.8, 0.9, 1]]","['nap', 'rtp']",252336560693540533935881068298825202077_eps9_s4,Sepsis,WEIGHTED_PROBS_LEN
77.74036697670817,20.83258033245802,174.6,0.40623306329642095,0.10676958300173278,0.0,6.865276416018605,0.8554396418276354,0.2916445285081863,0.44759279560571724,75758.6,0.9274982630726856,0.4059944737826179,0.0012356166480656,1.0,28618.53824156411,21.488683537393808,0.471751741821498,0.6906196740608028,0.5375384716293732,0.5115094669730451,0.7938400099037068,21.0,5.0,0.8,21.0,12.0,1.0,,2.5233656069354052e+38,1.0,1e-15,1.2,42.0,0.5,exhaustive_selection_config,"[[0, 0.1, 0.2, 0.3, 0.4, 0.5, 0.6, 0.7, 0.8, 0.9, 1]]","['nap', 'rtp']",252336560693540533935881068298825202077_eps9_s5,Sepsis,WEIGHTED_PROBS_LEN
77.74036697670817,21.55599734298885,174.6,0.4061418639633939,0.10941154882311818,0.0,6.833470124378801,0.8554515318850193,0.2916445285081863,0.4474825729565339,75758.6,0.9274421053709379,0.4061803061169826,0.0012356166480656,1.0,28874.149270279704,22.261205329373478,0.47165074872531215,0.6905896601988182,0.5374166865012966,0.5115938084621203,0.7938732575562181,21.0,5.0,0.8,21.0,12.0,1.0,,2.5233656069354052e+38,1.0,1e-15,1.2,42.0,0.6,exhaustive_selection_config,"[[0, 0.1, 0.2, 0.3, 0.4, 0.5, 0.6, 0.7, 0.8, 0.9, 1]]","['nap', 'rtp']",252336560693540533935881068298825202077_eps9_s6,Sepsis,WEIGHTED_PROBS_LEN
77.74036697670817,20.82123569101095,174.6,0.40595776644972964,0.10898051299154754,0.0,6.933560086414218,0.8552474044134166,0.2916445285081863,0.44724436321704486,75758.6,0.927319346920045,0.406181652055669,0.0012356166480656,1.0,29123.66468725763,21.69608310572803,0.47139898440754013,0.6903554300791115,0.5371004313261033,0.5112731028047349,0.7936730095732675,21.0,5.0,0.8,21.0,12.0,1.0,,2.5233656069354052e+38,1.0,1e-15,1.2,42.0,0.7,exhaustive_selection_config,"[[0, 0.1, 0.2, 0.3, 0.4, 0.5, 0.6, 0.7, 0.8, 0.9, 1]]","['nap', 'rtp']",252336560693540533935881068298825202077_eps9_s7,Sepsis,WEIGHTED_PROBS_LEN
77.74036697670817,21.506095270067455,174.6,0.40613791710247005,0.10792610384523864,0.0,6.872575099021196,0.8551793271110469,0.2916445285081863,0.44752101129678507,75758.6,0.9272788606442874,0.40628638748113205,0.0012356166480656,1.0,29379.432503035292,22.567391770333053,0.4716611734453079,0.6904773057841614,0.5372654627409312,0.5113400054130854,0.7936560706317968,21.0,5.0,0.8,21.0,12.0,1.0,,2.5233656069354052e+38,1.0,1e-15,1.2,42.0,0.8,exhaustive_selection_config,"[[0, 0.1, 0.2, 0.3, 0.4, 0.5, 0.6, 0.7, 0.8, 0.9, 1]]","['nap', 'rtp']",252336560693540533935881068298825202077_eps9_s8,Sepsis,WEIGHTED_PROBS_LEN
77.74036697670817,20.726861312240363,174.6,0.4061849255108439,0.10952540300786492,0.0,7.003709282726049,0.8552232814071481,0.2916445285081863,0.4475790843142115,75758.6,0.9273073462967446,0.4065151512808942,0.0012356166480656,1.0,29630.760104725883,21.719172201678155,0.47172140771967264,0.6905312926526392,0.5373027230585713,0.5115990430462187,0.7937022751164726,21.0,5.0,0.8,21.0,12.0,1.0,,2.5233656069354052e+38,1.0,1e-15,1.2,42.0,0.9,exhaustive_selection_config,"[[0, 0.1, 0.2, 0.3, 0.4, 0.5, 0.6, 0.7, 0.8, 0.9, 1]]","['nap', 'rtp']",252336560693540533935881068298825202077_eps9_s9,Sepsis,WEIGHTED_PROBS_LEN
